[21503:21503:0526/170940.248924:INFO:components/enterprise/browser/controller/chrome_browser_cloud_management_controller.cc:202] No machine level policy manager exists.
[21583:21583:0526/170940.439331:WARNING:media/gpu/vaapi/vaapi_wrapper.cc:125] Should skip nVidia device named: nvidia-drm
[21583:21583:0526/170940.442154:WARNING:ui/gfx/linux/gpu_memory_buffer_support_x11.cc:49] dri3 extension not supported.
[21503:21503:0526/170952.245414:INFO:CONSOLE:67] "This is dev custom params", source: https://test.highloka.com/_next/static/chunks/pages/_app-4e0a347dc425d5bf.js (67)
[21503:21503:0526/170952.245473:INFO:CONSOLE:67] "[object Object]", source: https://test.highloka.com/_next/static/chunks/pages/_app-4e0a347dc425d5bf.js (67)
[21503:21503:0526/170952.245549:INFO:CONSOLE:67] "This is dev custom params", source: https://test.highloka.com/_next/static/chunks/pages/_app-4e0a347dc425d5bf.js (67)
[21503:21503:0526/170952.258154:INFO:CONSOLE:67] "This is process env Here ===>", source: https://test.highloka.com/_next/static/chunks/pages/_app-4e0a347dc425d5bf.js (67)
[21503:21503:0526/170952.258275:INFO:CONSOLE:67] "[object Object]", source: https://test.highloka.com/_next/static/chunks/pages/_app-4e0a347dc425d5bf.js (67)
[21503:21503:0526/170952.258295:INFO:CONSOLE:67] "This is process env Here ===>", source: https://test.highloka.com/_next/static/chunks/pages/_app-4e0a347dc425d5bf.js (67)
[21503:21503:0526/170952.258390:INFO:CONSOLE:67] "[object Object]", source: https://test.highloka.com/_next/static/chunks/pages/_app-4e0a347dc425d5bf.js (67)
[21503:21503:0526/170952.271550:INFO:CONSOLE:67] "knowhere", source: https://test.highloka.com/_next/static/chunks/pages/_app-4e0a347dc425d5bf.js (67)
[21503:21503:0526/170952.272558:INFO:CONSOLE:79] "%c action %cpersist/PERSIST %c@ 17:09:52.271 color: gray; font-weight: lighter; color: inherit; color: gray; font-weight: lighter;", source: https://test.highloka.com/_next/static/chunks/pages/_app-4e0a347dc425d5bf.js (79)
[21503:21503:0526/170952.272625:INFO:CONSOLE:79] "%c prev state color: #9E9E9E; font-weight: bold [object Object]", source: https://test.highloka.com/_next/static/chunks/pages/_app-4e0a347dc425d5bf.js (79)
[21503:21503:0526/170952.275479:INFO:CONSOLE:79] "%c action     color: #03A9F4; font-weight: bold [object Object]", source: https://test.highloka.com/_next/static/chunks/pages/_app-4e0a347dc425d5bf.js (79)
[21503:21503:0526/170952.275570:INFO:CONSOLE:79] "%c next state color: #4CAF50; font-weight: bold [object Object]", source: https://test.highloka.com/_next/static/chunks/pages/_app-4e0a347dc425d5bf.js (79)
[21503:21503:0526/170952.275597:INFO:CONSOLE:79] "console.groupEnd", source: https://test.highloka.com/_next/static/chunks/pages/_app-4e0a347dc425d5bf.js (79)
[21503:21503:0526/170952.278403:INFO:CONSOLE:79] "%c action %cLOAD_WINDOW_SIZE %c@ 17:09:52.276 color: gray; font-weight: lighter; color: inherit; color: gray; font-weight: lighter;", source: https://test.highloka.com/_next/static/chunks/pages/_app-4e0a347dc425d5bf.js (79)
[21503:21503:0526/170952.278473:INFO:CONSOLE:79] "%c prev state color: #9E9E9E; font-weight: bold [object Object]", source: https://test.highloka.com/_next/static/chunks/pages/_app-4e0a347dc425d5bf.js (79)
[21503:21503:0526/170952.278495:INFO:CONSOLE:79] "%c action     color: #03A9F4; font-weight: bold [object Object]", source: https://test.highloka.com/_next/static/chunks/pages/_app-4e0a347dc425d5bf.js (79)
[21503:21503:0526/170952.278511:INFO:CONSOLE:79] "%c next state color: #4CAF50; font-weight: bold [object Object]", source: https://test.highloka.com/_next/static/chunks/pages/_app-4e0a347dc425d5bf.js (79)
[21503:21503:0526/170952.278535:INFO:CONSOLE:79] "console.groupEnd", source: https://test.highloka.com/_next/static/chunks/pages/_app-4e0a347dc425d5bf.js (79)
[21503:21503:0526/170952.278553:INFO:CONSOLE:79] "%c action %cSET_WINDOW_SIZE %c@ 17:09:52.277 color: gray; font-weight: lighter; color: inherit; color: gray; font-weight: lighter;", source: https://test.highloka.com/_next/static/chunks/pages/_app-4e0a347dc425d5bf.js (79)
[21503:21503:0526/170952.278596:INFO:CONSOLE:79] "%c prev state color: #9E9E9E; font-weight: bold [object Object]", source: https://test.highloka.com/_next/static/chunks/pages/_app-4e0a347dc425d5bf.js (79)
[21503:21503:0526/170952.278627:INFO:CONSOLE:79] "%c action     color: #03A9F4; font-weight: bold [object Object]", source: https://test.highloka.com/_next/static/chunks/pages/_app-4e0a347dc425d5bf.js (79)
[21503:21503:0526/170952.278695:INFO:CONSOLE:79] "%c next state color: #4CAF50; font-weight: bold [object Object]", source: https://test.highloka.com/_next/static/chunks/pages/_app-4e0a347dc425d5bf.js (79)
[21503:21503:0526/170952.278774:INFO:CONSOLE:79] "console.groupEnd", source: https://test.highloka.com/_next/static/chunks/pages/_app-4e0a347dc425d5bf.js (79)
[21503:21503:0526/170952.287423:INFO:CONSOLE:79] "%c action %cpersist/REHYDRATE %c@ 17:09:52.284 color: gray; font-weight: lighter; color: inherit; color: gray; font-weight: lighter;", source: https://test.highloka.com/_next/static/chunks/pages/_app-4e0a347dc425d5bf.js (79)
[21503:21503:0526/170952.287521:INFO:CONSOLE:79] "%c prev state color: #9E9E9E; font-weight: bold [object Object]", source: https://test.highloka.com/_next/static/chunks/pages/_app-4e0a347dc425d5bf.js (79)
[21503:21503:0526/170952.287550:INFO:CONSOLE:79] "%c action     color: #03A9F4; font-weight: bold [object Object]", source: https://test.highloka.com/_next/static/chunks/pages/_app-4e0a347dc425d5bf.js (79)
[21503:21503:0526/170952.287567:INFO:CONSOLE:79] "%c next state color: #4CAF50; font-weight: bold [object Object]", source: https://test.highloka.com/_next/static/chunks/pages/_app-4e0a347dc425d5bf.js (79)
[21503:21503:0526/170952.287595:INFO:CONSOLE:79] "console.groupEnd", source: https://test.highloka.com/_next/static/chunks/pages/_app-4e0a347dc425d5bf.js (79)
[21503:21503:0526/170952.329777:INFO:CONSOLE:1] "pageObject [object Object]", source: https://test.highloka.com/_next/static/chunks/794-7aa005332a3078f7.js (1)
[21503:21503:0526/170952.329855:INFO:CONSOLE:1] "pageObject Home", source: https://test.highloka.com/_next/static/chunks/794-7aa005332a3078f7.js (1)
[21503:21503:0526/170952.329922:INFO:CONSOLE:1] "Setting Scroll scrollTrackingEl [object Object]", source: https://test.highloka.com/_next/static/chunks/794-7aa005332a3078f7.js (1)
[21503:21503:0526/170952.329987:INFO:CONSOLE:1] "scrollTrackingEl [object HTMLElement]", source: https://test.highloka.com/_next/static/chunks/794-7aa005332a3078f7.js (1)
[21503:21503:0526/170952.333544:INFO:CONSOLE:1] "userLoginState showLogin false otpConfirmedSuccessfully [object Object] [object Object]", source: https://test.highloka.com/_next/static/chunks/794-7aa005332a3078f7.js (1)
[21503:21503:0526/170952.333725:INFO:CONSOLE:1] "windowHeight 0 0 [object Window]", source: https://test.highloka.com/_next/static/chunks/pages/index-ab6d088fbeefd623.js (1)
[21503:21503:0526/170952.333959:INFO:CONSOLE:1] "Resetting", source: https://test.highloka.com/_next/static/chunks/46-08188a3faabe9b73.js (1)
[21503:21503:0526/170952.334002:INFO:CONSOLE:1] "Current Parent Width: 0", source: https://test.highloka.com/_next/static/chunks/46-08188a3faabe9b73.js (1)
[21503:21503:0526/170952.334191:INFO:CONSOLE:1] "This is final image container style.", source: https://test.highloka.com/_next/static/chunks/46-08188a3faabe9b73.js (1)
[21503:21503:0526/170952.334214:INFO:CONSOLE:1] "[object Object]", source: https://test.highloka.com/_next/static/chunks/46-08188a3faabe9b73.js (1)
[21503:21503:0526/170952.334229:INFO:CONSOLE:1] "Resetting", source: https://test.highloka.com/_next/static/chunks/46-08188a3faabe9b73.js (1)
[21503:21503:0526/170952.334243:INFO:CONSOLE:1] "Current Parent Width: 0", source: https://test.highloka.com/_next/static/chunks/46-08188a3faabe9b73.js (1)
[21503:21503:0526/170952.334401:INFO:CONSOLE:1] "This is final image container style.", source: https://test.highloka.com/_next/static/chunks/46-08188a3faabe9b73.js (1)
[21503:21503:0526/170952.334435:INFO:CONSOLE:1] "[object Object]", source: https://test.highloka.com/_next/static/chunks/46-08188a3faabe9b73.js (1)
[21503:21503:0526/170952.334458:INFO:CONSOLE:1] "Resetting", source: https://test.highloka.com/_next/static/chunks/46-08188a3faabe9b73.js (1)
[21503:21503:0526/170952.334485:INFO:CONSOLE:1] "Current Parent Width: 0", source: https://test.highloka.com/_next/static/chunks/46-08188a3faabe9b73.js (1)
[21503:21503:0526/170952.334507:INFO:CONSOLE:1] "This is final image container style.", source: https://test.highloka.com/_next/static/chunks/46-08188a3faabe9b73.js (1)
[21503:21503:0526/170952.334519:INFO:CONSOLE:1] "[object Object]", source: https://test.highloka.com/_next/static/chunks/46-08188a3faabe9b73.js (1)
[21503:21503:0526/170952.334553:INFO:CONSOLE:1] "Resetting", source: https://test.highloka.com/_next/static/chunks/46-08188a3faabe9b73.js (1)
[21503:21503:0526/170952.334564:INFO:CONSOLE:1] "Current Parent Width: 0", source: https://test.highloka.com/_next/static/chunks/46-08188a3faabe9b73.js (1)
[21503:21503:0526/170952.334572:INFO:CONSOLE:1] "This is final image container style.", source: https://test.highloka.com/_next/static/chunks/46-08188a3faabe9b73.js (1)
[21503:21503:0526/170952.334583:INFO:CONSOLE:1] "[object Object]", source: https://test.highloka.com/_next/static/chunks/46-08188a3faabe9b73.js (1)
[21503:21503:0526/170952.334647:INFO:CONSOLE:1] "Resetting", source: https://test.highloka.com/_next/static/chunks/46-08188a3faabe9b73.js (1)
[21503:21503:0526/170952.334662:INFO:CONSOLE:1] "Current Parent Width: 0", source: https://test.highloka.com/_next/static/chunks/46-08188a3faabe9b73.js (1)
[21503:21503:0526/170952.334689:INFO:CONSOLE:1] "This is final image container style.", source: https://test.highloka.com/_next/static/chunks/46-08188a3faabe9b73.js (1)
[21503:21503:0526/170952.334713:INFO:CONSOLE:1] "[object Object]", source: https://test.highloka.com/_next/static/chunks/46-08188a3faabe9b73.js (1)
[21503:21503:0526/170952.334777:INFO:CONSOLE:1] "Resetting", source: https://test.highloka.com/_next/static/chunks/46-08188a3faabe9b73.js (1)
[21503:21503:0526/170952.334811:INFO:CONSOLE:1] "Current Parent Width: 0", source: https://test.highloka.com/_next/static/chunks/46-08188a3faabe9b73.js (1)
[21503:21503:0526/170952.334837:INFO:CONSOLE:1] "This is final image container style.", source: https://test.highloka.com/_next/static/chunks/46-08188a3faabe9b73.js (1)
[21503:21503:0526/170952.334859:INFO:CONSOLE:1] "[object Object]", source: https://test.highloka.com/_next/static/chunks/46-08188a3faabe9b73.js (1)
[21503:21503:0526/170952.334936:INFO:CONSOLE:1] "Resetting", source: https://test.highloka.com/_next/static/chunks/46-08188a3faabe9b73.js (1)
[21503:21503:0526/170952.334971:INFO:CONSOLE:1] "Current Parent Width: 0", source: https://test.highloka.com/_next/static/chunks/46-08188a3faabe9b73.js (1)
[21503:21503:0526/170952.334989:INFO:CONSOLE:1] "This is final image container style.", source: https://test.highloka.com/_next/static/chunks/46-08188a3faabe9b73.js (1)
[21503:21503:0526/170952.335007:INFO:CONSOLE:1] "[object Object]", source: https://test.highloka.com/_next/static/chunks/46-08188a3faabe9b73.js (1)
[21503:21503:0526/170952.335088:INFO:CONSOLE:1] "Resetting", source: https://test.highloka.com/_next/static/chunks/46-08188a3faabe9b73.js (1)
[21503:21503:0526/170952.335233:INFO:CONSOLE:1] "Current Parent Width: 0", source: https://test.highloka.com/_next/static/chunks/46-08188a3faabe9b73.js (1)
[21503:21503:0526/170952.335261:INFO:CONSOLE:1] "This is final image container style.", source: https://test.highloka.com/_next/static/chunks/46-08188a3faabe9b73.js (1)
[21503:21503:0526/170952.335281:INFO:CONSOLE:1] "[object Object]", source: https://test.highloka.com/_next/static/chunks/46-08188a3faabe9b73.js (1)
[21503:21503:0526/170952.335296:INFO:CONSOLE:1] "Resetting", source: https://test.highloka.com/_next/static/chunks/46-08188a3faabe9b73.js (1)
[21503:21503:0526/170952.335306:INFO:CONSOLE:1] "Current Parent Width: 0", source: https://test.highloka.com/_next/static/chunks/46-08188a3faabe9b73.js (1)
[21503:21503:0526/170952.335319:INFO:CONSOLE:1] "This is final image container style.", source: https://test.highloka.com/_next/static/chunks/46-08188a3faabe9b73.js (1)
[21503:21503:0526/170952.335337:INFO:CONSOLE:1] "[object Object]", source: https://test.highloka.com/_next/static/chunks/46-08188a3faabe9b73.js (1)
[21503:21503:0526/170952.335351:INFO:CONSOLE:1] "Resetting", source: https://test.highloka.com/_next/static/chunks/46-08188a3faabe9b73.js (1)
[21503:21503:0526/170952.335366:INFO:CONSOLE:1] "Current Parent Width: 0", source: https://test.highloka.com/_next/static/chunks/46-08188a3faabe9b73.js (1)
[21503:21503:0526/170952.335378:INFO:CONSOLE:1] "This is final image container style.", source: https://test.highloka.com/_next/static/chunks/46-08188a3faabe9b73.js (1)
[21503:21503:0526/170952.335404:INFO:CONSOLE:1] "[object Object]", source: https://test.highloka.com/_next/static/chunks/46-08188a3faabe9b73.js (1)
[21503:21503:0526/170952.335458:INFO:CONSOLE:1] "Resetting", source: https://test.highloka.com/_next/static/chunks/46-08188a3faabe9b73.js (1)
[21503:21503:0526/170952.335478:INFO:CONSOLE:1] "Current Parent Width: 0", source: https://test.highloka.com/_next/static/chunks/46-08188a3faabe9b73.js (1)
[21503:21503:0526/170952.335501:INFO:CONSOLE:1] "This is final image container style.", source: https://test.highloka.com/_next/static/chunks/46-08188a3faabe9b73.js (1)
[21503:21503:0526/170952.335527:INFO:CONSOLE:1] "[object Object]", source: https://test.highloka.com/_next/static/chunks/46-08188a3faabe9b73.js (1)
[21503:21503:0526/170952.335575:INFO:CONSOLE:1] "Resetting", source: https://test.highloka.com/_next/static/chunks/46-08188a3faabe9b73.js (1)
[21503:21503:0526/170952.335592:INFO:CONSOLE:1] "Current Parent Width: 0", source: https://test.highloka.com/_next/static/chunks/46-08188a3faabe9b73.js (1)
[21503:21503:0526/170952.335617:INFO:CONSOLE:1] "This is final image container style.", source: https://test.highloka.com/_next/static/chunks/46-08188a3faabe9b73.js (1)
[21503:21503:0526/170952.335643:INFO:CONSOLE:1] "[object Object]", source: https://test.highloka.com/_next/static/chunks/46-08188a3faabe9b73.js (1)
[21503:21503:0526/170952.335685:INFO:CONSOLE:1] "Resetting", source: https://test.highloka.com/_next/static/chunks/46-08188a3faabe9b73.js (1)
[21503:21503:0526/170952.335706:INFO:CONSOLE:1] "Current Parent Width: 0", source: https://test.highloka.com/_next/static/chunks/46-08188a3faabe9b73.js (1)
[21503:21503:0526/170952.335740:INFO:CONSOLE:1] "This is final image container style.", source: https://test.highloka.com/_next/static/chunks/46-08188a3faabe9b73.js (1)
[21503:21503:0526/170952.335762:INFO:CONSOLE:1] "[object Object]", source: https://test.highloka.com/_next/static/chunks/46-08188a3faabe9b73.js (1)
[21503:21503:0526/170952.335810:INFO:CONSOLE:1] "Resetting", source: https://test.highloka.com/_next/static/chunks/46-08188a3faabe9b73.js (1)
[21503:21503:0526/170952.335827:INFO:CONSOLE:1] "Current Parent Width: 0", source: https://test.highloka.com/_next/static/chunks/46-08188a3faabe9b73.js (1)
[21503:21503:0526/170952.335858:INFO:CONSOLE:1] "This is final image container style.", source: https://test.highloka.com/_next/static/chunks/46-08188a3faabe9b73.js (1)
[21503:21503:0526/170952.335871:INFO:CONSOLE:1] "[object Object]", source: https://test.highloka.com/_next/static/chunks/46-08188a3faabe9b73.js (1)
[21503:21503:0526/170952.335916:INFO:CONSOLE:1] "Resetting", source: https://test.highloka.com/_next/static/chunks/46-08188a3faabe9b73.js (1)
[21503:21503:0526/170952.335936:INFO:CONSOLE:1] "Current Parent Width: 0", source: https://test.highloka.com/_next/static/chunks/46-08188a3faabe9b73.js (1)
[21503:21503:0526/170952.335952:INFO:CONSOLE:1] "This is final image container style.", source: https://test.highloka.com/_next/static/chunks/46-08188a3faabe9b73.js (1)
[21503:21503:0526/170952.335966:INFO:CONSOLE:1] "[object Object]", source: https://test.highloka.com/_next/static/chunks/46-08188a3faabe9b73.js (1)
[21503:21503:0526/170952.336074:INFO:CONSOLE:1] "[object Object]", source: https://test.highloka.com/_next/static/chunks/pages/index-ab6d088fbeefd623.js (1)
[21503:21503:0526/170952.336129:INFO:CONSOLE:1] "[object Object]", source: https://test.highloka.com/_next/static/chunks/pages/index-ab6d088fbeefd623.js (1)
[21503:21503:0526/170952.336167:INFO:CONSOLE:1] "true", source: https://test.highloka.com/_next/static/chunks/pages/index-ab6d088fbeefd623.js (1)
[21503:21503:0526/170952.336195:INFO:CONSOLE:1] "Redirecting", source: https://test.highloka.com/_next/static/chunks/pages/index-ab6d088fbeefd623.js (1)
[21503:21503:0526/170952.336212:INFO:CONSOLE:1] "true", source: https://test.highloka.com/_next/static/chunks/pages/index-ab6d088fbeefd623.js (1)
[21503:21503:0526/170952.336896:INFO:CONSOLE:1] "cookies [object Object]", source: https://test.highloka.com/_next/static/chunks/pages/index-ab6d088fbeefd623.js (1)
[21503:21503:0526/170952.336951:INFO:CONSOLE:1] "Is Scrolling Paused: false", source: https://test.highloka.com/_next/static/chunks/pages/index-ab6d088fbeefd623.js (1)
[21503:21503:0526/170952.336997:INFO:CONSOLE:1] "isLoaded if false 0", source: https://test.highloka.com/_next/static/chunks/pages/index-ab6d088fbeefd623.js (1)
[21503:21503:0526/170952.337021:INFO:CONSOLE:1] "isLoaded else false", source: https://test.highloka.com/_next/static/chunks/pages/index-ab6d088fbeefd623.js (1)
[21503:21503:0526/170952.337172:INFO:CONSOLE:79] "%c action %cGET_ACTIVE_ES_CONCERTS %c@ 17:09:52.337 color: gray; font-weight: lighter; color: inherit; color: gray; font-weight: lighter;", source: https://test.highloka.com/_next/static/chunks/pages/_app-4e0a347dc425d5bf.js (79)
[21503:21503:0526/170952.337214:INFO:CONSOLE:79] "%c prev state color: #9E9E9E; font-weight: bold [object Object]", source: https://test.highloka.com/_next/static/chunks/pages/_app-4e0a347dc425d5bf.js (79)
[21503:21503:0526/170952.337268:INFO:CONSOLE:79] "%c action     color: #03A9F4; font-weight: bold [object Object]", source: https://test.highloka.com/_next/static/chunks/pages/_app-4e0a347dc425d5bf.js (79)
[21503:21503:0526/170952.337334:INFO:CONSOLE:79] "%c next state color: #4CAF50; font-weight: bold [object Object]", source: https://test.highloka.com/_next/static/chunks/pages/_app-4e0a347dc425d5bf.js (79)
[21503:21503:0526/170952.337359:INFO:CONSOLE:79] "console.groupEnd", source: https://test.highloka.com/_next/static/chunks/pages/_app-4e0a347dc425d5bf.js (79)
[21503:21503:0526/170952.337876:INFO:CONSOLE:1] "windowHeight 0 0 [object Window]", source: https://test.highloka.com/_next/static/chunks/pages/index-ab6d088fbeefd623.js (1)
[21503:21503:0526/170952.338097:INFO:CONSOLE:1] "The Parallax Heights are contentRef[object HTMLDivElement] 0", source: https://test.highloka.com/_next/static/chunks/pages/index-ab6d088fbeefd623.js (1)
[21503:21503:0526/170952.353893:INFO:CONSOLE:1] "windowHeight 966 1866 [object Window]", source: https://test.highloka.com/_next/static/chunks/pages/index-ab6d088fbeefd623.js (1)
[21503:21503:0526/170952.354088:INFO:CONSOLE:1] "Current Parent Width: 480", source: https://test.highloka.com/_next/static/chunks/46-08188a3faabe9b73.js (1)
[21503:21503:0526/170952.354161:INFO:CONSOLE:1] "Changing the Image Container Style", source: https://test.highloka.com/_next/static/chunks/46-08188a3faabe9b73.js (1)
[21503:21503:0526/170952.354192:INFO:CONSOLE:1] "[object Object]", source: https://test.highloka.com/_next/static/chunks/46-08188a3faabe9b73.js (1)
[21503:21503:0526/170952.354241:INFO:CONSOLE:1] "This is final image container style.", source: https://test.highloka.com/_next/static/chunks/46-08188a3faabe9b73.js (1)
[21503:21503:0526/170952.354267:INFO:CONSOLE:1] "[object Object]", source: https://test.highloka.com/_next/static/chunks/46-08188a3faabe9b73.js (1)
[21503:21503:0526/170952.354314:INFO:CONSOLE:1] "Current Parent Width: 480", source: https://test.highloka.com/_next/static/chunks/46-08188a3faabe9b73.js (1)
[21503:21503:0526/170952.354368:INFO:CONSOLE:1] "Changing the Image Container Style", source: https://test.highloka.com/_next/static/chunks/46-08188a3faabe9b73.js (1)
[21503:21503:0526/170952.354399:INFO:CONSOLE:1] "[object Object]", source: https://test.highloka.com/_next/static/chunks/46-08188a3faabe9b73.js (1)
[21503:21503:0526/170952.354437:INFO:CONSOLE:1] "This is final image container style.", source: https://test.highloka.com/_next/static/chunks/46-08188a3faabe9b73.js (1)
[21503:21503:0526/170952.354464:INFO:CONSOLE:1] "[object Object]", source: https://test.highloka.com/_next/static/chunks/46-08188a3faabe9b73.js (1)
[21503:21503:0526/170952.354499:INFO:CONSOLE:1] "Current Parent Width: 480", source: https://test.highloka.com/_next/static/chunks/46-08188a3faabe9b73.js (1)
[21503:21503:0526/170952.354528:INFO:CONSOLE:1] "Changing the Image Container Style", source: https://test.highloka.com/_next/static/chunks/46-08188a3faabe9b73.js (1)
[21503:21503:0526/170952.354551:INFO:CONSOLE:1] "[object Object]", source: https://test.highloka.com/_next/static/chunks/46-08188a3faabe9b73.js (1)
[21503:21503:0526/170952.354582:INFO:CONSOLE:1] "This is final image container style.", source: https://test.highloka.com/_next/static/chunks/46-08188a3faabe9b73.js (1)
[21503:21503:0526/170952.354600:INFO:CONSOLE:1] "[object Object]", source: https://test.highloka.com/_next/static/chunks/46-08188a3faabe9b73.js (1)
[21503:21503:0526/170952.354650:INFO:CONSOLE:1] "Current Parent Width: 480", source: https://test.highloka.com/_next/static/chunks/46-08188a3faabe9b73.js (1)
[21503:21503:0526/170952.354671:INFO:CONSOLE:1] "Changing the Image Container Style", source: https://test.highloka.com/_next/static/chunks/46-08188a3faabe9b73.js (1)
[21503:21503:0526/170952.354687:INFO:CONSOLE:1] "[object Object]", source: https://test.highloka.com/_next/static/chunks/46-08188a3faabe9b73.js (1)
[21503:21503:0526/170952.354733:INFO:CONSOLE:1] "This is final image container style.", source: https://test.highloka.com/_next/static/chunks/46-08188a3faabe9b73.js (1)
[21503:21503:0526/170952.354746:INFO:CONSOLE:1] "[object Object]", source: https://test.highloka.com/_next/static/chunks/46-08188a3faabe9b73.js (1)
[21503:21503:0526/170952.354778:INFO:CONSOLE:1] "Current Parent Width: 60", source: https://test.highloka.com/_next/static/chunks/46-08188a3faabe9b73.js (1)
[21503:21503:0526/170952.354797:INFO:CONSOLE:1] "Changing the Image Container Style", source: https://test.highloka.com/_next/static/chunks/46-08188a3faabe9b73.js (1)
[21503:21503:0526/170952.354821:INFO:CONSOLE:1] "[object Object]", source: https://test.highloka.com/_next/static/chunks/46-08188a3faabe9b73.js (1)
[21503:21503:0526/170952.354851:INFO:CONSOLE:1] "This is final image container style.", source: https://test.highloka.com/_next/static/chunks/46-08188a3faabe9b73.js (1)
[21503:21503:0526/170952.354866:INFO:CONSOLE:1] "[object Object]", source: https://test.highloka.com/_next/static/chunks/46-08188a3faabe9b73.js (1)
[21503:21503:0526/170952.354902:INFO:CONSOLE:1] "Current Parent Width: 60", source: https://test.highloka.com/_next/static/chunks/46-08188a3faabe9b73.js (1)
[21503:21503:0526/170952.354922:INFO:CONSOLE:1] "Changing the Image Container Style", source: https://test.highloka.com/_next/static/chunks/46-08188a3faabe9b73.js (1)
[21503:21503:0526/170952.354937:INFO:CONSOLE:1] "[object Object]", source: https://test.highloka.com/_next/static/chunks/46-08188a3faabe9b73.js (1)
[21503:21503:0526/170952.354969:INFO:CONSOLE:1] "This is final image container style.", source: https://test.highloka.com/_next/static/chunks/46-08188a3faabe9b73.js (1)
[21503:21503:0526/170952.354985:INFO:CONSOLE:1] "[object Object]", source: https://test.highloka.com/_next/static/chunks/46-08188a3faabe9b73.js (1)
[21503:21503:0526/170952.355025:INFO:CONSOLE:1] "Current Parent Width: 60", source: https://test.highloka.com/_next/static/chunks/46-08188a3faabe9b73.js (1)
[21503:21503:0526/170952.355115:INFO:CONSOLE:1] "Changing the Image Container Style", source: https://test.highloka.com/_next/static/chunks/46-08188a3faabe9b73.js (1)
[21503:21503:0526/170952.355147:INFO:CONSOLE:1] "[object Object]", source: https://test.highloka.com/_next/static/chunks/46-08188a3faabe9b73.js (1)
[21503:21503:0526/170952.355169:INFO:CONSOLE:1] "This is final image container style.", source: https://test.highloka.com/_next/static/chunks/46-08188a3faabe9b73.js (1)
[21503:21503:0526/170952.355197:INFO:CONSOLE:1] "[object Object]", source: https://test.highloka.com/_next/static/chunks/46-08188a3faabe9b73.js (1)
[21503:21503:0526/170952.355219:INFO:CONSOLE:1] "Current Parent Width: 60", source: https://test.highloka.com/_next/static/chunks/46-08188a3faabe9b73.js (1)
[21503:21503:0526/170952.355237:INFO:CONSOLE:1] "Changing the Image Container Style", source: https://test.highloka.com/_next/static/chunks/46-08188a3faabe9b73.js (1)
[21503:21503:0526/170952.355253:INFO:CONSOLE:1] "[object Object]", source: https://test.highloka.com/_next/static/chunks/46-08188a3faabe9b73.js (1)
[21503:21503:0526/170952.355318:INFO:CONSOLE:1] "This is final image container style.", source: https://test.highloka.com/_next/static/chunks/46-08188a3faabe9b73.js (1)
[21503:21503:0526/170952.355640:INFO:CONSOLE:1] "[object Object]", source: https://test.highloka.com/_next/static/chunks/46-08188a3faabe9b73.js (1)
[21503:21503:0526/170952.355668:INFO:CONSOLE:1] "Current Parent Width: 60", source: https://test.highloka.com/_next/static/chunks/46-08188a3faabe9b73.js (1)
[21503:21503:0526/170952.355681:INFO:CONSOLE:1] "Changing the Image Container Style", source: https://test.highloka.com/_next/static/chunks/46-08188a3faabe9b73.js (1)
[21503:21503:0526/170952.355694:INFO:CONSOLE:1] "[object Object]", source: https://test.highloka.com/_next/static/chunks/46-08188a3faabe9b73.js (1)
[21503:21503:0526/170952.355726:INFO:CONSOLE:1] "This is final image container style.", source: https://test.highloka.com/_next/static/chunks/46-08188a3faabe9b73.js (1)
[21503:21503:0526/170952.355738:INFO:CONSOLE:1] "[object Object]", source: https://test.highloka.com/_next/static/chunks/46-08188a3faabe9b73.js (1)
[21503:21503:0526/170952.355749:INFO:CONSOLE:1] "Current Parent Width: 60", source: https://test.highloka.com/_next/static/chunks/46-08188a3faabe9b73.js (1)
[21503:21503:0526/170952.355760:INFO:CONSOLE:1] "Changing the Image Container Style", source: https://test.highloka.com/_next/static/chunks/46-08188a3faabe9b73.js (1)
[21503:21503:0526/170952.355777:INFO:CONSOLE:1] "[object Object]", source: https://test.highloka.com/_next/static/chunks/46-08188a3faabe9b73.js (1)
[21503:21503:0526/170952.355795:INFO:CONSOLE:1] "This is final image container style.", source: https://test.highloka.com/_next/static/chunks/46-08188a3faabe9b73.js (1)
[21503:21503:0526/170952.355808:INFO:CONSOLE:1] "[object Object]", source: https://test.highloka.com/_next/static/chunks/46-08188a3faabe9b73.js (1)
[21503:21503:0526/170952.355836:INFO:CONSOLE:1] "Current Parent Width: 48", source: https://test.highloka.com/_next/static/chunks/46-08188a3faabe9b73.js (1)
[21503:21503:0526/170952.357168:INFO:CONSOLE:1] "Changing the Image Container Style", source: https://test.highloka.com/_next/static/chunks/46-08188a3faabe9b73.js (1)
[21503:21503:0526/170952.357221:INFO:CONSOLE:1] "[object Object]", source: https://test.highloka.com/_next/static/chunks/46-08188a3faabe9b73.js (1)
[21503:21503:0526/170952.357247:INFO:CONSOLE:1] "This is final image container style.", source: https://test.highloka.com/_next/static/chunks/46-08188a3faabe9b73.js (1)
[21503:21503:0526/170952.357270:INFO:CONSOLE:1] "[object Object]", source: https://test.highloka.com/_next/static/chunks/46-08188a3faabe9b73.js (1)
[21503:21503:0526/170952.357291:INFO:CONSOLE:1] "Current Parent Width: 48", source: https://test.highloka.com/_next/static/chunks/46-08188a3faabe9b73.js (1)
[21503:21503:0526/170952.357307:INFO:CONSOLE:1] "Changing the Image Container Style", source: https://test.highloka.com/_next/static/chunks/46-08188a3faabe9b73.js (1)
[21503:21503:0526/170952.357324:INFO:CONSOLE:1] "[object Object]", source: https://test.highloka.com/_next/static/chunks/46-08188a3faabe9b73.js (1)
[21503:21503:0526/170952.357334:INFO:CONSOLE:1] "This is final image container style.", source: https://test.highloka.com/_next/static/chunks/46-08188a3faabe9b73.js (1)
[21503:21503:0526/170952.357344:INFO:CONSOLE:1] "[object Object]", source: https://test.highloka.com/_next/static/chunks/46-08188a3faabe9b73.js (1)
[21503:21503:0526/170952.357358:INFO:CONSOLE:1] "Current Parent Width: 48", source: https://test.highloka.com/_next/static/chunks/46-08188a3faabe9b73.js (1)
[21503:21503:0526/170952.357367:INFO:CONSOLE:1] "Changing the Image Container Style", source: https://test.highloka.com/_next/static/chunks/46-08188a3faabe9b73.js (1)
[21503:21503:0526/170952.357375:INFO:CONSOLE:1] "[object Object]", source: https://test.highloka.com/_next/static/chunks/46-08188a3faabe9b73.js (1)
[21503:21503:0526/170952.357383:INFO:CONSOLE:1] "This is final image container style.", source: https://test.highloka.com/_next/static/chunks/46-08188a3faabe9b73.js (1)
[21503:21503:0526/170952.357395:INFO:CONSOLE:1] "[object Object]", source: https://test.highloka.com/_next/static/chunks/46-08188a3faabe9b73.js (1)
[21503:21503:0526/170952.357403:INFO:CONSOLE:1] "Current Parent Width: 245", source: https://test.highloka.com/_next/static/chunks/46-08188a3faabe9b73.js (1)
[21503:21503:0526/170952.357411:INFO:CONSOLE:1] "Changing the Image Container Style", source: https://test.highloka.com/_next/static/chunks/46-08188a3faabe9b73.js (1)
[21503:21503:0526/170952.357426:INFO:CONSOLE:1] "[object Object]", source: https://test.highloka.com/_next/static/chunks/46-08188a3faabe9b73.js (1)
[21503:21503:0526/170952.357439:INFO:CONSOLE:1] "This is final image container style.", source: https://test.highloka.com/_next/static/chunks/46-08188a3faabe9b73.js (1)
[21503:21503:0526/170952.357452:INFO:CONSOLE:1] "[object Object]", source: https://test.highloka.com/_next/static/chunks/46-08188a3faabe9b73.js (1)
[21503:21503:0526/170952.357468:INFO:CONSOLE:1] "Current Parent Width: 221", source: https://test.highloka.com/_next/static/chunks/46-08188a3faabe9b73.js (1)
[21503:21503:0526/170952.357482:INFO:CONSOLE:1] "Changing the Image Container Style", source: https://test.highloka.com/_next/static/chunks/46-08188a3faabe9b73.js (1)
[21503:21503:0526/170952.357496:INFO:CONSOLE:1] "[object Object]", source: https://test.highloka.com/_next/static/chunks/46-08188a3faabe9b73.js (1)
[21503:21503:0526/170952.357510:INFO:CONSOLE:1] "This is final image container style.", source: https://test.highloka.com/_next/static/chunks/46-08188a3faabe9b73.js (1)
[21503:21503:0526/170952.357524:INFO:CONSOLE:1] "[object Object]", source: https://test.highloka.com/_next/static/chunks/46-08188a3faabe9b73.js (1)
[21503:21503:0526/170952.357539:INFO:CONSOLE:1] "isLoaded if true 0", source: https://test.highloka.com/_next/static/chunks/pages/index-ab6d088fbeefd623.js (1)
[21503:21503:0526/170952.357553:INFO:CONSOLE:1] "windowHeight 966 1866 [object Window]", source: https://test.highloka.com/_next/static/chunks/pages/index-ab6d088fbeefd623.js (1)
[21503:21503:0526/170952.357570:INFO:CONSOLE:1] "The Parallax Heights are contentRef[object HTMLDivElement] 966", source: https://test.highloka.com/_next/static/chunks/pages/index-ab6d088fbeefd623.js (1)
[21503:21503:0526/170952.359560:INFO:CONSOLE:1] "Changing the Image Container Style", source: https://test.highloka.com/_next/static/chunks/46-08188a3faabe9b73.js (1)
[21503:21503:0526/170952.359626:INFO:CONSOLE:1] "[object Object]", source: https://test.highloka.com/_next/static/chunks/46-08188a3faabe9b73.js (1)
[21503:21503:0526/170952.359767:INFO:CONSOLE:1] "This is final image container style.", source: https://test.highloka.com/_next/static/chunks/46-08188a3faabe9b73.js (1)
[21503:21503:0526/170952.359792:INFO:CONSOLE:1] "[object Object]", source: https://test.highloka.com/_next/static/chunks/46-08188a3faabe9b73.js (1)
[21503:21503:0526/170952.359824:INFO:CONSOLE:1] "Changing the Image Container Style", source: https://test.highloka.com/_next/static/chunks/46-08188a3faabe9b73.js (1)
[21503:21503:0526/170952.359848:INFO:CONSOLE:1] "[object Object]", source: https://test.highloka.com/_next/static/chunks/46-08188a3faabe9b73.js (1)
[21503:21503:0526/170952.359895:INFO:CONSOLE:1] "This is final image container style.", source: https://test.highloka.com/_next/static/chunks/46-08188a3faabe9b73.js (1)
[21503:21503:0526/170952.359916:INFO:CONSOLE:1] "[object Object]", source: https://test.highloka.com/_next/static/chunks/46-08188a3faabe9b73.js (1)
[21503:21503:0526/170952.359956:INFO:CONSOLE:1] "Changing the Image Container Style", source: https://test.highloka.com/_next/static/chunks/46-08188a3faabe9b73.js (1)
[21503:21503:0526/170952.359979:INFO:CONSOLE:1] "[object Object]", source: https://test.highloka.com/_next/static/chunks/46-08188a3faabe9b73.js (1)
[21503:21503:0526/170952.360012:INFO:CONSOLE:1] "This is final image container style.", source: https://test.highloka.com/_next/static/chunks/46-08188a3faabe9b73.js (1)
[21503:21503:0526/170952.360053:INFO:CONSOLE:1] "[object Object]", source: https://test.highloka.com/_next/static/chunks/46-08188a3faabe9b73.js (1)
[21503:21503:0526/170952.360097:INFO:CONSOLE:1] "Changing the Image Container Style", source: https://test.highloka.com/_next/static/chunks/46-08188a3faabe9b73.js (1)
[21503:21503:0526/170952.360116:INFO:CONSOLE:1] "[object Object]", source: https://test.highloka.com/_next/static/chunks/46-08188a3faabe9b73.js (1)
[21503:21503:0526/170952.360155:INFO:CONSOLE:1] "This is final image container style.", source: https://test.highloka.com/_next/static/chunks/46-08188a3faabe9b73.js (1)
[21503:21503:0526/170952.360178:INFO:CONSOLE:1] "[object Object]", source: https://test.highloka.com/_next/static/chunks/46-08188a3faabe9b73.js (1)
[21503:21503:0526/170952.360253:INFO:CONSOLE:1] "Changing the Image Container Style", source: https://test.highloka.com/_next/static/chunks/46-08188a3faabe9b73.js (1)
[21503:21503:0526/170952.360270:INFO:CONSOLE:1] "[object Object]", source: https://test.highloka.com/_next/static/chunks/46-08188a3faabe9b73.js (1)
[21503:21503:0526/170952.360305:INFO:CONSOLE:1] "This is final image container style.", source: https://test.highloka.com/_next/static/chunks/46-08188a3faabe9b73.js (1)
[21503:21503:0526/170952.360330:INFO:CONSOLE:1] "[object Object]", source: https://test.highloka.com/_next/static/chunks/46-08188a3faabe9b73.js (1)
[21503:21503:0526/170952.360368:INFO:CONSOLE:1] "Changing the Image Container Style", source: https://test.highloka.com/_next/static/chunks/46-08188a3faabe9b73.js (1)
[21503:21503:0526/170952.360386:INFO:CONSOLE:1] "[object Object]", source: https://test.highloka.com/_next/static/chunks/46-08188a3faabe9b73.js (1)
[21503:21503:0526/170952.360417:INFO:CONSOLE:1] "This is final image container style.", source: https://test.highloka.com/_next/static/chunks/46-08188a3faabe9b73.js (1)
[21503:21503:0526/170952.360442:INFO:CONSOLE:1] "[object Object]", source: https://test.highloka.com/_next/static/chunks/46-08188a3faabe9b73.js (1)
[21503:21503:0526/170952.360476:INFO:CONSOLE:1] "Changing the Image Container Style", source: https://test.highloka.com/_next/static/chunks/46-08188a3faabe9b73.js (1)
[21503:21503:0526/170952.360498:INFO:CONSOLE:1] "[object Object]", source: https://test.highloka.com/_next/static/chunks/46-08188a3faabe9b73.js (1)
[21503:21503:0526/170952.360532:INFO:CONSOLE:1] "This is final image container style.", source: https://test.highloka.com/_next/static/chunks/46-08188a3faabe9b73.js (1)
[21503:21503:0526/170952.360552:INFO:CONSOLE:1] "[object Object]", source: https://test.highloka.com/_next/static/chunks/46-08188a3faabe9b73.js (1)
[21503:21503:0526/170952.360592:INFO:CONSOLE:1] "Changing the Image Container Style", source: https://test.highloka.com/_next/static/chunks/46-08188a3faabe9b73.js (1)
[21503:21503:0526/170952.360645:INFO:CONSOLE:1] "[object Object]", source: https://test.highloka.com/_next/static/chunks/46-08188a3faabe9b73.js (1)
[21503:21503:0526/170952.360704:INFO:CONSOLE:1] "This is final image container style.", source: https://test.highloka.com/_next/static/chunks/46-08188a3faabe9b73.js (1)
[21503:21503:0526/170952.360753:INFO:CONSOLE:1] "[object Object]", source: https://test.highloka.com/_next/static/chunks/46-08188a3faabe9b73.js (1)
[21503:21503:0526/170952.360805:INFO:CONSOLE:1] "Changing the Image Container Style", source: https://test.highloka.com/_next/static/chunks/46-08188a3faabe9b73.js (1)
[21503:21503:0526/170952.360858:INFO:CONSOLE:1] "[object Object]", source: https://test.highloka.com/_next/static/chunks/46-08188a3faabe9b73.js (1)
[21503:21503:0526/170952.360927:INFO:CONSOLE:1] "This is final image container style.", source: https://test.highloka.com/_next/static/chunks/46-08188a3faabe9b73.js (1)
[21503:21503:0526/170952.360995:INFO:CONSOLE:1] "[object Object]", source: https://test.highloka.com/_next/static/chunks/46-08188a3faabe9b73.js (1)
[21503:21503:0526/170952.361054:INFO:CONSOLE:1] "Changing the Image Container Style", source: https://test.highloka.com/_next/static/chunks/46-08188a3faabe9b73.js (1)
[21503:21503:0526/170952.361105:INFO:CONSOLE:1] "[object Object]", source: https://test.highloka.com/_next/static/chunks/46-08188a3faabe9b73.js (1)
[21503:21503:0526/170952.361153:INFO:CONSOLE:1] "This is final image container style.", source: https://test.highloka.com/_next/static/chunks/46-08188a3faabe9b73.js (1)
[21503:21503:0526/170952.361213:INFO:CONSOLE:1] "[object Object]", source: https://test.highloka.com/_next/static/chunks/46-08188a3faabe9b73.js (1)
[21503:21503:0526/170952.361296:INFO:CONSOLE:1] "Changing the Image Container Style", source: https://test.highloka.com/_next/static/chunks/46-08188a3faabe9b73.js (1)
[21503:21503:0526/170952.361368:INFO:CONSOLE:1] "[object Object]", source: https://test.highloka.com/_next/static/chunks/46-08188a3faabe9b73.js (1)
[21503:21503:0526/170952.361441:INFO:CONSOLE:1] "This is final image container style.", source: https://test.highloka.com/_next/static/chunks/46-08188a3faabe9b73.js (1)
[21503:21503:0526/170952.361492:INFO:CONSOLE:1] "[object Object]", source: https://test.highloka.com/_next/static/chunks/46-08188a3faabe9b73.js (1)
[21503:21503:0526/170952.361550:INFO:CONSOLE:1] "Changing the Image Container Style", source: https://test.highloka.com/_next/static/chunks/46-08188a3faabe9b73.js (1)
[21503:21503:0526/170952.361598:INFO:CONSOLE:1] "[object Object]", source: https://test.highloka.com/_next/static/chunks/46-08188a3faabe9b73.js (1)
[21503:21503:0526/170952.361642:INFO:CONSOLE:1] "This is final image container style.", source: https://test.highloka.com/_next/static/chunks/46-08188a3faabe9b73.js (1)
[21503:21503:0526/170952.361657:INFO:CONSOLE:1] "[object Object]", source: https://test.highloka.com/_next/static/chunks/46-08188a3faabe9b73.js (1)
[21503:21503:0526/170952.361669:INFO:CONSOLE:1] "Changing the Image Container Style", source: https://test.highloka.com/_next/static/chunks/46-08188a3faabe9b73.js (1)
[21503:21503:0526/170952.361687:INFO:CONSOLE:1] "[object Object]", source: https://test.highloka.com/_next/static/chunks/46-08188a3faabe9b73.js (1)
[21503:21503:0526/170952.361707:INFO:CONSOLE:1] "This is final image container style.", source: https://test.highloka.com/_next/static/chunks/46-08188a3faabe9b73.js (1)
[21503:21503:0526/170952.361727:INFO:CONSOLE:1] "[object Object]", source: https://test.highloka.com/_next/static/chunks/46-08188a3faabe9b73.js (1)
[21503:21503:0526/170952.361750:INFO:CONSOLE:1] "Changing the Image Container Style", source: https://test.highloka.com/_next/static/chunks/46-08188a3faabe9b73.js (1)
[21503:21503:0526/170952.361774:INFO:CONSOLE:1] "[object Object]", source: https://test.highloka.com/_next/static/chunks/46-08188a3faabe9b73.js (1)
[21503:21503:0526/170952.361794:INFO:CONSOLE:1] "This is final image container style.", source: https://test.highloka.com/_next/static/chunks/46-08188a3faabe9b73.js (1)
[21503:21503:0526/170952.361836:INFO:CONSOLE:1] "[object Object]", source: https://test.highloka.com/_next/static/chunks/46-08188a3faabe9b73.js (1)
[21503:21503:0526/170952.361857:INFO:CONSOLE:1] "Changing the Image Container Style", source: https://test.highloka.com/_next/static/chunks/46-08188a3faabe9b73.js (1)
[21503:21503:0526/170952.361877:INFO:CONSOLE:1] "[object Object]", source: https://test.highloka.com/_next/static/chunks/46-08188a3faabe9b73.js (1)
[21503:21503:0526/170952.361900:INFO:CONSOLE:1] "This is final image container style.", source: https://test.highloka.com/_next/static/chunks/46-08188a3faabe9b73.js (1)
[21503:21503:0526/170952.361921:INFO:CONSOLE:1] "[object Object]", source: https://test.highloka.com/_next/static/chunks/46-08188a3faabe9b73.js (1)
[21503:21503:0526/170952.369755:INFO:CONSOLE:1] "This is final image container style.", source: https://test.highloka.com/_next/static/chunks/46-08188a3faabe9b73.js (1)
[21503:21503:0526/170952.369803:INFO:CONSOLE:1] "[object Object]", source: https://test.highloka.com/_next/static/chunks/46-08188a3faabe9b73.js (1)
[21503:21503:0526/170952.369816:INFO:CONSOLE:1] "This is final image container style.", source: https://test.highloka.com/_next/static/chunks/46-08188a3faabe9b73.js (1)
[21503:21503:0526/170952.369826:INFO:CONSOLE:1] "[object Object]", source: https://test.highloka.com/_next/static/chunks/46-08188a3faabe9b73.js (1)
[21503:21503:0526/170952.369841:INFO:CONSOLE:1] "This is final image container style.", source: https://test.highloka.com/_next/static/chunks/46-08188a3faabe9b73.js (1)
[21503:21503:0526/170952.369851:INFO:CONSOLE:1] "[object Object]", source: https://test.highloka.com/_next/static/chunks/46-08188a3faabe9b73.js (1)
[21503:21503:0526/170952.369862:INFO:CONSOLE:1] "This is final image container style.", source: https://test.highloka.com/_next/static/chunks/46-08188a3faabe9b73.js (1)
[21503:21503:0526/170952.369871:INFO:CONSOLE:1] "[object Object]", source: https://test.highloka.com/_next/static/chunks/46-08188a3faabe9b73.js (1)
[21503:21503:0526/170952.369881:INFO:CONSOLE:1] "This is final image container style.", source: https://test.highloka.com/_next/static/chunks/46-08188a3faabe9b73.js (1)
[21503:21503:0526/170952.369893:INFO:CONSOLE:1] "[object Object]", source: https://test.highloka.com/_next/static/chunks/46-08188a3faabe9b73.js (1)
[21503:21503:0526/170952.369916:INFO:CONSOLE:1] "This is final image container style.", source: https://test.highloka.com/_next/static/chunks/46-08188a3faabe9b73.js (1)
[21503:21503:0526/170952.369926:INFO:CONSOLE:1] "[object Object]", source: https://test.highloka.com/_next/static/chunks/46-08188a3faabe9b73.js (1)
[21503:21503:0526/170952.369936:INFO:CONSOLE:1] "This is final image container style.", source: https://test.highloka.com/_next/static/chunks/46-08188a3faabe9b73.js (1)
[21503:21503:0526/170952.369946:INFO:CONSOLE:1] "[object Object]", source: https://test.highloka.com/_next/static/chunks/46-08188a3faabe9b73.js (1)
[21503:21503:0526/170952.369956:INFO:CONSOLE:1] "This is final image container style.", source: https://test.highloka.com/_next/static/chunks/46-08188a3faabe9b73.js (1)
[21503:21503:0526/170952.369966:INFO:CONSOLE:1] "[object Object]", source: https://test.highloka.com/_next/static/chunks/46-08188a3faabe9b73.js (1)
[21503:21503:0526/170952.369976:INFO:CONSOLE:1] "This is final image container style.", source: https://test.highloka.com/_next/static/chunks/46-08188a3faabe9b73.js (1)
[21503:21503:0526/170952.369985:INFO:CONSOLE:1] "[object Object]", source: https://test.highloka.com/_next/static/chunks/46-08188a3faabe9b73.js (1)
[21503:21503:0526/170952.369994:INFO:CONSOLE:1] "This is final image container style.", source: https://test.highloka.com/_next/static/chunks/46-08188a3faabe9b73.js (1)
[21503:21503:0526/170952.370014:INFO:CONSOLE:1] "[object Object]", source: https://test.highloka.com/_next/static/chunks/46-08188a3faabe9b73.js (1)
[21503:21503:0526/170952.370023:INFO:CONSOLE:1] "This is final image container style.", source: https://test.highloka.com/_next/static/chunks/46-08188a3faabe9b73.js (1)
[21503:21503:0526/170952.370037:INFO:CONSOLE:1] "[object Object]", source: https://test.highloka.com/_next/static/chunks/46-08188a3faabe9b73.js (1)
[21503:21503:0526/170952.370051:INFO:CONSOLE:1] "This is final image container style.", source: https://test.highloka.com/_next/static/chunks/46-08188a3faabe9b73.js (1)
[21503:21503:0526/170952.370061:INFO:CONSOLE:1] "[object Object]", source: https://test.highloka.com/_next/static/chunks/46-08188a3faabe9b73.js (1)
[21503:21503:0526/170952.370072:INFO:CONSOLE:1] "This is final image container style.", source: https://test.highloka.com/_next/static/chunks/46-08188a3faabe9b73.js (1)
[21503:21503:0526/170952.370089:INFO:CONSOLE:1] "[object Object]", source: https://test.highloka.com/_next/static/chunks/46-08188a3faabe9b73.js (1)
[21503:21503:0526/170952.370099:INFO:CONSOLE:1] "This is final image container style.", source: https://test.highloka.com/_next/static/chunks/46-08188a3faabe9b73.js (1)
[21503:21503:0526/170952.370109:INFO:CONSOLE:1] "[object Object]", source: https://test.highloka.com/_next/static/chunks/46-08188a3faabe9b73.js (1)
[21503:21503:0526/170952.370118:INFO:CONSOLE:1] "This is final image container style.", source: https://test.highloka.com/_next/static/chunks/46-08188a3faabe9b73.js (1)
[21503:21503:0526/170952.370128:INFO:CONSOLE:1] "[object Object]", source: https://test.highloka.com/_next/static/chunks/46-08188a3faabe9b73.js (1)
[21503:21503:0526/170952.385551:INFO:CONSOLE:1] "pageObject [object Object]", source: https://test.highloka.com/_next/static/chunks/794-7aa005332a3078f7.js (1)
[21503:21503:0526/170952.385639:INFO:CONSOLE:1] "pageObject AppHome", source: https://test.highloka.com/_next/static/chunks/794-7aa005332a3078f7.js (1)
[21503:21503:0526/170952.385655:INFO:CONSOLE:1] "Setting Scroll scrollTrackingEl [object Object]", source: https://test.highloka.com/_next/static/chunks/794-7aa005332a3078f7.js (1)
[21503:21503:0526/170952.385734:INFO:CONSOLE:1] "scrollTrackingEl [object HTMLElement]", source: https://test.highloka.com/_next/static/chunks/794-7aa005332a3078f7.js (1)
[21503:21503:0526/170952.385897:INFO:CONSOLE:1] "userLoginState showLogin false otpConfirmedSuccessfully [object Object] [object Object]", source: https://test.highloka.com/_next/static/chunks/794-7aa005332a3078f7.js (1)
[21503:21503:0526/170952.385973:INFO:CONSOLE:1] "Resetting", source: https://test.highloka.com/_next/static/chunks/46-08188a3faabe9b73.js (1)
[21503:21503:0526/170952.385997:INFO:CONSOLE:1] "Current Parent Width: 0", source: https://test.highloka.com/_next/static/chunks/46-08188a3faabe9b73.js (1)
[21503:21503:0526/170952.386042:INFO:CONSOLE:1] "This is final image container style.", source: https://test.highloka.com/_next/static/chunks/46-08188a3faabe9b73.js (1)
[21503:21503:0526/170952.386071:INFO:CONSOLE:1] "[object Object]", source: https://test.highloka.com/_next/static/chunks/46-08188a3faabe9b73.js (1)
[21503:21503:0526/170952.386433:INFO:CONSOLE:79] "%c action %cGET_ACTIVE_ES_CONCERTS %c@ 17:09:52.386 color: gray; font-weight: lighter; color: inherit; color: gray; font-weight: lighter;", source: https://test.highloka.com/_next/static/chunks/pages/_app-4e0a347dc425d5bf.js (79)
[21503:21503:0526/170952.386475:INFO:CONSOLE:79] "%c prev state color: #9E9E9E; font-weight: bold [object Object]", source: https://test.highloka.com/_next/static/chunks/pages/_app-4e0a347dc425d5bf.js (79)
[21503:21503:0526/170952.386533:INFO:CONSOLE:79] "%c action     color: #03A9F4; font-weight: bold [object Object]", source: https://test.highloka.com/_next/static/chunks/pages/_app-4e0a347dc425d5bf.js (79)
[21503:21503:0526/170952.386581:INFO:CONSOLE:79] "%c next state color: #4CAF50; font-weight: bold [object Object]", source: https://test.highloka.com/_next/static/chunks/pages/_app-4e0a347dc425d5bf.js (79)
[21503:21503:0526/170952.386643:INFO:CONSOLE:79] "console.groupEnd", source: https://test.highloka.com/_next/static/chunks/pages/_app-4e0a347dc425d5bf.js (79)
[21503:21503:0526/170952.387302:INFO:CONSOLE:79] "%c action %cGET_USER_ACCESS_GRANTED_CONCERTS %c@ 17:09:52.387 color: gray; font-weight: lighter; color: inherit; color: gray; font-weight: lighter;", source: https://test.highloka.com/_next/static/chunks/pages/_app-4e0a347dc425d5bf.js (79)
[21503:21503:0526/170952.387370:INFO:CONSOLE:79] "%c prev state color: #9E9E9E; font-weight: bold [object Object]", source: https://test.highloka.com/_next/static/chunks/pages/_app-4e0a347dc425d5bf.js (79)
[21503:21503:0526/170952.387420:INFO:CONSOLE:79] "%c action     color: #03A9F4; font-weight: bold [object Object]", source: https://test.highloka.com/_next/static/chunks/pages/_app-4e0a347dc425d5bf.js (79)
[21503:21503:0526/170952.387480:INFO:CONSOLE:79] "%c next state color: #4CAF50; font-weight: bold [object Object]", source: https://test.highloka.com/_next/static/chunks/pages/_app-4e0a347dc425d5bf.js (79)
[21503:21503:0526/170952.387521:INFO:CONSOLE:79] "console.groupEnd", source: https://test.highloka.com/_next/static/chunks/pages/_app-4e0a347dc425d5bf.js (79)
[21503:21503:0526/170952.391047:INFO:CONSOLE:1] "pageObject [object Object]", source: https://test.highloka.com/_next/static/chunks/794-7aa005332a3078f7.js (1)
[21503:21503:0526/170952.391110:INFO:CONSOLE:1] "pageObject AppHome", source: https://test.highloka.com/_next/static/chunks/794-7aa005332a3078f7.js (1)
[21503:21503:0526/170952.391150:INFO:CONSOLE:1] "Setting Scroll scrollTrackingEl [object Object]", source: https://test.highloka.com/_next/static/chunks/794-7aa005332a3078f7.js (1)
[21503:21503:0526/170952.391206:INFO:CONSOLE:1] "scrollTrackingEl [object HTMLElement]", source: https://test.highloka.com/_next/static/chunks/794-7aa005332a3078f7.js (1)
[21503:21503:0526/170952.392112:INFO:CONSOLE:1] "Current Parent Width: 221", source: https://test.highloka.com/_next/static/chunks/46-08188a3faabe9b73.js (1)
[21503:21503:0526/170952.392148:INFO:CONSOLE:1] "This is final image container style.", source: https://test.highloka.com/_next/static/chunks/46-08188a3faabe9b73.js (1)
[21503:21503:0526/170952.392164:INFO:CONSOLE:1] "[object Object]", source: https://test.highloka.com/_next/static/chunks/46-08188a3faabe9b73.js (1)
[21503:21503:0526/170952.399827:INFO:CONSOLE:1] "Changing the Image Container Style", source: https://test.highloka.com/_next/static/chunks/46-08188a3faabe9b73.js (1)
[21503:21503:0526/170952.399888:INFO:CONSOLE:1] "[object Object]", source: https://test.highloka.com/_next/static/chunks/46-08188a3faabe9b73.js (1)
[21503:21503:0526/170952.400620:INFO:CONSOLE:1] "Changing the Image Container Style", source: https://test.highloka.com/_next/static/chunks/46-08188a3faabe9b73.js (1)
[21503:21503:0526/170952.400658:INFO:CONSOLE:1] "[object Object]", source: https://test.highloka.com/_next/static/chunks/46-08188a3faabe9b73.js (1)
[21503:21503:0526/170952.400786:INFO:CONSOLE:1] "This is final image container style.", source: https://test.highloka.com/_next/static/chunks/46-08188a3faabe9b73.js (1)
[21503:21503:0526/170952.400810:INFO:CONSOLE:1] "[object Object]", source: https://test.highloka.com/_next/static/chunks/46-08188a3faabe9b73.js (1)
[21503:21503:0526/170952.401132:INFO:CONSOLE:1] "This is final image container style.", source: https://test.highloka.com/_next/static/chunks/46-08188a3faabe9b73.js (1)
[21503:21503:0526/170952.401164:INFO:CONSOLE:1] "[object Object]", source: https://test.highloka.com/_next/static/chunks/46-08188a3faabe9b73.js (1)
[21503:21503:0526/170953.032804:INFO:CONSOLE:67] "[object Object]", source: https://test.highloka.com/_next/static/chunks/pages/_app-4e0a347dc425d5bf.js (67)
[21503:21503:0526/170953.033627:INFO:CONSOLE:79] "%c action %cREFRESH_LOGIN_DATA_FROM_BACKEND %c@ 17:09:53.032 color: gray; font-weight: lighter; color: inherit; color: gray; font-weight: lighter;", source: https://test.highloka.com/_next/static/chunks/pages/_app-4e0a347dc425d5bf.js (79)
[21503:21503:0526/170953.033822:INFO:CONSOLE:79] "%c prev state color: #9E9E9E; font-weight: bold [object Object]", source: https://test.highloka.com/_next/static/chunks/pages/_app-4e0a347dc425d5bf.js (79)
[21503:21503:0526/170953.033917:INFO:CONSOLE:79] "%c action     color: #03A9F4; font-weight: bold [object Object]", source: https://test.highloka.com/_next/static/chunks/pages/_app-4e0a347dc425d5bf.js (79)
[21503:21503:0526/170953.034125:INFO:CONSOLE:79] "%c next state color: #4CAF50; font-weight: bold [object Object]", source: https://test.highloka.com/_next/static/chunks/pages/_app-4e0a347dc425d5bf.js (79)
[21503:21503:0526/170953.034248:INFO:CONSOLE:79] "console.groupEnd", source: https://test.highloka.com/_next/static/chunks/pages/_app-4e0a347dc425d5bf.js (79)
[21503:21503:0526/170953.034664:INFO:CONSOLE:67] "object", source: https://test.highloka.com/_next/static/chunks/pages/_app-4e0a347dc425d5bf.js (67)
[21503:21503:0526/170953.035221:INFO:CONSOLE:79] "%c action %cGET_USER_ACCESS_GRANTED_CONCERTS_SUCCESS %c@ 17:09:53.034 color: gray; font-weight: lighter; color: inherit; color: gray; font-weight: lighter;", source: https://test.highloka.com/_next/static/chunks/pages/_app-4e0a347dc425d5bf.js (79)
[21503:21503:0526/170953.035333:INFO:CONSOLE:79] "%c prev state color: #9E9E9E; font-weight: bold [object Object]", source: https://test.highloka.com/_next/static/chunks/pages/_app-4e0a347dc425d5bf.js (79)
[21503:21503:0526/170953.035541:INFO:CONSOLE:79] "%c action     color: #03A9F4; font-weight: bold [object Object]", source: https://test.highloka.com/_next/static/chunks/pages/_app-4e0a347dc425d5bf.js (79)
[21503:21503:0526/170953.035727:INFO:CONSOLE:79] "%c next state color: #4CAF50; font-weight: bold [object Object]", source: https://test.highloka.com/_next/static/chunks/pages/_app-4e0a347dc425d5bf.js (79)
[21503:21503:0526/170953.035872:INFO:CONSOLE:79] "console.groupEnd", source: https://test.highloka.com/_next/static/chunks/pages/_app-4e0a347dc425d5bf.js (79)
[21503:21503:0526/170953.036278:INFO:CONSOLE:67] "sagasagasagasagasagasagasagasagasagasagasaga", source: https://test.highloka.com/_next/static/chunks/pages/_app-4e0a347dc425d5bf.js (67)
[21503:21503:0526/170953.041069:INFO:CONSOLE:1] "^^^^^^^^^^^^^^^^^^^^^^^^^^^^", source: https://test.highloka.com/_next/static/chunks/pages/index-ab6d088fbeefd623.js (1)
[21503:21503:0526/170953.041228:INFO:CONSOLE:1] "[object Object]", source: https://test.highloka.com/_next/static/chunks/pages/index-ab6d088fbeefd623.js (1)
[21503:21503:0526/170953.041398:INFO:CONSOLE:1] "^^^^^^^^^^^^^^^^^^^^^^^^^^^^", source: https://test.highloka.com/_next/static/chunks/pages/index-ab6d088fbeefd623.js (1)
[21503:21503:0526/170953.232285:INFO:CONSOLE:79] "%c action %cGET_COMPLETE_EVENT_DETAILS %c@ 17:09:53.231 color: gray; font-weight: lighter; color: inherit; color: gray; font-weight: lighter;", source: https://test.highloka.com/_next/static/chunks/pages/_app-4e0a347dc425d5bf.js (79)
[21503:21503:0526/170953.232359:INFO:CONSOLE:79] "%c prev state color: #9E9E9E; font-weight: bold [object Object]", source: https://test.highloka.com/_next/static/chunks/pages/_app-4e0a347dc425d5bf.js (79)
[21503:21503:0526/170953.232490:INFO:CONSOLE:79] "%c action     color: #03A9F4; font-weight: bold [object Object]", source: https://test.highloka.com/_next/static/chunks/pages/_app-4e0a347dc425d5bf.js (79)
[21503:21503:0526/170953.232592:INFO:CONSOLE:79] "%c next state color: #4CAF50; font-weight: bold [object Object]", source: https://test.highloka.com/_next/static/chunks/pages/_app-4e0a347dc425d5bf.js (79)
[21503:21503:0526/170953.232682:INFO:CONSOLE:79] "console.groupEnd", source: https://test.highloka.com/_next/static/chunks/pages/_app-4e0a347dc425d5bf.js (79)
[21503:21503:0526/170953.233387:INFO:CONSOLE:67] "Starting fetch complete saga.", source: https://test.highloka.com/_next/static/chunks/pages/_app-4e0a347dc425d5bf.js (67)
[21503:21503:0526/170953.233615:INFO:CONSOLE:67] "[object Object]", source: https://test.highloka.com/_next/static/chunks/pages/_app-4e0a347dc425d5bf.js (67)
[21503:21503:0526/170953.233799:INFO:CONSOLE:67] "basic", source: https://test.highloka.com/_next/static/chunks/pages/_app-4e0a347dc425d5bf.js (67)
[21503:21503:0526/170953.233956:INFO:CONSOLE:67] "may-ondemand", source: https://test.highloka.com/_next/static/chunks/pages/_app-4e0a347dc425d5bf.js (67)
[21503:21503:0526/170953.234056:INFO:CONSOLE:67] "[object Object]", source: https://test.highloka.com/_next/static/chunks/pages/_app-4e0a347dc425d5bf.js (67)
[21503:21503:0526/170953.236409:INFO:CONSOLE:67] "[object Object]", source: https://test.highloka.com/_next/static/chunks/pages/_app-4e0a347dc425d5bf.js (67)
[21503:21503:0526/170953.236486:INFO:CONSOLE:67] "fetch_start", source: https://test.highloka.com/_next/static/chunks/pages/_app-4e0a347dc425d5bf.js (67)
[21503:21503:0526/170953.236505:INFO:CONSOLE:67] "Checkout Login Data", source: https://test.highloka.com/_next/static/chunks/pages/_app-4e0a347dc425d5bf.js (67)
[21503:21503:0526/170953.236522:INFO:CONSOLE:67] "[object Object]", source: https://test.highloka.com/_next/static/chunks/pages/_app-4e0a347dc425d5bf.js (67)
[21503:21503:0526/170953.236548:INFO:CONSOLE:67] "I'm inside fetch_start", source: https://test.highloka.com/_next/static/chunks/pages/_app-4e0a347dc425d5bf.js (67)
[21503:21503:0526/170953.236564:INFO:CONSOLE:79] "%c action %cSET_COMPLETE_EVENT_DETAILS_FETCH_STATUS %c@ 17:09:53.234 color: gray; font-weight: lighter; color: inherit; color: gray; font-weight: lighter;", source: https://test.highloka.com/_next/static/chunks/pages/_app-4e0a347dc425d5bf.js (79)
[21503:21503:0526/170953.236592:INFO:CONSOLE:79] "%c prev state color: #9E9E9E; font-weight: bold [object Object]", source: https://test.highloka.com/_next/static/chunks/pages/_app-4e0a347dc425d5bf.js (79)
[21503:21503:0526/170953.236625:INFO:CONSOLE:79] "%c action     color: #03A9F4; font-weight: bold [object Object]", source: https://test.highloka.com/_next/static/chunks/pages/_app-4e0a347dc425d5bf.js (79)
[21503:21503:0526/170953.236651:INFO:CONSOLE:79] "%c next state color: #4CAF50; font-weight: bold [object Object]", source: https://test.highloka.com/_next/static/chunks/pages/_app-4e0a347dc425d5bf.js (79)
[21503:21503:0526/170953.236731:INFO:CONSOLE:79] "console.groupEnd", source: https://test.highloka.com/_next/static/chunks/pages/_app-4e0a347dc425d5bf.js (79)
[21503:21503:0526/170953.236766:INFO:CONSOLE:67] "setting fetch state done.", source: https://test.highloka.com/_next/static/chunks/pages/_app-4e0a347dc425d5bf.js (67)
[21503:21503:0526/170953.236790:INFO:CONSOLE:67] "postLoginBasic", source: https://test.highloka.com/_next/static/chunks/pages/_app-4e0a347dc425d5bf.js (67)
[21503:21503:0526/170953.236823:INFO:CONSOLE:67] "https://testconnect.eventsthal.com/concerts/connect/getpostloginbasicconcertdetails", source: https://test.highloka.com/_next/static/chunks/pages/_app-4e0a347dc425d5bf.js (67)
[21503:21503:0526/170953.236845:INFO:CONSOLE:67] "[object Object]", source: https://test.highloka.com/_next/static/chunks/pages/_app-4e0a347dc425d5bf.js (67)
[21503:21503:0526/170953.236867:INFO:CONSOLE:67] "Making the axios call", source: https://test.highloka.com/_next/static/chunks/pages/_app-4e0a347dc425d5bf.js (67)
[21503:21503:0526/170953.238759:INFO:CONSOLE:1] "[object Object]", source: https://test.highloka.com/_next/static/chunks/pages/concerts/%5Bslug%5D/lobby-32f602ef45c96964.js (1)
[21503:21503:0526/170953.238949:INFO:CONSOLE:1] "This is the Complete Event Details Fetch Status", source: https://test.highloka.com/_next/static/chunks/pages/concerts/%5Bslug%5D/lobby-32f602ef45c96964.js (1)
[21503:21503:0526/170953.238974:INFO:CONSOLE:1] "fetching_in-progress", source: https://test.highloka.com/_next/static/chunks/pages/concerts/%5Bslug%5D/lobby-32f602ef45c96964.js (1)
[21503:21503:0526/170953.239111:INFO:CONSOLE:1] "This is current Concert Details.##############################", source: https://test.highloka.com/_next/static/chunks/pages/concerts/%5Bslug%5D/lobby-32f602ef45c96964.js (1)
[21503:21503:0526/170953.239148:INFO:CONSOLE:1] "null", source: https://test.highloka.com/_next/static/chunks/pages/concerts/%5Bslug%5D/lobby-32f602ef45c96964.js (1)
[21503:21503:0526/170953.239191:INFO:CONSOLE:1] "null", source: https://test.highloka.com/_next/static/chunks/pages/concerts/%5Bslug%5D/lobby-32f602ef45c96964.js (1)
[21503:21503:0526/170953.239228:INFO:CONSOLE:1] "[DONE] This is current Concert Details.##############################", source: https://test.highloka.com/_next/static/chunks/pages/concerts/%5Bslug%5D/lobby-32f602ef45c96964.js (1)
[21503:21503:0526/170953.239666:INFO:CONSOLE:1] "[object Object]", source: https://test.highloka.com/_next/static/chunks/pages/concerts/%5Bslug%5D/lobby-32f602ef45c96964.js (1)
[21503:21503:0526/170953.239747:INFO:CONSOLE:1] "This is current Concert Details.##############################", source: https://test.highloka.com/_next/static/chunks/pages/concerts/%5Bslug%5D/lobby-32f602ef45c96964.js (1)
[21503:21503:0526/170953.239797:INFO:CONSOLE:1] "null", source: https://test.highloka.com/_next/static/chunks/pages/concerts/%5Bslug%5D/lobby-32f602ef45c96964.js (1)
[21503:21503:0526/170953.239829:INFO:CONSOLE:1] "not_even_initiated", source: https://test.highloka.com/_next/static/chunks/pages/concerts/%5Bslug%5D/lobby-32f602ef45c96964.js (1)
[21503:21503:0526/170953.239883:INFO:CONSOLE:1] "[DONE] This is current Concert Details.##############################", source: https://test.highloka.com/_next/static/chunks/pages/concerts/%5Bslug%5D/lobby-32f602ef45c96964.js (1)
[21503:21503:0526/170953.419312:INFO:CONSOLE:67] "[object Object]", source: https://test.highloka.com/_next/static/chunks/pages/_app-4e0a347dc425d5bf.js (67)
[21503:21503:0526/170953.419414:INFO:CONSOLE:67] "object", source: https://test.highloka.com/_next/static/chunks/pages/_app-4e0a347dc425d5bf.js (67)
[21503:21503:0526/170953.419538:INFO:CONSOLE:79] "%c action %cREFRESH_LOGIN_DATA_FROM_BACKEND %c@ 17:09:53.419 color: gray; font-weight: lighter; color: inherit; color: gray; font-weight: lighter;", source: https://test.highloka.com/_next/static/chunks/pages/_app-4e0a347dc425d5bf.js (79)
[21503:21503:0526/170953.419608:INFO:CONSOLE:79] "%c prev state color: #9E9E9E; font-weight: bold [object Object]", source: https://test.highloka.com/_next/static/chunks/pages/_app-4e0a347dc425d5bf.js (79)
[21503:21503:0526/170953.419733:INFO:CONSOLE:79] "%c action     color: #03A9F4; font-weight: bold [object Object]", source: https://test.highloka.com/_next/static/chunks/pages/_app-4e0a347dc425d5bf.js (79)
[21503:21503:0526/170953.419758:INFO:CONSOLE:79] "%c next state color: #4CAF50; font-weight: bold [object Object]", source: https://test.highloka.com/_next/static/chunks/pages/_app-4e0a347dc425d5bf.js (79)
[21503:21503:0526/170953.419830:INFO:CONSOLE:79] "console.groupEnd", source: https://test.highloka.com/_next/static/chunks/pages/_app-4e0a347dc425d5bf.js (79)
[21503:21503:0526/170953.420003:INFO:CONSOLE:79] "%c action %cGET_ACTIVE_ES_CONCERTS_SUCCESS %c@ 17:09:53.419 color: gray; font-weight: lighter; color: inherit; color: gray; font-weight: lighter;", source: https://test.highloka.com/_next/static/chunks/pages/_app-4e0a347dc425d5bf.js (79)
[21503:21503:0526/170953.420067:INFO:CONSOLE:79] "%c prev state color: #9E9E9E; font-weight: bold [object Object]", source: https://test.highloka.com/_next/static/chunks/pages/_app-4e0a347dc425d5bf.js (79)
[21503:21503:0526/170953.420120:INFO:CONSOLE:79] "%c action     color: #03A9F4; font-weight: bold [object Object]", source: https://test.highloka.com/_next/static/chunks/pages/_app-4e0a347dc425d5bf.js (79)
[21503:21503:0526/170953.420171:INFO:CONSOLE:79] "%c next state color: #4CAF50; font-weight: bold [object Object]", source: https://test.highloka.com/_next/static/chunks/pages/_app-4e0a347dc425d5bf.js (79)
[21503:21503:0526/170953.420225:INFO:CONSOLE:79] "console.groupEnd", source: https://test.highloka.com/_next/static/chunks/pages/_app-4e0a347dc425d5bf.js (79)
[21503:21503:0526/170953.420279:INFO:CONSOLE:67] "sagasagasagasagasagasagasagasagasagasagasaga", source: https://test.highloka.com/_next/static/chunks/pages/_app-4e0a347dc425d5bf.js (67)
[21503:21503:0526/170953.622586:INFO:CONSOLE:67] "[object Object]", source: https://test.highloka.com/_next/static/chunks/pages/_app-4e0a347dc425d5bf.js (67)
[21503:21503:0526/170953.622804:INFO:CONSOLE:67] "object", source: https://test.highloka.com/_next/static/chunks/pages/_app-4e0a347dc425d5bf.js (67)
[21503:21503:0526/170953.623370:INFO:CONSOLE:79] "%c action %cREFRESH_LOGIN_DATA_FROM_BACKEND %c@ 17:09:53.622 color: gray; font-weight: lighter; color: inherit; color: gray; font-weight: lighter;", source: https://test.highloka.com/_next/static/chunks/pages/_app-4e0a347dc425d5bf.js (79)
[21503:21503:0526/170953.623609:INFO:CONSOLE:79] "%c prev state color: #9E9E9E; font-weight: bold [object Object]", source: https://test.highloka.com/_next/static/chunks/pages/_app-4e0a347dc425d5bf.js (79)
[21503:21503:0526/170953.624072:INFO:CONSOLE:79] "%c action     color: #03A9F4; font-weight: bold [object Object]", source: https://test.highloka.com/_next/static/chunks/pages/_app-4e0a347dc425d5bf.js (79)
[21503:21503:0526/170953.624411:INFO:CONSOLE:79] "%c next state color: #4CAF50; font-weight: bold [object Object]", source: https://test.highloka.com/_next/static/chunks/pages/_app-4e0a347dc425d5bf.js (79)
[21503:21503:0526/170953.624874:INFO:CONSOLE:79] "console.groupEnd", source: https://test.highloka.com/_next/static/chunks/pages/_app-4e0a347dc425d5bf.js (79)
[21503:21503:0526/170953.625831:INFO:CONSOLE:79] "%c action %cSET_COMPLETE_EVENT_DETAILS %c@ 17:09:53.625 color: gray; font-weight: lighter; color: inherit; color: gray; font-weight: lighter;", source: https://test.highloka.com/_next/static/chunks/pages/_app-4e0a347dc425d5bf.js (79)
[21503:21503:0526/170953.626113:INFO:CONSOLE:79] "%c prev state color: #9E9E9E; font-weight: bold [object Object]", source: https://test.highloka.com/_next/static/chunks/pages/_app-4e0a347dc425d5bf.js (79)
[21503:21503:0526/170953.626536:INFO:CONSOLE:79] "%c action     color: #03A9F4; font-weight: bold [object Object]", source: https://test.highloka.com/_next/static/chunks/pages/_app-4e0a347dc425d5bf.js (79)
[21503:21503:0526/170953.626887:INFO:CONSOLE:79] "%c next state color: #4CAF50; font-weight: bold [object Object]", source: https://test.highloka.com/_next/static/chunks/pages/_app-4e0a347dc425d5bf.js (79)
[21503:21503:0526/170953.627341:INFO:CONSOLE:79] "console.groupEnd", source: https://test.highloka.com/_next/static/chunks/pages/_app-4e0a347dc425d5bf.js (79)
[21503:21503:0526/170953.627981:INFO:CONSOLE:79] "%c action %cGET_COMPLETE_EVENT_DETAILS_SUCCESS %c@ 17:09:53.627 color: gray; font-weight: lighter; color: inherit; color: gray; font-weight: lighter;", source: https://test.highloka.com/_next/static/chunks/pages/_app-4e0a347dc425d5bf.js (79)
[21503:21503:0526/170953.628078:INFO:CONSOLE:79] "%c prev state color: #9E9E9E; font-weight: bold [object Object]", source: https://test.highloka.com/_next/static/chunks/pages/_app-4e0a347dc425d5bf.js (79)
[21503:21503:0526/170953.628316:INFO:CONSOLE:79] "%c action     color: #03A9F4; font-weight: bold [object Object]", source: https://test.highloka.com/_next/static/chunks/pages/_app-4e0a347dc425d5bf.js (79)
[21503:21503:0526/170953.628641:INFO:CONSOLE:79] "%c next state color: #4CAF50; font-weight: bold [object Object]", source: https://test.highloka.com/_next/static/chunks/pages/_app-4e0a347dc425d5bf.js (79)
[21503:21503:0526/170953.628942:INFO:CONSOLE:79] "console.groupEnd", source: https://test.highloka.com/_next/static/chunks/pages/_app-4e0a347dc425d5bf.js (79)
[21503:21503:0526/170953.629220:INFO:CONSOLE:67] "sagasagasagasagasagasagasagasagasagasagasaga", source: https://test.highloka.com/_next/static/chunks/pages/_app-4e0a347dc425d5bf.js (67)
[21503:21503:0526/170953.631076:INFO:CONSOLE:1] "[object Object]", source: https://test.highloka.com/_next/static/chunks/pages/concerts/%5Bslug%5D/lobby-32f602ef45c96964.js (1)
[21503:21503:0526/170953.631420:INFO:CONSOLE:1] "This is the Complete Event Details Fetch Status", source: https://test.highloka.com/_next/static/chunks/pages/concerts/%5Bslug%5D/lobby-32f602ef45c96964.js (1)
[21503:21503:0526/170953.631624:INFO:CONSOLE:1] "fetched", source: https://test.highloka.com/_next/static/chunks/pages/concerts/%5Bslug%5D/lobby-32f602ef45c96964.js (1)
[21503:21503:0526/170953.635625:INFO:CONSOLE:1] "[object Object]", source: https://test.highloka.com/_next/static/chunks/pages/concerts/%5Bslug%5D/lobby-32f602ef45c96964.js (1)
[21503:21503:0526/170953.635826:INFO:CONSOLE:1] "[object Object]", source: https://test.highloka.com/_next/static/chunks/pages/concerts/%5Bslug%5D/lobby-32f602ef45c96964.js (1)
[21503:21503:0526/170953.637551:INFO:CONSOLE:79] "%c action %cSET_COMPLETE_EVENT_DETAILS_FETCH_STATUS %c@ 17:09:53.636 color: gray; font-weight: lighter; color: inherit; color: gray; font-weight: lighter;", source: https://test.highloka.com/_next/static/chunks/pages/_app-4e0a347dc425d5bf.js (79)
[21503:21503:0526/170953.638705:INFO:CONSOLE:79] "%c prev state color: #9E9E9E; font-weight: bold [object Object]", source: https://test.highloka.com/_next/static/chunks/pages/_app-4e0a347dc425d5bf.js (79)
[21503:21503:0526/170953.638916:INFO:CONSOLE:79] "%c action     color: #03A9F4; font-weight: bold [object Object]", source: https://test.highloka.com/_next/static/chunks/pages/_app-4e0a347dc425d5bf.js (79)
[21503:21503:0526/170953.638996:INFO:CONSOLE:79] "%c next state color: #4CAF50; font-weight: bold [object Object]", source: https://test.highloka.com/_next/static/chunks/pages/_app-4e0a347dc425d5bf.js (79)
[21503:21503:0526/170953.639063:INFO:CONSOLE:79] "console.groupEnd", source: https://test.highloka.com/_next/static/chunks/pages/_app-4e0a347dc425d5bf.js (79)
[21503:21503:0526/170953.639513:INFO:CONSOLE:1] "This is current Concert Details.##############################", source: https://test.highloka.com/_next/static/chunks/pages/concerts/%5Bslug%5D/lobby-32f602ef45c96964.js (1)
[21503:21503:0526/170953.639717:INFO:CONSOLE:1] "null", source: https://test.highloka.com/_next/static/chunks/pages/concerts/%5Bslug%5D/lobby-32f602ef45c96964.js (1)
[21503:21503:0526/170953.639791:INFO:CONSOLE:1] "successful", source: https://test.highloka.com/_next/static/chunks/pages/concerts/%5Bslug%5D/lobby-32f602ef45c96964.js (1)
[21503:21503:0526/170953.639862:INFO:CONSOLE:1] "[DONE] This is current Concert Details.##############################", source: https://test.highloka.com/_next/static/chunks/pages/concerts/%5Bslug%5D/lobby-32f602ef45c96964.js (1)
[21503:21503:0526/170953.641552:INFO:CONSOLE:1] "This is the Complete Event Details Fetch Status", source: https://test.highloka.com/_next/static/chunks/pages/concerts/%5Bslug%5D/lobby-32f602ef45c96964.js (1)
[21503:21503:0526/170953.641736:INFO:CONSOLE:1] "fetching_not_initiated", source: https://test.highloka.com/_next/static/chunks/pages/concerts/%5Bslug%5D/lobby-32f602ef45c96964.js (1)
[21503:21503:0526/170953.646380:INFO:CONSOLE:1] "LobbyStopwatchComponent props [object Object]", source: https://test.highloka.com/_next/static/chunks/pages/concerts/%5Bslug%5D/lobby-32f602ef45c96964.js (1)
[21503:21503:0526/170953.670793:INFO:CONSOLE:1] "pageObject [object Object]", source: https://test.highloka.com/_next/static/chunks/794-7aa005332a3078f7.js (1)
[21503:21503:0526/170953.683300:INFO:CONSOLE:1] "pageObject concertLobbyPage", source: https://test.highloka.com/_next/static/chunks/794-7aa005332a3078f7.js (1)
[21503:21503:0526/170953.683468:INFO:CONSOLE:1] "Setting Scroll scrollTrackingEl [object Object]", source: https://test.highloka.com/_next/static/chunks/794-7aa005332a3078f7.js (1)
[21503:21503:0526/170953.683532:INFO:CONSOLE:1] "scrollTrackingEl [object HTMLDivElement]", source: https://test.highloka.com/_next/static/chunks/794-7aa005332a3078f7.js (1)
[21503:21503:0526/170953.683590:INFO:CONSOLE:1] "userLoginState showLogin false otpConfirmedSuccessfully [object Object] [object Object]", source: https://test.highloka.com/_next/static/chunks/794-7aa005332a3078f7.js (1)
[21503:21503:0526/170953.683645:INFO:CONSOLE:1] "This is current Concert Details.##############################", source: https://test.highloka.com/_next/static/chunks/pages/concerts/%5Bslug%5D/lobby-32f602ef45c96964.js (1)
[21503:21503:0526/170953.683699:INFO:CONSOLE:1] "[object Object]", source: https://test.highloka.com/_next/static/chunks/pages/concerts/%5Bslug%5D/lobby-32f602ef45c96964.js (1)
[21503:21503:0526/170953.685292:INFO:CONSOLE:1] "successful", source: https://test.highloka.com/_next/static/chunks/pages/concerts/%5Bslug%5D/lobby-32f602ef45c96964.js (1)
[21503:21503:0526/170953.685414:INFO:CONSOLE:1] "[DONE] This is current Concert Details.##############################", source: https://test.highloka.com/_next/static/chunks/pages/concerts/%5Bslug%5D/lobby-32f602ef45c96964.js (1)
[21503:21503:0526/170953.685471:INFO:CONSOLE:1] "LobbyStopwatchComponent props [object Object]", source: https://test.highloka.com/_next/static/chunks/pages/concerts/%5Bslug%5D/lobby-32f602ef45c96964.js (1)
[21503:21503:0526/170953.685880:INFO:CONSOLE:1] "pageObject [object Object]", source: https://test.highloka.com/_next/static/chunks/794-7aa005332a3078f7.js (1)
[21503:21503:0526/170953.685948:INFO:CONSOLE:1] "pageObject concertLobbyPage", source: https://test.highloka.com/_next/static/chunks/794-7aa005332a3078f7.js (1)
[21503:21503:0526/170953.686033:INFO:CONSOLE:1] "Setting Scroll scrollTrackingEl [object Object]", source: https://test.highloka.com/_next/static/chunks/794-7aa005332a3078f7.js (1)
[21503:21503:0526/170953.686083:INFO:CONSOLE:1] "scrollTrackingEl [object HTMLDivElement]", source: https://test.highloka.com/_next/static/chunks/794-7aa005332a3078f7.js (1)
[21503:21503:0526/170953.686131:INFO:CONSOLE:1] "LobbyStopwatchComponent props [object Object]", source: https://test.highloka.com/_next/static/chunks/pages/concerts/%5Bslug%5D/lobby-32f602ef45c96964.js (1)
[21503:21503:0526/170953.749534:INFO:CONSOLE:79] "%c action %cSET_WINDOW_SIZE %c@ 17:09:53.749 color: gray; font-weight: lighter; color: inherit; color: gray; font-weight: lighter;", source: https://test.highloka.com/_next/static/chunks/pages/_app-4e0a347dc425d5bf.js (79)
[21503:21503:0526/170953.749621:INFO:CONSOLE:79] "%c prev state color: #9E9E9E; font-weight: bold [object Object]", source: https://test.highloka.com/_next/static/chunks/pages/_app-4e0a347dc425d5bf.js (79)
[21503:21503:0526/170953.749692:INFO:CONSOLE:79] "%c action     color: #03A9F4; font-weight: bold [object Object]", source: https://test.highloka.com/_next/static/chunks/pages/_app-4e0a347dc425d5bf.js (79)
[21503:21503:0526/170953.749747:INFO:CONSOLE:79] "%c next state color: #4CAF50; font-weight: bold [object Object]", source: https://test.highloka.com/_next/static/chunks/pages/_app-4e0a347dc425d5bf.js (79)
[21503:21503:0526/170953.749792:INFO:CONSOLE:79] "console.groupEnd", source: https://test.highloka.com/_next/static/chunks/pages/_app-4e0a347dc425d5bf.js (79)
[21503:21503:0526/170953.750593:INFO:CONSOLE:1] "LobbyStopwatchComponent props [object Object]", source: https://test.highloka.com/_next/static/chunks/pages/concerts/%5Bslug%5D/lobby-32f602ef45c96964.js (1)
[21503:21503:0526/170953.819531:INFO:CONSOLE:1] "Entering Arena", source: https://test.highloka.com/_next/static/chunks/pages/concerts/%5Bslug%5D/lobby-32f602ef45c96964.js (1)
[21503:21503:0526/170953.906746:INFO:CONSOLE:1] "slugggg may-ondemand undefined", source: https://test.highloka.com/_next/static/chunks/pages/concerts/%5Bslug%5D/arena-1595f5991389ce40.js (1)
[21503:21503:0526/170953.910330:INFO:CONSOLE:79] "%c action %cGET_COMPLETE_EVENT_DETAILS %c@ 17:09:53.910 color: gray; font-weight: lighter; color: inherit; color: gray; font-weight: lighter;", source: https://test.highloka.com/_next/static/chunks/pages/_app-4e0a347dc425d5bf.js (79)
[21503:21503:0526/170953.910375:INFO:CONSOLE:79] "%c prev state color: #9E9E9E; font-weight: bold [object Object]", source: https://test.highloka.com/_next/static/chunks/pages/_app-4e0a347dc425d5bf.js (79)
[21503:21503:0526/170953.910450:INFO:CONSOLE:79] "%c action     color: #03A9F4; font-weight: bold [object Object]", source: https://test.highloka.com/_next/static/chunks/pages/_app-4e0a347dc425d5bf.js (79)
[21503:21503:0526/170953.910505:INFO:CONSOLE:79] "%c next state color: #4CAF50; font-weight: bold [object Object]", source: https://test.highloka.com/_next/static/chunks/pages/_app-4e0a347dc425d5bf.js (79)
[21503:21503:0526/170953.910550:INFO:CONSOLE:79] "console.groupEnd", source: https://test.highloka.com/_next/static/chunks/pages/_app-4e0a347dc425d5bf.js (79)
[21503:21503:0526/170953.910702:INFO:CONSOLE:67] "Starting fetch complete saga.", source: https://test.highloka.com/_next/static/chunks/pages/_app-4e0a347dc425d5bf.js (67)
[21503:21503:0526/170953.910792:INFO:CONSOLE:67] "[object Object]", source: https://test.highloka.com/_next/static/chunks/pages/_app-4e0a347dc425d5bf.js (67)
[21503:21503:0526/170953.910890:INFO:CONSOLE:67] "concert", source: https://test.highloka.com/_next/static/chunks/pages/_app-4e0a347dc425d5bf.js (67)
[21503:21503:0526/170953.910953:INFO:CONSOLE:67] "may-ondemand", source: https://test.highloka.com/_next/static/chunks/pages/_app-4e0a347dc425d5bf.js (67)
[21503:21503:0526/170953.911017:INFO:CONSOLE:67] "[object Object]", source: https://test.highloka.com/_next/static/chunks/pages/_app-4e0a347dc425d5bf.js (67)
[21503:21503:0526/170953.911097:INFO:CONSOLE:67] "[object Object]", source: https://test.highloka.com/_next/static/chunks/pages/_app-4e0a347dc425d5bf.js (67)
[21503:21503:0526/170953.911186:INFO:CONSOLE:67] "fetch_start", source: https://test.highloka.com/_next/static/chunks/pages/_app-4e0a347dc425d5bf.js (67)
[21503:21503:0526/170953.911256:INFO:CONSOLE:67] "Checkout Login Data", source: https://test.highloka.com/_next/static/chunks/pages/_app-4e0a347dc425d5bf.js (67)
[21503:21503:0526/170953.911328:INFO:CONSOLE:67] "[object Object]", source: https://test.highloka.com/_next/static/chunks/pages/_app-4e0a347dc425d5bf.js (67)
[21503:21503:0526/170953.911432:INFO:CONSOLE:67] "I'm inside fetch_start", source: https://test.highloka.com/_next/static/chunks/pages/_app-4e0a347dc425d5bf.js (67)
[21503:21503:0526/170953.911546:INFO:CONSOLE:79] "%c action %cSET_COMPLETE_EVENT_DETAILS_FETCH_STATUS %c@ 17:09:53.911 color: gray; font-weight: lighter; color: inherit; color: gray; font-weight: lighter;", source: https://test.highloka.com/_next/static/chunks/pages/_app-4e0a347dc425d5bf.js (79)
[21503:21503:0526/170953.911594:INFO:CONSOLE:79] "%c prev state color: #9E9E9E; font-weight: bold [object Object]", source: https://test.highloka.com/_next/static/chunks/pages/_app-4e0a347dc425d5bf.js (79)
[21503:21503:0526/170953.911652:INFO:CONSOLE:79] "%c action     color: #03A9F4; font-weight: bold [object Object]", source: https://test.highloka.com/_next/static/chunks/pages/_app-4e0a347dc425d5bf.js (79)
[21503:21503:0526/170953.911706:INFO:CONSOLE:79] "%c next state color: #4CAF50; font-weight: bold [object Object]", source: https://test.highloka.com/_next/static/chunks/pages/_app-4e0a347dc425d5bf.js (79)
[21503:21503:0526/170953.911756:INFO:CONSOLE:79] "console.groupEnd", source: https://test.highloka.com/_next/static/chunks/pages/_app-4e0a347dc425d5bf.js (79)
[21503:21503:0526/170953.911796:INFO:CONSOLE:67] "setting fetch state done.", source: https://test.highloka.com/_next/static/chunks/pages/_app-4e0a347dc425d5bf.js (67)
[21503:21503:0526/170953.911833:INFO:CONSOLE:67] "complete", source: https://test.highloka.com/_next/static/chunks/pages/_app-4e0a347dc425d5bf.js (67)
[21503:21503:0526/170953.911864:INFO:CONSOLE:67] "https://testconnect.eventsthal.com/concerts/connect/getcompleteconcertdetails", source: https://test.highloka.com/_next/static/chunks/pages/_app-4e0a347dc425d5bf.js (67)
[21503:21503:0526/170953.911899:INFO:CONSOLE:67] "[object Object]", source: https://test.highloka.com/_next/static/chunks/pages/_app-4e0a347dc425d5bf.js (67)
[21503:21503:0526/170953.911949:INFO:CONSOLE:67] "Making the axios call", source: https://test.highloka.com/_next/static/chunks/pages/_app-4e0a347dc425d5bf.js (67)
[21503:21503:0526/170953.912343:INFO:CONSOLE:1] "This is the Complete Event Details Fetch Status", source: https://test.highloka.com/_next/static/chunks/pages/concerts/%5Bslug%5D/arena-1595f5991389ce40.js (1)
[21503:21503:0526/170953.912363:INFO:CONSOLE:1] "fetching_not_initiated", source: https://test.highloka.com/_next/static/chunks/pages/concerts/%5Bslug%5D/arena-1595f5991389ce40.js (1)
[21503:21503:0526/170953.912412:INFO:CONSOLE:1] "null", source: https://test.highloka.com/_next/static/chunks/pages/concerts/%5Bslug%5D/arena-1595f5991389ce40.js (1)
[21503:21503:0526/170953.912459:INFO:CONSOLE:1] "null", source: https://test.highloka.com/_next/static/chunks/pages/concerts/%5Bslug%5D/arena-1595f5991389ce40.js (1)
[21503:21503:0526/170953.912477:INFO:CONSOLE:1] "[object Object]", source: https://test.highloka.com/_next/static/chunks/pages/concerts/%5Bslug%5D/arena-1595f5991389ce40.js (1)
[21503:21503:0526/170953.912550:INFO:CONSOLE:1] "As per Page Load Status, data not ready yet.. Hence returning", source: https://test.highloka.com/_next/static/chunks/pages/concerts/%5Bslug%5D/arena-1595f5991389ce40.js (1)
[21503:21503:0526/170953.912644:INFO:CONSOLE:1] "This is current Concert Details.##############################", source: https://test.highloka.com/_next/static/chunks/pages/concerts/%5Bslug%5D/arena-1595f5991389ce40.js (1)
[21503:21503:0526/170953.912665:INFO:CONSOLE:1] "null", source: https://test.highloka.com/_next/static/chunks/pages/concerts/%5Bslug%5D/arena-1595f5991389ce40.js (1)
[21503:21503:0526/170953.912693:INFO:CONSOLE:1] "null", source: https://test.highloka.com/_next/static/chunks/pages/concerts/%5Bslug%5D/arena-1595f5991389ce40.js (1)
[21503:21503:0526/170953.912713:INFO:CONSOLE:1] "false", source: https://test.highloka.com/_next/static/chunks/pages/concerts/%5Bslug%5D/arena-1595f5991389ce40.js (1)
[21503:21503:0526/170953.912739:INFO:CONSOLE:1] "[DONE] This is current Concert Details.##############################", source: https://test.highloka.com/_next/static/chunks/pages/concerts/%5Bslug%5D/arena-1595f5991389ce40.js (1)
[21503:21503:0526/170953.912823:INFO:CONSOLE:1] "slugggg may-ondemand undefined", source: https://test.highloka.com/_next/static/chunks/pages/concerts/%5Bslug%5D/arena-1595f5991389ce40.js (1)
[21503:21503:0526/170953.913166:INFO:CONSOLE:1] "This is the Complete Event Details Fetch Status", source: https://test.highloka.com/_next/static/chunks/pages/concerts/%5Bslug%5D/arena-1595f5991389ce40.js (1)
[21503:21503:0526/170953.913209:INFO:CONSOLE:1] "fetching_in-progress", source: https://test.highloka.com/_next/static/chunks/pages/concerts/%5Bslug%5D/arena-1595f5991389ce40.js (1)
[21503:21503:0526/170953.913239:INFO:CONSOLE:1] "null", source: https://test.highloka.com/_next/static/chunks/pages/concerts/%5Bslug%5D/arena-1595f5991389ce40.js (1)
[21503:21503:0526/170953.913268:INFO:CONSOLE:1] "Setting page load status to in_progress", source: https://test.highloka.com/_next/static/chunks/pages/concerts/%5Bslug%5D/arena-1595f5991389ce40.js (1)
[21503:21503:0526/170953.913642:INFO:CONSOLE:1] "slugggg may-ondemand undefined", source: https://test.highloka.com/_next/static/chunks/pages/concerts/%5Bslug%5D/arena-1595f5991389ce40.js (1)
[21503:21503:0526/170953.913905:INFO:CONSOLE:1] "in_progress", source: https://test.highloka.com/_next/static/chunks/pages/concerts/%5Bslug%5D/arena-1595f5991389ce40.js (1)
[21503:21503:0526/170953.913933:INFO:CONSOLE:1] "[object Object]", source: https://test.highloka.com/_next/static/chunks/pages/concerts/%5Bslug%5D/arena-1595f5991389ce40.js (1)
[21503:21503:0526/170953.913991:INFO:CONSOLE:1] "As per Page Load Status, data not ready yet.. Hence returning", source: https://test.highloka.com/_next/static/chunks/pages/concerts/%5Bslug%5D/arena-1595f5991389ce40.js (1)
[21503:21503:0526/170953.914019:INFO:CONSOLE:1] "This is current Concert Details.##############################", source: https://test.highloka.com/_next/static/chunks/pages/concerts/%5Bslug%5D/arena-1595f5991389ce40.js (1)
[21503:21503:0526/170953.914040:INFO:CONSOLE:1] "null", source: https://test.highloka.com/_next/static/chunks/pages/concerts/%5Bslug%5D/arena-1595f5991389ce40.js (1)
[21503:21503:0526/170953.914066:INFO:CONSOLE:1] "in_progress", source: https://test.highloka.com/_next/static/chunks/pages/concerts/%5Bslug%5D/arena-1595f5991389ce40.js (1)
[21503:21503:0526/170953.914093:INFO:CONSOLE:1] "false", source: https://test.highloka.com/_next/static/chunks/pages/concerts/%5Bslug%5D/arena-1595f5991389ce40.js (1)
[21503:21503:0526/170953.914115:INFO:CONSOLE:1] "[DONE] This is current Concert Details.##############################", source: https://test.highloka.com/_next/static/chunks/pages/concerts/%5Bslug%5D/arena-1595f5991389ce40.js (1)
[21503:21503:0526/170954.322895:INFO:CONSOLE:67] "[object Object]", source: https://test.highloka.com/_next/static/chunks/pages/_app-4e0a347dc425d5bf.js (67)
[21503:21503:0526/170954.323006:INFO:CONSOLE:67] "object", source: https://test.highloka.com/_next/static/chunks/pages/_app-4e0a347dc425d5bf.js (67)
[21503:21503:0526/170954.323209:INFO:CONSOLE:79] "%c action %cREFRESH_LOGIN_DATA_FROM_BACKEND %c@ 17:09:54.323 color: gray; font-weight: lighter; color: inherit; color: gray; font-weight: lighter;", source: https://test.highloka.com/_next/static/chunks/pages/_app-4e0a347dc425d5bf.js (79)
[21503:21503:0526/170954.323292:INFO:CONSOLE:79] "%c prev state color: #9E9E9E; font-weight: bold [object Object]", source: https://test.highloka.com/_next/static/chunks/pages/_app-4e0a347dc425d5bf.js (79)
[21503:21503:0526/170954.323445:INFO:CONSOLE:79] "%c action     color: #03A9F4; font-weight: bold [object Object]", source: https://test.highloka.com/_next/static/chunks/pages/_app-4e0a347dc425d5bf.js (79)
[21503:21503:0526/170954.323572:INFO:CONSOLE:79] "%c next state color: #4CAF50; font-weight: bold [object Object]", source: https://test.highloka.com/_next/static/chunks/pages/_app-4e0a347dc425d5bf.js (79)
[21503:21503:0526/170954.323696:INFO:CONSOLE:79] "console.groupEnd", source: https://test.highloka.com/_next/static/chunks/pages/_app-4e0a347dc425d5bf.js (79)
[21503:21503:0526/170954.324088:INFO:CONSOLE:79] "%c action %cSET_COMPLETE_EVENT_DETAILS %c@ 17:09:54.323 color: gray; font-weight: lighter; color: inherit; color: gray; font-weight: lighter;", source: https://test.highloka.com/_next/static/chunks/pages/_app-4e0a347dc425d5bf.js (79)
[21503:21503:0526/170954.324292:INFO:CONSOLE:79] "%c prev state color: #9E9E9E; font-weight: bold [object Object]", source: https://test.highloka.com/_next/static/chunks/pages/_app-4e0a347dc425d5bf.js (79)
[21503:21503:0526/170954.324652:INFO:CONSOLE:79] "%c action     color: #03A9F4; font-weight: bold [object Object]", source: https://test.highloka.com/_next/static/chunks/pages/_app-4e0a347dc425d5bf.js (79)
[21503:21503:0526/170954.325527:INFO:CONSOLE:79] "%c next state color: #4CAF50; font-weight: bold [object Object]", source: https://test.highloka.com/_next/static/chunks/pages/_app-4e0a347dc425d5bf.js (79)
[21503:21503:0526/170954.325829:INFO:CONSOLE:79] "console.groupEnd", source: https://test.highloka.com/_next/static/chunks/pages/_app-4e0a347dc425d5bf.js (79)
[21503:21503:0526/170954.326654:INFO:CONSOLE:79] "%c action %cGET_COMPLETE_EVENT_DETAILS_SUCCESS %c@ 17:09:54.325 color: gray; font-weight: lighter; color: inherit; color: gray; font-weight: lighter;", source: https://test.highloka.com/_next/static/chunks/pages/_app-4e0a347dc425d5bf.js (79)
[21503:21503:0526/170954.327771:INFO:CONSOLE:79] "%c prev state color: #9E9E9E; font-weight: bold [object Object]", source: https://test.highloka.com/_next/static/chunks/pages/_app-4e0a347dc425d5bf.js (79)
[21503:21503:0526/170954.328142:INFO:CONSOLE:79] "%c action     color: #03A9F4; font-weight: bold [object Object]", source: https://test.highloka.com/_next/static/chunks/pages/_app-4e0a347dc425d5bf.js (79)
[21503:21503:0526/170954.328425:INFO:CONSOLE:79] "%c next state color: #4CAF50; font-weight: bold [object Object]", source: https://test.highloka.com/_next/static/chunks/pages/_app-4e0a347dc425d5bf.js (79)
[21503:21503:0526/170954.328657:INFO:CONSOLE:79] "console.groupEnd", source: https://test.highloka.com/_next/static/chunks/pages/_app-4e0a347dc425d5bf.js (79)
[21503:21503:0526/170954.328887:INFO:CONSOLE:67] "sagasagasagasagasagasagasagasagasagasagasaga", source: https://test.highloka.com/_next/static/chunks/pages/_app-4e0a347dc425d5bf.js (67)
[21503:21503:0526/170954.328967:INFO:CONSOLE:1] "slugggg may-ondemand undefined", source: https://test.highloka.com/_next/static/chunks/pages/concerts/%5Bslug%5D/arena-1595f5991389ce40.js (1)
[21503:21503:0526/170954.329834:INFO:CONSOLE:1] "This is the Complete Event Details Fetch Status", source: https://test.highloka.com/_next/static/chunks/pages/concerts/%5Bslug%5D/arena-1595f5991389ce40.js (1)
[21503:21503:0526/170954.329985:INFO:CONSOLE:1] "fetched", source: https://test.highloka.com/_next/static/chunks/pages/concerts/%5Bslug%5D/arena-1595f5991389ce40.js (1)
[21503:21503:0526/170954.330116:INFO:CONSOLE:1] "in_progress", source: https://test.highloka.com/_next/static/chunks/pages/concerts/%5Bslug%5D/arena-1595f5991389ce40.js (1)
[21503:21503:0526/170954.330245:INFO:CONSOLE:1] "Finally, setting page load status to successfull.", source: https://test.highloka.com/_next/static/chunks/pages/concerts/%5Bslug%5D/arena-1595f5991389ce40.js (1)
[21503:21503:0526/170954.330426:INFO:CONSOLE:1] "in_progress", source: https://test.highloka.com/_next/static/chunks/pages/concerts/%5Bslug%5D/arena-1595f5991389ce40.js (1)
[21503:21503:0526/170954.330584:INFO:CONSOLE:1] "[object Object]", source: https://test.highloka.com/_next/static/chunks/pages/concerts/%5Bslug%5D/arena-1595f5991389ce40.js (1)
[21503:21503:0526/170954.330937:INFO:CONSOLE:1] "As per Page Load Status, data not ready yet.. Hence returning", source: https://test.highloka.com/_next/static/chunks/pages/concerts/%5Bslug%5D/arena-1595f5991389ce40.js (1)
[21503:21503:0526/170954.332275:INFO:CONSOLE:1] "slugggg may-ondemand undefined", source: https://test.highloka.com/_next/static/chunks/pages/concerts/%5Bslug%5D/arena-1595f5991389ce40.js (1)
[21503:21503:0526/170954.333527:INFO:CONSOLE:1] "successful", source: https://test.highloka.com/_next/static/chunks/pages/concerts/%5Bslug%5D/arena-1595f5991389ce40.js (1)
[21503:21503:0526/170954.333734:INFO:CONSOLE:1] "[object Object]", source: https://test.highloka.com/_next/static/chunks/pages/concerts/%5Bslug%5D/arena-1595f5991389ce40.js (1)
[21503:21503:0526/170954.334065:INFO:CONSOLE:1] "Moving Onnnn", source: https://test.highloka.com/_next/static/chunks/pages/concerts/%5Bslug%5D/arena-1595f5991389ce40.js (1)
[21503:21503:0526/170954.336197:INFO:CONSOLE:1] "Moving Onnnn", source: https://test.highloka.com/_next/static/chunks/pages/concerts/%5Bslug%5D/arena-1595f5991389ce40.js (1)
[21503:21503:0526/170954.336391:INFO:CONSOLE:1] "[object Object]", source: https://test.highloka.com/_next/static/chunks/pages/concerts/%5Bslug%5D/arena-1595f5991389ce40.js (1)
[21503:21503:0526/170954.340291:INFO:CONSOLE:1] "Dispatching Fetching Not Initiated", source: https://test.highloka.com/_next/static/chunks/pages/concerts/%5Bslug%5D/arena-1595f5991389ce40.js (1)
[21503:21503:0526/170954.342634:INFO:CONSOLE:79] "%c action %cSET_COMPLETE_EVENT_DETAILS_FETCH_STATUS %c@ 17:09:54.335 color: gray; font-weight: lighter; color: inherit; color: gray; font-weight: lighter;", source: https://test.highloka.com/_next/static/chunks/pages/_app-4e0a347dc425d5bf.js (79)
[21503:21503:0526/170954.343601:INFO:CONSOLE:79] "%c prev state color: #9E9E9E; font-weight: bold [object Object]", source: https://test.highloka.com/_next/static/chunks/pages/_app-4e0a347dc425d5bf.js (79)
[21503:21503:0526/170954.344147:INFO:CONSOLE:79] "%c action     color: #03A9F4; font-weight: bold [object Object]", source: https://test.highloka.com/_next/static/chunks/pages/_app-4e0a347dc425d5bf.js (79)
[21503:21503:0526/170954.344418:INFO:CONSOLE:79] "%c next state color: #4CAF50; font-weight: bold [object Object]", source: https://test.highloka.com/_next/static/chunks/pages/_app-4e0a347dc425d5bf.js (79)
[21503:21503:0526/170954.344565:INFO:CONSOLE:79] "console.groupEnd", source: https://test.highloka.com/_next/static/chunks/pages/_app-4e0a347dc425d5bf.js (79)
[21503:21503:0526/170954.344697:INFO:CONSOLE:1] "This is current Concert Details.##############################", source: https://test.highloka.com/_next/static/chunks/pages/concerts/%5Bslug%5D/arena-1595f5991389ce40.js (1)
[21503:21503:0526/170954.344963:INFO:CONSOLE:1] "null", source: https://test.highloka.com/_next/static/chunks/pages/concerts/%5Bslug%5D/arena-1595f5991389ce40.js (1)
[21503:21503:0526/170954.345113:INFO:CONSOLE:1] "successful", source: https://test.highloka.com/_next/static/chunks/pages/concerts/%5Bslug%5D/arena-1595f5991389ce40.js (1)
[21503:21503:0526/170954.345225:INFO:CONSOLE:1] "false", source: https://test.highloka.com/_next/static/chunks/pages/concerts/%5Bslug%5D/arena-1595f5991389ce40.js (1)
[21503:21503:0526/170954.345332:INFO:CONSOLE:1] "[DONE] This is current Concert Details.##############################", source: https://test.highloka.com/_next/static/chunks/pages/concerts/%5Bslug%5D/arena-1595f5991389ce40.js (1)
[21503:21503:0526/170954.345431:INFO:CONSOLE:1] "slugggg may-ondemand undefined", source: https://test.highloka.com/_next/static/chunks/pages/concerts/%5Bslug%5D/arena-1595f5991389ce40.js (1)
[21503:21503:0526/170954.345665:INFO:CONSOLE:1] "This is the Complete Event Details Fetch Status", source: https://test.highloka.com/_next/static/chunks/pages/concerts/%5Bslug%5D/arena-1595f5991389ce40.js (1)
[21503:21503:0526/170954.346460:INFO:CONSOLE:1] "fetching_not_initiated", source: https://test.highloka.com/_next/static/chunks/pages/concerts/%5Bslug%5D/arena-1595f5991389ce40.js (1)
[21503:21503:0526/170954.347493:INFO:CONSOLE:1] "successful", source: https://test.highloka.com/_next/static/chunks/pages/concerts/%5Bslug%5D/arena-1595f5991389ce40.js (1)
[21503:21503:0526/170954.347606:INFO:CONSOLE:1] "Page already loaded", source: https://test.highloka.com/_next/static/chunks/pages/concerts/%5Bslug%5D/arena-1595f5991389ce40.js (1)
[21503:21503:0526/170954.347668:INFO:CONSOLE:1] "slugggg may-ondemand undefined", source: https://test.highloka.com/_next/static/chunks/pages/concerts/%5Bslug%5D/arena-1595f5991389ce40.js (1)
[21503:21503:0526/170954.347726:INFO:CONSOLE:1] "This is current Concert Details.##############################", source: https://test.highloka.com/_next/static/chunks/pages/concerts/%5Bslug%5D/arena-1595f5991389ce40.js (1)
[21503:21503:0526/170954.347783:INFO:CONSOLE:1] "[object Object]", source: https://test.highloka.com/_next/static/chunks/pages/concerts/%5Bslug%5D/arena-1595f5991389ce40.js (1)
[21503:21503:0526/170954.347838:INFO:CONSOLE:1] "successful", source: https://test.highloka.com/_next/static/chunks/pages/concerts/%5Bslug%5D/arena-1595f5991389ce40.js (1)
[21503:21503:0526/170954.347940:INFO:CONSOLE:1] "false", source: https://test.highloka.com/_next/static/chunks/pages/concerts/%5Bslug%5D/arena-1595f5991389ce40.js (1)
[21503:21503:0526/170954.347996:INFO:CONSOLE:1] "Yup there is current concert details.", source: https://test.highloka.com/_next/static/chunks/pages/concerts/%5Bslug%5D/arena-1595f5991389ce40.js (1)
[21503:21503:0526/170954.348053:INFO:CONSOLE:1] "[object Object]", source: https://test.highloka.com/_next/static/chunks/pages/concerts/%5Bslug%5D/arena-1595f5991389ce40.js (1)
[21503:21503:0526/170954.348108:INFO:CONSOLE:1] "########################ES USER HERE#################", source: https://test.highloka.com/_next/static/chunks/pages/concerts/%5Bslug%5D/arena-1595f5991389ce40.js (1)
[21503:21503:0526/170954.348164:INFO:CONSOLE:1] "[object Object]", source: https://test.highloka.com/_next/static/chunks/pages/concerts/%5Bslug%5D/arena-1595f5991389ce40.js (1)
[21503:21503:0526/170954.348239:INFO:CONSOLE:1] "[DONE] This is current Concert Details.##############################", source: https://test.highloka.com/_next/static/chunks/pages/concerts/%5Bslug%5D/arena-1595f5991389ce40.js (1)
[21503:21503:0526/170954.348297:INFO:CONSOLE:1] "slugggg may-ondemand undefined", source: https://test.highloka.com/_next/static/chunks/pages/concerts/%5Bslug%5D/arena-1595f5991389ce40.js (1)
[21503:21503:0526/170954.348430:INFO:CONSOLE:1] "selectJwVideoPlayerPlayState stop", source: https://test.highloka.com/_next/static/chunks/pages/concerts/%5Bslug%5D/arena-1595f5991389ce40.js (1)
[21503:21503:0526/170954.348889:INFO:CONSOLE:1] "selectJwVideoPlayerPlayState backendStreamState not_started", source: https://test.highloka.com/_next/static/chunks/pages/concerts/%5Bslug%5D/arena-1595f5991389ce40.js (1)
[21503:21503:0526/170954.349091:INFO:CONSOLE:1] "selectAudienceExpressionBaseData null", source: https://test.highloka.com/_next/static/chunks/pages/concerts/%5Bslug%5D/arena-1595f5991389ce40.js (1)
[21503:21503:0526/170954.349607:INFO:CONSOLE:1] "if responsive isdesktop [object Window]", source: https://test.highloka.com/_next/static/chunks/pages/concerts/%5Bslug%5D/arena-1595f5991389ce40.js (1)
[21503:21503:0526/170954.356443:INFO:CONSOLE:1] "receivedAudienceUserStrip null", source: https://test.highloka.com/_next/static/chunks/pages/concerts/%5Bslug%5D/arena-1595f5991389ce40.js (1)
[21503:21503:0526/170954.357777:INFO:CONSOLE:1] "Props=>[object Object]", source: https://test.highloka.com/_next/static/chunks/pages/concerts/%5Bslug%5D/arena-1595f5991389ce40.js (1)
[21503:21503:0526/170954.358103:INFO:CONSOLE:1] "^^^^^^^^^^^^^^^^^^^^^^^^^^^^^^^^^^^^^^^^^^^^^ mobileResponsive undefined", source: https://test.highloka.com/_next/static/chunks/pages/concerts/%5Bslug%5D/arena-1595f5991389ce40.js (1)
[21503:21503:0526/170954.358929:INFO:CONSOLE:1] "Props=>[object Object]", source: https://test.highloka.com/_next/static/chunks/pages/concerts/%5Bslug%5D/arena-1595f5991389ce40.js (1)
[21503:21503:0526/170954.359560:INFO:CONSOLE:1] "Printing Reaction Data List mobileResponsive. undefined", source: https://test.highloka.com/_next/static/chunks/pages/concerts/%5Bslug%5D/arena-1595f5991389ce40.js (1)
[21503:21503:0526/170954.359577:INFO:CONSOLE:1] "ReactionDataList [object Object],[object Object],[object Object],[object Object],[object Object],[object Object]", source: https://test.highloka.com/_next/static/chunks/pages/concerts/%5Bslug%5D/arena-1595f5991389ce40.js (1)
[21503:21503:0526/170954.365495:INFO:CONSOLE:1] "pageObject [object Object]", source: https://test.highloka.com/_next/static/chunks/794-7aa005332a3078f7.js (1)
[21503:21503:0526/170954.365546:INFO:CONSOLE:1] "pageObject arenaPage", source: https://test.highloka.com/_next/static/chunks/794-7aa005332a3078f7.js (1)
[21503:21503:0526/170954.365579:INFO:CONSOLE:1] "Setting Scroll scrollTrackingEl null", source: https://test.highloka.com/_next/static/chunks/794-7aa005332a3078f7.js (1)
[21503:21503:0526/170954.365618:INFO:CONSOLE:1] "scrollTrackingEl [object Window]", source: https://test.highloka.com/_next/static/chunks/794-7aa005332a3078f7.js (1)
[21503:21503:0526/170954.369742:INFO:CONSOLE:1] "userLoginState showLogin false otpConfirmedSuccessfully [object Object] [object Object]", source: https://test.highloka.com/_next/static/chunks/794-7aa005332a3078f7.js (1)
[21503:21503:0526/170954.370011:INFO:CONSOLE:1] "Running INitialization", source: https://test.highloka.com/_next/static/chunks/pages/concerts/%5Bslug%5D/arena-1595f5991389ce40.js (1)
[21503:21503:0526/170954.370543:INFO:CONSOLE:1] "Reached needed cubes", source: https://test.highloka.com/_next/static/chunks/739-a894a9e307ef68ff.js (1)
[21503:21503:0526/170954.370609:INFO:CONSOLE:1] "Building cube set", source: https://test.highloka.com/_next/static/chunks/739-a894a9e307ef68ff.js (1)
[21503:21503:0526/170954.370652:INFO:CONSOLE:1] "Cubeset built.", source: https://test.highloka.com/_next/static/chunks/739-a894a9e307ef68ff.js (1)
[21503:21503:0526/170954.370688:INFO:CONSOLE:1] "Final CubeSet is now set. Going for trigger change.", source: https://test.highloka.com/_next/static/chunks/739-a894a9e307ef68ff.js (1)
[21503:21503:0526/170954.370767:INFO:CONSOLE:1] "Setting up the cubes and their color glows. Cube Count: 0", source: https://test.highloka.com/_next/static/chunks/739-a894a9e307ef68ff.js (1)
[21503:21503:0526/170954.371349:INFO:CONSOLE:1] "Trying to render cubeset.", source: https://test.highloka.com/_next/static/chunks/739-a894a9e307ef68ff.js (1)
[21503:21503:0526/170954.371735:INFO:CONSOLE:79] "%c action %cSET_AUDIENCE_EXPRESSION_BASE_DATA %c@ 17:09:54.371 color: gray; font-weight: lighter; color: inherit; color: gray; font-weight: lighter;", source: https://test.highloka.com/_next/static/chunks/pages/_app-4e0a347dc425d5bf.js (79)
[21503:21503:0526/170954.371807:INFO:CONSOLE:79] "%c prev state color: #9E9E9E; font-weight: bold [object Object]", source: https://test.highloka.com/_next/static/chunks/pages/_app-4e0a347dc425d5bf.js (79)
[21503:21503:0526/170954.371927:INFO:CONSOLE:79] "%c action     color: #03A9F4; font-weight: bold [object Object]", source: https://test.highloka.com/_next/static/chunks/pages/_app-4e0a347dc425d5bf.js (79)
[21503:21503:0526/170954.372012:INFO:CONSOLE:79] "%c next state color: #4CAF50; font-weight: bold [object Object]", source: https://test.highloka.com/_next/static/chunks/pages/_app-4e0a347dc425d5bf.js (79)
[21503:21503:0526/170954.372079:INFO:CONSOLE:79] "console.groupEnd", source: https://test.highloka.com/_next/static/chunks/pages/_app-4e0a347dc425d5bf.js (79)
[21503:21503:0526/170954.372336:INFO:CONSOLE:1] "initialLoadStatus ==> false", source: https://test.highloka.com/_next/static/chunks/pages/concerts/%5Bslug%5D/arena-1595f5991389ce40.js (1)
[21503:21503:0526/170954.372490:INFO:CONSOLE:79] "%c action %cLOAD_CONCERT_PAGE %c@ 17:09:54.372 color: gray; font-weight: lighter; color: inherit; color: gray; font-weight: lighter;", source: https://test.highloka.com/_next/static/chunks/pages/_app-4e0a347dc425d5bf.js (79)
[21503:21503:0526/170954.372535:INFO:CONSOLE:79] "%c prev state color: #9E9E9E; font-weight: bold [object Object]", source: https://test.highloka.com/_next/static/chunks/pages/_app-4e0a347dc425d5bf.js (79)
[21503:21503:0526/170954.372613:INFO:CONSOLE:79] "%c action     color: #03A9F4; font-weight: bold [object Object]", source: https://test.highloka.com/_next/static/chunks/pages/_app-4e0a347dc425d5bf.js (79)
[21503:21503:0526/170954.372690:INFO:CONSOLE:79] "%c next state color: #4CAF50; font-weight: bold [object Object]", source: https://test.highloka.com/_next/static/chunks/pages/_app-4e0a347dc425d5bf.js (79)
[21503:21503:0526/170954.372761:INFO:CONSOLE:79] "console.groupEnd", source: https://test.highloka.com/_next/static/chunks/pages/_app-4e0a347dc425d5bf.js (79)
[21503:21503:0526/170954.373036:INFO:CONSOLE:79] "%c action %cLOAD_CHAT_APP_START %c@ 17:09:54.372 color: gray; font-weight: lighter; color: inherit; color: gray; font-weight: lighter;", source: https://test.highloka.com/_next/static/chunks/pages/_app-4e0a347dc425d5bf.js (79)
[21503:21503:0526/170954.373086:INFO:CONSOLE:79] "%c prev state color: #9E9E9E; font-weight: bold [object Object]", source: https://test.highloka.com/_next/static/chunks/pages/_app-4e0a347dc425d5bf.js (79)
[21503:21503:0526/170954.373170:INFO:CONSOLE:79] "%c action     color: #03A9F4; font-weight: bold [object Object]", source: https://test.highloka.com/_next/static/chunks/pages/_app-4e0a347dc425d5bf.js (79)
[21503:21503:0526/170954.373268:INFO:CONSOLE:79] "%c next state color: #4CAF50; font-weight: bold [object Object]", source: https://test.highloka.com/_next/static/chunks/pages/_app-4e0a347dc425d5bf.js (79)
[21503:21503:0526/170954.373354:INFO:CONSOLE:79] "console.groupEnd", source: https://test.highloka.com/_next/static/chunks/pages/_app-4e0a347dc425d5bf.js (79)
[21503:21503:0526/170954.374543:INFO:CONSOLE:67] "loading App Started", source: https://test.highloka.com/_next/static/chunks/pages/_app-4e0a347dc425d5bf.js (67)
[21503:21503:0526/170954.375768:INFO:CONSOLE:67] "[object Object]", source: https://test.highloka.com/_next/static/chunks/pages/_app-4e0a347dc425d5bf.js (67)
[21503:21503:0526/170954.375839:INFO:CONSOLE:67] "[object Object]", source: https://test.highloka.com/_next/static/chunks/pages/_app-4e0a347dc425d5bf.js (67)
[21503:21503:0526/170954.375858:INFO:CONSOLE:67] "[object Object]", source: https://test.highloka.com/_next/static/chunks/pages/_app-4e0a347dc425d5bf.js (67)
[21503:21503:0526/170954.375875:INFO:CONSOLE:79] "%c action %cGET_SET_CONVERSATION_START %c@ 17:09:54.375 color: gray; font-weight: lighter; color: inherit; color: gray; font-weight: lighter;", source: https://test.highloka.com/_next/static/chunks/pages/_app-4e0a347dc425d5bf.js (79)
[21503:21503:0526/170954.375896:INFO:CONSOLE:79] "%c prev state color: #9E9E9E; font-weight: bold [object Object]", source: https://test.highloka.com/_next/static/chunks/pages/_app-4e0a347dc425d5bf.js (79)
[21503:21503:0526/170954.376755:INFO:CONSOLE:79] "%c action     color: #03A9F4; font-weight: bold [object Object]", source: https://test.highloka.com/_next/static/chunks/pages/_app-4e0a347dc425d5bf.js (79)
[21503:21503:0526/170954.376822:INFO:CONSOLE:79] "%c next state color: #4CAF50; font-weight: bold [object Object]", source: https://test.highloka.com/_next/static/chunks/pages/_app-4e0a347dc425d5bf.js (79)
[21503:21503:0526/170954.376842:INFO:CONSOLE:79] "console.groupEnd", source: https://test.highloka.com/_next/static/chunks/pages/_app-4e0a347dc425d5bf.js (79)
[21503:21503:0526/170954.376862:INFO:CONSOLE:67] "d8f8444c-263d-4d48-8cc6-b8bbf890838f", source: https://test.highloka.com/_next/static/chunks/pages/_app-4e0a347dc425d5bf.js (67)
[21503:21503:0526/170954.378980:INFO:CONSOLE:79] "%c action %cSET_APP_LOADING_SUCESS %c@ 17:09:54.378 color: gray; font-weight: lighter; color: inherit; color: gray; font-weight: lighter;", source: https://test.highloka.com/_next/static/chunks/pages/_app-4e0a347dc425d5bf.js (79)
[21503:21503:0526/170954.379134:INFO:CONSOLE:79] "%c prev state color: #9E9E9E; font-weight: bold [object Object]", source: https://test.highloka.com/_next/static/chunks/pages/_app-4e0a347dc425d5bf.js (79)
[21503:21503:0526/170954.379193:INFO:CONSOLE:79] "%c action     color: #03A9F4; font-weight: bold [object Object]", source: https://test.highloka.com/_next/static/chunks/pages/_app-4e0a347dc425d5bf.js (79)
[21503:21503:0526/170954.379220:INFO:CONSOLE:79] "%c next state color: #4CAF50; font-weight: bold [object Object]", source: https://test.highloka.com/_next/static/chunks/pages/_app-4e0a347dc425d5bf.js (79)
[21503:21503:0526/170954.379249:INFO:CONSOLE:79] "console.groupEnd", source: https://test.highloka.com/_next/static/chunks/pages/_app-4e0a347dc425d5bf.js (79)
[21503:21503:0526/170954.379653:INFO:CONSOLE:1] "selectJwVideoPlayerPlayState stop", source: https://test.highloka.com/_next/static/chunks/pages/concerts/%5Bslug%5D/arena-1595f5991389ce40.js (1)
[21503:21503:0526/170954.379704:INFO:CONSOLE:1] "selectJwVideoPlayerPlayState backendStreamState not_started", source: https://test.highloka.com/_next/static/chunks/pages/concerts/%5Bslug%5D/arena-1595f5991389ce40.js (1)
[21503:21503:0526/170954.379768:INFO:CONSOLE:1] "selectAudienceExpressionBaseData null", source: https://test.highloka.com/_next/static/chunks/pages/concerts/%5Bslug%5D/arena-1595f5991389ce40.js (1)
[21503:21503:0526/170954.379812:INFO:CONSOLE:1] "if responsive isdesktop [object Window]", source: https://test.highloka.com/_next/static/chunks/pages/concerts/%5Bslug%5D/arena-1595f5991389ce40.js (1)
[21503:21503:0526/170954.380789:INFO:CONSOLE:1] "Printing Reaction Data List mobileResponsive. undefined", source: https://test.highloka.com/_next/static/chunks/pages/concerts/%5Bslug%5D/arena-1595f5991389ce40.js (1)
[21503:21503:0526/170954.380945:INFO:CONSOLE:1] "ReactionDataList [object Object],[object Object],[object Object],[object Object],[object Object],[object Object]", source: https://test.highloka.com/_next/static/chunks/pages/concerts/%5Bslug%5D/arena-1595f5991389ce40.js (1)
[21503:21503:0526/170954.431536:INFO:CONSOLE:1] "selectJwVideoPlayerPlayState stop", source: https://test.highloka.com/_next/static/chunks/pages/concerts/%5Bslug%5D/arena-1595f5991389ce40.js (1)
[21503:21503:0526/170954.431619:INFO:CONSOLE:1] "selectJwVideoPlayerPlayState backendStreamState not_started", source: https://test.highloka.com/_next/static/chunks/pages/concerts/%5Bslug%5D/arena-1595f5991389ce40.js (1)
[21503:21503:0526/170954.431705:INFO:CONSOLE:1] "selectAudienceExpressionBaseData null", source: https://test.highloka.com/_next/static/chunks/pages/concerts/%5Bslug%5D/arena-1595f5991389ce40.js (1)
[21503:21503:0526/170954.431833:INFO:CONSOLE:1] "if responsive isdesktop [object Window]", source: https://test.highloka.com/_next/static/chunks/pages/concerts/%5Bslug%5D/arena-1595f5991389ce40.js (1)
[21503:21503:0526/170954.436827:INFO:CONSOLE:1] "receivedAudienceUserStrip null", source: https://test.highloka.com/_next/static/chunks/pages/concerts/%5Bslug%5D/arena-1595f5991389ce40.js (1)
[21503:21503:0526/170954.436922:INFO:CONSOLE:1] "this.props [object Object]", source: https://test.highloka.com/_next/static/chunks/pages/concerts/%5Bslug%5D/arena-1595f5991389ce40.js (1)
[21503:21503:0526/170954.437816:INFO:CONSOLE:1] "^^^^^^^^^^^^^^^^^^^^^^^^^^^^^^^^^^^^^^^^^^^^^ mobileResponsive undefined", source: https://test.highloka.com/_next/static/chunks/pages/concerts/%5Bslug%5D/arena-1595f5991389ce40.js (1)
[21503:21503:0526/170954.437912:INFO:CONSOLE:1] "Printing Reaction Data List mobileResponsive. undefined", source: https://test.highloka.com/_next/static/chunks/pages/concerts/%5Bslug%5D/arena-1595f5991389ce40.js (1)
[21503:21503:0526/170954.437934:INFO:CONSOLE:1] "ReactionDataList [object Object],[object Object],[object Object],[object Object],[object Object],[object Object]", source: https://test.highloka.com/_next/static/chunks/pages/concerts/%5Bslug%5D/arena-1595f5991389ce40.js (1)
[21503:21503:0526/170954.441664:INFO:CONSOLE:1] "pageObject [object Object]", source: https://test.highloka.com/_next/static/chunks/794-7aa005332a3078f7.js (1)
[21503:21503:0526/170954.441726:INFO:CONSOLE:1] "pageObject arenaPage", source: https://test.highloka.com/_next/static/chunks/794-7aa005332a3078f7.js (1)
[21503:21503:0526/170954.442493:INFO:CONSOLE:1] "Setting up the cubes and their color glows. Cube Count: 0", source: https://test.highloka.com/_next/static/chunks/739-a894a9e307ef68ff.js (1)
[21503:21503:0526/170954.442535:INFO:CONSOLE:1] "Trying to render cubeset.", source: https://test.highloka.com/_next/static/chunks/739-a894a9e307ef68ff.js (1)
[21503:21503:0526/170954.442573:INFO:CONSOLE:1] "Rendering Canvas", source: https://test.highloka.com/_next/static/chunks/739-a894a9e307ef68ff.js (1)
[21503:21503:0526/170954.442709:INFO:CONSOLE:1] "initialLoadStatus ==> true", source: https://test.highloka.com/_next/static/chunks/pages/concerts/%5Bslug%5D/arena-1595f5991389ce40.js (1)
[21503:21503:0526/170954.526574:INFO:CONSOLE:79] "%c action %cSET_JW_VIDEO_PLAYER_ID %c@ 17:09:54.525 color: gray; font-weight: lighter; color: inherit; color: gray; font-weight: lighter;", source: https://test.highloka.com/_next/static/chunks/pages/_app-4e0a347dc425d5bf.js (79)
[21503:21503:0526/170954.526620:INFO:CONSOLE:79] "%c prev state color: #9E9E9E; font-weight: bold [object Object]", source: https://test.highloka.com/_next/static/chunks/pages/_app-4e0a347dc425d5bf.js (79)
[21503:21503:0526/170954.526694:INFO:CONSOLE:79] "%c action     color: #03A9F4; font-weight: bold [object Object]", source: https://test.highloka.com/_next/static/chunks/pages/_app-4e0a347dc425d5bf.js (79)
[21503:21503:0526/170954.526757:INFO:CONSOLE:79] "%c next state color: #4CAF50; font-weight: bold [object Object]", source: https://test.highloka.com/_next/static/chunks/pages/_app-4e0a347dc425d5bf.js (79)
[21503:21503:0526/170954.526810:INFO:CONSOLE:79] "console.groupEnd", source: https://test.highloka.com/_next/static/chunks/pages/_app-4e0a347dc425d5bf.js (79)
[21503:21503:0526/170954.527044:INFO:CONSOLE:79] "%c action %cSET_JW_VIDEO_PLAYER_CLASS %c@ 17:09:54.526 color: gray; font-weight: lighter; color: inherit; color: gray; font-weight: lighter;", source: https://test.highloka.com/_next/static/chunks/pages/_app-4e0a347dc425d5bf.js (79)
[21503:21503:0526/170954.527079:INFO:CONSOLE:79] "%c prev state color: #9E9E9E; font-weight: bold [object Object]", source: https://test.highloka.com/_next/static/chunks/pages/_app-4e0a347dc425d5bf.js (79)
[21503:21503:0526/170954.527167:INFO:CONSOLE:79] "%c action     color: #03A9F4; font-weight: bold [object Object]", source: https://test.highloka.com/_next/static/chunks/pages/_app-4e0a347dc425d5bf.js (79)
[21503:21503:0526/170954.527215:INFO:CONSOLE:79] "%c next state color: #4CAF50; font-weight: bold [object Object]", source: https://test.highloka.com/_next/static/chunks/pages/_app-4e0a347dc425d5bf.js (79)
[21503:21503:0526/170954.527256:INFO:CONSOLE:79] "console.groupEnd", source: https://test.highloka.com/_next/static/chunks/pages/_app-4e0a347dc425d5bf.js (79)
[21503:21503:0526/170954.527577:INFO:CONSOLE:79] "%c action %cSET_JW_VIDEO_PLAYERVOLUME %c@ 17:09:54.527 color: gray; font-weight: lighter; color: inherit; color: gray; font-weight: lighter;", source: https://test.highloka.com/_next/static/chunks/pages/_app-4e0a347dc425d5bf.js (79)
[21503:21503:0526/170954.527666:INFO:CONSOLE:79] "%c prev state color: #9E9E9E; font-weight: bold [object Object]", source: https://test.highloka.com/_next/static/chunks/pages/_app-4e0a347dc425d5bf.js (79)
[21503:21503:0526/170954.527714:INFO:CONSOLE:79] "%c action     color: #03A9F4; font-weight: bold [object Object]", source: https://test.highloka.com/_next/static/chunks/pages/_app-4e0a347dc425d5bf.js (79)
[21503:21503:0526/170954.527787:INFO:CONSOLE:79] "%c next state color: #4CAF50; font-weight: bold [object Object]", source: https://test.highloka.com/_next/static/chunks/pages/_app-4e0a347dc425d5bf.js (79)
[21503:21503:0526/170954.527855:INFO:CONSOLE:79] "console.groupEnd", source: https://test.highloka.com/_next/static/chunks/pages/_app-4e0a347dc425d5bf.js (79)
[21503:21503:0526/170954.528018:INFO:CONSOLE:79] "%c action %cSET_JW_VIDEO_PLAYER_LOAD_STATUS %c@ 17:09:54.527 color: gray; font-weight: lighter; color: inherit; color: gray; font-weight: lighter;", source: https://test.highloka.com/_next/static/chunks/pages/_app-4e0a347dc425d5bf.js (79)
[21503:21503:0526/170954.528072:INFO:CONSOLE:79] "%c prev state color: #9E9E9E; font-weight: bold [object Object]", source: https://test.highloka.com/_next/static/chunks/pages/_app-4e0a347dc425d5bf.js (79)
[21503:21503:0526/170954.528139:INFO:CONSOLE:79] "%c action     color: #03A9F4; font-weight: bold [object Object]", source: https://test.highloka.com/_next/static/chunks/pages/_app-4e0a347dc425d5bf.js (79)
[21503:21503:0526/170954.528207:INFO:CONSOLE:79] "%c next state color: #4CAF50; font-weight: bold [object Object]", source: https://test.highloka.com/_next/static/chunks/pages/_app-4e0a347dc425d5bf.js (79)
[21503:21503:0526/170954.528278:INFO:CONSOLE:79] "console.groupEnd", source: https://test.highloka.com/_next/static/chunks/pages/_app-4e0a347dc425d5bf.js (79)
[21503:21503:0526/170954.529926:INFO:CONSOLE:1] "JW PLAYER OBJECT [object Object]", source: https://test.highloka.com/_next/static/chunks/pages/concerts/%5Bslug%5D/arena-1595f5991389ce40.js (1)
[21503:21503:0526/170954.530942:INFO:CONSOLE:1] "ReactHlsPlayerComponent this.props stop", source: https://test.highloka.com/_next/static/chunks/pages/concerts/%5Bslug%5D/arena-1595f5991389ce40.js (1)
[21503:21503:0526/170954.537300:INFO:CONSOLE:79] "%c action %cSET_JW_VIDEO_PLAYER_PLAY_STATE %c@ 17:09:54.536 color: gray; font-weight: lighter; color: inherit; color: gray; font-weight: lighter;", source: https://test.highloka.com/_next/static/chunks/pages/_app-4e0a347dc425d5bf.js (79)
[21503:21503:0526/170954.537393:INFO:CONSOLE:79] "%c prev state color: #9E9E9E; font-weight: bold [object Object]", source: https://test.highloka.com/_next/static/chunks/pages/_app-4e0a347dc425d5bf.js (79)
[21503:21503:0526/170954.537478:INFO:CONSOLE:79] "%c action     color: #03A9F4; font-weight: bold [object Object]", source: https://test.highloka.com/_next/static/chunks/pages/_app-4e0a347dc425d5bf.js (79)
[21503:21503:0526/170954.537534:INFO:CONSOLE:79] "%c next state color: #4CAF50; font-weight: bold [object Object]", source: https://test.highloka.com/_next/static/chunks/pages/_app-4e0a347dc425d5bf.js (79)
[21503:21503:0526/170954.537613:INFO:CONSOLE:79] "console.groupEnd", source: https://test.highloka.com/_next/static/chunks/pages/_app-4e0a347dc425d5bf.js (79)
[21503:21503:0526/170954.537838:INFO:CONSOLE:79] "%c action %cBACKEND_STREAM_STATE %c@ 17:09:54.537 color: gray; font-weight: lighter; color: inherit; color: gray; font-weight: lighter;", source: https://test.highloka.com/_next/static/chunks/pages/_app-4e0a347dc425d5bf.js (79)
[21503:21503:0526/170954.538261:INFO:CONSOLE:79] "%c prev state color: #9E9E9E; font-weight: bold [object Object]", source: https://test.highloka.com/_next/static/chunks/pages/_app-4e0a347dc425d5bf.js (79)
[21503:21503:0526/170954.538298:INFO:CONSOLE:79] "%c action     color: #03A9F4; font-weight: bold [object Object]", source: https://test.highloka.com/_next/static/chunks/pages/_app-4e0a347dc425d5bf.js (79)
[21503:21503:0526/170954.538315:INFO:CONSOLE:79] "%c next state color: #4CAF50; font-weight: bold [object Object]", source: https://test.highloka.com/_next/static/chunks/pages/_app-4e0a347dc425d5bf.js (79)
[21503:21503:0526/170954.538342:INFO:CONSOLE:79] "console.groupEnd", source: https://test.highloka.com/_next/static/chunks/pages/_app-4e0a347dc425d5bf.js (79)
[21503:21503:0526/170954.538358:INFO:CONSOLE:79] "%c action %cSHOW_AUTO_HIDDEN_ES_VIDEO_PLAYER_CONTROLS %c@ 17:09:54.538 color: gray; font-weight: lighter; color: inherit; color: gray; font-weight: lighter;", source: https://test.highloka.com/_next/static/chunks/pages/_app-4e0a347dc425d5bf.js (79)
[21503:21503:0526/170954.538380:INFO:CONSOLE:79] "%c prev state color: #9E9E9E; font-weight: bold [object Object]", source: https://test.highloka.com/_next/static/chunks/pages/_app-4e0a347dc425d5bf.js (79)
[21503:21503:0526/170954.538428:INFO:CONSOLE:79] "%c action     color: #03A9F4; font-weight: bold [object Object]", source: https://test.highloka.com/_next/static/chunks/pages/_app-4e0a347dc425d5bf.js (79)
[21503:21503:0526/170954.538508:INFO:CONSOLE:79] "%c next state color: #4CAF50; font-weight: bold [object Object]", source: https://test.highloka.com/_next/static/chunks/pages/_app-4e0a347dc425d5bf.js (79)
[21503:21503:0526/170954.538566:INFO:CONSOLE:79] "console.groupEnd", source: https://test.highloka.com/_next/static/chunks/pages/_app-4e0a347dc425d5bf.js (79)
[21503:21503:0526/170954.538746:INFO:CONSOLE:67] "Showing Controls. ", source: https://test.highloka.com/_next/static/chunks/pages/_app-4e0a347dc425d5bf.js (67)
[21503:21503:0526/170954.538932:INFO:CONSOLE:67] "Showing Controls. ", source: https://test.highloka.com/_next/static/chunks/pages/_app-4e0a347dc425d5bf.js (67)
[21503:21503:0526/170954.540722:INFO:CONSOLE:1] "selectJwVideoPlayerPlayState play", source: https://test.highloka.com/_next/static/chunks/pages/concerts/%5Bslug%5D/arena-1595f5991389ce40.js (1)
[21503:21503:0526/170954.540812:INFO:CONSOLE:1] "selectJwVideoPlayerPlayState backendStreamState started", source: https://test.highloka.com/_next/static/chunks/pages/concerts/%5Bslug%5D/arena-1595f5991389ce40.js (1)
[21503:21503:0526/170954.540831:INFO:CONSOLE:1] "selectAudienceExpressionBaseData null", source: https://test.highloka.com/_next/static/chunks/pages/concerts/%5Bslug%5D/arena-1595f5991389ce40.js (1)
[21503:21503:0526/170954.540848:INFO:CONSOLE:1] "if responsive isdesktop [object Window]", source: https://test.highloka.com/_next/static/chunks/pages/concerts/%5Bslug%5D/arena-1595f5991389ce40.js (1)
[21503:21503:0526/170954.542738:INFO:CONSOLE:1] "Printing Reaction Data List mobileResponsive. undefined", source: https://test.highloka.com/_next/static/chunks/pages/concerts/%5Bslug%5D/arena-1595f5991389ce40.js (1)
[21503:21503:0526/170954.542793:INFO:CONSOLE:1] "ReactionDataList [object Object],[object Object],[object Object],[object Object],[object Object],[object Object]", source: https://test.highloka.com/_next/static/chunks/pages/concerts/%5Bslug%5D/arena-1595f5991389ce40.js (1)
[21503:21503:0526/170954.548689:INFO:CONSOLE:1] "ReactHlsPlayerComponent this.props play", source: https://test.highloka.com/_next/static/chunks/pages/concerts/%5Bslug%5D/arena-1595f5991389ce40.js (1)
[21503:21503:0526/170954.587491:INFO:CONSOLE:67] "[object Object]", source: https://test.highloka.com/_next/static/chunks/pages/_app-4e0a347dc425d5bf.js (67)
[21503:21503:0526/170954.587767:INFO:CONSOLE:79] "%c action %cGET_SET_CONVERSATION_SUCCESS %c@ 17:09:54.587 color: gray; font-weight: lighter; color: inherit; color: gray; font-weight: lighter;", source: https://test.highloka.com/_next/static/chunks/pages/_app-4e0a347dc425d5bf.js (79)
[21503:21503:0526/170954.587816:INFO:CONSOLE:79] "%c prev state color: #9E9E9E; font-weight: bold [object Object]", source: https://test.highloka.com/_next/static/chunks/pages/_app-4e0a347dc425d5bf.js (79)
[21503:21503:0526/170954.587886:INFO:CONSOLE:79] "%c action     color: #03A9F4; font-weight: bold [object Object]", source: https://test.highloka.com/_next/static/chunks/pages/_app-4e0a347dc425d5bf.js (79)
[21503:21503:0526/170954.587960:INFO:CONSOLE:79] "%c next state color: #4CAF50; font-weight: bold [object Object]", source: https://test.highloka.com/_next/static/chunks/pages/_app-4e0a347dc425d5bf.js (79)
[21503:21503:0526/170954.588016:INFO:CONSOLE:79] "console.groupEnd", source: https://test.highloka.com/_next/static/chunks/pages/_app-4e0a347dc425d5bf.js (79)
[21503:21503:0526/170954.588161:INFO:CONSOLE:79] "%c action %cGET_SET_CHAT_USER_START %c@ 17:09:54.588 color: gray; font-weight: lighter; color: inherit; color: gray; font-weight: lighter;", source: https://test.highloka.com/_next/static/chunks/pages/_app-4e0a347dc425d5bf.js (79)
[21503:21503:0526/170954.588211:INFO:CONSOLE:79] "%c prev state color: #9E9E9E; font-weight: bold [object Object]", source: https://test.highloka.com/_next/static/chunks/pages/_app-4e0a347dc425d5bf.js (79)
[21503:21503:0526/170954.588268:INFO:CONSOLE:79] "%c action     color: #03A9F4; font-weight: bold [object Object]", source: https://test.highloka.com/_next/static/chunks/pages/_app-4e0a347dc425d5bf.js (79)
[21503:21503:0526/170954.588323:INFO:CONSOLE:79] "%c next state color: #4CAF50; font-weight: bold [object Object]", source: https://test.highloka.com/_next/static/chunks/pages/_app-4e0a347dc425d5bf.js (79)
[21503:21503:0526/170954.588372:INFO:CONSOLE:79] "console.groupEnd", source: https://test.highloka.com/_next/static/chunks/pages/_app-4e0a347dc425d5bf.js (79)
[21503:21503:0526/170954.588414:INFO:CONSOLE:67] "T5282", source: https://test.highloka.com/_next/static/chunks/pages/_app-4e0a347dc425d5bf.js (67)
[21503:21503:0526/170954.588443:INFO:CONSOLE:67] "Fetching User", source: https://test.highloka.com/_next/static/chunks/pages/_app-4e0a347dc425d5bf.js (67)
[21503:21503:0526/170954.717951:INFO:CONSOLE:79] "%c action %cSET_JW_VIDEO_PLAYER_PLAY_STATE %c@ 17:09:54.712 color: gray; font-weight: lighter; color: inherit; color: gray; font-weight: lighter;", source: https://test.highloka.com/_next/static/chunks/pages/_app-4e0a347dc425d5bf.js (79)
[21503:21503:0526/170954.718116:INFO:CONSOLE:79] "%c prev state color: #9E9E9E; font-weight: bold [object Object]", source: https://test.highloka.com/_next/static/chunks/pages/_app-4e0a347dc425d5bf.js (79)
[21503:21503:0526/170954.718157:INFO:CONSOLE:79] "%c action     color: #03A9F4; font-weight: bold [object Object]", source: https://test.highloka.com/_next/static/chunks/pages/_app-4e0a347dc425d5bf.js (79)
[21503:21503:0526/170954.718577:INFO:CONSOLE:79] "%c next state color: #4CAF50; font-weight: bold [object Object]", source: https://test.highloka.com/_next/static/chunks/pages/_app-4e0a347dc425d5bf.js (79)
[21503:21503:0526/170954.718627:INFO:CONSOLE:79] "console.groupEnd", source: https://test.highloka.com/_next/static/chunks/pages/_app-4e0a347dc425d5bf.js (79)
[21503:21503:0526/170954.718653:INFO:CONSOLE:79] "%c action %cBACKEND_STREAM_STATE %c@ 17:09:54.715 color: gray; font-weight: lighter; color: inherit; color: gray; font-weight: lighter;", source: https://test.highloka.com/_next/static/chunks/pages/_app-4e0a347dc425d5bf.js (79)
[21503:21503:0526/170954.718680:INFO:CONSOLE:79] "%c prev state color: #9E9E9E; font-weight: bold [object Object]", source: https://test.highloka.com/_next/static/chunks/pages/_app-4e0a347dc425d5bf.js (79)
[21503:21503:0526/170954.720948:INFO:CONSOLE:79] "%c action     color: #03A9F4; font-weight: bold [object Object]", source: https://test.highloka.com/_next/static/chunks/pages/_app-4e0a347dc425d5bf.js (79)
[21503:21503:0526/170954.721120:INFO:CONSOLE:79] "%c next state color: #4CAF50; font-weight: bold [object Object]", source: https://test.highloka.com/_next/static/chunks/pages/_app-4e0a347dc425d5bf.js (79)
[21503:21503:0526/170954.721154:INFO:CONSOLE:79] "console.groupEnd", source: https://test.highloka.com/_next/static/chunks/pages/_app-4e0a347dc425d5bf.js (79)
[21503:21503:0526/170954.721231:INFO:CONSOLE:79] "%c action %cSET_JW_VIDEO_PLAYER_PLAY_STATE %c@ 17:09:54.716 color: gray; font-weight: lighter; color: inherit; color: gray; font-weight: lighter;", source: https://test.highloka.com/_next/static/chunks/pages/_app-4e0a347dc425d5bf.js (79)
[21503:21503:0526/170954.721262:INFO:CONSOLE:79] "%c prev state color: #9E9E9E; font-weight: bold [object Object]", source: https://test.highloka.com/_next/static/chunks/pages/_app-4e0a347dc425d5bf.js (79)
[21503:21503:0526/170954.721287:INFO:CONSOLE:79] "%c action     color: #03A9F4; font-weight: bold [object Object]", source: https://test.highloka.com/_next/static/chunks/pages/_app-4e0a347dc425d5bf.js (79)
[21503:21503:0526/170954.721318:INFO:CONSOLE:79] "%c next state color: #4CAF50; font-weight: bold [object Object]", source: https://test.highloka.com/_next/static/chunks/pages/_app-4e0a347dc425d5bf.js (79)
[21503:21503:0526/170954.721350:INFO:CONSOLE:79] "console.groupEnd", source: https://test.highloka.com/_next/static/chunks/pages/_app-4e0a347dc425d5bf.js (79)
[21503:21503:0526/170954.721373:INFO:CONSOLE:79] "%c action %cBACKEND_STREAM_STATE %c@ 17:09:54.717 color: gray; font-weight: lighter; color: inherit; color: gray; font-weight: lighter;", source: https://test.highloka.com/_next/static/chunks/pages/_app-4e0a347dc425d5bf.js (79)
[21503:21503:0526/170954.721394:INFO:CONSOLE:79] "%c prev state color: #9E9E9E; font-weight: bold [object Object]", source: https://test.highloka.com/_next/static/chunks/pages/_app-4e0a347dc425d5bf.js (79)
[21503:21503:0526/170954.721409:INFO:CONSOLE:79] "%c action     color: #03A9F4; font-weight: bold [object Object]", source: https://test.highloka.com/_next/static/chunks/pages/_app-4e0a347dc425d5bf.js (79)
[21503:21503:0526/170954.721428:INFO:CONSOLE:79] "%c next state color: #4CAF50; font-weight: bold [object Object]", source: https://test.highloka.com/_next/static/chunks/pages/_app-4e0a347dc425d5bf.js (79)
[21503:21503:0526/170954.721446:INFO:CONSOLE:79] "console.groupEnd", source: https://test.highloka.com/_next/static/chunks/pages/_app-4e0a347dc425d5bf.js (79)
[21503:21503:0526/170954.721464:INFO:CONSOLE:79] "%c action %cSHOW_AUTO_HIDDEN_ES_VIDEO_PLAYER_CONTROLS %c@ 17:09:54.718 color: gray; font-weight: lighter; color: inherit; color: gray; font-weight: lighter;", source: https://test.highloka.com/_next/static/chunks/pages/_app-4e0a347dc425d5bf.js (79)
[21503:21503:0526/170954.721485:INFO:CONSOLE:79] "%c prev state color: #9E9E9E; font-weight: bold [object Object]", source: https://test.highloka.com/_next/static/chunks/pages/_app-4e0a347dc425d5bf.js (79)
[21503:21503:0526/170954.721500:INFO:CONSOLE:79] "%c action     color: #03A9F4; font-weight: bold [object Object]", source: https://test.highloka.com/_next/static/chunks/pages/_app-4e0a347dc425d5bf.js (79)
[21503:21503:0526/170954.721514:INFO:CONSOLE:79] "%c next state color: #4CAF50; font-weight: bold [object Object]", source: https://test.highloka.com/_next/static/chunks/pages/_app-4e0a347dc425d5bf.js (79)
[21503:21503:0526/170954.721538:INFO:CONSOLE:79] "console.groupEnd", source: https://test.highloka.com/_next/static/chunks/pages/_app-4e0a347dc425d5bf.js (79)
[21503:21503:0526/170954.721552:INFO:CONSOLE:67] "Showing Controls. ", source: https://test.highloka.com/_next/static/chunks/pages/_app-4e0a347dc425d5bf.js (67)
[21503:21503:0526/170954.721576:INFO:CONSOLE:67] "Showing Controls. ", source: https://test.highloka.com/_next/static/chunks/pages/_app-4e0a347dc425d5bf.js (67)
[21503:21503:0526/170954.723266:INFO:CONSOLE:1] "ReactHlsPlayerComponent this.props play", source: https://test.highloka.com/_next/static/chunks/pages/concerts/%5Bslug%5D/arena-1595f5991389ce40.js (1)
[21503:21503:0526/170954.730048:INFO:CONSOLE:1] "ReactHlsPlayerComponent this.props play", source: https://test.highloka.com/_next/static/chunks/pages/concerts/%5Bslug%5D/arena-1595f5991389ce40.js (1)
[21503:21503:0526/170954.734185:INFO:CONSOLE:79] "%c action %cSET_JW_VIDEO_PLAYER_CURRENT_VIDEO_TIME %c@ 17:09:54.733 color: gray; font-weight: lighter; color: inherit; color: gray; font-weight: lighter;", source: https://test.highloka.com/_next/static/chunks/pages/_app-4e0a347dc425d5bf.js (79)
[21503:21503:0526/170954.734287:INFO:CONSOLE:79] "%c prev state color: #9E9E9E; font-weight: bold [object Object]", source: https://test.highloka.com/_next/static/chunks/pages/_app-4e0a347dc425d5bf.js (79)
[21503:21503:0526/170954.734403:INFO:CONSOLE:79] "%c action     color: #03A9F4; font-weight: bold [object Object]", source: https://test.highloka.com/_next/static/chunks/pages/_app-4e0a347dc425d5bf.js (79)
[21503:21503:0526/170954.734489:INFO:CONSOLE:79] "%c next state color: #4CAF50; font-weight: bold [object Object]", source: https://test.highloka.com/_next/static/chunks/pages/_app-4e0a347dc425d5bf.js (79)
[21503:21503:0526/170954.734606:INFO:CONSOLE:79] "console.groupEnd", source: https://test.highloka.com/_next/static/chunks/pages/_app-4e0a347dc425d5bf.js (79)
[21503:21503:0526/170954.737005:INFO:CONSOLE:1] "ReactHlsPlayerComponent this.props play", source: https://test.highloka.com/_next/static/chunks/pages/concerts/%5Bslug%5D/arena-1595f5991389ce40.js (1)
[21503:21503:0526/170954.782179:INFO:CONSOLE:67] "[object Object]", source: https://test.highloka.com/_next/static/chunks/pages/_app-4e0a347dc425d5bf.js (67)
[21503:21503:0526/170954.782267:INFO:CONSOLE:67] "[object Object]", source: https://test.highloka.com/_next/static/chunks/pages/_app-4e0a347dc425d5bf.js (67)
[21503:21503:0526/170954.782476:INFO:CONSOLE:67] "There's something here.", source: https://test.highloka.com/_next/static/chunks/pages/_app-4e0a347dc425d5bf.js (67)
[21503:21503:0526/170954.782502:INFO:CONSOLE:67] "[object Object]", source: https://test.highloka.com/_next/static/chunks/pages/_app-4e0a347dc425d5bf.js (67)
[21503:21503:0526/170954.782778:INFO:CONSOLE:79] "%c action %cGET_SET_CHAT_USER_SUCCESS %c@ 17:09:54.782 color: gray; font-weight: lighter; color: inherit; color: gray; font-weight: lighter;", source: https://test.highloka.com/_next/static/chunks/pages/_app-4e0a347dc425d5bf.js (79)
[21503:21503:0526/170954.782837:INFO:CONSOLE:79] "%c prev state color: #9E9E9E; font-weight: bold [object Object]", source: https://test.highloka.com/_next/static/chunks/pages/_app-4e0a347dc425d5bf.js (79)
[21503:21503:0526/170954.782927:INFO:CONSOLE:79] "%c action     color: #03A9F4; font-weight: bold [object Object]", source: https://test.highloka.com/_next/static/chunks/pages/_app-4e0a347dc425d5bf.js (79)
[21503:21503:0526/170954.782997:INFO:CONSOLE:79] "%c next state color: #4CAF50; font-weight: bold [object Object]", source: https://test.highloka.com/_next/static/chunks/pages/_app-4e0a347dc425d5bf.js (79)
[21503:21503:0526/170954.783062:INFO:CONSOLE:79] "console.groupEnd", source: https://test.highloka.com/_next/static/chunks/pages/_app-4e0a347dc425d5bf.js (79)
[21503:21503:0526/170954.783114:INFO:CONSOLE:67] "Yield Done Here.", source: https://test.highloka.com/_next/static/chunks/pages/_app-4e0a347dc425d5bf.js (67)
[21503:21503:0526/170954.783295:INFO:CONSOLE:79] "%c action %cGET_SET_USER_CONVERSATION_START %c@ 17:09:54.783 color: gray; font-weight: lighter; color: inherit; color: gray; font-weight: lighter;", source: https://test.highloka.com/_next/static/chunks/pages/_app-4e0a347dc425d5bf.js (79)
[21503:21503:0526/170954.783350:INFO:CONSOLE:79] "%c prev state color: #9E9E9E; font-weight: bold [object Object]", source: https://test.highloka.com/_next/static/chunks/pages/_app-4e0a347dc425d5bf.js (79)
[21503:21503:0526/170954.783416:INFO:CONSOLE:79] "%c action     color: #03A9F4; font-weight: bold [object Object]", source: https://test.highloka.com/_next/static/chunks/pages/_app-4e0a347dc425d5bf.js (79)
[21503:21503:0526/170954.783482:INFO:CONSOLE:79] "%c next state color: #4CAF50; font-weight: bold [object Object]", source: https://test.highloka.com/_next/static/chunks/pages/_app-4e0a347dc425d5bf.js (79)
[21503:21503:0526/170954.783543:INFO:CONSOLE:79] "console.groupEnd", source: https://test.highloka.com/_next/static/chunks/pages/_app-4e0a347dc425d5bf.js (79)
[21503:21503:0526/170954.783593:INFO:CONSOLE:67] "chatRoomAppSyncObj => d8f8444c-263d-4d48-8cc6-b8bbf890838f", source: https://test.highloka.com/_next/static/chunks/pages/_app-4e0a347dc425d5bf.js (67)
[21503:21503:0526/170954.783631:INFO:CONSOLE:67] "chatUserAppSyncObj => fda20ed1-7daf-4b01-927d-ab6ea562025c", source: https://test.highloka.com/_next/static/chunks/pages/_app-4e0a347dc425d5bf.js (67)
[21503:21503:0526/170954.996850:INFO:CONSOLE:79] "%c action %cSET_JW_VIDEO_PLAYER_CURRENT_VIDEO_TIME %c@ 17:09:54.996 color: gray; font-weight: lighter; color: inherit; color: gray; font-weight: lighter;", source: https://test.highloka.com/_next/static/chunks/pages/_app-4e0a347dc425d5bf.js (79)
[21503:21503:0526/170954.996959:INFO:CONSOLE:79] "%c prev state color: #9E9E9E; font-weight: bold [object Object]", source: https://test.highloka.com/_next/static/chunks/pages/_app-4e0a347dc425d5bf.js (79)
[21503:21503:0526/170954.997098:INFO:CONSOLE:79] "%c action     color: #03A9F4; font-weight: bold [object Object]", source: https://test.highloka.com/_next/static/chunks/pages/_app-4e0a347dc425d5bf.js (79)
[21503:21503:0526/170954.997226:INFO:CONSOLE:79] "%c next state color: #4CAF50; font-weight: bold [object Object]", source: https://test.highloka.com/_next/static/chunks/pages/_app-4e0a347dc425d5bf.js (79)
[21503:21503:0526/170954.998466:INFO:CONSOLE:79] "console.groupEnd", source: https://test.highloka.com/_next/static/chunks/pages/_app-4e0a347dc425d5bf.js (79)
[21503:21503:0526/170955.000222:INFO:CONSOLE:1] "ReactHlsPlayerComponent this.props play", source: https://test.highloka.com/_next/static/chunks/pages/concerts/%5Bslug%5D/arena-1595f5991389ce40.js (1)
[21503:21503:0526/170955.016245:INFO:CONSOLE:67] "[object Object]", source: https://test.highloka.com/_next/static/chunks/pages/_app-4e0a347dc425d5bf.js (67)
[21503:21503:0526/170955.016587:INFO:CONSOLE:79] "%c action %cGET_SET_USER_CONVERSATION_SUCCESS %c@ 17:09:55.016 color: gray; font-weight: lighter; color: inherit; color: gray; font-weight: lighter;", source: https://test.highloka.com/_next/static/chunks/pages/_app-4e0a347dc425d5bf.js (79)
[21503:21503:0526/170955.016679:INFO:CONSOLE:79] "%c prev state color: #9E9E9E; font-weight: bold [object Object]", source: https://test.highloka.com/_next/static/chunks/pages/_app-4e0a347dc425d5bf.js (79)
[21503:21503:0526/170955.016811:INFO:CONSOLE:79] "%c action     color: #03A9F4; font-weight: bold [object Object]", source: https://test.highloka.com/_next/static/chunks/pages/_app-4e0a347dc425d5bf.js (79)
[21503:21503:0526/170955.016917:INFO:CONSOLE:79] "%c next state color: #4CAF50; font-weight: bold [object Object]", source: https://test.highloka.com/_next/static/chunks/pages/_app-4e0a347dc425d5bf.js (79)
[21503:21503:0526/170955.017042:INFO:CONSOLE:79] "console.groupEnd", source: https://test.highloka.com/_next/static/chunks/pages/_app-4e0a347dc425d5bf.js (79)
[21503:21503:0526/170955.017208:INFO:CONSOLE:79] "%c action %cGET_INITIAL_LATEST_MESSAGES_START %c@ 17:09:55.017 color: gray; font-weight: lighter; color: inherit; color: gray; font-weight: lighter;", source: https://test.highloka.com/_next/static/chunks/pages/_app-4e0a347dc425d5bf.js (79)
[21503:21503:0526/170955.017270:INFO:CONSOLE:79] "%c prev state color: #9E9E9E; font-weight: bold [object Object]", source: https://test.highloka.com/_next/static/chunks/pages/_app-4e0a347dc425d5bf.js (79)
[21503:21503:0526/170955.017377:INFO:CONSOLE:79] "%c action     color: #03A9F4; font-weight: bold [object Object]", source: https://test.highloka.com/_next/static/chunks/pages/_app-4e0a347dc425d5bf.js (79)
[21503:21503:0526/170955.017476:INFO:CONSOLE:79] "%c next state color: #4CAF50; font-weight: bold [object Object]", source: https://test.highloka.com/_next/static/chunks/pages/_app-4e0a347dc425d5bf.js (79)
[21503:21503:0526/170955.017573:INFO:CONSOLE:79] "console.groupEnd", source: https://test.highloka.com/_next/static/chunks/pages/_app-4e0a347dc425d5bf.js (79)
[21503:21503:0526/170955.208632:INFO:CONSOLE:67] "[object Object]", source: https://test.highloka.com/_next/static/chunks/pages/_app-4e0a347dc425d5bf.js (67)
[21503:21503:0526/170955.208798:INFO:CONSOLE:67] "[object Object]", source: https://test.highloka.com/_next/static/chunks/pages/_app-4e0a347dc425d5bf.js (67)
[21503:21503:0526/170955.209535:INFO:CONSOLE:79] "%c action %cADD_OLD_MESSAGE_SET_TO_MSGVIEW %c@ 17:09:55.208 color: gray; font-weight: lighter; color: inherit; color: gray; font-weight: lighter;", source: https://test.highloka.com/_next/static/chunks/pages/_app-4e0a347dc425d5bf.js (79)
[21503:21503:0526/170955.209633:INFO:CONSOLE:79] "%c prev state color: #9E9E9E; font-weight: bold [object Object]", source: https://test.highloka.com/_next/static/chunks/pages/_app-4e0a347dc425d5bf.js (79)
[21503:21503:0526/170955.209871:INFO:CONSOLE:79] "%c action     color: #03A9F4; font-weight: bold [object Object]", source: https://test.highloka.com/_next/static/chunks/pages/_app-4e0a347dc425d5bf.js (79)
[21503:21503:0526/170955.210020:INFO:CONSOLE:79] "%c next state color: #4CAF50; font-weight: bold [object Object]", source: https://test.highloka.com/_next/static/chunks/pages/_app-4e0a347dc425d5bf.js (79)
[21503:21503:0526/170955.210143:INFO:CONSOLE:79] "console.groupEnd", source: https://test.highloka.com/_next/static/chunks/pages/_app-4e0a347dc425d5bf.js (79)
[21503:21503:0526/170955.210477:INFO:CONSOLE:79] "%c action %cGET_INITIAL_LATEST_MESSAGES_SUCCESS %c@ 17:09:55.210 color: gray; font-weight: lighter; color: inherit; color: gray; font-weight: lighter;", source: https://test.highloka.com/_next/static/chunks/pages/_app-4e0a347dc425d5bf.js (79)
[21503:21503:0526/170955.210544:INFO:CONSOLE:79] "%c prev state color: #9E9E9E; font-weight: bold [object Object]", source: https://test.highloka.com/_next/static/chunks/pages/_app-4e0a347dc425d5bf.js (79)
[21503:21503:0526/170955.210686:INFO:CONSOLE:79] "%c action     color: #03A9F4; font-weight: bold [object Object]", source: https://test.highloka.com/_next/static/chunks/pages/_app-4e0a347dc425d5bf.js (79)
[21503:21503:0526/170955.210907:INFO:CONSOLE:79] "%c next state color: #4CAF50; font-weight: bold [object Object]", source: https://test.highloka.com/_next/static/chunks/pages/_app-4e0a347dc425d5bf.js (79)
[21503:21503:0526/170955.211164:INFO:CONSOLE:79] "console.groupEnd", source: https://test.highloka.com/_next/static/chunks/pages/_app-4e0a347dc425d5bf.js (79)
[21503:21503:0526/170955.211721:INFO:CONSOLE:79] "%c action %cSET_CHAT_TEXT_VIEW_SCROLL %c@ 17:09:55.211 color: gray; font-weight: lighter; color: inherit; color: gray; font-weight: lighter;", source: https://test.highloka.com/_next/static/chunks/pages/_app-4e0a347dc425d5bf.js (79)
[21503:21503:0526/170955.211790:INFO:CONSOLE:79] "%c prev state color: #9E9E9E; font-weight: bold [object Object]", source: https://test.highloka.com/_next/static/chunks/pages/_app-4e0a347dc425d5bf.js (79)
[21503:21503:0526/170955.211820:INFO:CONSOLE:79] "%c action     color: #03A9F4; font-weight: bold [object Object]", source: https://test.highloka.com/_next/static/chunks/pages/_app-4e0a347dc425d5bf.js (79)
[21503:21503:0526/170955.211975:INFO:CONSOLE:79] "%c next state color: #4CAF50; font-weight: bold [object Object]", source: https://test.highloka.com/_next/static/chunks/pages/_app-4e0a347dc425d5bf.js (79)
[21503:21503:0526/170955.212045:INFO:CONSOLE:79] "console.groupEnd", source: https://test.highloka.com/_next/static/chunks/pages/_app-4e0a347dc425d5bf.js (79)
[21503:21503:0526/170955.212143:INFO:CONSOLE:67] "Chat Room Id: d8f8444c-263d-4d48-8cc6-b8bbf890838f", source: https://test.highloka.com/_next/static/chunks/pages/_app-4e0a347dc425d5bf.js (67)
[21503:21503:0526/170955.213275:INFO:CONSOLE:67] "[object Object]", source: https://test.highloka.com/_next/static/chunks/pages/_app-4e0a347dc425d5bf.js (67)
[21503:21503:0526/170955.213476:INFO:CONSOLE:67] "now adding subscription", source: https://test.highloka.com/_next/static/chunks/pages/_app-4e0a347dc425d5bf.js (67)
[21503:21503:0526/170955.214859:INFO:CONSOLE:67] "[object Object]", source: https://test.highloka.com/_next/static/chunks/pages/_app-4e0a347dc425d5bf.js (67)
[21503:21503:0526/170955.214943:INFO:CONSOLE:67] "chat subscription added.", source: https://test.highloka.com/_next/static/chunks/pages/_app-4e0a347dc425d5bf.js (67)
[21503:21503:0526/170955.216511:INFO:CONSOLE:79] "%c action %cLOAD_CHAT_APP_SUCCESS %c@ 17:09:55.216 color: gray; font-weight: lighter; color: inherit; color: gray; font-weight: lighter;", source: https://test.highloka.com/_next/static/chunks/pages/_app-4e0a347dc425d5bf.js (79)
[21503:21503:0526/170955.216571:INFO:CONSOLE:79] "%c prev state color: #9E9E9E; font-weight: bold [object Object]", source: https://test.highloka.com/_next/static/chunks/pages/_app-4e0a347dc425d5bf.js (79)
[21503:21503:0526/170955.216655:INFO:CONSOLE:79] "%c action     color: #03A9F4; font-weight: bold [object Object]", source: https://test.highloka.com/_next/static/chunks/pages/_app-4e0a347dc425d5bf.js (79)
[21503:21503:0526/170955.216724:INFO:CONSOLE:79] "%c next state color: #4CAF50; font-weight: bold [object Object]", source: https://test.highloka.com/_next/static/chunks/pages/_app-4e0a347dc425d5bf.js (79)
[21503:21503:0526/170955.216797:INFO:CONSOLE:79] "console.groupEnd", source: https://test.highloka.com/_next/static/chunks/pages/_app-4e0a347dc425d5bf.js (79)
[21503:21503:0526/170955.217125:INFO:CONSOLE:1] "selectJwVideoPlayerPlayState play", source: https://test.highloka.com/_next/static/chunks/pages/concerts/%5Bslug%5D/arena-1595f5991389ce40.js (1)
[21503:21503:0526/170955.217169:INFO:CONSOLE:1] "selectJwVideoPlayerPlayState backendStreamState started", source: https://test.highloka.com/_next/static/chunks/pages/concerts/%5Bslug%5D/arena-1595f5991389ce40.js (1)
[21503:21503:0526/170955.217232:INFO:CONSOLE:1] "selectAudienceExpressionBaseData null", source: https://test.highloka.com/_next/static/chunks/pages/concerts/%5Bslug%5D/arena-1595f5991389ce40.js (1)
[21503:21503:0526/170955.217285:INFO:CONSOLE:1] "if responsive isdesktop [object Window]", source: https://test.highloka.com/_next/static/chunks/pages/concerts/%5Bslug%5D/arena-1595f5991389ce40.js (1)
[21503:21503:0526/170955.219525:INFO:CONSOLE:1] "Chat Text View Container Did Update. this.props [object Object]", source: https://test.highloka.com/_next/static/chunks/pages/concerts/%5Bslug%5D/arena-1595f5991389ce40.js (1)
[21503:21503:0526/170955.219611:INFO:CONSOLE:1] "mobileResponsive false", source: https://test.highloka.com/_next/static/chunks/pages/concerts/%5Bslug%5D/arena-1595f5991389ce40.js (1)
[21503:21503:0526/170955.219654:INFO:CONSOLE:1] "CurrCharUser", source: https://test.highloka.com/_next/static/chunks/pages/concerts/%5Bslug%5D/arena-1595f5991389ce40.js (1)
[21503:21503:0526/170955.219700:INFO:CONSOLE:1] "[object Object]", source: https://test.highloka.com/_next/static/chunks/pages/concerts/%5Bslug%5D/arena-1595f5991389ce40.js (1)
[21503:21503:0526/170955.219732:INFO:CONSOLE:1] "[object Object]", source: https://test.highloka.com/_next/static/chunks/pages/concerts/%5Bslug%5D/arena-1595f5991389ce40.js (1)
[21503:21503:0526/170955.219761:INFO:CONSOLE:1] "Different User", source: https://test.highloka.com/_next/static/chunks/pages/concerts/%5Bslug%5D/arena-1595f5991389ce40.js (1)
[21503:21503:0526/170955.219791:INFO:CONSOLE:1] "Souvik Shy :white", source: https://test.highloka.com/_next/static/chunks/pages/concerts/%5Bslug%5D/arena-1595f5991389ce40.js (1)
[21503:21503:0526/170955.219886:INFO:CONSOLE:1] "mobileResponsive false", source: https://test.highloka.com/_next/static/chunks/pages/concerts/%5Bslug%5D/arena-1595f5991389ce40.js (1)
[21503:21503:0526/170955.220262:INFO:CONSOLE:1] "CurrCharUser", source: https://test.highloka.com/_next/static/chunks/pages/concerts/%5Bslug%5D/arena-1595f5991389ce40.js (1)
[21503:21503:0526/170955.220331:INFO:CONSOLE:1] "[object Object]", source: https://test.highloka.com/_next/static/chunks/pages/concerts/%5Bslug%5D/arena-1595f5991389ce40.js (1)
[21503:21503:0526/170955.220366:INFO:CONSOLE:1] "[object Object]", source: https://test.highloka.com/_next/static/chunks/pages/concerts/%5Bslug%5D/arena-1595f5991389ce40.js (1)
[21503:21503:0526/170955.220398:INFO:CONSOLE:1] "Loka 41 :white", source: https://test.highloka.com/_next/static/chunks/pages/concerts/%5Bslug%5D/arena-1595f5991389ce40.js (1)
[21503:21503:0526/170955.220506:INFO:CONSOLE:1] "mobileResponsive false", source: https://test.highloka.com/_next/static/chunks/pages/concerts/%5Bslug%5D/arena-1595f5991389ce40.js (1)
[21503:21503:0526/170955.220625:INFO:CONSOLE:1] "CurrCharUser", source: https://test.highloka.com/_next/static/chunks/pages/concerts/%5Bslug%5D/arena-1595f5991389ce40.js (1)
[21503:21503:0526/170955.220660:INFO:CONSOLE:1] "[object Object]", source: https://test.highloka.com/_next/static/chunks/pages/concerts/%5Bslug%5D/arena-1595f5991389ce40.js (1)
[21503:21503:0526/170955.220760:INFO:CONSOLE:1] "[object Object]", source: https://test.highloka.com/_next/static/chunks/pages/concerts/%5Bslug%5D/arena-1595f5991389ce40.js (1)
[21503:21503:0526/170955.220869:INFO:CONSOLE:1] "Loka 41 :white", source: https://test.highloka.com/_next/static/chunks/pages/concerts/%5Bslug%5D/arena-1595f5991389ce40.js (1)
[21503:21503:0526/170955.221068:INFO:CONSOLE:1] "mobileResponsive false", source: https://test.highloka.com/_next/static/chunks/pages/concerts/%5Bslug%5D/arena-1595f5991389ce40.js (1)
[21503:21503:0526/170955.221134:INFO:CONSOLE:1] "CurrCharUser", source: https://test.highloka.com/_next/static/chunks/pages/concerts/%5Bslug%5D/arena-1595f5991389ce40.js (1)
[21503:21503:0526/170955.221204:INFO:CONSOLE:1] "[object Object]", source: https://test.highloka.com/_next/static/chunks/pages/concerts/%5Bslug%5D/arena-1595f5991389ce40.js (1)
[21503:21503:0526/170955.221329:INFO:CONSOLE:1] "[object Object]", source: https://test.highloka.com/_next/static/chunks/pages/concerts/%5Bslug%5D/arena-1595f5991389ce40.js (1)
[21503:21503:0526/170955.221456:INFO:CONSOLE:1] "Loka 41 :white", source: https://test.highloka.com/_next/static/chunks/pages/concerts/%5Bslug%5D/arena-1595f5991389ce40.js (1)
[21503:21503:0526/170955.221630:INFO:CONSOLE:1] "mobileResponsive false", source: https://test.highloka.com/_next/static/chunks/pages/concerts/%5Bslug%5D/arena-1595f5991389ce40.js (1)
[21503:21503:0526/170955.221712:INFO:CONSOLE:1] "CurrCharUser", source: https://test.highloka.com/_next/static/chunks/pages/concerts/%5Bslug%5D/arena-1595f5991389ce40.js (1)
[21503:21503:0526/170955.221778:INFO:CONSOLE:1] "[object Object]", source: https://test.highloka.com/_next/static/chunks/pages/concerts/%5Bslug%5D/arena-1595f5991389ce40.js (1)
[21503:21503:0526/170955.221874:INFO:CONSOLE:1] "[object Object]", source: https://test.highloka.com/_next/static/chunks/pages/concerts/%5Bslug%5D/arena-1595f5991389ce40.js (1)
[21503:21503:0526/170955.221967:INFO:CONSOLE:1] "Loka 41 :white", source: https://test.highloka.com/_next/static/chunks/pages/concerts/%5Bslug%5D/arena-1595f5991389ce40.js (1)
[21503:21503:0526/170955.222126:INFO:CONSOLE:1] "mobileResponsive false", source: https://test.highloka.com/_next/static/chunks/pages/concerts/%5Bslug%5D/arena-1595f5991389ce40.js (1)
[21503:21503:0526/170955.222197:INFO:CONSOLE:1] "CurrCharUser", source: https://test.highloka.com/_next/static/chunks/pages/concerts/%5Bslug%5D/arena-1595f5991389ce40.js (1)
[21503:21503:0526/170955.222273:INFO:CONSOLE:1] "[object Object]", source: https://test.highloka.com/_next/static/chunks/pages/concerts/%5Bslug%5D/arena-1595f5991389ce40.js (1)
[21503:21503:0526/170955.222773:INFO:CONSOLE:1] "[object Object]", source: https://test.highloka.com/_next/static/chunks/pages/concerts/%5Bslug%5D/arena-1595f5991389ce40.js (1)
[21503:21503:0526/170955.222839:INFO:CONSOLE:1] "Loka 41 :white", source: https://test.highloka.com/_next/static/chunks/pages/concerts/%5Bslug%5D/arena-1595f5991389ce40.js (1)
[21503:21503:0526/170955.222881:INFO:CONSOLE:1] "mobileResponsive false", source: https://test.highloka.com/_next/static/chunks/pages/concerts/%5Bslug%5D/arena-1595f5991389ce40.js (1)
[21503:21503:0526/170955.222913:INFO:CONSOLE:1] "CurrCharUser", source: https://test.highloka.com/_next/static/chunks/pages/concerts/%5Bslug%5D/arena-1595f5991389ce40.js (1)
[21503:21503:0526/170955.222942:INFO:CONSOLE:1] "[object Object]", source: https://test.highloka.com/_next/static/chunks/pages/concerts/%5Bslug%5D/arena-1595f5991389ce40.js (1)
[21503:21503:0526/170955.222975:INFO:CONSOLE:1] "[object Object]", source: https://test.highloka.com/_next/static/chunks/pages/concerts/%5Bslug%5D/arena-1595f5991389ce40.js (1)
[21503:21503:0526/170955.223004:INFO:CONSOLE:1] "Loka 41 :white", source: https://test.highloka.com/_next/static/chunks/pages/concerts/%5Bslug%5D/arena-1595f5991389ce40.js (1)
[21503:21503:0526/170955.223035:INFO:CONSOLE:1] "mobileResponsive false", source: https://test.highloka.com/_next/static/chunks/pages/concerts/%5Bslug%5D/arena-1595f5991389ce40.js (1)
[21503:21503:0526/170955.223068:INFO:CONSOLE:1] "CurrCharUser", source: https://test.highloka.com/_next/static/chunks/pages/concerts/%5Bslug%5D/arena-1595f5991389ce40.js (1)
[21503:21503:0526/170955.223102:INFO:CONSOLE:1] "[object Object]", source: https://test.highloka.com/_next/static/chunks/pages/concerts/%5Bslug%5D/arena-1595f5991389ce40.js (1)
[21503:21503:0526/170955.223137:INFO:CONSOLE:1] "[object Object]", source: https://test.highloka.com/_next/static/chunks/pages/concerts/%5Bslug%5D/arena-1595f5991389ce40.js (1)
[21503:21503:0526/170955.223207:INFO:CONSOLE:1] "Loka 41 :white", source: https://test.highloka.com/_next/static/chunks/pages/concerts/%5Bslug%5D/arena-1595f5991389ce40.js (1)
[21503:21503:0526/170955.223314:INFO:CONSOLE:1] "mobileResponsive false", source: https://test.highloka.com/_next/static/chunks/pages/concerts/%5Bslug%5D/arena-1595f5991389ce40.js (1)
[21503:21503:0526/170955.223356:INFO:CONSOLE:1] "CurrCharUser", source: https://test.highloka.com/_next/static/chunks/pages/concerts/%5Bslug%5D/arena-1595f5991389ce40.js (1)
[21503:21503:0526/170955.223388:INFO:CONSOLE:1] "[object Object]", source: https://test.highloka.com/_next/static/chunks/pages/concerts/%5Bslug%5D/arena-1595f5991389ce40.js (1)
[21503:21503:0526/170955.223465:INFO:CONSOLE:1] "[object Object]", source: https://test.highloka.com/_next/static/chunks/pages/concerts/%5Bslug%5D/arena-1595f5991389ce40.js (1)
[21503:21503:0526/170955.223514:INFO:CONSOLE:1] "Loka 41 :white", source: https://test.highloka.com/_next/static/chunks/pages/concerts/%5Bslug%5D/arena-1595f5991389ce40.js (1)
[21503:21503:0526/170955.223618:INFO:CONSOLE:1] "mobileResponsive false", source: https://test.highloka.com/_next/static/chunks/pages/concerts/%5Bslug%5D/arena-1595f5991389ce40.js (1)
[21503:21503:0526/170955.223665:INFO:CONSOLE:1] "CurrCharUser", source: https://test.highloka.com/_next/static/chunks/pages/concerts/%5Bslug%5D/arena-1595f5991389ce40.js (1)
[21503:21503:0526/170955.223706:INFO:CONSOLE:1] "[object Object]", source: https://test.highloka.com/_next/static/chunks/pages/concerts/%5Bslug%5D/arena-1595f5991389ce40.js (1)
[21503:21503:0526/170955.223772:INFO:CONSOLE:1] "[object Object]", source: https://test.highloka.com/_next/static/chunks/pages/concerts/%5Bslug%5D/arena-1595f5991389ce40.js (1)
[21503:21503:0526/170955.223881:INFO:CONSOLE:1] "Loka 41 :white", source: https://test.highloka.com/_next/static/chunks/pages/concerts/%5Bslug%5D/arena-1595f5991389ce40.js (1)
[21503:21503:0526/170955.223959:INFO:CONSOLE:1] "mobileResponsive false", source: https://test.highloka.com/_next/static/chunks/pages/concerts/%5Bslug%5D/arena-1595f5991389ce40.js (1)
[21503:21503:0526/170955.223997:INFO:CONSOLE:1] "CurrCharUser", source: https://test.highloka.com/_next/static/chunks/pages/concerts/%5Bslug%5D/arena-1595f5991389ce40.js (1)
[21503:21503:0526/170955.224045:INFO:CONSOLE:1] "[object Object]", source: https://test.highloka.com/_next/static/chunks/pages/concerts/%5Bslug%5D/arena-1595f5991389ce40.js (1)
[21503:21503:0526/170955.224108:INFO:CONSOLE:1] "[object Object]", source: https://test.highloka.com/_next/static/chunks/pages/concerts/%5Bslug%5D/arena-1595f5991389ce40.js (1)
[21503:21503:0526/170955.224160:INFO:CONSOLE:1] "Loka 41 :white", source: https://test.highloka.com/_next/static/chunks/pages/concerts/%5Bslug%5D/arena-1595f5991389ce40.js (1)
[21503:21503:0526/170955.224266:INFO:CONSOLE:1] "mobileResponsive false", source: https://test.highloka.com/_next/static/chunks/pages/concerts/%5Bslug%5D/arena-1595f5991389ce40.js (1)
[21503:21503:0526/170955.224364:INFO:CONSOLE:1] "CurrCharUser", source: https://test.highloka.com/_next/static/chunks/pages/concerts/%5Bslug%5D/arena-1595f5991389ce40.js (1)
[21503:21503:0526/170955.224405:INFO:CONSOLE:1] "[object Object]", source: https://test.highloka.com/_next/static/chunks/pages/concerts/%5Bslug%5D/arena-1595f5991389ce40.js (1)
[21503:21503:0526/170955.224469:INFO:CONSOLE:1] "[object Object]", source: https://test.highloka.com/_next/static/chunks/pages/concerts/%5Bslug%5D/arena-1595f5991389ce40.js (1)
[21503:21503:0526/170955.224532:INFO:CONSOLE:1] "Loka 41 :white", source: https://test.highloka.com/_next/static/chunks/pages/concerts/%5Bslug%5D/arena-1595f5991389ce40.js (1)
[21503:21503:0526/170955.224620:INFO:CONSOLE:1] "mobileResponsive false", source: https://test.highloka.com/_next/static/chunks/pages/concerts/%5Bslug%5D/arena-1595f5991389ce40.js (1)
[21503:21503:0526/170955.224651:INFO:CONSOLE:1] "CurrCharUser", source: https://test.highloka.com/_next/static/chunks/pages/concerts/%5Bslug%5D/arena-1595f5991389ce40.js (1)
[21503:21503:0526/170955.224688:INFO:CONSOLE:1] "[object Object]", source: https://test.highloka.com/_next/static/chunks/pages/concerts/%5Bslug%5D/arena-1595f5991389ce40.js (1)
[21503:21503:0526/170955.224758:INFO:CONSOLE:1] "[object Object]", source: https://test.highloka.com/_next/static/chunks/pages/concerts/%5Bslug%5D/arena-1595f5991389ce40.js (1)
[21503:21503:0526/170955.224816:INFO:CONSOLE:1] "Loka 41 :white", source: https://test.highloka.com/_next/static/chunks/pages/concerts/%5Bslug%5D/arena-1595f5991389ce40.js (1)
[21503:21503:0526/170955.224888:INFO:CONSOLE:1] "mobileResponsive false", source: https://test.highloka.com/_next/static/chunks/pages/concerts/%5Bslug%5D/arena-1595f5991389ce40.js (1)
[21503:21503:0526/170955.224922:INFO:CONSOLE:1] "CurrCharUser", source: https://test.highloka.com/_next/static/chunks/pages/concerts/%5Bslug%5D/arena-1595f5991389ce40.js (1)
[21503:21503:0526/170955.224957:INFO:CONSOLE:1] "[object Object]", source: https://test.highloka.com/_next/static/chunks/pages/concerts/%5Bslug%5D/arena-1595f5991389ce40.js (1)
[21503:21503:0526/170955.225019:INFO:CONSOLE:1] "[object Object]", source: https://test.highloka.com/_next/static/chunks/pages/concerts/%5Bslug%5D/arena-1595f5991389ce40.js (1)
[21503:21503:0526/170955.225070:INFO:CONSOLE:1] "Loka 41 :white", source: https://test.highloka.com/_next/static/chunks/pages/concerts/%5Bslug%5D/arena-1595f5991389ce40.js (1)
[21503:21503:0526/170955.225153:INFO:CONSOLE:1] "mobileResponsive false", source: https://test.highloka.com/_next/static/chunks/pages/concerts/%5Bslug%5D/arena-1595f5991389ce40.js (1)
[21503:21503:0526/170955.225202:INFO:CONSOLE:1] "CurrCharUser", source: https://test.highloka.com/_next/static/chunks/pages/concerts/%5Bslug%5D/arena-1595f5991389ce40.js (1)
[21503:21503:0526/170955.225234:INFO:CONSOLE:1] "[object Object]", source: https://test.highloka.com/_next/static/chunks/pages/concerts/%5Bslug%5D/arena-1595f5991389ce40.js (1)
[21503:21503:0526/170955.225294:INFO:CONSOLE:1] "[object Object]", source: https://test.highloka.com/_next/static/chunks/pages/concerts/%5Bslug%5D/arena-1595f5991389ce40.js (1)
[21503:21503:0526/170955.225360:INFO:CONSOLE:1] "Loka 41 :white", source: https://test.highloka.com/_next/static/chunks/pages/concerts/%5Bslug%5D/arena-1595f5991389ce40.js (1)
[21503:21503:0526/170955.225437:INFO:CONSOLE:1] "mobileResponsive false", source: https://test.highloka.com/_next/static/chunks/pages/concerts/%5Bslug%5D/arena-1595f5991389ce40.js (1)
[21503:21503:0526/170955.225467:INFO:CONSOLE:1] "CurrCharUser", source: https://test.highloka.com/_next/static/chunks/pages/concerts/%5Bslug%5D/arena-1595f5991389ce40.js (1)
[21503:21503:0526/170955.225499:INFO:CONSOLE:1] "[object Object]", source: https://test.highloka.com/_next/static/chunks/pages/concerts/%5Bslug%5D/arena-1595f5991389ce40.js (1)
[21503:21503:0526/170955.225562:INFO:CONSOLE:1] "[object Object]", source: https://test.highloka.com/_next/static/chunks/pages/concerts/%5Bslug%5D/arena-1595f5991389ce40.js (1)
[21503:21503:0526/170955.225621:INFO:CONSOLE:1] "Loka 41 :white", source: https://test.highloka.com/_next/static/chunks/pages/concerts/%5Bslug%5D/arena-1595f5991389ce40.js (1)
[21503:21503:0526/170955.225693:INFO:CONSOLE:1] "mobileResponsive false", source: https://test.highloka.com/_next/static/chunks/pages/concerts/%5Bslug%5D/arena-1595f5991389ce40.js (1)
[21503:21503:0526/170955.225725:INFO:CONSOLE:1] "CurrCharUser", source: https://test.highloka.com/_next/static/chunks/pages/concerts/%5Bslug%5D/arena-1595f5991389ce40.js (1)
[21503:21503:0526/170955.225764:INFO:CONSOLE:1] "[object Object]", source: https://test.highloka.com/_next/static/chunks/pages/concerts/%5Bslug%5D/arena-1595f5991389ce40.js (1)
[21503:21503:0526/170955.225820:INFO:CONSOLE:1] "[object Object]", source: https://test.highloka.com/_next/static/chunks/pages/concerts/%5Bslug%5D/arena-1595f5991389ce40.js (1)
[21503:21503:0526/170955.225869:INFO:CONSOLE:1] "Loka 41 :white", source: https://test.highloka.com/_next/static/chunks/pages/concerts/%5Bslug%5D/arena-1595f5991389ce40.js (1)
[21503:21503:0526/170955.225988:INFO:CONSOLE:1] "mobileResponsive false", source: https://test.highloka.com/_next/static/chunks/pages/concerts/%5Bslug%5D/arena-1595f5991389ce40.js (1)
[21503:21503:0526/170955.226029:INFO:CONSOLE:1] "CurrCharUser", source: https://test.highloka.com/_next/static/chunks/pages/concerts/%5Bslug%5D/arena-1595f5991389ce40.js (1)
[21503:21503:0526/170955.226064:INFO:CONSOLE:1] "[object Object]", source: https://test.highloka.com/_next/static/chunks/pages/concerts/%5Bslug%5D/arena-1595f5991389ce40.js (1)
[21503:21503:0526/170955.226119:INFO:CONSOLE:1] "[object Object]", source: https://test.highloka.com/_next/static/chunks/pages/concerts/%5Bslug%5D/arena-1595f5991389ce40.js (1)
[21503:21503:0526/170955.226203:INFO:CONSOLE:1] "Loka 41 :white", source: https://test.highloka.com/_next/static/chunks/pages/concerts/%5Bslug%5D/arena-1595f5991389ce40.js (1)
[21503:21503:0526/170955.226628:INFO:CONSOLE:1] "mobileResponsive1 false", source: https://test.highloka.com/_next/static/chunks/pages/concerts/%5Bslug%5D/arena-1595f5991389ce40.js (1)
[21503:21503:0526/170955.227350:INFO:CONSOLE:1] "Printing Reaction Data List mobileResponsive. undefined", source: https://test.highloka.com/_next/static/chunks/pages/concerts/%5Bslug%5D/arena-1595f5991389ce40.js (1)
[21503:21503:0526/170955.227377:INFO:CONSOLE:1] "ReactionDataList [object Object],[object Object],[object Object],[object Object],[object Object],[object Object]", source: https://test.highloka.com/_next/static/chunks/pages/concerts/%5Bslug%5D/arena-1595f5991389ce40.js (1)
[21503:21503:0526/170955.229889:INFO:CONSOLE:1] "ReactHlsPlayerComponent this.props play", source: https://test.highloka.com/_next/static/chunks/pages/concerts/%5Bslug%5D/arena-1595f5991389ce40.js (1)
[21503:21503:0526/170955.263174:INFO:CONSOLE:79] "%c action %cSET_JW_VIDEO_PLAYER_CURRENT_VIDEO_TIME %c@ 17:09:55.262 color: gray; font-weight: lighter; color: inherit; color: gray; font-weight: lighter;", source: https://test.highloka.com/_next/static/chunks/pages/_app-4e0a347dc425d5bf.js (79)
[21503:21503:0526/170955.263257:INFO:CONSOLE:79] "%c prev state color: #9E9E9E; font-weight: bold [object Object]", source: https://test.highloka.com/_next/static/chunks/pages/_app-4e0a347dc425d5bf.js (79)
[21503:21503:0526/170955.263389:INFO:CONSOLE:79] "%c action     color: #03A9F4; font-weight: bold [object Object]", source: https://test.highloka.com/_next/static/chunks/pages/_app-4e0a347dc425d5bf.js (79)
[21503:21503:0526/170955.263501:INFO:CONSOLE:79] "%c next state color: #4CAF50; font-weight: bold [object Object]", source: https://test.highloka.com/_next/static/chunks/pages/_app-4e0a347dc425d5bf.js (79)
[21503:21503:0526/170955.263595:INFO:CONSOLE:79] "console.groupEnd", source: https://test.highloka.com/_next/static/chunks/pages/_app-4e0a347dc425d5bf.js (79)
[21503:21503:0526/170955.265336:INFO:CONSOLE:1] "ReactHlsPlayerComponent this.props play", source: https://test.highloka.com/_next/static/chunks/pages/concerts/%5Bslug%5D/arena-1595f5991389ce40.js (1)
[21503:21503:0526/170955.528147:INFO:CONSOLE:79] "%c action %cSET_JW_VIDEO_PLAYER_CURRENT_VIDEO_TIME %c@ 17:09:55.527 color: gray; font-weight: lighter; color: inherit; color: gray; font-weight: lighter;", source: https://test.highloka.com/_next/static/chunks/pages/_app-4e0a347dc425d5bf.js (79)
[21503:21503:0526/170955.528248:INFO:CONSOLE:79] "%c prev state color: #9E9E9E; font-weight: bold [object Object]", source: https://test.highloka.com/_next/static/chunks/pages/_app-4e0a347dc425d5bf.js (79)
[21503:21503:0526/170955.528280:INFO:CONSOLE:79] "%c action     color: #03A9F4; font-weight: bold [object Object]", source: https://test.highloka.com/_next/static/chunks/pages/_app-4e0a347dc425d5bf.js (79)
[21503:21503:0526/170955.528414:INFO:CONSOLE:79] "%c next state color: #4CAF50; font-weight: bold [object Object]", source: https://test.highloka.com/_next/static/chunks/pages/_app-4e0a347dc425d5bf.js (79)
[21503:21503:0526/170955.528504:INFO:CONSOLE:79] "console.groupEnd", source: https://test.highloka.com/_next/static/chunks/pages/_app-4e0a347dc425d5bf.js (79)
[21503:21503:0526/170955.530952:INFO:CONSOLE:1] "ReactHlsPlayerComponent this.props play", source: https://test.highloka.com/_next/static/chunks/pages/concerts/%5Bslug%5D/arena-1595f5991389ce40.js (1)
[21503:21503:0526/170955.794375:INFO:CONSOLE:79] "%c action %cSET_JW_VIDEO_PLAYER_CURRENT_VIDEO_TIME %c@ 17:09:55.793 color: gray; font-weight: lighter; color: inherit; color: gray; font-weight: lighter;", source: https://test.highloka.com/_next/static/chunks/pages/_app-4e0a347dc425d5bf.js (79)
[21503:21503:0526/170955.794469:INFO:CONSOLE:79] "%c prev state color: #9E9E9E; font-weight: bold [object Object]", source: https://test.highloka.com/_next/static/chunks/pages/_app-4e0a347dc425d5bf.js (79)
[21503:21503:0526/170955.794548:INFO:CONSOLE:79] "%c action     color: #03A9F4; font-weight: bold [object Object]", source: https://test.highloka.com/_next/static/chunks/pages/_app-4e0a347dc425d5bf.js (79)
[21503:21503:0526/170955.794643:INFO:CONSOLE:79] "%c next state color: #4CAF50; font-weight: bold [object Object]", source: https://test.highloka.com/_next/static/chunks/pages/_app-4e0a347dc425d5bf.js (79)
[21503:21503:0526/170955.794804:INFO:CONSOLE:79] "console.groupEnd", source: https://test.highloka.com/_next/static/chunks/pages/_app-4e0a347dc425d5bf.js (79)
[21503:21503:0526/170955.798908:INFO:CONSOLE:1] "ReactHlsPlayerComponent this.props play", source: https://test.highloka.com/_next/static/chunks/pages/concerts/%5Bslug%5D/arena-1595f5991389ce40.js (1)
[21503:21503:0526/170956.062194:INFO:CONSOLE:79] "%c action %cSET_JW_VIDEO_PLAYER_CURRENT_VIDEO_TIME %c@ 17:09:56.059 color: gray; font-weight: lighter; color: inherit; color: gray; font-weight: lighter;", source: https://test.highloka.com/_next/static/chunks/pages/_app-4e0a347dc425d5bf.js (79)
[21503:21503:0526/170956.068443:INFO:CONSOLE:79] "%c prev state color: #9E9E9E; font-weight: bold [object Object]", source: https://test.highloka.com/_next/static/chunks/pages/_app-4e0a347dc425d5bf.js (79)
[21503:21503:0526/170956.068583:INFO:CONSOLE:79] "%c action     color: #03A9F4; font-weight: bold [object Object]", source: https://test.highloka.com/_next/static/chunks/pages/_app-4e0a347dc425d5bf.js (79)
[21503:21503:0526/170956.068697:INFO:CONSOLE:79] "%c next state color: #4CAF50; font-weight: bold [object Object]", source: https://test.highloka.com/_next/static/chunks/pages/_app-4e0a347dc425d5bf.js (79)
[21503:21503:0526/170956.068754:INFO:CONSOLE:79] "console.groupEnd", source: https://test.highloka.com/_next/static/chunks/pages/_app-4e0a347dc425d5bf.js (79)
[21503:21503:0526/170956.068836:INFO:CONSOLE:1] "ReactHlsPlayerComponent this.props play", source: https://test.highloka.com/_next/static/chunks/pages/concerts/%5Bslug%5D/arena-1595f5991389ce40.js (1)
[21503:21503:0526/170956.324991:INFO:CONSOLE:79] "%c action %cSET_JW_VIDEO_PLAYER_CURRENT_VIDEO_TIME %c@ 17:09:56.324 color: gray; font-weight: lighter; color: inherit; color: gray; font-weight: lighter;", source: https://test.highloka.com/_next/static/chunks/pages/_app-4e0a347dc425d5bf.js (79)
[21503:21503:0526/170956.325062:INFO:CONSOLE:79] "%c prev state color: #9E9E9E; font-weight: bold [object Object]", source: https://test.highloka.com/_next/static/chunks/pages/_app-4e0a347dc425d5bf.js (79)
[21503:21503:0526/170956.325118:INFO:CONSOLE:79] "%c action     color: #03A9F4; font-weight: bold [object Object]", source: https://test.highloka.com/_next/static/chunks/pages/_app-4e0a347dc425d5bf.js (79)
[21503:21503:0526/170956.325168:INFO:CONSOLE:79] "%c next state color: #4CAF50; font-weight: bold [object Object]", source: https://test.highloka.com/_next/static/chunks/pages/_app-4e0a347dc425d5bf.js (79)
[21503:21503:0526/170956.325247:INFO:CONSOLE:79] "console.groupEnd", source: https://test.highloka.com/_next/static/chunks/pages/_app-4e0a347dc425d5bf.js (79)
[21503:21503:0526/170956.327809:INFO:CONSOLE:1] "ReactHlsPlayerComponent this.props play", source: https://test.highloka.com/_next/static/chunks/pages/concerts/%5Bslug%5D/arena-1595f5991389ce40.js (1)
[21503:21503:0526/170956.536485:INFO:CONSOLE:79] "%c action %cSHOW_AUTO_HIDDEN_ES_VIDEO_PLAYER_CONTROLS %c@ 17:09:56.535 color: gray; font-weight: lighter; color: inherit; color: gray; font-weight: lighter;", source: https://test.highloka.com/_next/static/chunks/pages/_app-4e0a347dc425d5bf.js (79)
[21503:21503:0526/170956.536631:INFO:CONSOLE:79] "%c prev state color: #9E9E9E; font-weight: bold [object Object]", source: https://test.highloka.com/_next/static/chunks/pages/_app-4e0a347dc425d5bf.js (79)
[21503:21503:0526/170956.536659:INFO:CONSOLE:79] "%c action     color: #03A9F4; font-weight: bold [object Object]", source: https://test.highloka.com/_next/static/chunks/pages/_app-4e0a347dc425d5bf.js (79)
[21503:21503:0526/170956.536671:INFO:CONSOLE:79] "%c next state color: #4CAF50; font-weight: bold [object Object]", source: https://test.highloka.com/_next/static/chunks/pages/_app-4e0a347dc425d5bf.js (79)
[21503:21503:0526/170956.536695:INFO:CONSOLE:79] "console.groupEnd", source: https://test.highloka.com/_next/static/chunks/pages/_app-4e0a347dc425d5bf.js (79)
[21503:21503:0526/170956.536812:INFO:CONSOLE:67] "Showing Controls. ", source: https://test.highloka.com/_next/static/chunks/pages/_app-4e0a347dc425d5bf.js (67)
[21503:21503:0526/170956.537190:INFO:CONSOLE:67] "Showing Controls. ", source: https://test.highloka.com/_next/static/chunks/pages/_app-4e0a347dc425d5bf.js (67)
[21503:21503:0526/170956.537326:INFO:CONSOLE:1] "ReactHlsPlayerComponent this.props play", source: https://test.highloka.com/_next/static/chunks/pages/concerts/%5Bslug%5D/arena-1595f5991389ce40.js (1)
[21503:21503:0526/170956.558641:INFO:CONSOLE:79] "%c action %cSHOW_AUTO_HIDDEN_ES_VIDEO_PLAYER_CONTROLS %c@ 17:09:56.557 color: gray; font-weight: lighter; color: inherit; color: gray; font-weight: lighter;", source: https://test.highloka.com/_next/static/chunks/pages/_app-4e0a347dc425d5bf.js (79)
[21503:21503:0526/170956.558795:INFO:CONSOLE:79] "%c prev state color: #9E9E9E; font-weight: bold [object Object]", source: https://test.highloka.com/_next/static/chunks/pages/_app-4e0a347dc425d5bf.js (79)
[21503:21503:0526/170956.558840:INFO:CONSOLE:79] "%c action     color: #03A9F4; font-weight: bold [object Object]", source: https://test.highloka.com/_next/static/chunks/pages/_app-4e0a347dc425d5bf.js (79)
[21503:21503:0526/170956.558906:INFO:CONSOLE:79] "%c next state color: #4CAF50; font-weight: bold [object Object]", source: https://test.highloka.com/_next/static/chunks/pages/_app-4e0a347dc425d5bf.js (79)
[21503:21503:0526/170956.558993:INFO:CONSOLE:79] "console.groupEnd", source: https://test.highloka.com/_next/static/chunks/pages/_app-4e0a347dc425d5bf.js (79)
[21503:21503:0526/170956.559200:INFO:CONSOLE:67] "Showing Controls. ", source: https://test.highloka.com/_next/static/chunks/pages/_app-4e0a347dc425d5bf.js (67)
[21503:21503:0526/170956.559402:INFO:CONSOLE:67] "Showing Controls. ", source: https://test.highloka.com/_next/static/chunks/pages/_app-4e0a347dc425d5bf.js (67)
[21503:21503:0526/170956.559895:INFO:CONSOLE:1] "ReactHlsPlayerComponent this.props play", source: https://test.highloka.com/_next/static/chunks/pages/concerts/%5Bslug%5D/arena-1595f5991389ce40.js (1)
[21503:21503:0526/170956.568746:INFO:CONSOLE:79] "%c action %cSHOW_AUTO_HIDDEN_ES_VIDEO_PLAYER_CONTROLS %c@ 17:09:56.568 color: gray; font-weight: lighter; color: inherit; color: gray; font-weight: lighter;", source: https://test.highloka.com/_next/static/chunks/pages/_app-4e0a347dc425d5bf.js (79)
[21503:21503:0526/170956.568930:INFO:CONSOLE:79] "%c prev state color: #9E9E9E; font-weight: bold [object Object]", source: https://test.highloka.com/_next/static/chunks/pages/_app-4e0a347dc425d5bf.js (79)
[21503:21503:0526/170956.569111:INFO:CONSOLE:79] "%c action     color: #03A9F4; font-weight: bold [object Object]", source: https://test.highloka.com/_next/static/chunks/pages/_app-4e0a347dc425d5bf.js (79)
[21503:21503:0526/170956.569334:INFO:CONSOLE:79] "%c next state color: #4CAF50; font-weight: bold [object Object]", source: https://test.highloka.com/_next/static/chunks/pages/_app-4e0a347dc425d5bf.js (79)
[21503:21503:0526/170956.569505:INFO:CONSOLE:79] "console.groupEnd", source: https://test.highloka.com/_next/static/chunks/pages/_app-4e0a347dc425d5bf.js (79)
[21503:21503:0526/170956.569808:INFO:CONSOLE:67] "Showing Controls. ", source: https://test.highloka.com/_next/static/chunks/pages/_app-4e0a347dc425d5bf.js (67)
[21503:21503:0526/170956.570093:INFO:CONSOLE:67] "Showing Controls. ", source: https://test.highloka.com/_next/static/chunks/pages/_app-4e0a347dc425d5bf.js (67)
[21503:21503:0526/170956.570815:INFO:CONSOLE:1] "ReactHlsPlayerComponent this.props play", source: https://test.highloka.com/_next/static/chunks/pages/concerts/%5Bslug%5D/arena-1595f5991389ce40.js (1)
[21503:21503:0526/170956.593072:INFO:CONSOLE:79] "%c action %cSET_JW_VIDEO_PLAYER_CURRENT_VIDEO_TIME %c@ 17:09:56.591 color: gray; font-weight: lighter; color: inherit; color: gray; font-weight: lighter;", source: https://test.highloka.com/_next/static/chunks/pages/_app-4e0a347dc425d5bf.js (79)
[21503:21503:0526/170956.594003:INFO:CONSOLE:79] "%c prev state color: #9E9E9E; font-weight: bold [object Object]", source: https://test.highloka.com/_next/static/chunks/pages/_app-4e0a347dc425d5bf.js (79)
[21503:21503:0526/170956.594700:INFO:CONSOLE:79] "%c action     color: #03A9F4; font-weight: bold [object Object]", source: https://test.highloka.com/_next/static/chunks/pages/_app-4e0a347dc425d5bf.js (79)
[21503:21503:0526/170956.595418:INFO:CONSOLE:79] "%c next state color: #4CAF50; font-weight: bold [object Object]", source: https://test.highloka.com/_next/static/chunks/pages/_app-4e0a347dc425d5bf.js (79)
[21503:21503:0526/170956.595962:INFO:CONSOLE:79] "console.groupEnd", source: https://test.highloka.com/_next/static/chunks/pages/_app-4e0a347dc425d5bf.js (79)
[21503:21503:0526/170956.608952:INFO:CONSOLE:1] "ReactHlsPlayerComponent this.props play", source: https://test.highloka.com/_next/static/chunks/pages/concerts/%5Bslug%5D/arena-1595f5991389ce40.js (1)
[21503:21503:0526/170956.609485:INFO:CONSOLE:79] "%c action %cSHOW_AUTO_HIDDEN_ES_VIDEO_PLAYER_CONTROLS %c@ 17:09:56.608 color: gray; font-weight: lighter; color: inherit; color: gray; font-weight: lighter;", source: https://test.highloka.com/_next/static/chunks/pages/_app-4e0a347dc425d5bf.js (79)
[21503:21503:0526/170956.610287:INFO:CONSOLE:79] "%c prev state color: #9E9E9E; font-weight: bold [object Object]", source: https://test.highloka.com/_next/static/chunks/pages/_app-4e0a347dc425d5bf.js (79)
[21503:21503:0526/170956.610691:INFO:CONSOLE:79] "%c action     color: #03A9F4; font-weight: bold [object Object]", source: https://test.highloka.com/_next/static/chunks/pages/_app-4e0a347dc425d5bf.js (79)
[21503:21503:0526/170956.610854:INFO:CONSOLE:79] "%c next state color: #4CAF50; font-weight: bold [object Object]", source: https://test.highloka.com/_next/static/chunks/pages/_app-4e0a347dc425d5bf.js (79)
[21503:21503:0526/170956.611111:INFO:CONSOLE:79] "console.groupEnd", source: https://test.highloka.com/_next/static/chunks/pages/_app-4e0a347dc425d5bf.js (79)
[21503:21503:0526/170956.611585:INFO:CONSOLE:67] "Showing Controls. ", source: https://test.highloka.com/_next/static/chunks/pages/_app-4e0a347dc425d5bf.js (67)
[21503:21503:0526/170956.611817:INFO:CONSOLE:67] "Showing Controls. ", source: https://test.highloka.com/_next/static/chunks/pages/_app-4e0a347dc425d5bf.js (67)
[21503:21503:0526/170956.613623:INFO:CONSOLE:1] "ReactHlsPlayerComponent this.props play", source: https://test.highloka.com/_next/static/chunks/pages/concerts/%5Bslug%5D/arena-1595f5991389ce40.js (1)
[21503:21503:0526/170956.619290:INFO:CONSOLE:79] "%c action %cSHOW_AUTO_HIDDEN_ES_VIDEO_PLAYER_CONTROLS %c@ 17:09:56.617 color: gray; font-weight: lighter; color: inherit; color: gray; font-weight: lighter;", source: https://test.highloka.com/_next/static/chunks/pages/_app-4e0a347dc425d5bf.js (79)
[21503:21503:0526/170956.619499:INFO:CONSOLE:79] "%c prev state color: #9E9E9E; font-weight: bold [object Object]", source: https://test.highloka.com/_next/static/chunks/pages/_app-4e0a347dc425d5bf.js (79)
[21503:21503:0526/170956.620374:INFO:CONSOLE:79] "%c action     color: #03A9F4; font-weight: bold [object Object]", source: https://test.highloka.com/_next/static/chunks/pages/_app-4e0a347dc425d5bf.js (79)
[21503:21503:0526/170956.620538:INFO:CONSOLE:79] "%c next state color: #4CAF50; font-weight: bold [object Object]", source: https://test.highloka.com/_next/static/chunks/pages/_app-4e0a347dc425d5bf.js (79)
[21503:21503:0526/170956.620614:INFO:CONSOLE:79] "console.groupEnd", source: https://test.highloka.com/_next/static/chunks/pages/_app-4e0a347dc425d5bf.js (79)
[21503:21503:0526/170956.620695:INFO:CONSOLE:67] "Showing Controls. ", source: https://test.highloka.com/_next/static/chunks/pages/_app-4e0a347dc425d5bf.js (67)
[21503:21503:0526/170956.620761:INFO:CONSOLE:67] "Showing Controls. ", source: https://test.highloka.com/_next/static/chunks/pages/_app-4e0a347dc425d5bf.js (67)
[21503:21503:0526/170956.621674:INFO:CONSOLE:1] "ReactHlsPlayerComponent this.props play", source: https://test.highloka.com/_next/static/chunks/pages/concerts/%5Bslug%5D/arena-1595f5991389ce40.js (1)
[21503:21503:0526/170956.638872:INFO:CONSOLE:79] "%c action %cSHOW_AUTO_HIDDEN_ES_VIDEO_PLAYER_CONTROLS %c@ 17:09:56.637 color: gray; font-weight: lighter; color: inherit; color: gray; font-weight: lighter;", source: https://test.highloka.com/_next/static/chunks/pages/_app-4e0a347dc425d5bf.js (79)
[21503:21503:0526/170956.639196:INFO:CONSOLE:79] "%c prev state color: #9E9E9E; font-weight: bold [object Object]", source: https://test.highloka.com/_next/static/chunks/pages/_app-4e0a347dc425d5bf.js (79)
[21503:21503:0526/170956.639700:INFO:CONSOLE:79] "%c action     color: #03A9F4; font-weight: bold [object Object]", source: https://test.highloka.com/_next/static/chunks/pages/_app-4e0a347dc425d5bf.js (79)
[21503:21503:0526/170956.639962:INFO:CONSOLE:79] "%c next state color: #4CAF50; font-weight: bold [object Object]", source: https://test.highloka.com/_next/static/chunks/pages/_app-4e0a347dc425d5bf.js (79)
[21503:21503:0526/170956.640230:INFO:CONSOLE:79] "console.groupEnd", source: https://test.highloka.com/_next/static/chunks/pages/_app-4e0a347dc425d5bf.js (79)
[21503:21503:0526/170956.640647:INFO:CONSOLE:67] "Showing Controls. ", source: https://test.highloka.com/_next/static/chunks/pages/_app-4e0a347dc425d5bf.js (67)
[21503:21503:0526/170956.641046:INFO:CONSOLE:67] "Showing Controls. ", source: https://test.highloka.com/_next/static/chunks/pages/_app-4e0a347dc425d5bf.js (67)
[21503:21503:0526/170956.642169:INFO:CONSOLE:1] "ReactHlsPlayerComponent this.props play", source: https://test.highloka.com/_next/static/chunks/pages/concerts/%5Bslug%5D/arena-1595f5991389ce40.js (1)
[21503:21503:0526/170956.652987:INFO:CONSOLE:79] "%c action %cSHOW_AUTO_HIDDEN_ES_VIDEO_PLAYER_CONTROLS %c@ 17:09:56.652 color: gray; font-weight: lighter; color: inherit; color: gray; font-weight: lighter;", source: https://test.highloka.com/_next/static/chunks/pages/_app-4e0a347dc425d5bf.js (79)
[21503:21503:0526/170956.653136:INFO:CONSOLE:79] "%c prev state color: #9E9E9E; font-weight: bold [object Object]", source: https://test.highloka.com/_next/static/chunks/pages/_app-4e0a347dc425d5bf.js (79)
[21503:21503:0526/170956.653224:INFO:CONSOLE:79] "%c action     color: #03A9F4; font-weight: bold [object Object]", source: https://test.highloka.com/_next/static/chunks/pages/_app-4e0a347dc425d5bf.js (79)
[21503:21503:0526/170956.653631:INFO:CONSOLE:79] "%c next state color: #4CAF50; font-weight: bold [object Object]", source: https://test.highloka.com/_next/static/chunks/pages/_app-4e0a347dc425d5bf.js (79)
[21503:21503:0526/170956.653754:INFO:CONSOLE:79] "console.groupEnd", source: https://test.highloka.com/_next/static/chunks/pages/_app-4e0a347dc425d5bf.js (79)
[21503:21503:0526/170956.654078:INFO:CONSOLE:67] "Showing Controls. ", source: https://test.highloka.com/_next/static/chunks/pages/_app-4e0a347dc425d5bf.js (67)
[21503:21503:0526/170956.654286:INFO:CONSOLE:67] "Showing Controls. ", source: https://test.highloka.com/_next/static/chunks/pages/_app-4e0a347dc425d5bf.js (67)
[21503:21503:0526/170956.655080:INFO:CONSOLE:1] "ReactHlsPlayerComponent this.props play", source: https://test.highloka.com/_next/static/chunks/pages/concerts/%5Bslug%5D/arena-1595f5991389ce40.js (1)
[21503:21503:0526/170956.668630:INFO:CONSOLE:79] "%c action %cSHOW_AUTO_HIDDEN_ES_VIDEO_PLAYER_CONTROLS %c@ 17:09:56.667 color: gray; font-weight: lighter; color: inherit; color: gray; font-weight: lighter;", source: https://test.highloka.com/_next/static/chunks/pages/_app-4e0a347dc425d5bf.js (79)
[21503:21503:0526/170956.668806:INFO:CONSOLE:79] "%c prev state color: #9E9E9E; font-weight: bold [object Object]", source: https://test.highloka.com/_next/static/chunks/pages/_app-4e0a347dc425d5bf.js (79)
[21503:21503:0526/170956.669121:INFO:CONSOLE:79] "%c action     color: #03A9F4; font-weight: bold [object Object]", source: https://test.highloka.com/_next/static/chunks/pages/_app-4e0a347dc425d5bf.js (79)
[21503:21503:0526/170956.669456:INFO:CONSOLE:79] "%c next state color: #4CAF50; font-weight: bold [object Object]", source: https://test.highloka.com/_next/static/chunks/pages/_app-4e0a347dc425d5bf.js (79)
[21503:21503:0526/170956.670109:INFO:CONSOLE:79] "console.groupEnd", source: https://test.highloka.com/_next/static/chunks/pages/_app-4e0a347dc425d5bf.js (79)
[21503:21503:0526/170956.670241:INFO:CONSOLE:67] "Showing Controls. ", source: https://test.highloka.com/_next/static/chunks/pages/_app-4e0a347dc425d5bf.js (67)
[21503:21503:0526/170956.670609:INFO:CONSOLE:67] "Showing Controls. ", source: https://test.highloka.com/_next/static/chunks/pages/_app-4e0a347dc425d5bf.js (67)
[21503:21503:0526/170956.671522:INFO:CONSOLE:1] "ReactHlsPlayerComponent this.props play", source: https://test.highloka.com/_next/static/chunks/pages/concerts/%5Bslug%5D/arena-1595f5991389ce40.js (1)
[21503:21503:0526/170956.696393:INFO:CONSOLE:79] "%c action %cSHOW_AUTO_HIDDEN_ES_VIDEO_PLAYER_CONTROLS %c@ 17:09:56.691 color: gray; font-weight: lighter; color: inherit; color: gray; font-weight: lighter;", source: https://test.highloka.com/_next/static/chunks/pages/_app-4e0a347dc425d5bf.js (79)
[21503:21503:0526/170956.697350:INFO:CONSOLE:79] "%c prev state color: #9E9E9E; font-weight: bold [object Object]", source: https://test.highloka.com/_next/static/chunks/pages/_app-4e0a347dc425d5bf.js (79)
[21503:21503:0526/170956.697510:INFO:CONSOLE:79] "%c action     color: #03A9F4; font-weight: bold [object Object]", source: https://test.highloka.com/_next/static/chunks/pages/_app-4e0a347dc425d5bf.js (79)
[21503:21503:0526/170956.697608:INFO:CONSOLE:79] "%c next state color: #4CAF50; font-weight: bold [object Object]", source: https://test.highloka.com/_next/static/chunks/pages/_app-4e0a347dc425d5bf.js (79)
[21503:21503:0526/170956.697671:INFO:CONSOLE:79] "console.groupEnd", source: https://test.highloka.com/_next/static/chunks/pages/_app-4e0a347dc425d5bf.js (79)
[21503:21503:0526/170956.697744:INFO:CONSOLE:67] "Showing Controls. ", source: https://test.highloka.com/_next/static/chunks/pages/_app-4e0a347dc425d5bf.js (67)
[21503:21503:0526/170956.697803:INFO:CONSOLE:67] "Showing Controls. ", source: https://test.highloka.com/_next/static/chunks/pages/_app-4e0a347dc425d5bf.js (67)
[21503:21503:0526/170956.697859:INFO:CONSOLE:1] "ReactHlsPlayerComponent this.props play", source: https://test.highloka.com/_next/static/chunks/pages/concerts/%5Bslug%5D/arena-1595f5991389ce40.js (1)
[21503:21503:0526/170956.704722:INFO:CONSOLE:79] "%c action %cSHOW_AUTO_HIDDEN_ES_VIDEO_PLAYER_CONTROLS %c@ 17:09:56.703 color: gray; font-weight: lighter; color: inherit; color: gray; font-weight: lighter;", source: https://test.highloka.com/_next/static/chunks/pages/_app-4e0a347dc425d5bf.js (79)
[21503:21503:0526/170956.704976:INFO:CONSOLE:79] "%c prev state color: #9E9E9E; font-weight: bold [object Object]", source: https://test.highloka.com/_next/static/chunks/pages/_app-4e0a347dc425d5bf.js (79)
[21503:21503:0526/170956.705339:INFO:CONSOLE:79] "%c action     color: #03A9F4; font-weight: bold [object Object]", source: https://test.highloka.com/_next/static/chunks/pages/_app-4e0a347dc425d5bf.js (79)
[21503:21503:0526/170956.706792:INFO:CONSOLE:79] "%c next state color: #4CAF50; font-weight: bold [object Object]", source: https://test.highloka.com/_next/static/chunks/pages/_app-4e0a347dc425d5bf.js (79)
[21503:21503:0526/170956.706951:INFO:CONSOLE:79] "console.groupEnd", source: https://test.highloka.com/_next/static/chunks/pages/_app-4e0a347dc425d5bf.js (79)
[21503:21503:0526/170956.709654:INFO:CONSOLE:67] "Showing Controls. ", source: https://test.highloka.com/_next/static/chunks/pages/_app-4e0a347dc425d5bf.js (67)
[21503:21503:0526/170956.709851:INFO:CONSOLE:67] "Showing Controls. ", source: https://test.highloka.com/_next/static/chunks/pages/_app-4e0a347dc425d5bf.js (67)
[21503:21503:0526/170956.710116:INFO:CONSOLE:1] "ReactHlsPlayerComponent this.props play", source: https://test.highloka.com/_next/static/chunks/pages/concerts/%5Bslug%5D/arena-1595f5991389ce40.js (1)
[21503:21503:0526/170956.719028:INFO:CONSOLE:79] "%c action %cSHOW_AUTO_HIDDEN_ES_VIDEO_PLAYER_CONTROLS %c@ 17:09:56.718 color: gray; font-weight: lighter; color: inherit; color: gray; font-weight: lighter;", source: https://test.highloka.com/_next/static/chunks/pages/_app-4e0a347dc425d5bf.js (79)
[21503:21503:0526/170956.719328:INFO:CONSOLE:79] "%c prev state color: #9E9E9E; font-weight: bold [object Object]", source: https://test.highloka.com/_next/static/chunks/pages/_app-4e0a347dc425d5bf.js (79)
[21503:21503:0526/170956.719448:INFO:CONSOLE:79] "%c action     color: #03A9F4; font-weight: bold [object Object]", source: https://test.highloka.com/_next/static/chunks/pages/_app-4e0a347dc425d5bf.js (79)
[21503:21503:0526/170956.719530:INFO:CONSOLE:79] "%c next state color: #4CAF50; font-weight: bold [object Object]", source: https://test.highloka.com/_next/static/chunks/pages/_app-4e0a347dc425d5bf.js (79)
[21503:21503:0526/170956.719717:INFO:CONSOLE:79] "console.groupEnd", source: https://test.highloka.com/_next/static/chunks/pages/_app-4e0a347dc425d5bf.js (79)
[21503:21503:0526/170956.719948:INFO:CONSOLE:67] "Showing Controls. ", source: https://test.highloka.com/_next/static/chunks/pages/_app-4e0a347dc425d5bf.js (67)
[21503:21503:0526/170956.720198:INFO:CONSOLE:67] "Showing Controls. ", source: https://test.highloka.com/_next/static/chunks/pages/_app-4e0a347dc425d5bf.js (67)
[21503:21503:0526/170956.720892:INFO:CONSOLE:1] "ReactHlsPlayerComponent this.props play", source: https://test.highloka.com/_next/static/chunks/pages/concerts/%5Bslug%5D/arena-1595f5991389ce40.js (1)
[21503:21503:0526/170956.737734:INFO:CONSOLE:79] "%c action %cSHOW_AUTO_HIDDEN_ES_VIDEO_PLAYER_CONTROLS %c@ 17:09:56.737 color: gray; font-weight: lighter; color: inherit; color: gray; font-weight: lighter;", source: https://test.highloka.com/_next/static/chunks/pages/_app-4e0a347dc425d5bf.js (79)
[21503:21503:0526/170956.738326:INFO:CONSOLE:79] "%c prev state color: #9E9E9E; font-weight: bold [object Object]", source: https://test.highloka.com/_next/static/chunks/pages/_app-4e0a347dc425d5bf.js (79)
[21503:21503:0526/170956.738396:INFO:CONSOLE:79] "%c action     color: #03A9F4; font-weight: bold [object Object]", source: https://test.highloka.com/_next/static/chunks/pages/_app-4e0a347dc425d5bf.js (79)
[21503:21503:0526/170956.738418:INFO:CONSOLE:79] "%c next state color: #4CAF50; font-weight: bold [object Object]", source: https://test.highloka.com/_next/static/chunks/pages/_app-4e0a347dc425d5bf.js (79)
[21503:21503:0526/170956.738439:INFO:CONSOLE:79] "console.groupEnd", source: https://test.highloka.com/_next/static/chunks/pages/_app-4e0a347dc425d5bf.js (79)
[21503:21503:0526/170956.738459:INFO:CONSOLE:67] "Showing Controls. ", source: https://test.highloka.com/_next/static/chunks/pages/_app-4e0a347dc425d5bf.js (67)
[21503:21503:0526/170956.738684:INFO:CONSOLE:67] "Showing Controls. ", source: https://test.highloka.com/_next/static/chunks/pages/_app-4e0a347dc425d5bf.js (67)
[21503:21503:0526/170956.739654:INFO:CONSOLE:1] "ReactHlsPlayerComponent this.props play", source: https://test.highloka.com/_next/static/chunks/pages/concerts/%5Bslug%5D/arena-1595f5991389ce40.js (1)
[21503:21503:0526/170956.752243:INFO:CONSOLE:79] "%c action %cSHOW_AUTO_HIDDEN_ES_VIDEO_PLAYER_CONTROLS %c@ 17:09:56.751 color: gray; font-weight: lighter; color: inherit; color: gray; font-weight: lighter;", source: https://test.highloka.com/_next/static/chunks/pages/_app-4e0a347dc425d5bf.js (79)
[21503:21503:0526/170956.752313:INFO:CONSOLE:79] "%c prev state color: #9E9E9E; font-weight: bold [object Object]", source: https://test.highloka.com/_next/static/chunks/pages/_app-4e0a347dc425d5bf.js (79)
[21503:21503:0526/170956.752345:INFO:CONSOLE:79] "%c action     color: #03A9F4; font-weight: bold [object Object]", source: https://test.highloka.com/_next/static/chunks/pages/_app-4e0a347dc425d5bf.js (79)
[21503:21503:0526/170956.752411:INFO:CONSOLE:79] "%c next state color: #4CAF50; font-weight: bold [object Object]", source: https://test.highloka.com/_next/static/chunks/pages/_app-4e0a347dc425d5bf.js (79)
[21503:21503:0526/170956.752447:INFO:CONSOLE:79] "console.groupEnd", source: https://test.highloka.com/_next/static/chunks/pages/_app-4e0a347dc425d5bf.js (79)
[21503:21503:0526/170956.752535:INFO:CONSOLE:67] "Showing Controls. ", source: https://test.highloka.com/_next/static/chunks/pages/_app-4e0a347dc425d5bf.js (67)
[21503:21503:0526/170956.752609:INFO:CONSOLE:67] "Showing Controls. ", source: https://test.highloka.com/_next/static/chunks/pages/_app-4e0a347dc425d5bf.js (67)
[21503:21503:0526/170956.752841:INFO:CONSOLE:1] "ReactHlsPlayerComponent this.props play", source: https://test.highloka.com/_next/static/chunks/pages/concerts/%5Bslug%5D/arena-1595f5991389ce40.js (1)
[21503:21503:0526/170956.770638:INFO:CONSOLE:79] "%c action %cSHOW_AUTO_HIDDEN_ES_VIDEO_PLAYER_CONTROLS %c@ 17:09:56.769 color: gray; font-weight: lighter; color: inherit; color: gray; font-weight: lighter;", source: https://test.highloka.com/_next/static/chunks/pages/_app-4e0a347dc425d5bf.js (79)
[21503:21503:0526/170956.770942:INFO:CONSOLE:79] "%c prev state color: #9E9E9E; font-weight: bold [object Object]", source: https://test.highloka.com/_next/static/chunks/pages/_app-4e0a347dc425d5bf.js (79)
[21503:21503:0526/170956.771115:INFO:CONSOLE:79] "%c action     color: #03A9F4; font-weight: bold [object Object]", source: https://test.highloka.com/_next/static/chunks/pages/_app-4e0a347dc425d5bf.js (79)
[21503:21503:0526/170956.771234:INFO:CONSOLE:79] "%c next state color: #4CAF50; font-weight: bold [object Object]", source: https://test.highloka.com/_next/static/chunks/pages/_app-4e0a347dc425d5bf.js (79)
[21503:21503:0526/170956.771324:INFO:CONSOLE:79] "console.groupEnd", source: https://test.highloka.com/_next/static/chunks/pages/_app-4e0a347dc425d5bf.js (79)
[21503:21503:0526/170956.771498:INFO:CONSOLE:67] "Showing Controls. ", source: https://test.highloka.com/_next/static/chunks/pages/_app-4e0a347dc425d5bf.js (67)
[21503:21503:0526/170956.771664:INFO:CONSOLE:67] "Showing Controls. ", source: https://test.highloka.com/_next/static/chunks/pages/_app-4e0a347dc425d5bf.js (67)
[21503:21503:0526/170956.772052:INFO:CONSOLE:1] "ReactHlsPlayerComponent this.props play", source: https://test.highloka.com/_next/static/chunks/pages/concerts/%5Bslug%5D/arena-1595f5991389ce40.js (1)
[21503:21503:0526/170956.773801:INFO:CONSOLE:79] "%c action %cSHOW_AUTO_HIDDEN_ES_VIDEO_PLAYER_CONTROLS %c@ 17:09:56.772 color: gray; font-weight: lighter; color: inherit; color: gray; font-weight: lighter;", source: https://test.highloka.com/_next/static/chunks/pages/_app-4e0a347dc425d5bf.js (79)
[21503:21503:0526/170956.774563:INFO:CONSOLE:79] "%c prev state color: #9E9E9E; font-weight: bold [object Object]", source: https://test.highloka.com/_next/static/chunks/pages/_app-4e0a347dc425d5bf.js (79)
[21503:21503:0526/170956.774656:INFO:CONSOLE:79] "%c action     color: #03A9F4; font-weight: bold [object Object]", source: https://test.highloka.com/_next/static/chunks/pages/_app-4e0a347dc425d5bf.js (79)
[21503:21503:0526/170956.774686:INFO:CONSOLE:79] "%c next state color: #4CAF50; font-weight: bold [object Object]", source: https://test.highloka.com/_next/static/chunks/pages/_app-4e0a347dc425d5bf.js (79)
[21503:21503:0526/170956.774717:INFO:CONSOLE:79] "console.groupEnd", source: https://test.highloka.com/_next/static/chunks/pages/_app-4e0a347dc425d5bf.js (79)
[21503:21503:0526/170956.774783:INFO:CONSOLE:67] "Showing Controls. ", source: https://test.highloka.com/_next/static/chunks/pages/_app-4e0a347dc425d5bf.js (67)
[21503:21503:0526/170956.774811:INFO:CONSOLE:67] "Showing Controls. ", source: https://test.highloka.com/_next/static/chunks/pages/_app-4e0a347dc425d5bf.js (67)
[21503:21503:0526/170956.775361:INFO:CONSOLE:1] "ReactHlsPlayerComponent this.props play", source: https://test.highloka.com/_next/static/chunks/pages/concerts/%5Bslug%5D/arena-1595f5991389ce40.js (1)
[21503:21503:0526/170956.785621:INFO:CONSOLE:79] "%c action %cSHOW_AUTO_HIDDEN_ES_VIDEO_PLAYER_CONTROLS %c@ 17:09:56.785 color: gray; font-weight: lighter; color: inherit; color: gray; font-weight: lighter;", source: https://test.highloka.com/_next/static/chunks/pages/_app-4e0a347dc425d5bf.js (79)
[21503:21503:0526/170956.785762:INFO:CONSOLE:79] "%c prev state color: #9E9E9E; font-weight: bold [object Object]", source: https://test.highloka.com/_next/static/chunks/pages/_app-4e0a347dc425d5bf.js (79)
[21503:21503:0526/170956.786037:INFO:CONSOLE:79] "%c action     color: #03A9F4; font-weight: bold [object Object]", source: https://test.highloka.com/_next/static/chunks/pages/_app-4e0a347dc425d5bf.js (79)
[21503:21503:0526/170956.786155:INFO:CONSOLE:79] "%c next state color: #4CAF50; font-weight: bold [object Object]", source: https://test.highloka.com/_next/static/chunks/pages/_app-4e0a347dc425d5bf.js (79)
[21503:21503:0526/170956.786359:INFO:CONSOLE:79] "console.groupEnd", source: https://test.highloka.com/_next/static/chunks/pages/_app-4e0a347dc425d5bf.js (79)
[21503:21503:0526/170956.786630:INFO:CONSOLE:67] "Showing Controls. ", source: https://test.highloka.com/_next/static/chunks/pages/_app-4e0a347dc425d5bf.js (67)
[21503:21503:0526/170956.787033:INFO:CONSOLE:67] "Showing Controls. ", source: https://test.highloka.com/_next/static/chunks/pages/_app-4e0a347dc425d5bf.js (67)
[21503:21503:0526/170956.787594:INFO:CONSOLE:1] "ReactHlsPlayerComponent this.props play", source: https://test.highloka.com/_next/static/chunks/pages/concerts/%5Bslug%5D/arena-1595f5991389ce40.js (1)
[21503:21503:0526/170956.801549:INFO:CONSOLE:79] "%c action %cSHOW_AUTO_HIDDEN_ES_VIDEO_PLAYER_CONTROLS %c@ 17:09:56.801 color: gray; font-weight: lighter; color: inherit; color: gray; font-weight: lighter;", source: https://test.highloka.com/_next/static/chunks/pages/_app-4e0a347dc425d5bf.js (79)
[21503:21503:0526/170956.801747:INFO:CONSOLE:79] "%c prev state color: #9E9E9E; font-weight: bold [object Object]", source: https://test.highloka.com/_next/static/chunks/pages/_app-4e0a347dc425d5bf.js (79)
[21503:21503:0526/170956.801998:INFO:CONSOLE:79] "%c action     color: #03A9F4; font-weight: bold [object Object]", source: https://test.highloka.com/_next/static/chunks/pages/_app-4e0a347dc425d5bf.js (79)
[21503:21503:0526/170956.802242:INFO:CONSOLE:79] "%c next state color: #4CAF50; font-weight: bold [object Object]", source: https://test.highloka.com/_next/static/chunks/pages/_app-4e0a347dc425d5bf.js (79)
[21503:21503:0526/170956.802514:INFO:CONSOLE:79] "console.groupEnd", source: https://test.highloka.com/_next/static/chunks/pages/_app-4e0a347dc425d5bf.js (79)
[21503:21503:0526/170956.803112:INFO:CONSOLE:67] "Showing Controls. ", source: https://test.highloka.com/_next/static/chunks/pages/_app-4e0a347dc425d5bf.js (67)
[21503:21503:0526/170956.803442:INFO:CONSOLE:67] "Showing Controls. ", source: https://test.highloka.com/_next/static/chunks/pages/_app-4e0a347dc425d5bf.js (67)
[21503:21503:0526/170956.804421:INFO:CONSOLE:1] "ReactHlsPlayerComponent this.props play", source: https://test.highloka.com/_next/static/chunks/pages/concerts/%5Bslug%5D/arena-1595f5991389ce40.js (1)
[21503:21503:0526/170956.822524:INFO:CONSOLE:79] "%c action %cSHOW_AUTO_HIDDEN_ES_VIDEO_PLAYER_CONTROLS %c@ 17:09:56.820 color: gray; font-weight: lighter; color: inherit; color: gray; font-weight: lighter;", source: https://test.highloka.com/_next/static/chunks/pages/_app-4e0a347dc425d5bf.js (79)
[21503:21503:0526/170956.822804:INFO:CONSOLE:79] "%c prev state color: #9E9E9E; font-weight: bold [object Object]", source: https://test.highloka.com/_next/static/chunks/pages/_app-4e0a347dc425d5bf.js (79)
[21503:21503:0526/170956.824445:INFO:CONSOLE:79] "%c action     color: #03A9F4; font-weight: bold [object Object]", source: https://test.highloka.com/_next/static/chunks/pages/_app-4e0a347dc425d5bf.js (79)
[21503:21503:0526/170956.824677:INFO:CONSOLE:79] "%c next state color: #4CAF50; font-weight: bold [object Object]", source: https://test.highloka.com/_next/static/chunks/pages/_app-4e0a347dc425d5bf.js (79)
[21503:21503:0526/170956.828247:INFO:CONSOLE:79] "console.groupEnd", source: https://test.highloka.com/_next/static/chunks/pages/_app-4e0a347dc425d5bf.js (79)
[21503:21503:0526/170956.828706:INFO:CONSOLE:67] "Showing Controls. ", source: https://test.highloka.com/_next/static/chunks/pages/_app-4e0a347dc425d5bf.js (67)
[21503:21503:0526/170956.828823:INFO:CONSOLE:67] "Showing Controls. ", source: https://test.highloka.com/_next/static/chunks/pages/_app-4e0a347dc425d5bf.js (67)
[21503:21503:0526/170956.830887:INFO:CONSOLE:1] "ReactHlsPlayerComponent this.props play", source: https://test.highloka.com/_next/static/chunks/pages/concerts/%5Bslug%5D/arena-1595f5991389ce40.js (1)
[21503:21503:0526/170956.857558:INFO:CONSOLE:79] "%c action %cSET_JW_VIDEO_PLAYER_CURRENT_VIDEO_TIME %c@ 17:09:56.856 color: gray; font-weight: lighter; color: inherit; color: gray; font-weight: lighter;", source: https://test.highloka.com/_next/static/chunks/pages/_app-4e0a347dc425d5bf.js (79)
[21503:21503:0526/170956.857873:INFO:CONSOLE:79] "%c prev state color: #9E9E9E; font-weight: bold [object Object]", source: https://test.highloka.com/_next/static/chunks/pages/_app-4e0a347dc425d5bf.js (79)
[21503:21503:0526/170956.858424:INFO:CONSOLE:79] "%c action     color: #03A9F4; font-weight: bold [object Object]", source: https://test.highloka.com/_next/static/chunks/pages/_app-4e0a347dc425d5bf.js (79)
[21503:21503:0526/170956.858846:INFO:CONSOLE:79] "%c next state color: #4CAF50; font-weight: bold [object Object]", source: https://test.highloka.com/_next/static/chunks/pages/_app-4e0a347dc425d5bf.js (79)
[21503:21503:0526/170956.859261:INFO:CONSOLE:79] "console.groupEnd", source: https://test.highloka.com/_next/static/chunks/pages/_app-4e0a347dc425d5bf.js (79)
[21503:21503:0526/170956.865501:INFO:CONSOLE:1] "ReactHlsPlayerComponent this.props play", source: https://test.highloka.com/_next/static/chunks/pages/concerts/%5Bslug%5D/arena-1595f5991389ce40.js (1)
[21503:21503:0526/170957.125238:INFO:CONSOLE:79] "%c action %cSET_JW_VIDEO_PLAYER_CURRENT_VIDEO_TIME %c@ 17:09:57.124 color: gray; font-weight: lighter; color: inherit; color: gray; font-weight: lighter;", source: https://test.highloka.com/_next/static/chunks/pages/_app-4e0a347dc425d5bf.js (79)
[21503:21503:0526/170957.125597:INFO:CONSOLE:79] "%c prev state color: #9E9E9E; font-weight: bold [object Object]", source: https://test.highloka.com/_next/static/chunks/pages/_app-4e0a347dc425d5bf.js (79)
[21503:21503:0526/170957.127678:INFO:CONSOLE:79] "%c action     color: #03A9F4; font-weight: bold [object Object]", source: https://test.highloka.com/_next/static/chunks/pages/_app-4e0a347dc425d5bf.js (79)
[21503:21503:0526/170957.127815:INFO:CONSOLE:79] "%c next state color: #4CAF50; font-weight: bold [object Object]", source: https://test.highloka.com/_next/static/chunks/pages/_app-4e0a347dc425d5bf.js (79)
[21503:21503:0526/170957.127866:INFO:CONSOLE:79] "console.groupEnd", source: https://test.highloka.com/_next/static/chunks/pages/_app-4e0a347dc425d5bf.js (79)
[21503:21503:0526/170957.131903:INFO:CONSOLE:1] "ReactHlsPlayerComponent this.props play", source: https://test.highloka.com/_next/static/chunks/pages/concerts/%5Bslug%5D/arena-1595f5991389ce40.js (1)
[21503:21503:0526/170957.370643:INFO:CONSOLE:1] "receivedAudienceUserStrip null", source: https://test.highloka.com/_next/static/chunks/pages/concerts/%5Bslug%5D/arena-1595f5991389ce40.js (1)
[21503:21503:0526/170957.371394:INFO:CONSOLE:1] "receivedAudienceUserStrip null", source: https://test.highloka.com/_next/static/chunks/pages/concerts/%5Bslug%5D/arena-1595f5991389ce40.js (1)
[21503:21503:0526/170957.386976:INFO:CONSOLE:79] "%c action %cSET_JW_VIDEO_PLAYER_CURRENT_VIDEO_TIME %c@ 17:09:57.386 color: gray; font-weight: lighter; color: inherit; color: gray; font-weight: lighter;", source: https://test.highloka.com/_next/static/chunks/pages/_app-4e0a347dc425d5bf.js (79)
[21503:21503:0526/170957.387159:INFO:CONSOLE:79] "%c prev state color: #9E9E9E; font-weight: bold [object Object]", source: https://test.highloka.com/_next/static/chunks/pages/_app-4e0a347dc425d5bf.js (79)
[21503:21503:0526/170957.387197:INFO:CONSOLE:79] "%c action     color: #03A9F4; font-weight: bold [object Object]", source: https://test.highloka.com/_next/static/chunks/pages/_app-4e0a347dc425d5bf.js (79)
[21503:21503:0526/170957.387280:INFO:CONSOLE:79] "%c next state color: #4CAF50; font-weight: bold [object Object]", source: https://test.highloka.com/_next/static/chunks/pages/_app-4e0a347dc425d5bf.js (79)
[21503:21503:0526/170957.387383:INFO:CONSOLE:79] "console.groupEnd", source: https://test.highloka.com/_next/static/chunks/pages/_app-4e0a347dc425d5bf.js (79)
[21503:21503:0526/170957.389177:INFO:CONSOLE:1] "ReactHlsPlayerComponent this.props play", source: https://test.highloka.com/_next/static/chunks/pages/concerts/%5Bslug%5D/arena-1595f5991389ce40.js (1)
[21503:21503:0526/170957.655211:INFO:CONSOLE:79] "%c action %cSET_JW_VIDEO_PLAYER_CURRENT_VIDEO_TIME %c@ 17:09:57.653 color: gray; font-weight: lighter; color: inherit; color: gray; font-weight: lighter;", source: https://test.highloka.com/_next/static/chunks/pages/_app-4e0a347dc425d5bf.js (79)
[21503:21503:0526/170957.658375:INFO:CONSOLE:79] "%c prev state color: #9E9E9E; font-weight: bold [object Object]", source: https://test.highloka.com/_next/static/chunks/pages/_app-4e0a347dc425d5bf.js (79)
[21503:21503:0526/170957.662269:INFO:CONSOLE:79] "%c action     color: #03A9F4; font-weight: bold [object Object]", source: https://test.highloka.com/_next/static/chunks/pages/_app-4e0a347dc425d5bf.js (79)
[21503:21503:0526/170957.662483:INFO:CONSOLE:79] "%c next state color: #4CAF50; font-weight: bold [object Object]", source: https://test.highloka.com/_next/static/chunks/pages/_app-4e0a347dc425d5bf.js (79)
[21503:21503:0526/170957.662583:INFO:CONSOLE:79] "console.groupEnd", source: https://test.highloka.com/_next/static/chunks/pages/_app-4e0a347dc425d5bf.js (79)
[21503:21503:0526/170957.671983:INFO:CONSOLE:1] "ReactHlsPlayerComponent this.props play", source: https://test.highloka.com/_next/static/chunks/pages/concerts/%5Bslug%5D/arena-1595f5991389ce40.js (1)
[21503:21503:0526/170957.919994:INFO:CONSOLE:79] "%c action %cSET_JW_VIDEO_PLAYER_CURRENT_VIDEO_TIME %c@ 17:09:57.919 color: gray; font-weight: lighter; color: inherit; color: gray; font-weight: lighter;", source: https://test.highloka.com/_next/static/chunks/pages/_app-4e0a347dc425d5bf.js (79)
[21503:21503:0526/170957.920747:INFO:CONSOLE:79] "%c prev state color: #9E9E9E; font-weight: bold [object Object]", source: https://test.highloka.com/_next/static/chunks/pages/_app-4e0a347dc425d5bf.js (79)
[21503:21503:0526/170957.921318:INFO:CONSOLE:79] "%c action     color: #03A9F4; font-weight: bold [object Object]", source: https://test.highloka.com/_next/static/chunks/pages/_app-4e0a347dc425d5bf.js (79)
[21503:21503:0526/170957.921813:INFO:CONSOLE:79] "%c next state color: #4CAF50; font-weight: bold [object Object]", source: https://test.highloka.com/_next/static/chunks/pages/_app-4e0a347dc425d5bf.js (79)
[21503:21503:0526/170957.922248:INFO:CONSOLE:79] "console.groupEnd", source: https://test.highloka.com/_next/static/chunks/pages/_app-4e0a347dc425d5bf.js (79)
[21503:21503:0526/170957.927685:INFO:CONSOLE:1] "ReactHlsPlayerComponent this.props play", source: https://test.highloka.com/_next/static/chunks/pages/concerts/%5Bslug%5D/arena-1595f5991389ce40.js (1)
[21503:21503:0526/170958.185089:INFO:CONSOLE:79] "%c action %cSET_JW_VIDEO_PLAYER_CURRENT_VIDEO_TIME %c@ 17:09:58.184 color: gray; font-weight: lighter; color: inherit; color: gray; font-weight: lighter;", source: https://test.highloka.com/_next/static/chunks/pages/_app-4e0a347dc425d5bf.js (79)
[21503:21503:0526/170958.185731:INFO:CONSOLE:79] "%c prev state color: #9E9E9E; font-weight: bold [object Object]", source: https://test.highloka.com/_next/static/chunks/pages/_app-4e0a347dc425d5bf.js (79)
[21503:21503:0526/170958.186353:INFO:CONSOLE:79] "%c action     color: #03A9F4; font-weight: bold [object Object]", source: https://test.highloka.com/_next/static/chunks/pages/_app-4e0a347dc425d5bf.js (79)
[21503:21503:0526/170958.187167:INFO:CONSOLE:79] "%c next state color: #4CAF50; font-weight: bold [object Object]", source: https://test.highloka.com/_next/static/chunks/pages/_app-4e0a347dc425d5bf.js (79)
[21503:21503:0526/170958.187700:INFO:CONSOLE:79] "console.groupEnd", source: https://test.highloka.com/_next/static/chunks/pages/_app-4e0a347dc425d5bf.js (79)
[21503:21503:0526/170958.193480:INFO:CONSOLE:1] "ReactHlsPlayerComponent this.props play", source: https://test.highloka.com/_next/static/chunks/pages/concerts/%5Bslug%5D/arena-1595f5991389ce40.js (1)
[21503:21503:0526/170958.450790:INFO:CONSOLE:79] "%c action %cSET_JW_VIDEO_PLAYER_CURRENT_VIDEO_TIME %c@ 17:09:58.449 color: gray; font-weight: lighter; color: inherit; color: gray; font-weight: lighter;", source: https://test.highloka.com/_next/static/chunks/pages/_app-4e0a347dc425d5bf.js (79)
[21503:21503:0526/170958.451069:INFO:CONSOLE:79] "%c prev state color: #9E9E9E; font-weight: bold [object Object]", source: https://test.highloka.com/_next/static/chunks/pages/_app-4e0a347dc425d5bf.js (79)
[21503:21503:0526/170958.451571:INFO:CONSOLE:79] "%c action     color: #03A9F4; font-weight: bold [object Object]", source: https://test.highloka.com/_next/static/chunks/pages/_app-4e0a347dc425d5bf.js (79)
[21503:21503:0526/170958.451673:INFO:CONSOLE:79] "%c next state color: #4CAF50; font-weight: bold [object Object]", source: https://test.highloka.com/_next/static/chunks/pages/_app-4e0a347dc425d5bf.js (79)
[21503:21503:0526/170958.451948:INFO:CONSOLE:79] "console.groupEnd", source: https://test.highloka.com/_next/static/chunks/pages/_app-4e0a347dc425d5bf.js (79)
[21503:21503:0526/170958.455459:INFO:CONSOLE:1] "ReactHlsPlayerComponent this.props play", source: https://test.highloka.com/_next/static/chunks/pages/concerts/%5Bslug%5D/arena-1595f5991389ce40.js (1)
[21503:21503:0526/170958.715332:INFO:CONSOLE:79] "%c action %cSET_JW_VIDEO_PLAYER_CURRENT_VIDEO_TIME %c@ 17:09:58.714 color: gray; font-weight: lighter; color: inherit; color: gray; font-weight: lighter;", source: https://test.highloka.com/_next/static/chunks/pages/_app-4e0a347dc425d5bf.js (79)
[21503:21503:0526/170958.715679:INFO:CONSOLE:79] "%c prev state color: #9E9E9E; font-weight: bold [object Object]", source: https://test.highloka.com/_next/static/chunks/pages/_app-4e0a347dc425d5bf.js (79)
[21503:21503:0526/170958.715755:INFO:CONSOLE:79] "%c action     color: #03A9F4; font-weight: bold [object Object]", source: https://test.highloka.com/_next/static/chunks/pages/_app-4e0a347dc425d5bf.js (79)
[21503:21503:0526/170958.715781:INFO:CONSOLE:79] "%c next state color: #4CAF50; font-weight: bold [object Object]", source: https://test.highloka.com/_next/static/chunks/pages/_app-4e0a347dc425d5bf.js (79)
[21503:21503:0526/170958.715801:INFO:CONSOLE:79] "console.groupEnd", source: https://test.highloka.com/_next/static/chunks/pages/_app-4e0a347dc425d5bf.js (79)
[21503:21503:0526/170958.721303:INFO:CONSOLE:1] "ReactHlsPlayerComponent this.props play", source: https://test.highloka.com/_next/static/chunks/pages/concerts/%5Bslug%5D/arena-1595f5991389ce40.js (1)
[21503:21503:0526/170958.827371:INFO:CONSOLE:67] "Hiding Controls.", source: https://test.highloka.com/_next/static/chunks/pages/_app-4e0a347dc425d5bf.js (67)
[21503:21503:0526/170958.828097:INFO:CONSOLE:79] "%c action %cHIDE_AUTO_HIDDEN_ES_VIDEO_PLAYER_CONTROLS %c@ 17:09:58.827 color: gray; font-weight: lighter; color: inherit; color: gray; font-weight: lighter;", source: https://test.highloka.com/_next/static/chunks/pages/_app-4e0a347dc425d5bf.js (79)
[21503:21503:0526/170958.828336:INFO:CONSOLE:79] "%c prev state color: #9E9E9E; font-weight: bold [object Object]", source: https://test.highloka.com/_next/static/chunks/pages/_app-4e0a347dc425d5bf.js (79)
[21503:21503:0526/170958.828935:INFO:CONSOLE:79] "%c action     color: #03A9F4; font-weight: bold [object Object]", source: https://test.highloka.com/_next/static/chunks/pages/_app-4e0a347dc425d5bf.js (79)
[21503:21503:0526/170958.829257:INFO:CONSOLE:79] "%c next state color: #4CAF50; font-weight: bold [object Object]", source: https://test.highloka.com/_next/static/chunks/pages/_app-4e0a347dc425d5bf.js (79)
[21503:21503:0526/170958.829377:INFO:CONSOLE:79] "console.groupEnd", source: https://test.highloka.com/_next/static/chunks/pages/_app-4e0a347dc425d5bf.js (79)
[21503:21503:0526/170958.830066:INFO:CONSOLE:1] "ReactHlsPlayerComponent this.props play", source: https://test.highloka.com/_next/static/chunks/pages/concerts/%5Bslug%5D/arena-1595f5991389ce40.js (1)
[21503:21503:0526/170958.830169:INFO:CONSOLE:67] "Hiding Controls.", source: https://test.highloka.com/_next/static/chunks/pages/_app-4e0a347dc425d5bf.js (67)
[21503:21503:0526/170958.830625:INFO:CONSOLE:79] "%c action %cHIDE_AUTO_HIDDEN_ES_VIDEO_PLAYER_CONTROLS %c@ 17:09:58.830 color: gray; font-weight: lighter; color: inherit; color: gray; font-weight: lighter;", source: https://test.highloka.com/_next/static/chunks/pages/_app-4e0a347dc425d5bf.js (79)
[21503:21503:0526/170958.832330:INFO:CONSOLE:79] "%c prev state color: #9E9E9E; font-weight: bold [object Object]", source: https://test.highloka.com/_next/static/chunks/pages/_app-4e0a347dc425d5bf.js (79)
[21503:21503:0526/170958.832423:INFO:CONSOLE:79] "%c action     color: #03A9F4; font-weight: bold [object Object]", source: https://test.highloka.com/_next/static/chunks/pages/_app-4e0a347dc425d5bf.js (79)
[21503:21503:0526/170958.832483:INFO:CONSOLE:79] "%c next state color: #4CAF50; font-weight: bold [object Object]", source: https://test.highloka.com/_next/static/chunks/pages/_app-4e0a347dc425d5bf.js (79)
[21503:21503:0526/170958.832532:INFO:CONSOLE:79] "console.groupEnd", source: https://test.highloka.com/_next/static/chunks/pages/_app-4e0a347dc425d5bf.js (79)
[21503:21503:0526/170958.832576:INFO:CONSOLE:1] "ReactHlsPlayerComponent this.props play", source: https://test.highloka.com/_next/static/chunks/pages/concerts/%5Bslug%5D/arena-1595f5991389ce40.js (1)
[21503:21503:0526/170958.980721:INFO:CONSOLE:79] "%c action %cSET_JW_VIDEO_PLAYER_CURRENT_VIDEO_TIME %c@ 17:09:58.980 color: gray; font-weight: lighter; color: inherit; color: gray; font-weight: lighter;", source: https://test.highloka.com/_next/static/chunks/pages/_app-4e0a347dc425d5bf.js (79)
[21503:21503:0526/170958.980780:INFO:CONSOLE:79] "%c prev state color: #9E9E9E; font-weight: bold [object Object]", source: https://test.highloka.com/_next/static/chunks/pages/_app-4e0a347dc425d5bf.js (79)
[21503:21503:0526/170958.980908:INFO:CONSOLE:79] "%c action     color: #03A9F4; font-weight: bold [object Object]", source: https://test.highloka.com/_next/static/chunks/pages/_app-4e0a347dc425d5bf.js (79)
[21503:21503:0526/170958.980994:INFO:CONSOLE:79] "%c next state color: #4CAF50; font-weight: bold [object Object]", source: https://test.highloka.com/_next/static/chunks/pages/_app-4e0a347dc425d5bf.js (79)
[21503:21503:0526/170958.981104:INFO:CONSOLE:79] "console.groupEnd", source: https://test.highloka.com/_next/static/chunks/pages/_app-4e0a347dc425d5bf.js (79)
[21503:21503:0526/170958.982932:INFO:CONSOLE:1] "ReactHlsPlayerComponent this.props play", source: https://test.highloka.com/_next/static/chunks/pages/concerts/%5Bslug%5D/arena-1595f5991389ce40.js (1)
[21503:21503:0526/170959.246863:INFO:CONSOLE:79] "%c action %cSET_JW_VIDEO_PLAYER_CURRENT_VIDEO_TIME %c@ 17:09:59.246 color: gray; font-weight: lighter; color: inherit; color: gray; font-weight: lighter;", source: https://test.highloka.com/_next/static/chunks/pages/_app-4e0a347dc425d5bf.js (79)
[21503:21503:0526/170959.246999:INFO:CONSOLE:79] "%c prev state color: #9E9E9E; font-weight: bold [object Object]", source: https://test.highloka.com/_next/static/chunks/pages/_app-4e0a347dc425d5bf.js (79)
[21503:21503:0526/170959.247173:INFO:CONSOLE:79] "%c action     color: #03A9F4; font-weight: bold [object Object]", source: https://test.highloka.com/_next/static/chunks/pages/_app-4e0a347dc425d5bf.js (79)
[21503:21503:0526/170959.247351:INFO:CONSOLE:79] "%c next state color: #4CAF50; font-weight: bold [object Object]", source: https://test.highloka.com/_next/static/chunks/pages/_app-4e0a347dc425d5bf.js (79)
[21503:21503:0526/170959.247533:INFO:CONSOLE:79] "console.groupEnd", source: https://test.highloka.com/_next/static/chunks/pages/_app-4e0a347dc425d5bf.js (79)
[21503:21503:0526/170959.253785:INFO:CONSOLE:1] "ReactHlsPlayerComponent this.props play", source: https://test.highloka.com/_next/static/chunks/pages/concerts/%5Bslug%5D/arena-1595f5991389ce40.js (1)
[21503:21503:0526/170959.513523:INFO:CONSOLE:79] "%c action %cSET_JW_VIDEO_PLAYER_CURRENT_VIDEO_TIME %c@ 17:09:59.512 color: gray; font-weight: lighter; color: inherit; color: gray; font-weight: lighter;", source: https://test.highloka.com/_next/static/chunks/pages/_app-4e0a347dc425d5bf.js (79)
[21503:21503:0526/170959.513689:INFO:CONSOLE:79] "%c prev state color: #9E9E9E; font-weight: bold [object Object]", source: https://test.highloka.com/_next/static/chunks/pages/_app-4e0a347dc425d5bf.js (79)
[21503:21503:0526/170959.514283:INFO:CONSOLE:79] "%c action     color: #03A9F4; font-weight: bold [object Object]", source: https://test.highloka.com/_next/static/chunks/pages/_app-4e0a347dc425d5bf.js (79)
[21503:21503:0526/170959.514809:INFO:CONSOLE:79] "%c next state color: #4CAF50; font-weight: bold [object Object]", source: https://test.highloka.com/_next/static/chunks/pages/_app-4e0a347dc425d5bf.js (79)
[21503:21503:0526/170959.514897:INFO:CONSOLE:79] "console.groupEnd", source: https://test.highloka.com/_next/static/chunks/pages/_app-4e0a347dc425d5bf.js (79)
[21503:21503:0526/170959.522073:INFO:CONSOLE:1] "ReactHlsPlayerComponent this.props play", source: https://test.highloka.com/_next/static/chunks/pages/concerts/%5Bslug%5D/arena-1595f5991389ce40.js (1)
[21503:21503:0526/170959.778435:INFO:CONSOLE:79] "%c action %cSET_JW_VIDEO_PLAYER_CURRENT_VIDEO_TIME %c@ 17:09:59.778 color: gray; font-weight: lighter; color: inherit; color: gray; font-weight: lighter;", source: https://test.highloka.com/_next/static/chunks/pages/_app-4e0a347dc425d5bf.js (79)
[21503:21503:0526/170959.778584:INFO:CONSOLE:79] "%c prev state color: #9E9E9E; font-weight: bold [object Object]", source: https://test.highloka.com/_next/static/chunks/pages/_app-4e0a347dc425d5bf.js (79)
[21503:21503:0526/170959.778603:INFO:CONSOLE:79] "%c action     color: #03A9F4; font-weight: bold [object Object]", source: https://test.highloka.com/_next/static/chunks/pages/_app-4e0a347dc425d5bf.js (79)
[21503:21503:0526/170959.778682:INFO:CONSOLE:79] "%c next state color: #4CAF50; font-weight: bold [object Object]", source: https://test.highloka.com/_next/static/chunks/pages/_app-4e0a347dc425d5bf.js (79)
[21503:21503:0526/170959.778765:INFO:CONSOLE:79] "console.groupEnd", source: https://test.highloka.com/_next/static/chunks/pages/_app-4e0a347dc425d5bf.js (79)
[21503:21503:0526/170959.780258:INFO:CONSOLE:1] "ReactHlsPlayerComponent this.props play", source: https://test.highloka.com/_next/static/chunks/pages/concerts/%5Bslug%5D/arena-1595f5991389ce40.js (1)
[21503:21503:0526/170959.923554:INFO:CONSOLE:1] "mobileResponsive1 false", source: https://test.highloka.com/_next/static/chunks/pages/concerts/%5Bslug%5D/arena-1595f5991389ce40.js (1)
[21503:21503:0526/170959.927046:INFO:CONSOLE:1] "mobileResponsive1 false", source: https://test.highloka.com/_next/static/chunks/pages/concerts/%5Bslug%5D/arena-1595f5991389ce40.js (1)
[21503:21503:0526/170959.928019:INFO:CONSOLE:1] "mobileResponsive1 false", source: https://test.highloka.com/_next/static/chunks/pages/concerts/%5Bslug%5D/arena-1595f5991389ce40.js (1)
[21503:21503:0526/170959.929351:INFO:CONSOLE:1] "mobileResponsive1 false", source: https://test.highloka.com/_next/static/chunks/pages/concerts/%5Bslug%5D/arena-1595f5991389ce40.js (1)
[21503:21503:0526/170959.930042:INFO:CONSOLE:1] "mobileResponsive1 false", source: https://test.highloka.com/_next/static/chunks/pages/concerts/%5Bslug%5D/arena-1595f5991389ce40.js (1)
[21503:21503:0526/170959.930741:INFO:CONSOLE:1] "mobileResponsive1 false", source: https://test.highloka.com/_next/static/chunks/pages/concerts/%5Bslug%5D/arena-1595f5991389ce40.js (1)
[21503:21503:0526/170959.931710:INFO:CONSOLE:1] "mobileResponsive1 false", source: https://test.highloka.com/_next/static/chunks/pages/concerts/%5Bslug%5D/arena-1595f5991389ce40.js (1)
[21503:21503:0526/170959.932745:INFO:CONSOLE:1] "mobileResponsive1 false", source: https://test.highloka.com/_next/static/chunks/pages/concerts/%5Bslug%5D/arena-1595f5991389ce40.js (1)
[21503:21503:0526/170959.933870:INFO:CONSOLE:1] "mobileResponsive1 false", source: https://test.highloka.com/_next/static/chunks/pages/concerts/%5Bslug%5D/arena-1595f5991389ce40.js (1)
[21503:21503:0526/170959.935288:INFO:CONSOLE:1] "mobileResponsive1 false", source: https://test.highloka.com/_next/static/chunks/pages/concerts/%5Bslug%5D/arena-1595f5991389ce40.js (1)
[21503:21503:0526/170959.936288:INFO:CONSOLE:1] "mobileResponsive1 false", source: https://test.highloka.com/_next/static/chunks/pages/concerts/%5Bslug%5D/arena-1595f5991389ce40.js (1)
[21503:21503:0526/170959.936959:INFO:CONSOLE:1] "mobileResponsive1 false", source: https://test.highloka.com/_next/static/chunks/pages/concerts/%5Bslug%5D/arena-1595f5991389ce40.js (1)
[21503:21503:0526/170959.937591:INFO:CONSOLE:1] "mobileResponsive1 false", source: https://test.highloka.com/_next/static/chunks/pages/concerts/%5Bslug%5D/arena-1595f5991389ce40.js (1)
[21503:21503:0526/170959.938408:INFO:CONSOLE:1] "mobileResponsive1 false", source: https://test.highloka.com/_next/static/chunks/pages/concerts/%5Bslug%5D/arena-1595f5991389ce40.js (1)
[21503:21503:0526/170959.939062:INFO:CONSOLE:1] "mobileResponsive1 false", source: https://test.highloka.com/_next/static/chunks/pages/concerts/%5Bslug%5D/arena-1595f5991389ce40.js (1)
[21503:21503:0526/170959.939801:INFO:CONSOLE:1] "mobileResponsive1 false", source: https://test.highloka.com/_next/static/chunks/pages/concerts/%5Bslug%5D/arena-1595f5991389ce40.js (1)
[21503:21503:0526/170959.940457:INFO:CONSOLE:1] "mobileResponsive1 false", source: https://test.highloka.com/_next/static/chunks/pages/concerts/%5Bslug%5D/arena-1595f5991389ce40.js (1)
[21503:21503:0526/170959.941397:INFO:CONSOLE:1] "mobileResponsive1 false", source: https://test.highloka.com/_next/static/chunks/pages/concerts/%5Bslug%5D/arena-1595f5991389ce40.js (1)
[21503:21503:0526/171000.046159:INFO:CONSOLE:79] "%c action %cSET_JW_VIDEO_PLAYER_CURRENT_VIDEO_TIME %c@ 17:10:00.044 color: gray; font-weight: lighter; color: inherit; color: gray; font-weight: lighter;", source: https://test.highloka.com/_next/static/chunks/pages/_app-4e0a347dc425d5bf.js (79)
[21503:21503:0526/171000.046388:INFO:CONSOLE:79] "%c prev state color: #9E9E9E; font-weight: bold [object Object]", source: https://test.highloka.com/_next/static/chunks/pages/_app-4e0a347dc425d5bf.js (79)
[21503:21503:0526/171000.046843:INFO:CONSOLE:79] "%c action     color: #03A9F4; font-weight: bold [object Object]", source: https://test.highloka.com/_next/static/chunks/pages/_app-4e0a347dc425d5bf.js (79)
[21503:21503:0526/171000.047309:INFO:CONSOLE:79] "%c next state color: #4CAF50; font-weight: bold [object Object]", source: https://test.highloka.com/_next/static/chunks/pages/_app-4e0a347dc425d5bf.js (79)
[21503:21503:0526/171000.047631:INFO:CONSOLE:79] "console.groupEnd", source: https://test.highloka.com/_next/static/chunks/pages/_app-4e0a347dc425d5bf.js (79)
[21503:21503:0526/171000.053821:INFO:CONSOLE:1] "ReactHlsPlayerComponent this.props play", source: https://test.highloka.com/_next/static/chunks/pages/concerts/%5Bslug%5D/arena-1595f5991389ce40.js (1)
[21503:21503:0526/171000.312048:INFO:CONSOLE:79] "%c action %cSET_JW_VIDEO_PLAYER_CURRENT_VIDEO_TIME %c@ 17:10:00.310 color: gray; font-weight: lighter; color: inherit; color: gray; font-weight: lighter;", source: https://test.highloka.com/_next/static/chunks/pages/_app-4e0a347dc425d5bf.js (79)
[21503:21503:0526/171000.313033:INFO:CONSOLE:79] "%c prev state color: #9E9E9E; font-weight: bold [object Object]", source: https://test.highloka.com/_next/static/chunks/pages/_app-4e0a347dc425d5bf.js (79)
[21503:21503:0526/171000.314253:INFO:CONSOLE:79] "%c action     color: #03A9F4; font-weight: bold [object Object]", source: https://test.highloka.com/_next/static/chunks/pages/_app-4e0a347dc425d5bf.js (79)
[21503:21503:0526/171000.314466:INFO:CONSOLE:79] "%c next state color: #4CAF50; font-weight: bold [object Object]", source: https://test.highloka.com/_next/static/chunks/pages/_app-4e0a347dc425d5bf.js (79)
[21503:21503:0526/171000.314570:INFO:CONSOLE:79] "console.groupEnd", source: https://test.highloka.com/_next/static/chunks/pages/_app-4e0a347dc425d5bf.js (79)
[21503:21503:0526/171000.323028:INFO:CONSOLE:1] "ReactHlsPlayerComponent this.props play", source: https://test.highloka.com/_next/static/chunks/pages/concerts/%5Bslug%5D/arena-1595f5991389ce40.js (1)
[21503:21503:0526/171000.371425:INFO:CONSOLE:1] "receivedAudienceUserStrip null", source: https://test.highloka.com/_next/static/chunks/pages/concerts/%5Bslug%5D/arena-1595f5991389ce40.js (1)
[21503:21503:0526/171000.371779:INFO:CONSOLE:1] "receivedAudienceUserStrip null", source: https://test.highloka.com/_next/static/chunks/pages/concerts/%5Bslug%5D/arena-1595f5991389ce40.js (1)
[21503:21503:0526/171000.577898:INFO:CONSOLE:79] "%c action %cSET_JW_VIDEO_PLAYER_CURRENT_VIDEO_TIME %c@ 17:10:00.576 color: gray; font-weight: lighter; color: inherit; color: gray; font-weight: lighter;", source: https://test.highloka.com/_next/static/chunks/pages/_app-4e0a347dc425d5bf.js (79)
[21503:21503:0526/171000.578463:INFO:CONSOLE:79] "%c prev state color: #9E9E9E; font-weight: bold [object Object]", source: https://test.highloka.com/_next/static/chunks/pages/_app-4e0a347dc425d5bf.js (79)
[21503:21503:0526/171000.579118:INFO:CONSOLE:79] "%c action     color: #03A9F4; font-weight: bold [object Object]", source: https://test.highloka.com/_next/static/chunks/pages/_app-4e0a347dc425d5bf.js (79)
[21503:21503:0526/171000.579576:INFO:CONSOLE:79] "%c next state color: #4CAF50; font-weight: bold [object Object]", source: https://test.highloka.com/_next/static/chunks/pages/_app-4e0a347dc425d5bf.js (79)
[21503:21503:0526/171000.580004:INFO:CONSOLE:79] "console.groupEnd", source: https://test.highloka.com/_next/static/chunks/pages/_app-4e0a347dc425d5bf.js (79)
[21503:21503:0526/171000.583960:INFO:CONSOLE:1] "ReactHlsPlayerComponent this.props play", source: https://test.highloka.com/_next/static/chunks/pages/concerts/%5Bslug%5D/arena-1595f5991389ce40.js (1)
[21503:21503:0526/171000.845157:INFO:CONSOLE:79] "%c action %cSET_JW_VIDEO_PLAYER_CURRENT_VIDEO_TIME %c@ 17:10:00.843 color: gray; font-weight: lighter; color: inherit; color: gray; font-weight: lighter;", source: https://test.highloka.com/_next/static/chunks/pages/_app-4e0a347dc425d5bf.js (79)
[21503:21503:0526/171000.845735:INFO:CONSOLE:79] "%c prev state color: #9E9E9E; font-weight: bold [object Object]", source: https://test.highloka.com/_next/static/chunks/pages/_app-4e0a347dc425d5bf.js (79)
[21503:21503:0526/171000.846671:INFO:CONSOLE:79] "%c action     color: #03A9F4; font-weight: bold [object Object]", source: https://test.highloka.com/_next/static/chunks/pages/_app-4e0a347dc425d5bf.js (79)
[21503:21503:0526/171000.846820:INFO:CONSOLE:79] "%c next state color: #4CAF50; font-weight: bold [object Object]", source: https://test.highloka.com/_next/static/chunks/pages/_app-4e0a347dc425d5bf.js (79)
[21503:21503:0526/171000.847358:INFO:CONSOLE:79] "console.groupEnd", source: https://test.highloka.com/_next/static/chunks/pages/_app-4e0a347dc425d5bf.js (79)
[21503:21503:0526/171000.853385:INFO:CONSOLE:1] "ReactHlsPlayerComponent this.props play", source: https://test.highloka.com/_next/static/chunks/pages/concerts/%5Bslug%5D/arena-1595f5991389ce40.js (1)
[21503:21503:0526/171000.942165:INFO:CONSOLE:1] "5", source: https://test.highloka.com/_next/static/chunks/pages/concerts/%5Bslug%5D/arena-1595f5991389ce40.js (1)
[21503:21503:0526/171000.942448:INFO:CONSOLE:1] "mobileResponsive1 false", source: https://test.highloka.com/_next/static/chunks/pages/concerts/%5Bslug%5D/arena-1595f5991389ce40.js (1)
[21503:21503:0526/171001.106382:INFO:CONSOLE:79] "%c action %cSET_JW_VIDEO_PLAYER_CURRENT_VIDEO_TIME %c@ 17:10:01.105 color: gray; font-weight: lighter; color: inherit; color: gray; font-weight: lighter;", source: https://test.highloka.com/_next/static/chunks/pages/_app-4e0a347dc425d5bf.js (79)
[21503:21503:0526/171001.106818:INFO:CONSOLE:79] "%c prev state color: #9E9E9E; font-weight: bold [object Object]", source: https://test.highloka.com/_next/static/chunks/pages/_app-4e0a347dc425d5bf.js (79)
[21503:21503:0526/171001.106935:INFO:CONSOLE:79] "%c action     color: #03A9F4; font-weight: bold [object Object]", source: https://test.highloka.com/_next/static/chunks/pages/_app-4e0a347dc425d5bf.js (79)
[21503:21503:0526/171001.107271:INFO:CONSOLE:79] "%c next state color: #4CAF50; font-weight: bold [object Object]", source: https://test.highloka.com/_next/static/chunks/pages/_app-4e0a347dc425d5bf.js (79)
[21503:21503:0526/171001.107464:INFO:CONSOLE:79] "console.groupEnd", source: https://test.highloka.com/_next/static/chunks/pages/_app-4e0a347dc425d5bf.js (79)
[21503:21503:0526/171001.109743:INFO:CONSOLE:1] "ReactHlsPlayerComponent this.props play", source: https://test.highloka.com/_next/static/chunks/pages/concerts/%5Bslug%5D/arena-1595f5991389ce40.js (1)
[21503:21503:0526/171001.371376:INFO:CONSOLE:79] "%c action %cSET_JW_VIDEO_PLAYER_CURRENT_VIDEO_TIME %c@ 17:10:01.371 color: gray; font-weight: lighter; color: inherit; color: gray; font-weight: lighter;", source: https://test.highloka.com/_next/static/chunks/pages/_app-4e0a347dc425d5bf.js (79)
[21503:21503:0526/171001.371445:INFO:CONSOLE:79] "%c prev state color: #9E9E9E; font-weight: bold [object Object]", source: https://test.highloka.com/_next/static/chunks/pages/_app-4e0a347dc425d5bf.js (79)
[21503:21503:0526/171001.371509:INFO:CONSOLE:79] "%c action     color: #03A9F4; font-weight: bold [object Object]", source: https://test.highloka.com/_next/static/chunks/pages/_app-4e0a347dc425d5bf.js (79)
[21503:21503:0526/171001.371641:INFO:CONSOLE:79] "%c next state color: #4CAF50; font-weight: bold [object Object]", source: https://test.highloka.com/_next/static/chunks/pages/_app-4e0a347dc425d5bf.js (79)
[21503:21503:0526/171001.371674:INFO:CONSOLE:79] "console.groupEnd", source: https://test.highloka.com/_next/static/chunks/pages/_app-4e0a347dc425d5bf.js (79)
[21503:21503:0526/171001.372898:INFO:CONSOLE:1] "ReactHlsPlayerComponent this.props play", source: https://test.highloka.com/_next/static/chunks/pages/concerts/%5Bslug%5D/arena-1595f5991389ce40.js (1)
[21503:21503:0526/171001.637344:INFO:CONSOLE:79] "%c action %cSET_JW_VIDEO_PLAYER_CURRENT_VIDEO_TIME %c@ 17:10:01.636 color: gray; font-weight: lighter; color: inherit; color: gray; font-weight: lighter;", source: https://test.highloka.com/_next/static/chunks/pages/_app-4e0a347dc425d5bf.js (79)
[21503:21503:0526/171001.637443:INFO:CONSOLE:79] "%c prev state color: #9E9E9E; font-weight: bold [object Object]", source: https://test.highloka.com/_next/static/chunks/pages/_app-4e0a347dc425d5bf.js (79)
[21503:21503:0526/171001.637617:INFO:CONSOLE:79] "%c action     color: #03A9F4; font-weight: bold [object Object]", source: https://test.highloka.com/_next/static/chunks/pages/_app-4e0a347dc425d5bf.js (79)
[21503:21503:0526/171001.637831:INFO:CONSOLE:79] "%c next state color: #4CAF50; font-weight: bold [object Object]", source: https://test.highloka.com/_next/static/chunks/pages/_app-4e0a347dc425d5bf.js (79)
[21503:21503:0526/171001.638024:INFO:CONSOLE:79] "console.groupEnd", source: https://test.highloka.com/_next/static/chunks/pages/_app-4e0a347dc425d5bf.js (79)
[21503:21503:0526/171001.640143:INFO:CONSOLE:1] "ReactHlsPlayerComponent this.props play", source: https://test.highloka.com/_next/static/chunks/pages/concerts/%5Bslug%5D/arena-1595f5991389ce40.js (1)
[21503:21503:0526/171001.906397:INFO:CONSOLE:79] "%c action %cSET_JW_VIDEO_PLAYER_CURRENT_VIDEO_TIME %c@ 17:10:01.905 color: gray; font-weight: lighter; color: inherit; color: gray; font-weight: lighter;", source: https://test.highloka.com/_next/static/chunks/pages/_app-4e0a347dc425d5bf.js (79)
[21503:21503:0526/171001.906783:INFO:CONSOLE:79] "%c prev state color: #9E9E9E; font-weight: bold [object Object]", source: https://test.highloka.com/_next/static/chunks/pages/_app-4e0a347dc425d5bf.js (79)
[21503:21503:0526/171001.907035:INFO:CONSOLE:79] "%c action     color: #03A9F4; font-weight: bold [object Object]", source: https://test.highloka.com/_next/static/chunks/pages/_app-4e0a347dc425d5bf.js (79)
[21503:21503:0526/171001.907340:INFO:CONSOLE:79] "%c next state color: #4CAF50; font-weight: bold [object Object]", source: https://test.highloka.com/_next/static/chunks/pages/_app-4e0a347dc425d5bf.js (79)
[21503:21503:0526/171001.907511:INFO:CONSOLE:79] "console.groupEnd", source: https://test.highloka.com/_next/static/chunks/pages/_app-4e0a347dc425d5bf.js (79)
[21503:21503:0526/171001.911007:INFO:CONSOLE:1] "ReactHlsPlayerComponent this.props play", source: https://test.highloka.com/_next/static/chunks/pages/concerts/%5Bslug%5D/arena-1595f5991389ce40.js (1)
[21503:21503:0526/171001.943523:INFO:CONSOLE:1] "4", source: https://test.highloka.com/_next/static/chunks/pages/concerts/%5Bslug%5D/arena-1595f5991389ce40.js (1)
[21503:21503:0526/171001.944249:INFO:CONSOLE:1] "mobileResponsive1 false", source: https://test.highloka.com/_next/static/chunks/pages/concerts/%5Bslug%5D/arena-1595f5991389ce40.js (1)
[21503:21503:0526/171002.170790:INFO:CONSOLE:79] "%c action %cSET_JW_VIDEO_PLAYER_CURRENT_VIDEO_TIME %c@ 17:10:02.169 color: gray; font-weight: lighter; color: inherit; color: gray; font-weight: lighter;", source: https://test.highloka.com/_next/static/chunks/pages/_app-4e0a347dc425d5bf.js (79)
[21503:21503:0526/171002.170990:INFO:CONSOLE:79] "%c prev state color: #9E9E9E; font-weight: bold [object Object]", source: https://test.highloka.com/_next/static/chunks/pages/_app-4e0a347dc425d5bf.js (79)
[21503:21503:0526/171002.171045:INFO:CONSOLE:79] "%c action     color: #03A9F4; font-weight: bold [object Object]", source: https://test.highloka.com/_next/static/chunks/pages/_app-4e0a347dc425d5bf.js (79)
[21503:21503:0526/171002.171512:INFO:CONSOLE:79] "%c next state color: #4CAF50; font-weight: bold [object Object]", source: https://test.highloka.com/_next/static/chunks/pages/_app-4e0a347dc425d5bf.js (79)
[21503:21503:0526/171002.171903:INFO:CONSOLE:79] "console.groupEnd", source: https://test.highloka.com/_next/static/chunks/pages/_app-4e0a347dc425d5bf.js (79)
[21503:21503:0526/171002.174547:INFO:CONSOLE:1] "ReactHlsPlayerComponent this.props play", source: https://test.highloka.com/_next/static/chunks/pages/concerts/%5Bslug%5D/arena-1595f5991389ce40.js (1)
[21503:21503:0526/171002.436299:INFO:CONSOLE:79] "%c action %cSET_JW_VIDEO_PLAYER_CURRENT_VIDEO_TIME %c@ 17:10:02.434 color: gray; font-weight: lighter; color: inherit; color: gray; font-weight: lighter;", source: https://test.highloka.com/_next/static/chunks/pages/_app-4e0a347dc425d5bf.js (79)
[21503:21503:0526/171002.437346:INFO:CONSOLE:79] "%c prev state color: #9E9E9E; font-weight: bold [object Object]", source: https://test.highloka.com/_next/static/chunks/pages/_app-4e0a347dc425d5bf.js (79)
[21503:21503:0526/171002.440318:INFO:CONSOLE:79] "%c action     color: #03A9F4; font-weight: bold [object Object]", source: https://test.highloka.com/_next/static/chunks/pages/_app-4e0a347dc425d5bf.js (79)
[21503:21503:0526/171002.441072:INFO:CONSOLE:79] "%c next state color: #4CAF50; font-weight: bold [object Object]", source: https://test.highloka.com/_next/static/chunks/pages/_app-4e0a347dc425d5bf.js (79)
[21503:21503:0526/171002.441554:INFO:CONSOLE:79] "console.groupEnd", source: https://test.highloka.com/_next/static/chunks/pages/_app-4e0a347dc425d5bf.js (79)
[21503:21503:0526/171002.444769:INFO:CONSOLE:1] "ReactHlsPlayerComponent this.props play", source: https://test.highloka.com/_next/static/chunks/pages/concerts/%5Bslug%5D/arena-1595f5991389ce40.js (1)
[21503:21503:0526/171002.699760:INFO:CONSOLE:79] "%c action %cSET_JW_VIDEO_PLAYER_CURRENT_VIDEO_TIME %c@ 17:10:02.699 color: gray; font-weight: lighter; color: inherit; color: gray; font-weight: lighter;", source: https://test.highloka.com/_next/static/chunks/pages/_app-4e0a347dc425d5bf.js (79)
[21503:21503:0526/171002.699862:INFO:CONSOLE:79] "%c prev state color: #9E9E9E; font-weight: bold [object Object]", source: https://test.highloka.com/_next/static/chunks/pages/_app-4e0a347dc425d5bf.js (79)
[21503:21503:0526/171002.699993:INFO:CONSOLE:79] "%c action     color: #03A9F4; font-weight: bold [object Object]", source: https://test.highloka.com/_next/static/chunks/pages/_app-4e0a347dc425d5bf.js (79)
[21503:21503:0526/171002.700874:INFO:CONSOLE:79] "%c next state color: #4CAF50; font-weight: bold [object Object]", source: https://test.highloka.com/_next/static/chunks/pages/_app-4e0a347dc425d5bf.js (79)
[21503:21503:0526/171002.706703:INFO:CONSOLE:79] "console.groupEnd", source: https://test.highloka.com/_next/static/chunks/pages/_app-4e0a347dc425d5bf.js (79)
[21503:21503:0526/171002.709134:INFO:CONSOLE:1] "ReactHlsPlayerComponent this.props play", source: https://test.highloka.com/_next/static/chunks/pages/concerts/%5Bslug%5D/arena-1595f5991389ce40.js (1)
[21503:21503:0526/171002.947285:INFO:CONSOLE:1] "3", source: https://test.highloka.com/_next/static/chunks/pages/concerts/%5Bslug%5D/arena-1595f5991389ce40.js (1)
[21503:21503:0526/171002.947755:INFO:CONSOLE:1] "mobileResponsive1 false", source: https://test.highloka.com/_next/static/chunks/pages/concerts/%5Bslug%5D/arena-1595f5991389ce40.js (1)
[21503:21503:0526/171002.965719:INFO:CONSOLE:79] "%c action %cSET_JW_VIDEO_PLAYER_CURRENT_VIDEO_TIME %c@ 17:10:02.965 color: gray; font-weight: lighter; color: inherit; color: gray; font-weight: lighter;", source: https://test.highloka.com/_next/static/chunks/pages/_app-4e0a347dc425d5bf.js (79)
[21503:21503:0526/171002.965870:INFO:CONSOLE:79] "%c prev state color: #9E9E9E; font-weight: bold [object Object]", source: https://test.highloka.com/_next/static/chunks/pages/_app-4e0a347dc425d5bf.js (79)
[21503:21503:0526/171002.966099:INFO:CONSOLE:79] "%c action     color: #03A9F4; font-weight: bold [object Object]", source: https://test.highloka.com/_next/static/chunks/pages/_app-4e0a347dc425d5bf.js (79)
[21503:21503:0526/171002.966290:INFO:CONSOLE:79] "%c next state color: #4CAF50; font-weight: bold [object Object]", source: https://test.highloka.com/_next/static/chunks/pages/_app-4e0a347dc425d5bf.js (79)
[21503:21503:0526/171002.966450:INFO:CONSOLE:79] "console.groupEnd", source: https://test.highloka.com/_next/static/chunks/pages/_app-4e0a347dc425d5bf.js (79)
[21503:21503:0526/171002.969273:INFO:CONSOLE:1] "ReactHlsPlayerComponent this.props play", source: https://test.highloka.com/_next/static/chunks/pages/concerts/%5Bslug%5D/arena-1595f5991389ce40.js (1)
[21503:21503:0526/171003.232859:INFO:CONSOLE:79] "%c action %cSET_JW_VIDEO_PLAYER_CURRENT_VIDEO_TIME %c@ 17:10:03.231 color: gray; font-weight: lighter; color: inherit; color: gray; font-weight: lighter;", source: https://test.highloka.com/_next/static/chunks/pages/_app-4e0a347dc425d5bf.js (79)
[21503:21503:0526/171003.233532:INFO:CONSOLE:79] "%c prev state color: #9E9E9E; font-weight: bold [object Object]", source: https://test.highloka.com/_next/static/chunks/pages/_app-4e0a347dc425d5bf.js (79)
[21503:21503:0526/171003.233914:INFO:CONSOLE:79] "%c action     color: #03A9F4; font-weight: bold [object Object]", source: https://test.highloka.com/_next/static/chunks/pages/_app-4e0a347dc425d5bf.js (79)
[21503:21503:0526/171003.234932:INFO:CONSOLE:79] "%c next state color: #4CAF50; font-weight: bold [object Object]", source: https://test.highloka.com/_next/static/chunks/pages/_app-4e0a347dc425d5bf.js (79)
[21503:21503:0526/171003.235062:INFO:CONSOLE:79] "console.groupEnd", source: https://test.highloka.com/_next/static/chunks/pages/_app-4e0a347dc425d5bf.js (79)
[21503:21503:0526/171003.239726:INFO:CONSOLE:1] "ReactHlsPlayerComponent this.props play", source: https://test.highloka.com/_next/static/chunks/pages/concerts/%5Bslug%5D/arena-1595f5991389ce40.js (1)
[21503:21503:0526/171003.371968:INFO:CONSOLE:1] "receivedAudienceUserStrip null", source: https://test.highloka.com/_next/static/chunks/pages/concerts/%5Bslug%5D/arena-1595f5991389ce40.js (1)
[21503:21503:0526/171003.372156:INFO:CONSOLE:1] "receivedAudienceUserStrip null", source: https://test.highloka.com/_next/static/chunks/pages/concerts/%5Bslug%5D/arena-1595f5991389ce40.js (1)
[21503:21503:0526/171003.497639:INFO:CONSOLE:79] "%c action %cSET_JW_VIDEO_PLAYER_CURRENT_VIDEO_TIME %c@ 17:10:03.496 color: gray; font-weight: lighter; color: inherit; color: gray; font-weight: lighter;", source: https://test.highloka.com/_next/static/chunks/pages/_app-4e0a347dc425d5bf.js (79)
[21503:21503:0526/171003.497883:INFO:CONSOLE:79] "%c prev state color: #9E9E9E; font-weight: bold [object Object]", source: https://test.highloka.com/_next/static/chunks/pages/_app-4e0a347dc425d5bf.js (79)
[21503:21503:0526/171003.503539:INFO:CONSOLE:79] "%c action     color: #03A9F4; font-weight: bold [object Object]", source: https://test.highloka.com/_next/static/chunks/pages/_app-4e0a347dc425d5bf.js (79)
[21503:21503:0526/171003.503790:INFO:CONSOLE:79] "%c next state color: #4CAF50; font-weight: bold [object Object]", source: https://test.highloka.com/_next/static/chunks/pages/_app-4e0a347dc425d5bf.js (79)
[21503:21503:0526/171003.503886:INFO:CONSOLE:79] "console.groupEnd", source: https://test.highloka.com/_next/static/chunks/pages/_app-4e0a347dc425d5bf.js (79)
[21503:21503:0526/171003.510676:INFO:CONSOLE:1] "ReactHlsPlayerComponent this.props play", source: https://test.highloka.com/_next/static/chunks/pages/concerts/%5Bslug%5D/arena-1595f5991389ce40.js (1)
[21503:21503:0526/171003.762262:INFO:CONSOLE:79] "%c action %cSET_JW_VIDEO_PLAYER_CURRENT_VIDEO_TIME %c@ 17:10:03.761 color: gray; font-weight: lighter; color: inherit; color: gray; font-weight: lighter;", source: https://test.highloka.com/_next/static/chunks/pages/_app-4e0a347dc425d5bf.js (79)
[21503:21503:0526/171003.762380:INFO:CONSOLE:79] "%c prev state color: #9E9E9E; font-weight: bold [object Object]", source: https://test.highloka.com/_next/static/chunks/pages/_app-4e0a347dc425d5bf.js (79)
[21503:21503:0526/171003.762435:INFO:CONSOLE:79] "%c action     color: #03A9F4; font-weight: bold [object Object]", source: https://test.highloka.com/_next/static/chunks/pages/_app-4e0a347dc425d5bf.js (79)
[21503:21503:0526/171003.762538:INFO:CONSOLE:79] "%c next state color: #4CAF50; font-weight: bold [object Object]", source: https://test.highloka.com/_next/static/chunks/pages/_app-4e0a347dc425d5bf.js (79)
[21503:21503:0526/171003.762610:INFO:CONSOLE:79] "console.groupEnd", source: https://test.highloka.com/_next/static/chunks/pages/_app-4e0a347dc425d5bf.js (79)
[21503:21503:0526/171003.764638:INFO:CONSOLE:1] "ReactHlsPlayerComponent this.props play", source: https://test.highloka.com/_next/static/chunks/pages/concerts/%5Bslug%5D/arena-1595f5991389ce40.js (1)
[21503:21503:0526/171003.948628:INFO:CONSOLE:1] "2", source: https://test.highloka.com/_next/static/chunks/pages/concerts/%5Bslug%5D/arena-1595f5991389ce40.js (1)
[21503:21503:0526/171003.948927:INFO:CONSOLE:1] "mobileResponsive1 false", source: https://test.highloka.com/_next/static/chunks/pages/concerts/%5Bslug%5D/arena-1595f5991389ce40.js (1)
[21503:21503:0526/171004.025851:INFO:CONSOLE:79] "%c action %cCREATE_NEW_CHAT_MESSAGE_START %c@ 17:10:04.025 color: gray; font-weight: lighter; color: inherit; color: gray; font-weight: lighter;", source: https://test.highloka.com/_next/static/chunks/pages/_app-4e0a347dc425d5bf.js (79)
[21503:21503:0526/171004.025913:INFO:CONSOLE:79] "%c prev state color: #9E9E9E; font-weight: bold [object Object]", source: https://test.highloka.com/_next/static/chunks/pages/_app-4e0a347dc425d5bf.js (79)
[21503:21503:0526/171004.025989:INFO:CONSOLE:79] "%c action     color: #03A9F4; font-weight: bold [object Object]", source: https://test.highloka.com/_next/static/chunks/pages/_app-4e0a347dc425d5bf.js (79)
[21503:21503:0526/171004.026045:INFO:CONSOLE:79] "%c next state color: #4CAF50; font-weight: bold [object Object]", source: https://test.highloka.com/_next/static/chunks/pages/_app-4e0a347dc425d5bf.js (79)
[21503:21503:0526/171004.026094:INFO:CONSOLE:79] "console.groupEnd", source: https://test.highloka.com/_next/static/chunks/pages/_app-4e0a347dc425d5bf.js (79)
[21503:21503:0526/171004.026300:INFO:CONSOLE:67] "Hello Highloka..", source: https://test.highloka.com/_next/static/chunks/pages/_app-4e0a347dc425d5bf.js (67)
[21503:21503:0526/171004.026491:INFO:CONSOLE:79] "%c action %cSET_CHAT_TEXT_VIEW_SCROLL %c@ 17:10:04.026 color: gray; font-weight: lighter; color: inherit; color: gray; font-weight: lighter;", source: https://test.highloka.com/_next/static/chunks/pages/_app-4e0a347dc425d5bf.js (79)
[21503:21503:0526/171004.026548:INFO:CONSOLE:79] "%c prev state color: #9E9E9E; font-weight: bold [object Object]", source: https://test.highloka.com/_next/static/chunks/pages/_app-4e0a347dc425d5bf.js (79)
[21503:21503:0526/171004.026624:INFO:CONSOLE:79] "%c action     color: #03A9F4; font-weight: bold [object Object]", source: https://test.highloka.com/_next/static/chunks/pages/_app-4e0a347dc425d5bf.js (79)
[21503:21503:0526/171004.026693:INFO:CONSOLE:79] "%c next state color: #4CAF50; font-weight: bold [object Object]", source: https://test.highloka.com/_next/static/chunks/pages/_app-4e0a347dc425d5bf.js (79)
[21503:21503:0526/171004.026754:INFO:CONSOLE:79] "console.groupEnd", source: https://test.highloka.com/_next/static/chunks/pages/_app-4e0a347dc425d5bf.js (79)
[21503:21503:0526/171004.026938:INFO:CONSOLE:1] "mobileResponsive1 false", source: https://test.highloka.com/_next/static/chunks/pages/concerts/%5Bslug%5D/arena-1595f5991389ce40.js (1)
[21503:21503:0526/171004.027262:INFO:CONSOLE:1] "In component did update.", source: https://test.highloka.com/_next/static/chunks/pages/concerts/%5Bslug%5D/arena-1595f5991389ce40.js (1)
[21503:21503:0526/171004.027298:INFO:CONSOLE:1] "[object Object]", source: https://test.highloka.com/_next/static/chunks/pages/concerts/%5Bslug%5D/arena-1595f5991389ce40.js (1)
[21503:21503:0526/171004.027341:INFO:CONSOLE:1] "New Message Scroll", source: https://test.highloka.com/_next/static/chunks/pages/concerts/%5Bslug%5D/arena-1595f5991389ce40.js (1)
[21503:21503:0526/171004.027368:INFO:CONSOLE:1] "Scroll is at bottom", source: https://test.highloka.com/_next/static/chunks/pages/concerts/%5Bslug%5D/arena-1595f5991389ce40.js (1)
[21503:21503:0526/171004.028019:INFO:CONSOLE:79] "%c action %cSET_CHAT_TEXT_VIEW_SCROLL_STATUS_DONE %c@ 17:10:04.027 color: gray; font-weight: lighter; color: inherit; color: gray; font-weight: lighter;", source: https://test.highloka.com/_next/static/chunks/pages/_app-4e0a347dc425d5bf.js (79)
[21503:21503:0526/171004.028065:INFO:CONSOLE:79] "%c prev state color: #9E9E9E; font-weight: bold [object Object]", source: https://test.highloka.com/_next/static/chunks/pages/_app-4e0a347dc425d5bf.js (79)
[21503:21503:0526/171004.028121:INFO:CONSOLE:79] "%c action     color: #03A9F4; font-weight: bold [object Object]", source: https://test.highloka.com/_next/static/chunks/pages/_app-4e0a347dc425d5bf.js (79)
[21503:21503:0526/171004.028166:INFO:CONSOLE:79] "%c next state color: #4CAF50; font-weight: bold [object Object]", source: https://test.highloka.com/_next/static/chunks/pages/_app-4e0a347dc425d5bf.js (79)
[21503:21503:0526/171004.028215:INFO:CONSOLE:79] "console.groupEnd", source: https://test.highloka.com/_next/static/chunks/pages/_app-4e0a347dc425d5bf.js (79)
[21503:21503:0526/171004.028350:INFO:CONSOLE:1] "In component did update.", source: https://test.highloka.com/_next/static/chunks/pages/concerts/%5Bslug%5D/arena-1595f5991389ce40.js (1)
[21503:21503:0526/171004.028468:INFO:CONSOLE:1] "[object Object]", source: https://test.highloka.com/_next/static/chunks/pages/concerts/%5Bslug%5D/arena-1595f5991389ce40.js (1)
[21503:21503:0526/171004.041051:INFO:CONSOLE:79] "%c action %cSET_JW_VIDEO_PLAYER_CURRENT_VIDEO_TIME %c@ 17:10:04.040 color: gray; font-weight: lighter; color: inherit; color: gray; font-weight: lighter;", source: https://test.highloka.com/_next/static/chunks/pages/_app-4e0a347dc425d5bf.js (79)
[21503:21503:0526/171004.041384:INFO:CONSOLE:79] "%c prev state color: #9E9E9E; font-weight: bold [object Object]", source: https://test.highloka.com/_next/static/chunks/pages/_app-4e0a347dc425d5bf.js (79)
[21503:21503:0526/171004.041950:INFO:CONSOLE:79] "%c action     color: #03A9F4; font-weight: bold [object Object]", source: https://test.highloka.com/_next/static/chunks/pages/_app-4e0a347dc425d5bf.js (79)
[21503:21503:0526/171004.042811:INFO:CONSOLE:79] "%c next state color: #4CAF50; font-weight: bold [object Object]", source: https://test.highloka.com/_next/static/chunks/pages/_app-4e0a347dc425d5bf.js (79)
[21503:21503:0526/171004.042920:INFO:CONSOLE:79] "console.groupEnd", source: https://test.highloka.com/_next/static/chunks/pages/_app-4e0a347dc425d5bf.js (79)
[21503:21503:0526/171004.048403:INFO:CONSOLE:1] "ReactHlsPlayerComponent this.props play", source: https://test.highloka.com/_next/static/chunks/pages/concerts/%5Bslug%5D/arena-1595f5991389ce40.js (1)
[21503:21503:0526/171004.293697:INFO:CONSOLE:79] "%c action %cSET_JW_VIDEO_PLAYER_CURRENT_VIDEO_TIME %c@ 17:10:04.293 color: gray; font-weight: lighter; color: inherit; color: gray; font-weight: lighter;", source: https://test.highloka.com/_next/static/chunks/pages/_app-4e0a347dc425d5bf.js (79)
[21503:21503:0526/171004.293806:INFO:CONSOLE:79] "%c prev state color: #9E9E9E; font-weight: bold [object Object]", source: https://test.highloka.com/_next/static/chunks/pages/_app-4e0a347dc425d5bf.js (79)
[21503:21503:0526/171004.294112:INFO:CONSOLE:79] "%c action     color: #03A9F4; font-weight: bold [object Object]", source: https://test.highloka.com/_next/static/chunks/pages/_app-4e0a347dc425d5bf.js (79)
[21503:21503:0526/171004.294321:INFO:CONSOLE:79] "%c next state color: #4CAF50; font-weight: bold [object Object]", source: https://test.highloka.com/_next/static/chunks/pages/_app-4e0a347dc425d5bf.js (79)
[21503:21503:0526/171004.294522:INFO:CONSOLE:79] "console.groupEnd", source: https://test.highloka.com/_next/static/chunks/pages/_app-4e0a347dc425d5bf.js (79)
[21503:21503:0526/171004.296853:INFO:CONSOLE:1] "ReactHlsPlayerComponent this.props play", source: https://test.highloka.com/_next/static/chunks/pages/concerts/%5Bslug%5D/arena-1595f5991389ce40.js (1)
[21503:21503:0526/171004.412299:INFO:CONSOLE:79] "%c action %cCREATE_NEW_CHAT_MESSAGE_SUCCESS %c@ 17:10:04.412 color: gray; font-weight: lighter; color: inherit; color: gray; font-weight: lighter;", source: https://test.highloka.com/_next/static/chunks/pages/_app-4e0a347dc425d5bf.js (79)
[21503:21503:0526/171004.412387:INFO:CONSOLE:79] "%c prev state color: #9E9E9E; font-weight: bold [object Object]", source: https://test.highloka.com/_next/static/chunks/pages/_app-4e0a347dc425d5bf.js (79)
[21503:21503:0526/171004.412509:INFO:CONSOLE:79] "%c action     color: #03A9F4; font-weight: bold [object Object]", source: https://test.highloka.com/_next/static/chunks/pages/_app-4e0a347dc425d5bf.js (79)
[21503:21503:0526/171004.412603:INFO:CONSOLE:79] "%c next state color: #4CAF50; font-weight: bold [object Object]", source: https://test.highloka.com/_next/static/chunks/pages/_app-4e0a347dc425d5bf.js (79)
[21503:21503:0526/171004.412675:INFO:CONSOLE:79] "console.groupEnd", source: https://test.highloka.com/_next/static/chunks/pages/_app-4e0a347dc425d5bf.js (79)
[21503:21503:0526/171004.516835:INFO:CONSOLE:67] "RECEIVED NEW MESSAGE.", source: https://test.highloka.com/_next/static/chunks/pages/_app-4e0a347dc425d5bf.js (67)
[21503:21503:0526/171004.516915:INFO:CONSOLE:67] "[object Object]", source: https://test.highloka.com/_next/static/chunks/pages/_app-4e0a347dc425d5bf.js (67)
[21503:21503:0526/171004.517003:INFO:CONSOLE:67] "Message Received = >", source: https://test.highloka.com/_next/static/chunks/pages/_app-4e0a347dc425d5bf.js (67)
[21503:21503:0526/171004.517050:INFO:CONSOLE:67] "[object Object]", source: https://test.highloka.com/_next/static/chunks/pages/_app-4e0a347dc425d5bf.js (67)
[21503:21503:0526/171004.518420:INFO:CONSOLE:79] "%c action %cGET_LAST_CURRENT_CHAT_TEXT_VIEW_SCROLL_POSITION %c@ 17:10:04.517 color: gray; font-weight: lighter; color: inherit; color: gray; font-weight: lighter;", source: https://test.highloka.com/_next/static/chunks/pages/_app-4e0a347dc425d5bf.js (79)
[21503:21503:0526/171004.518798:INFO:CONSOLE:79] "%c prev state color: #9E9E9E; font-weight: bold [object Object]", source: https://test.highloka.com/_next/static/chunks/pages/_app-4e0a347dc425d5bf.js (79)
[21503:21503:0526/171004.519036:INFO:CONSOLE:79] "%c action     color: #03A9F4; font-weight: bold [object Object]", source: https://test.highloka.com/_next/static/chunks/pages/_app-4e0a347dc425d5bf.js (79)
[21503:21503:0526/171004.519339:INFO:CONSOLE:79] "%c next state color: #4CAF50; font-weight: bold [object Object]", source: https://test.highloka.com/_next/static/chunks/pages/_app-4e0a347dc425d5bf.js (79)
[21503:21503:0526/171004.519566:INFO:CONSOLE:79] "console.groupEnd", source: https://test.highloka.com/_next/static/chunks/pages/_app-4e0a347dc425d5bf.js (79)
[21503:21503:0526/171004.521033:INFO:CONSOLE:67] "Posting new message.", source: https://test.highloka.com/_next/static/chunks/pages/_app-4e0a347dc425d5bf.js (67)
[21503:21503:0526/171004.521164:INFO:CONSOLE:67] "[object Object]", source: https://test.highloka.com/_next/static/chunks/pages/_app-4e0a347dc425d5bf.js (67)
[21503:21503:0526/171004.521828:INFO:CONSOLE:79] "%c action %cADD_NEW_SINGLE_MESSAGE_TO_MSGVIEW %c@ 17:10:04.519 color: gray; font-weight: lighter; color: inherit; color: gray; font-weight: lighter;", source: https://test.highloka.com/_next/static/chunks/pages/_app-4e0a347dc425d5bf.js (79)
[21503:21503:0526/171004.521982:INFO:CONSOLE:79] "%c prev state color: #9E9E9E; font-weight: bold [object Object]", source: https://test.highloka.com/_next/static/chunks/pages/_app-4e0a347dc425d5bf.js (79)
[21503:21503:0526/171004.522258:INFO:CONSOLE:79] "%c action     color: #03A9F4; font-weight: bold [object Object]", source: https://test.highloka.com/_next/static/chunks/pages/_app-4e0a347dc425d5bf.js (79)
[21503:21503:0526/171004.522491:INFO:CONSOLE:79] "%c next state color: #4CAF50; font-weight: bold [object Object]", source: https://test.highloka.com/_next/static/chunks/pages/_app-4e0a347dc425d5bf.js (79)
[21503:21503:0526/171004.522704:INFO:CONSOLE:79] "console.groupEnd", source: https://test.highloka.com/_next/static/chunks/pages/_app-4e0a347dc425d5bf.js (79)
[21503:21503:0526/171004.522832:INFO:CONSOLE:67] "sab ho gaya,", source: https://test.highloka.com/_next/static/chunks/pages/_app-4e0a347dc425d5bf.js (67)
[21503:21503:0526/171004.523514:INFO:CONSOLE:1] "In component did update.", source: https://test.highloka.com/_next/static/chunks/pages/concerts/%5Bslug%5D/arena-1595f5991389ce40.js (1)
[21503:21503:0526/171004.523653:INFO:CONSOLE:1] "[object Object]", source: https://test.highloka.com/_next/static/chunks/pages/concerts/%5Bslug%5D/arena-1595f5991389ce40.js (1)
[21503:21503:0526/171004.524385:INFO:CONSOLE:79] "%c action %cSET_LAST_CURRENT_CHAT_TEXT_VIEW_SCROLL_POSITION %c@ 17:10:04.523 color: gray; font-weight: lighter; color: inherit; color: gray; font-weight: lighter;", source: https://test.highloka.com/_next/static/chunks/pages/_app-4e0a347dc425d5bf.js (79)
[21503:21503:0526/171004.524611:INFO:CONSOLE:79] "%c prev state color: #9E9E9E; font-weight: bold [object Object]", source: https://test.highloka.com/_next/static/chunks/pages/_app-4e0a347dc425d5bf.js (79)
[21503:21503:0526/171004.524800:INFO:CONSOLE:79] "%c action     color: #03A9F4; font-weight: bold [object Object]", source: https://test.highloka.com/_next/static/chunks/pages/_app-4e0a347dc425d5bf.js (79)
[21503:21503:0526/171004.525105:INFO:CONSOLE:79] "%c next state color: #4CAF50; font-weight: bold [object Object]", source: https://test.highloka.com/_next/static/chunks/pages/_app-4e0a347dc425d5bf.js (79)
[21503:21503:0526/171004.525358:INFO:CONSOLE:79] "console.groupEnd", source: https://test.highloka.com/_next/static/chunks/pages/_app-4e0a347dc425d5bf.js (79)
[21503:21503:0526/171004.525901:INFO:CONSOLE:1] "Chat Text View Container Did Update. this.props [object Object]", source: https://test.highloka.com/_next/static/chunks/pages/concerts/%5Bslug%5D/arena-1595f5991389ce40.js (1)
[21503:21503:0526/171004.526494:INFO:CONSOLE:1] "mobileResponsive false", source: https://test.highloka.com/_next/static/chunks/pages/concerts/%5Bslug%5D/arena-1595f5991389ce40.js (1)
[21503:21503:0526/171004.526589:INFO:CONSOLE:1] "CurrCharUser", source: https://test.highloka.com/_next/static/chunks/pages/concerts/%5Bslug%5D/arena-1595f5991389ce40.js (1)
[21503:21503:0526/171004.526707:INFO:CONSOLE:1] "[object Object]", source: https://test.highloka.com/_next/static/chunks/pages/concerts/%5Bslug%5D/arena-1595f5991389ce40.js (1)
[21503:21503:0526/171004.526889:INFO:CONSOLE:1] "[object Object]", source: https://test.highloka.com/_next/static/chunks/pages/concerts/%5Bslug%5D/arena-1595f5991389ce40.js (1)
[21503:21503:0526/171004.527029:INFO:CONSOLE:1] "Loka 41 :white", source: https://test.highloka.com/_next/static/chunks/pages/concerts/%5Bslug%5D/arena-1595f5991389ce40.js (1)
[21503:21503:0526/171004.528007:INFO:CONSOLE:79] "%c action %cSET_CHAT_TEXT_VIEW_SCROLL %c@ 17:10:04.527 color: gray; font-weight: lighter; color: inherit; color: gray; font-weight: lighter;", source: https://test.highloka.com/_next/static/chunks/pages/_app-4e0a347dc425d5bf.js (79)
[21503:21503:0526/171004.528222:INFO:CONSOLE:79] "%c prev state color: #9E9E9E; font-weight: bold [object Object]", source: https://test.highloka.com/_next/static/chunks/pages/_app-4e0a347dc425d5bf.js (79)
[21503:21503:0526/171004.528415:INFO:CONSOLE:79] "%c action     color: #03A9F4; font-weight: bold [object Object]", source: https://test.highloka.com/_next/static/chunks/pages/_app-4e0a347dc425d5bf.js (79)
[21503:21503:0526/171004.528679:INFO:CONSOLE:79] "%c next state color: #4CAF50; font-weight: bold [object Object]", source: https://test.highloka.com/_next/static/chunks/pages/_app-4e0a347dc425d5bf.js (79)
[21503:21503:0526/171004.528850:INFO:CONSOLE:79] "console.groupEnd", source: https://test.highloka.com/_next/static/chunks/pages/_app-4e0a347dc425d5bf.js (79)
[21503:21503:0526/171004.529346:INFO:CONSOLE:79] "%c action %cMARK_COMPLETE_ADD_MESSAGE_OPERATION %c@ 17:10:04.528 color: gray; font-weight: lighter; color: inherit; color: gray; font-weight: lighter;", source: https://test.highloka.com/_next/static/chunks/pages/_app-4e0a347dc425d5bf.js (79)
[21503:21503:0526/171004.529500:INFO:CONSOLE:79] "%c prev state color: #9E9E9E; font-weight: bold [object Object]", source: https://test.highloka.com/_next/static/chunks/pages/_app-4e0a347dc425d5bf.js (79)
[21503:21503:0526/171004.529699:INFO:CONSOLE:79] "%c action     color: #03A9F4; font-weight: bold [object Object]", source: https://test.highloka.com/_next/static/chunks/pages/_app-4e0a347dc425d5bf.js (79)
[21503:21503:0526/171004.529907:INFO:CONSOLE:79] "%c next state color: #4CAF50; font-weight: bold [object Object]", source: https://test.highloka.com/_next/static/chunks/pages/_app-4e0a347dc425d5bf.js (79)
[21503:21503:0526/171004.530094:INFO:CONSOLE:79] "console.groupEnd", source: https://test.highloka.com/_next/static/chunks/pages/_app-4e0a347dc425d5bf.js (79)
[21503:21503:0526/171004.530281:INFO:CONSOLE:1] "In component did update.", source: https://test.highloka.com/_next/static/chunks/pages/concerts/%5Bslug%5D/arena-1595f5991389ce40.js (1)
[21503:21503:0526/171004.530374:INFO:CONSOLE:1] "[object Object]", source: https://test.highloka.com/_next/static/chunks/pages/concerts/%5Bslug%5D/arena-1595f5991389ce40.js (1)
[21503:21503:0526/171004.530943:INFO:CONSOLE:1] "Chat Text View Container Did Update. this.props [object Object]", source: https://test.highloka.com/_next/static/chunks/pages/concerts/%5Bslug%5D/arena-1595f5991389ce40.js (1)
[21503:21503:0526/171004.531619:INFO:CONSOLE:1] "In component did update.", source: https://test.highloka.com/_next/static/chunks/pages/concerts/%5Bslug%5D/arena-1595f5991389ce40.js (1)
[21503:21503:0526/171004.531729:INFO:CONSOLE:1] "[object Object]", source: https://test.highloka.com/_next/static/chunks/pages/concerts/%5Bslug%5D/arena-1595f5991389ce40.js (1)
[21503:21503:0526/171004.531814:INFO:CONSOLE:1] "New Message Scroll", source: https://test.highloka.com/_next/static/chunks/pages/concerts/%5Bslug%5D/arena-1595f5991389ce40.js (1)
[21503:21503:0526/171004.531948:INFO:CONSOLE:1] "[object Object]", source: https://test.highloka.com/_next/static/chunks/pages/concerts/%5Bslug%5D/arena-1595f5991389ce40.js (1)
[21503:21503:0526/171004.532152:INFO:CONSOLE:1] "Line 197 => 0", source: https://test.highloka.com/_next/static/chunks/pages/concerts/%5Bslug%5D/arena-1595f5991389ce40.js (1)
[21503:21503:0526/171004.532754:INFO:CONSOLE:1] "Scroll is at bottom", source: https://test.highloka.com/_next/static/chunks/pages/concerts/%5Bslug%5D/arena-1595f5991389ce40.js (1)
[21503:21503:0526/171004.534689:INFO:CONSOLE:79] "%c action %cSET_CHAT_TEXT_VIEW_SCROLL_STATUS_DONE %c@ 17:10:04.534 color: gray; font-weight: lighter; color: inherit; color: gray; font-weight: lighter;", source: https://test.highloka.com/_next/static/chunks/pages/_app-4e0a347dc425d5bf.js (79)
[21503:21503:0526/171004.534972:INFO:CONSOLE:79] "%c prev state color: #9E9E9E; font-weight: bold [object Object]", source: https://test.highloka.com/_next/static/chunks/pages/_app-4e0a347dc425d5bf.js (79)
[21503:21503:0526/171004.535775:INFO:CONSOLE:79] "%c action     color: #03A9F4; font-weight: bold [object Object]", source: https://test.highloka.com/_next/static/chunks/pages/_app-4e0a347dc425d5bf.js (79)
[21503:21503:0526/171004.535900:INFO:CONSOLE:79] "%c next state color: #4CAF50; font-weight: bold [object Object]", source: https://test.highloka.com/_next/static/chunks/pages/_app-4e0a347dc425d5bf.js (79)
[21503:21503:0526/171004.535952:INFO:CONSOLE:79] "console.groupEnd", source: https://test.highloka.com/_next/static/chunks/pages/_app-4e0a347dc425d5bf.js (79)
[21503:21503:0526/171004.536487:INFO:CONSOLE:1] "In component did update.", source: https://test.highloka.com/_next/static/chunks/pages/concerts/%5Bslug%5D/arena-1595f5991389ce40.js (1)
[21503:21503:0526/171004.536589:INFO:CONSOLE:1] "[object Object]", source: https://test.highloka.com/_next/static/chunks/pages/concerts/%5Bslug%5D/arena-1595f5991389ce40.js (1)
[21503:21503:0526/171004.558827:INFO:CONSOLE:79] "%c action %cSET_JW_VIDEO_PLAYER_CURRENT_VIDEO_TIME %c@ 17:10:04.558 color: gray; font-weight: lighter; color: inherit; color: gray; font-weight: lighter;", source: https://test.highloka.com/_next/static/chunks/pages/_app-4e0a347dc425d5bf.js (79)
[21503:21503:0526/171004.558893:INFO:CONSOLE:79] "%c prev state color: #9E9E9E; font-weight: bold [object Object]", source: https://test.highloka.com/_next/static/chunks/pages/_app-4e0a347dc425d5bf.js (79)
[21503:21503:0526/171004.558955:INFO:CONSOLE:79] "%c action     color: #03A9F4; font-weight: bold [object Object]", source: https://test.highloka.com/_next/static/chunks/pages/_app-4e0a347dc425d5bf.js (79)
[21503:21503:0526/171004.559033:INFO:CONSOLE:79] "%c next state color: #4CAF50; font-weight: bold [object Object]", source: https://test.highloka.com/_next/static/chunks/pages/_app-4e0a347dc425d5bf.js (79)
[21503:21503:0526/171004.559101:INFO:CONSOLE:79] "console.groupEnd", source: https://test.highloka.com/_next/static/chunks/pages/_app-4e0a347dc425d5bf.js (79)
[21503:21503:0526/171004.560320:INFO:CONSOLE:1] "ReactHlsPlayerComponent this.props play", source: https://test.highloka.com/_next/static/chunks/pages/concerts/%5Bslug%5D/arena-1595f5991389ce40.js (1)
[21503:21503:0526/171004.828617:INFO:CONSOLE:79] "%c action %cSET_JW_VIDEO_PLAYER_CURRENT_VIDEO_TIME %c@ 17:10:04.827 color: gray; font-weight: lighter; color: inherit; color: gray; font-weight: lighter;", source: https://test.highloka.com/_next/static/chunks/pages/_app-4e0a347dc425d5bf.js (79)
[21503:21503:0526/171004.828828:INFO:CONSOLE:79] "%c prev state color: #9E9E9E; font-weight: bold [object Object]", source: https://test.highloka.com/_next/static/chunks/pages/_app-4e0a347dc425d5bf.js (79)
[21503:21503:0526/171004.829137:INFO:CONSOLE:79] "%c action     color: #03A9F4; font-weight: bold [object Object]", source: https://test.highloka.com/_next/static/chunks/pages/_app-4e0a347dc425d5bf.js (79)
[21503:21503:0526/171004.829489:INFO:CONSOLE:79] "%c next state color: #4CAF50; font-weight: bold [object Object]", source: https://test.highloka.com/_next/static/chunks/pages/_app-4e0a347dc425d5bf.js (79)
[21503:21503:0526/171004.829842:INFO:CONSOLE:79] "console.groupEnd", source: https://test.highloka.com/_next/static/chunks/pages/_app-4e0a347dc425d5bf.js (79)
[21503:21503:0526/171004.834412:INFO:CONSOLE:1] "ReactHlsPlayerComponent this.props play", source: https://test.highloka.com/_next/static/chunks/pages/concerts/%5Bslug%5D/arena-1595f5991389ce40.js (1)
[21503:21503:0526/171004.949857:INFO:CONSOLE:1] "1", source: https://test.highloka.com/_next/static/chunks/pages/concerts/%5Bslug%5D/arena-1595f5991389ce40.js (1)
[21503:21503:0526/171004.949951:INFO:CONSOLE:1] "mobileResponsive1 false", source: https://test.highloka.com/_next/static/chunks/pages/concerts/%5Bslug%5D/arena-1595f5991389ce40.js (1)
[21503:21503:0526/171005.090116:INFO:CONSOLE:79] "%c action %cSET_JW_VIDEO_PLAYER_CURRENT_VIDEO_TIME %c@ 17:10:05.089 color: gray; font-weight: lighter; color: inherit; color: gray; font-weight: lighter;", source: https://test.highloka.com/_next/static/chunks/pages/_app-4e0a347dc425d5bf.js (79)
[21503:21503:0526/171005.090177:INFO:CONSOLE:79] "%c prev state color: #9E9E9E; font-weight: bold [object Object]", source: https://test.highloka.com/_next/static/chunks/pages/_app-4e0a347dc425d5bf.js (79)
[21503:21503:0526/171005.090299:INFO:CONSOLE:79] "%c action     color: #03A9F4; font-weight: bold [object Object]", source: https://test.highloka.com/_next/static/chunks/pages/_app-4e0a347dc425d5bf.js (79)
[21503:21503:0526/171005.090355:INFO:CONSOLE:79] "%c next state color: #4CAF50; font-weight: bold [object Object]", source: https://test.highloka.com/_next/static/chunks/pages/_app-4e0a347dc425d5bf.js (79)
[21503:21503:0526/171005.090451:INFO:CONSOLE:79] "console.groupEnd", source: https://test.highloka.com/_next/static/chunks/pages/_app-4e0a347dc425d5bf.js (79)
[21503:21503:0526/171005.091940:INFO:CONSOLE:1] "ReactHlsPlayerComponent this.props play", source: https://test.highloka.com/_next/static/chunks/pages/concerts/%5Bslug%5D/arena-1595f5991389ce40.js (1)
[21503:21503:0526/171005.357443:INFO:CONSOLE:79] "%c action %cSET_JW_VIDEO_PLAYER_CURRENT_VIDEO_TIME %c@ 17:10:05.356 color: gray; font-weight: lighter; color: inherit; color: gray; font-weight: lighter;", source: https://test.highloka.com/_next/static/chunks/pages/_app-4e0a347dc425d5bf.js (79)
[21503:21503:0526/171005.357721:INFO:CONSOLE:79] "%c prev state color: #9E9E9E; font-weight: bold [object Object]", source: https://test.highloka.com/_next/static/chunks/pages/_app-4e0a347dc425d5bf.js (79)
[21503:21503:0526/171005.358151:INFO:CONSOLE:79] "%c action     color: #03A9F4; font-weight: bold [object Object]", source: https://test.highloka.com/_next/static/chunks/pages/_app-4e0a347dc425d5bf.js (79)
[21503:21503:0526/171005.358713:INFO:CONSOLE:79] "%c next state color: #4CAF50; font-weight: bold [object Object]", source: https://test.highloka.com/_next/static/chunks/pages/_app-4e0a347dc425d5bf.js (79)
[21503:21503:0526/171005.358990:INFO:CONSOLE:79] "console.groupEnd", source: https://test.highloka.com/_next/static/chunks/pages/_app-4e0a347dc425d5bf.js (79)
[21503:21503:0526/171005.362265:INFO:CONSOLE:1] "ReactHlsPlayerComponent this.props play", source: https://test.highloka.com/_next/static/chunks/pages/concerts/%5Bslug%5D/arena-1595f5991389ce40.js (1)
[21503:21503:0526/171005.622171:INFO:CONSOLE:79] "%c action %cSET_JW_VIDEO_PLAYER_CURRENT_VIDEO_TIME %c@ 17:10:05.621 color: gray; font-weight: lighter; color: inherit; color: gray; font-weight: lighter;", source: https://test.highloka.com/_next/static/chunks/pages/_app-4e0a347dc425d5bf.js (79)
[21503:21503:0526/171005.622291:INFO:CONSOLE:79] "%c prev state color: #9E9E9E; font-weight: bold [object Object]", source: https://test.highloka.com/_next/static/chunks/pages/_app-4e0a347dc425d5bf.js (79)
[21503:21503:0526/171005.622346:INFO:CONSOLE:79] "%c action     color: #03A9F4; font-weight: bold [object Object]", source: https://test.highloka.com/_next/static/chunks/pages/_app-4e0a347dc425d5bf.js (79)
[21503:21503:0526/171005.622488:INFO:CONSOLE:79] "%c next state color: #4CAF50; font-weight: bold [object Object]", source: https://test.highloka.com/_next/static/chunks/pages/_app-4e0a347dc425d5bf.js (79)
[21503:21503:0526/171005.622605:INFO:CONSOLE:79] "console.groupEnd", source: https://test.highloka.com/_next/static/chunks/pages/_app-4e0a347dc425d5bf.js (79)
[21503:21503:0526/171005.624031:INFO:CONSOLE:1] "ReactHlsPlayerComponent this.props play", source: https://test.highloka.com/_next/static/chunks/pages/concerts/%5Bslug%5D/arena-1595f5991389ce40.js (1)
[21503:21503:0526/171005.888091:INFO:CONSOLE:79] "%c action %cSET_JW_VIDEO_PLAYER_CURRENT_VIDEO_TIME %c@ 17:10:05.887 color: gray; font-weight: lighter; color: inherit; color: gray; font-weight: lighter;", source: https://test.highloka.com/_next/static/chunks/pages/_app-4e0a347dc425d5bf.js (79)
[21503:21503:0526/171005.888431:INFO:CONSOLE:79] "%c prev state color: #9E9E9E; font-weight: bold [object Object]", source: https://test.highloka.com/_next/static/chunks/pages/_app-4e0a347dc425d5bf.js (79)
[21503:21503:0526/171005.889006:INFO:CONSOLE:79] "%c action     color: #03A9F4; font-weight: bold [object Object]", source: https://test.highloka.com/_next/static/chunks/pages/_app-4e0a347dc425d5bf.js (79)
[21503:21503:0526/171005.889495:INFO:CONSOLE:79] "%c next state color: #4CAF50; font-weight: bold [object Object]", source: https://test.highloka.com/_next/static/chunks/pages/_app-4e0a347dc425d5bf.js (79)
[21503:21503:0526/171005.889908:INFO:CONSOLE:79] "console.groupEnd", source: https://test.highloka.com/_next/static/chunks/pages/_app-4e0a347dc425d5bf.js (79)
[21503:21503:0526/171005.893368:INFO:CONSOLE:1] "ReactHlsPlayerComponent this.props play", source: https://test.highloka.com/_next/static/chunks/pages/concerts/%5Bslug%5D/arena-1595f5991389ce40.js (1)
[21503:21503:0526/171006.154440:INFO:CONSOLE:79] "%c action %cSET_JW_VIDEO_PLAYER_CURRENT_VIDEO_TIME %c@ 17:10:06.153 color: gray; font-weight: lighter; color: inherit; color: gray; font-weight: lighter;", source: https://test.highloka.com/_next/static/chunks/pages/_app-4e0a347dc425d5bf.js (79)
[21503:21503:0526/171006.154738:INFO:CONSOLE:79] "%c prev state color: #9E9E9E; font-weight: bold [object Object]", source: https://test.highloka.com/_next/static/chunks/pages/_app-4e0a347dc425d5bf.js (79)
[21503:21503:0526/171006.155869:INFO:CONSOLE:79] "%c action     color: #03A9F4; font-weight: bold [object Object]", source: https://test.highloka.com/_next/static/chunks/pages/_app-4e0a347dc425d5bf.js (79)
[21503:21503:0526/171006.156067:INFO:CONSOLE:79] "%c next state color: #4CAF50; font-weight: bold [object Object]", source: https://test.highloka.com/_next/static/chunks/pages/_app-4e0a347dc425d5bf.js (79)
[21503:21503:0526/171006.156564:INFO:CONSOLE:79] "console.groupEnd", source: https://test.highloka.com/_next/static/chunks/pages/_app-4e0a347dc425d5bf.js (79)
[21503:21503:0526/171006.161538:INFO:CONSOLE:1] "ReactHlsPlayerComponent this.props play", source: https://test.highloka.com/_next/static/chunks/pages/concerts/%5Bslug%5D/arena-1595f5991389ce40.js (1)
[21503:21503:0526/171006.372407:INFO:CONSOLE:1] "receivedAudienceUserStrip null", source: https://test.highloka.com/_next/static/chunks/pages/concerts/%5Bslug%5D/arena-1595f5991389ce40.js (1)
[21503:21503:0526/171006.372634:INFO:CONSOLE:1] "receivedAudienceUserStrip null", source: https://test.highloka.com/_next/static/chunks/pages/concerts/%5Bslug%5D/arena-1595f5991389ce40.js (1)
[21503:21503:0526/171006.420697:INFO:CONSOLE:79] "%c action %cSET_JW_VIDEO_PLAYER_CURRENT_VIDEO_TIME %c@ 17:10:06.419 color: gray; font-weight: lighter; color: inherit; color: gray; font-weight: lighter;", source: https://test.highloka.com/_next/static/chunks/pages/_app-4e0a347dc425d5bf.js (79)
[21503:21503:0526/171006.420983:INFO:CONSOLE:79] "%c prev state color: #9E9E9E; font-weight: bold [object Object]", source: https://test.highloka.com/_next/static/chunks/pages/_app-4e0a347dc425d5bf.js (79)
[21503:21503:0526/171006.421393:INFO:CONSOLE:79] "%c action     color: #03A9F4; font-weight: bold [object Object]", source: https://test.highloka.com/_next/static/chunks/pages/_app-4e0a347dc425d5bf.js (79)
[21503:21503:0526/171006.421867:INFO:CONSOLE:79] "%c next state color: #4CAF50; font-weight: bold [object Object]", source: https://test.highloka.com/_next/static/chunks/pages/_app-4e0a347dc425d5bf.js (79)
[21503:21503:0526/171006.422203:INFO:CONSOLE:79] "console.groupEnd", source: https://test.highloka.com/_next/static/chunks/pages/_app-4e0a347dc425d5bf.js (79)
[21503:21503:0526/171006.430072:INFO:CONSOLE:1] "ReactHlsPlayerComponent this.props play", source: https://test.highloka.com/_next/static/chunks/pages/concerts/%5Bslug%5D/arena-1595f5991389ce40.js (1)
[21503:21503:0526/171006.685112:INFO:CONSOLE:79] "%c action %cSET_JW_VIDEO_PLAYER_CURRENT_VIDEO_TIME %c@ 17:10:06.684 color: gray; font-weight: lighter; color: inherit; color: gray; font-weight: lighter;", source: https://test.highloka.com/_next/static/chunks/pages/_app-4e0a347dc425d5bf.js (79)
[21503:21503:0526/171006.685396:INFO:CONSOLE:79] "%c prev state color: #9E9E9E; font-weight: bold [object Object]", source: https://test.highloka.com/_next/static/chunks/pages/_app-4e0a347dc425d5bf.js (79)
[21503:21503:0526/171006.686023:INFO:CONSOLE:79] "%c action     color: #03A9F4; font-weight: bold [object Object]", source: https://test.highloka.com/_next/static/chunks/pages/_app-4e0a347dc425d5bf.js (79)
[21503:21503:0526/171006.686568:INFO:CONSOLE:79] "%c next state color: #4CAF50; font-weight: bold [object Object]", source: https://test.highloka.com/_next/static/chunks/pages/_app-4e0a347dc425d5bf.js (79)
[21503:21503:0526/171006.686941:INFO:CONSOLE:79] "console.groupEnd", source: https://test.highloka.com/_next/static/chunks/pages/_app-4e0a347dc425d5bf.js (79)
[21503:21503:0526/171006.689599:INFO:CONSOLE:1] "ReactHlsPlayerComponent this.props play", source: https://test.highloka.com/_next/static/chunks/pages/concerts/%5Bslug%5D/arena-1595f5991389ce40.js (1)
[21503:21503:0526/171006.952779:INFO:CONSOLE:79] "%c action %cSET_JW_VIDEO_PLAYER_CURRENT_VIDEO_TIME %c@ 17:10:06.951 color: gray; font-weight: lighter; color: inherit; color: gray; font-weight: lighter;", source: https://test.highloka.com/_next/static/chunks/pages/_app-4e0a347dc425d5bf.js (79)
[21503:21503:0526/171006.953958:INFO:CONSOLE:79] "%c prev state color: #9E9E9E; font-weight: bold [object Object]", source: https://test.highloka.com/_next/static/chunks/pages/_app-4e0a347dc425d5bf.js (79)
[21503:21503:0526/171006.954897:INFO:CONSOLE:79] "%c action     color: #03A9F4; font-weight: bold [object Object]", source: https://test.highloka.com/_next/static/chunks/pages/_app-4e0a347dc425d5bf.js (79)
[21503:21503:0526/171006.955144:INFO:CONSOLE:79] "%c next state color: #4CAF50; font-weight: bold [object Object]", source: https://test.highloka.com/_next/static/chunks/pages/_app-4e0a347dc425d5bf.js (79)
[21503:21503:0526/171006.955290:INFO:CONSOLE:79] "console.groupEnd", source: https://test.highloka.com/_next/static/chunks/pages/_app-4e0a347dc425d5bf.js (79)
[21503:21503:0526/171006.960995:INFO:CONSOLE:1] "ReactHlsPlayerComponent this.props play", source: https://test.highloka.com/_next/static/chunks/pages/concerts/%5Bslug%5D/arena-1595f5991389ce40.js (1)
[21503:21503:0526/171007.215517:INFO:CONSOLE:79] "%c action %cSET_JW_VIDEO_PLAYER_CURRENT_VIDEO_TIME %c@ 17:10:07.215 color: gray; font-weight: lighter; color: inherit; color: gray; font-weight: lighter;", source: https://test.highloka.com/_next/static/chunks/pages/_app-4e0a347dc425d5bf.js (79)
[21503:21503:0526/171007.215596:INFO:CONSOLE:79] "%c prev state color: #9E9E9E; font-weight: bold [object Object]", source: https://test.highloka.com/_next/static/chunks/pages/_app-4e0a347dc425d5bf.js (79)
[21503:21503:0526/171007.215698:INFO:CONSOLE:79] "%c action     color: #03A9F4; font-weight: bold [object Object]", source: https://test.highloka.com/_next/static/chunks/pages/_app-4e0a347dc425d5bf.js (79)
[21503:21503:0526/171007.215871:INFO:CONSOLE:79] "%c next state color: #4CAF50; font-weight: bold [object Object]", source: https://test.highloka.com/_next/static/chunks/pages/_app-4e0a347dc425d5bf.js (79)
[21503:21503:0526/171007.216032:INFO:CONSOLE:79] "console.groupEnd", source: https://test.highloka.com/_next/static/chunks/pages/_app-4e0a347dc425d5bf.js (79)
[21503:21503:0526/171007.218004:INFO:CONSOLE:1] "ReactHlsPlayerComponent this.props play", source: https://test.highloka.com/_next/static/chunks/pages/concerts/%5Bslug%5D/arena-1595f5991389ce40.js (1)
[21503:21503:0526/171007.483245:INFO:CONSOLE:79] "%c action %cSET_JW_VIDEO_PLAYER_CURRENT_VIDEO_TIME %c@ 17:10:07.481 color: gray; font-weight: lighter; color: inherit; color: gray; font-weight: lighter;", source: https://test.highloka.com/_next/static/chunks/pages/_app-4e0a347dc425d5bf.js (79)
[21503:21503:0526/171007.483458:INFO:CONSOLE:79] "%c prev state color: #9E9E9E; font-weight: bold [object Object]", source: https://test.highloka.com/_next/static/chunks/pages/_app-4e0a347dc425d5bf.js (79)
[21503:21503:0526/171007.484089:INFO:CONSOLE:79] "%c action     color: #03A9F4; font-weight: bold [object Object]", source: https://test.highloka.com/_next/static/chunks/pages/_app-4e0a347dc425d5bf.js (79)
[21503:21503:0526/171007.485012:INFO:CONSOLE:79] "%c next state color: #4CAF50; font-weight: bold [object Object]", source: https://test.highloka.com/_next/static/chunks/pages/_app-4e0a347dc425d5bf.js (79)
[21503:21503:0526/171007.485541:INFO:CONSOLE:79] "console.groupEnd", source: https://test.highloka.com/_next/static/chunks/pages/_app-4e0a347dc425d5bf.js (79)
[21503:21503:0526/171007.490850:INFO:CONSOLE:1] "ReactHlsPlayerComponent this.props play", source: https://test.highloka.com/_next/static/chunks/pages/concerts/%5Bslug%5D/arena-1595f5991389ce40.js (1)
[21503:21503:0526/171007.746502:INFO:CONSOLE:79] "%c action %cSET_JW_VIDEO_PLAYER_CURRENT_VIDEO_TIME %c@ 17:10:07.746 color: gray; font-weight: lighter; color: inherit; color: gray; font-weight: lighter;", source: https://test.highloka.com/_next/static/chunks/pages/_app-4e0a347dc425d5bf.js (79)
[21503:21503:0526/171007.746574:INFO:CONSOLE:79] "%c prev state color: #9E9E9E; font-weight: bold [object Object]", source: https://test.highloka.com/_next/static/chunks/pages/_app-4e0a347dc425d5bf.js (79)
[21503:21503:0526/171007.746721:INFO:CONSOLE:79] "%c action     color: #03A9F4; font-weight: bold [object Object]", source: https://test.highloka.com/_next/static/chunks/pages/_app-4e0a347dc425d5bf.js (79)
[21503:21503:0526/171007.746893:INFO:CONSOLE:79] "%c next state color: #4CAF50; font-weight: bold [object Object]", source: https://test.highloka.com/_next/static/chunks/pages/_app-4e0a347dc425d5bf.js (79)
[21503:21503:0526/171007.747033:INFO:CONSOLE:79] "console.groupEnd", source: https://test.highloka.com/_next/static/chunks/pages/_app-4e0a347dc425d5bf.js (79)
[21503:21503:0526/171007.748700:INFO:CONSOLE:1] "ReactHlsPlayerComponent this.props play", source: https://test.highloka.com/_next/static/chunks/pages/concerts/%5Bslug%5D/arena-1595f5991389ce40.js (1)
[21503:21503:0526/171008.012131:INFO:CONSOLE:79] "%c action %cSET_JW_VIDEO_PLAYER_CURRENT_VIDEO_TIME %c@ 17:10:08.011 color: gray; font-weight: lighter; color: inherit; color: gray; font-weight: lighter;", source: https://test.highloka.com/_next/static/chunks/pages/_app-4e0a347dc425d5bf.js (79)
[21503:21503:0526/171008.012212:INFO:CONSOLE:79] "%c prev state color: #9E9E9E; font-weight: bold [object Object]", source: https://test.highloka.com/_next/static/chunks/pages/_app-4e0a347dc425d5bf.js (79)
[21503:21503:0526/171008.012374:INFO:CONSOLE:79] "%c action     color: #03A9F4; font-weight: bold [object Object]", source: https://test.highloka.com/_next/static/chunks/pages/_app-4e0a347dc425d5bf.js (79)
[21503:21503:0526/171008.012684:INFO:CONSOLE:79] "%c next state color: #4CAF50; font-weight: bold [object Object]", source: https://test.highloka.com/_next/static/chunks/pages/_app-4e0a347dc425d5bf.js (79)
[21503:21503:0526/171008.012910:INFO:CONSOLE:79] "console.groupEnd", source: https://test.highloka.com/_next/static/chunks/pages/_app-4e0a347dc425d5bf.js (79)
[21503:21503:0526/171008.014718:INFO:CONSOLE:1] "ReactHlsPlayerComponent this.props play", source: https://test.highloka.com/_next/static/chunks/pages/concerts/%5Bslug%5D/arena-1595f5991389ce40.js (1)
[21503:21503:0526/171008.279004:INFO:CONSOLE:79] "%c action %cSET_JW_VIDEO_PLAYER_CURRENT_VIDEO_TIME %c@ 17:10:08.278 color: gray; font-weight: lighter; color: inherit; color: gray; font-weight: lighter;", source: https://test.highloka.com/_next/static/chunks/pages/_app-4e0a347dc425d5bf.js (79)
[21503:21503:0526/171008.279177:INFO:CONSOLE:79] "%c prev state color: #9E9E9E; font-weight: bold [object Object]", source: https://test.highloka.com/_next/static/chunks/pages/_app-4e0a347dc425d5bf.js (79)
[21503:21503:0526/171008.279542:INFO:CONSOLE:79] "%c action     color: #03A9F4; font-weight: bold [object Object]", source: https://test.highloka.com/_next/static/chunks/pages/_app-4e0a347dc425d5bf.js (79)
[21503:21503:0526/171008.279833:INFO:CONSOLE:79] "%c next state color: #4CAF50; font-weight: bold [object Object]", source: https://test.highloka.com/_next/static/chunks/pages/_app-4e0a347dc425d5bf.js (79)
[21503:21503:0526/171008.280087:INFO:CONSOLE:79] "console.groupEnd", source: https://test.highloka.com/_next/static/chunks/pages/_app-4e0a347dc425d5bf.js (79)
[21503:21503:0526/171008.283095:INFO:CONSOLE:1] "ReactHlsPlayerComponent this.props play", source: https://test.highloka.com/_next/static/chunks/pages/concerts/%5Bslug%5D/arena-1595f5991389ce40.js (1)
[21503:21503:0526/171008.544002:INFO:CONSOLE:79] "%c action %cSET_JW_VIDEO_PLAYER_CURRENT_VIDEO_TIME %c@ 17:10:08.543 color: gray; font-weight: lighter; color: inherit; color: gray; font-weight: lighter;", source: https://test.highloka.com/_next/static/chunks/pages/_app-4e0a347dc425d5bf.js (79)
[21503:21503:0526/171008.544102:INFO:CONSOLE:79] "%c prev state color: #9E9E9E; font-weight: bold [object Object]", source: https://test.highloka.com/_next/static/chunks/pages/_app-4e0a347dc425d5bf.js (79)
[21503:21503:0526/171008.544277:INFO:CONSOLE:79] "%c action     color: #03A9F4; font-weight: bold [object Object]", source: https://test.highloka.com/_next/static/chunks/pages/_app-4e0a347dc425d5bf.js (79)
[21503:21503:0526/171008.544464:INFO:CONSOLE:79] "%c next state color: #4CAF50; font-weight: bold [object Object]", source: https://test.highloka.com/_next/static/chunks/pages/_app-4e0a347dc425d5bf.js (79)
[21503:21503:0526/171008.544606:INFO:CONSOLE:79] "console.groupEnd", source: https://test.highloka.com/_next/static/chunks/pages/_app-4e0a347dc425d5bf.js (79)
[21503:21503:0526/171008.546838:INFO:CONSOLE:1] "ReactHlsPlayerComponent this.props play", source: https://test.highloka.com/_next/static/chunks/pages/concerts/%5Bslug%5D/arena-1595f5991389ce40.js (1)
[21503:21503:0526/171008.810804:INFO:CONSOLE:79] "%c action %cSET_JW_VIDEO_PLAYER_CURRENT_VIDEO_TIME %c@ 17:10:08.809 color: gray; font-weight: lighter; color: inherit; color: gray; font-weight: lighter;", source: https://test.highloka.com/_next/static/chunks/pages/_app-4e0a347dc425d5bf.js (79)
[21503:21503:0526/171008.810974:INFO:CONSOLE:79] "%c prev state color: #9E9E9E; font-weight: bold [object Object]", source: https://test.highloka.com/_next/static/chunks/pages/_app-4e0a347dc425d5bf.js (79)
[21503:21503:0526/171008.811293:INFO:CONSOLE:79] "%c action     color: #03A9F4; font-weight: bold [object Object]", source: https://test.highloka.com/_next/static/chunks/pages/_app-4e0a347dc425d5bf.js (79)
[21503:21503:0526/171008.811533:INFO:CONSOLE:79] "%c next state color: #4CAF50; font-weight: bold [object Object]", source: https://test.highloka.com/_next/static/chunks/pages/_app-4e0a347dc425d5bf.js (79)
[21503:21503:0526/171008.811914:INFO:CONSOLE:79] "console.groupEnd", source: https://test.highloka.com/_next/static/chunks/pages/_app-4e0a347dc425d5bf.js (79)
[21503:21503:0526/171008.814772:INFO:CONSOLE:1] "ReactHlsPlayerComponent this.props play", source: https://test.highloka.com/_next/static/chunks/pages/concerts/%5Bslug%5D/arena-1595f5991389ce40.js (1)
[21503:21503:0526/171009.075414:INFO:CONSOLE:79] "%c action %cSET_JW_VIDEO_PLAYER_CURRENT_VIDEO_TIME %c@ 17:10:09.074 color: gray; font-weight: lighter; color: inherit; color: gray; font-weight: lighter;", source: https://test.highloka.com/_next/static/chunks/pages/_app-4e0a347dc425d5bf.js (79)
[21503:21503:0526/171009.075551:INFO:CONSOLE:79] "%c prev state color: #9E9E9E; font-weight: bold [object Object]", source: https://test.highloka.com/_next/static/chunks/pages/_app-4e0a347dc425d5bf.js (79)
[21503:21503:0526/171009.075693:INFO:CONSOLE:79] "%c action     color: #03A9F4; font-weight: bold [object Object]", source: https://test.highloka.com/_next/static/chunks/pages/_app-4e0a347dc425d5bf.js (79)
[21503:21503:0526/171009.075835:INFO:CONSOLE:79] "%c next state color: #4CAF50; font-weight: bold [object Object]", source: https://test.highloka.com/_next/static/chunks/pages/_app-4e0a347dc425d5bf.js (79)
[21503:21503:0526/171009.076065:INFO:CONSOLE:79] "console.groupEnd", source: https://test.highloka.com/_next/static/chunks/pages/_app-4e0a347dc425d5bf.js (79)
[21503:21503:0526/171009.085578:INFO:CONSOLE:1] "ReactHlsPlayerComponent this.props play", source: https://test.highloka.com/_next/static/chunks/pages/concerts/%5Bslug%5D/arena-1595f5991389ce40.js (1)
[21503:21503:0526/171009.341644:INFO:CONSOLE:79] "%c action %cSET_JW_VIDEO_PLAYER_CURRENT_VIDEO_TIME %c@ 17:10:09.340 color: gray; font-weight: lighter; color: inherit; color: gray; font-weight: lighter;", source: https://test.highloka.com/_next/static/chunks/pages/_app-4e0a347dc425d5bf.js (79)
[21503:21503:0526/171009.341908:INFO:CONSOLE:79] "%c prev state color: #9E9E9E; font-weight: bold [object Object]", source: https://test.highloka.com/_next/static/chunks/pages/_app-4e0a347dc425d5bf.js (79)
[21503:21503:0526/171009.342528:INFO:CONSOLE:79] "%c action     color: #03A9F4; font-weight: bold [object Object]", source: https://test.highloka.com/_next/static/chunks/pages/_app-4e0a347dc425d5bf.js (79)
[21503:21503:0526/171009.343046:INFO:CONSOLE:79] "%c next state color: #4CAF50; font-weight: bold [object Object]", source: https://test.highloka.com/_next/static/chunks/pages/_app-4e0a347dc425d5bf.js (79)
[21503:21503:0526/171009.343551:INFO:CONSOLE:79] "console.groupEnd", source: https://test.highloka.com/_next/static/chunks/pages/_app-4e0a347dc425d5bf.js (79)
[21503:21503:0526/171009.346887:INFO:CONSOLE:1] "ReactHlsPlayerComponent this.props play", source: https://test.highloka.com/_next/static/chunks/pages/concerts/%5Bslug%5D/arena-1595f5991389ce40.js (1)
[21503:21503:0526/171009.373557:INFO:CONSOLE:1] "receivedAudienceUserStrip null", source: https://test.highloka.com/_next/static/chunks/pages/concerts/%5Bslug%5D/arena-1595f5991389ce40.js (1)
[21503:21503:0526/171009.375478:INFO:CONSOLE:1] "receivedAudienceUserStrip null", source: https://test.highloka.com/_next/static/chunks/pages/concerts/%5Bslug%5D/arena-1595f5991389ce40.js (1)
[21503:21503:0526/171009.605802:INFO:CONSOLE:79] "%c action %cSET_JW_VIDEO_PLAYER_CURRENT_VIDEO_TIME %c@ 17:10:09.605 color: gray; font-weight: lighter; color: inherit; color: gray; font-weight: lighter;", source: https://test.highloka.com/_next/static/chunks/pages/_app-4e0a347dc425d5bf.js (79)
[21503:21503:0526/171009.605878:INFO:CONSOLE:79] "%c prev state color: #9E9E9E; font-weight: bold [object Object]", source: https://test.highloka.com/_next/static/chunks/pages/_app-4e0a347dc425d5bf.js (79)
[21503:21503:0526/171009.606116:INFO:CONSOLE:79] "%c action     color: #03A9F4; font-weight: bold [object Object]", source: https://test.highloka.com/_next/static/chunks/pages/_app-4e0a347dc425d5bf.js (79)
[21503:21503:0526/171009.606442:INFO:CONSOLE:79] "%c next state color: #4CAF50; font-weight: bold [object Object]", source: https://test.highloka.com/_next/static/chunks/pages/_app-4e0a347dc425d5bf.js (79)
[21503:21503:0526/171009.606830:INFO:CONSOLE:79] "console.groupEnd", source: https://test.highloka.com/_next/static/chunks/pages/_app-4e0a347dc425d5bf.js (79)
[21503:21503:0526/171009.609104:INFO:CONSOLE:1] "ReactHlsPlayerComponent this.props play", source: https://test.highloka.com/_next/static/chunks/pages/concerts/%5Bslug%5D/arena-1595f5991389ce40.js (1)
[21503:21503:0526/171009.875481:INFO:CONSOLE:79] "%c action %cSET_JW_VIDEO_PLAYER_CURRENT_VIDEO_TIME %c@ 17:10:09.873 color: gray; font-weight: lighter; color: inherit; color: gray; font-weight: lighter;", source: https://test.highloka.com/_next/static/chunks/pages/_app-4e0a347dc425d5bf.js (79)
[21503:21503:0526/171009.876091:INFO:CONSOLE:79] "%c prev state color: #9E9E9E; font-weight: bold [object Object]", source: https://test.highloka.com/_next/static/chunks/pages/_app-4e0a347dc425d5bf.js (79)
[21503:21503:0526/171009.878236:INFO:CONSOLE:79] "%c action     color: #03A9F4; font-weight: bold [object Object]", source: https://test.highloka.com/_next/static/chunks/pages/_app-4e0a347dc425d5bf.js (79)
[21503:21503:0526/171009.878433:INFO:CONSOLE:79] "%c next state color: #4CAF50; font-weight: bold [object Object]", source: https://test.highloka.com/_next/static/chunks/pages/_app-4e0a347dc425d5bf.js (79)
[21503:21503:0526/171009.878540:INFO:CONSOLE:79] "console.groupEnd", source: https://test.highloka.com/_next/static/chunks/pages/_app-4e0a347dc425d5bf.js (79)
[21503:21503:0526/171009.882128:INFO:CONSOLE:1] "ReactHlsPlayerComponent this.props play", source: https://test.highloka.com/_next/static/chunks/pages/concerts/%5Bslug%5D/arena-1595f5991389ce40.js (1)
[21503:21503:0526/171010.138624:INFO:CONSOLE:79] "%c action %cSET_JW_VIDEO_PLAYER_CURRENT_VIDEO_TIME %c@ 17:10:10.137 color: gray; font-weight: lighter; color: inherit; color: gray; font-weight: lighter;", source: https://test.highloka.com/_next/static/chunks/pages/_app-4e0a347dc425d5bf.js (79)
[21503:21503:0526/171010.138790:INFO:CONSOLE:79] "%c prev state color: #9E9E9E; font-weight: bold [object Object]", source: https://test.highloka.com/_next/static/chunks/pages/_app-4e0a347dc425d5bf.js (79)
[21503:21503:0526/171010.138872:INFO:CONSOLE:79] "%c action     color: #03A9F4; font-weight: bold [object Object]", source: https://test.highloka.com/_next/static/chunks/pages/_app-4e0a347dc425d5bf.js (79)
[21503:21503:0526/171010.138980:INFO:CONSOLE:79] "%c next state color: #4CAF50; font-weight: bold [object Object]", source: https://test.highloka.com/_next/static/chunks/pages/_app-4e0a347dc425d5bf.js (79)
[21503:21503:0526/171010.139093:INFO:CONSOLE:79] "console.groupEnd", source: https://test.highloka.com/_next/static/chunks/pages/_app-4e0a347dc425d5bf.js (79)
[21503:21503:0526/171010.140875:INFO:CONSOLE:1] "ReactHlsPlayerComponent this.props play", source: https://test.highloka.com/_next/static/chunks/pages/concerts/%5Bslug%5D/arena-1595f5991389ce40.js (1)
[21503:21503:0526/171010.403960:INFO:CONSOLE:79] "%c action %cSET_JW_VIDEO_PLAYER_CURRENT_VIDEO_TIME %c@ 17:10:10.403 color: gray; font-weight: lighter; color: inherit; color: gray; font-weight: lighter;", source: https://test.highloka.com/_next/static/chunks/pages/_app-4e0a347dc425d5bf.js (79)
[21503:21503:0526/171010.404132:INFO:CONSOLE:79] "%c prev state color: #9E9E9E; font-weight: bold [object Object]", source: https://test.highloka.com/_next/static/chunks/pages/_app-4e0a347dc425d5bf.js (79)
[21503:21503:0526/171010.406284:INFO:CONSOLE:79] "%c action     color: #03A9F4; font-weight: bold [object Object]", source: https://test.highloka.com/_next/static/chunks/pages/_app-4e0a347dc425d5bf.js (79)
[21503:21503:0526/171010.406830:INFO:CONSOLE:79] "%c next state color: #4CAF50; font-weight: bold [object Object]", source: https://test.highloka.com/_next/static/chunks/pages/_app-4e0a347dc425d5bf.js (79)
[21503:21503:0526/171010.406881:INFO:CONSOLE:79] "console.groupEnd", source: https://test.highloka.com/_next/static/chunks/pages/_app-4e0a347dc425d5bf.js (79)
[21503:21503:0526/171010.410564:INFO:CONSOLE:1] "ReactHlsPlayerComponent this.props play", source: https://test.highloka.com/_next/static/chunks/pages/concerts/%5Bslug%5D/arena-1595f5991389ce40.js (1)
[21503:21503:0526/171010.670921:INFO:CONSOLE:79] "%c action %cSET_JW_VIDEO_PLAYER_CURRENT_VIDEO_TIME %c@ 17:10:10.669 color: gray; font-weight: lighter; color: inherit; color: gray; font-weight: lighter;", source: https://test.highloka.com/_next/static/chunks/pages/_app-4e0a347dc425d5bf.js (79)
[21503:21503:0526/171010.671324:INFO:CONSOLE:79] "%c prev state color: #9E9E9E; font-weight: bold [object Object]", source: https://test.highloka.com/_next/static/chunks/pages/_app-4e0a347dc425d5bf.js (79)
[21503:21503:0526/171010.671780:INFO:CONSOLE:79] "%c action     color: #03A9F4; font-weight: bold [object Object]", source: https://test.highloka.com/_next/static/chunks/pages/_app-4e0a347dc425d5bf.js (79)
[21503:21503:0526/171010.672364:INFO:CONSOLE:79] "%c next state color: #4CAF50; font-weight: bold [object Object]", source: https://test.highloka.com/_next/static/chunks/pages/_app-4e0a347dc425d5bf.js (79)
[21503:21503:0526/171010.672890:INFO:CONSOLE:79] "console.groupEnd", source: https://test.highloka.com/_next/static/chunks/pages/_app-4e0a347dc425d5bf.js (79)
[21503:21503:0526/171010.678731:INFO:CONSOLE:1] "ReactHlsPlayerComponent this.props play", source: https://test.highloka.com/_next/static/chunks/pages/concerts/%5Bslug%5D/arena-1595f5991389ce40.js (1)
[21503:21503:0526/171010.934375:INFO:CONSOLE:79] "%c action %cSET_JW_VIDEO_PLAYER_CURRENT_VIDEO_TIME %c@ 17:10:10.933 color: gray; font-weight: lighter; color: inherit; color: gray; font-weight: lighter;", source: https://test.highloka.com/_next/static/chunks/pages/_app-4e0a347dc425d5bf.js (79)
[21503:21503:0526/171010.934516:INFO:CONSOLE:79] "%c prev state color: #9E9E9E; font-weight: bold [object Object]", source: https://test.highloka.com/_next/static/chunks/pages/_app-4e0a347dc425d5bf.js (79)
[21503:21503:0526/171010.934680:INFO:CONSOLE:79] "%c action     color: #03A9F4; font-weight: bold [object Object]", source: https://test.highloka.com/_next/static/chunks/pages/_app-4e0a347dc425d5bf.js (79)
[21503:21503:0526/171010.934994:INFO:CONSOLE:79] "%c next state color: #4CAF50; font-weight: bold [object Object]", source: https://test.highloka.com/_next/static/chunks/pages/_app-4e0a347dc425d5bf.js (79)
[21503:21503:0526/171010.935379:INFO:CONSOLE:79] "console.groupEnd", source: https://test.highloka.com/_next/static/chunks/pages/_app-4e0a347dc425d5bf.js (79)
[21503:21503:0526/171010.941807:INFO:CONSOLE:1] "ReactHlsPlayerComponent this.props play", source: https://test.highloka.com/_next/static/chunks/pages/concerts/%5Bslug%5D/arena-1595f5991389ce40.js (1)
[21503:21503:0526/171011.200985:INFO:CONSOLE:79] "%c action %cSET_JW_VIDEO_PLAYER_CURRENT_VIDEO_TIME %c@ 17:10:11.199 color: gray; font-weight: lighter; color: inherit; color: gray; font-weight: lighter;", source: https://test.highloka.com/_next/static/chunks/pages/_app-4e0a347dc425d5bf.js (79)
[21503:21503:0526/171011.201968:INFO:CONSOLE:79] "%c prev state color: #9E9E9E; font-weight: bold [object Object]", source: https://test.highloka.com/_next/static/chunks/pages/_app-4e0a347dc425d5bf.js (79)
[21503:21503:0526/171011.202099:INFO:CONSOLE:79] "%c action     color: #03A9F4; font-weight: bold [object Object]", source: https://test.highloka.com/_next/static/chunks/pages/_app-4e0a347dc425d5bf.js (79)
[21503:21503:0526/171011.202155:INFO:CONSOLE:79] "%c next state color: #4CAF50; font-weight: bold [object Object]", source: https://test.highloka.com/_next/static/chunks/pages/_app-4e0a347dc425d5bf.js (79)
[21503:21503:0526/171011.202897:INFO:CONSOLE:79] "console.groupEnd", source: https://test.highloka.com/_next/static/chunks/pages/_app-4e0a347dc425d5bf.js (79)
[21503:21503:0526/171011.208606:INFO:CONSOLE:1] "ReactHlsPlayerComponent this.props play", source: https://test.highloka.com/_next/static/chunks/pages/concerts/%5Bslug%5D/arena-1595f5991389ce40.js (1)
[21503:21503:0526/171011.469763:INFO:CONSOLE:79] "%c action %cSET_JW_VIDEO_PLAYER_CURRENT_VIDEO_TIME %c@ 17:10:11.466 color: gray; font-weight: lighter; color: inherit; color: gray; font-weight: lighter;", source: https://test.highloka.com/_next/static/chunks/pages/_app-4e0a347dc425d5bf.js (79)
[21503:21503:0526/171011.470055:INFO:CONSOLE:79] "%c prev state color: #9E9E9E; font-weight: bold [object Object]", source: https://test.highloka.com/_next/static/chunks/pages/_app-4e0a347dc425d5bf.js (79)
[21503:21503:0526/171011.470902:INFO:CONSOLE:79] "%c action     color: #03A9F4; font-weight: bold [object Object]", source: https://test.highloka.com/_next/static/chunks/pages/_app-4e0a347dc425d5bf.js (79)
[21503:21503:0526/171011.471080:INFO:CONSOLE:79] "%c next state color: #4CAF50; font-weight: bold [object Object]", source: https://test.highloka.com/_next/static/chunks/pages/_app-4e0a347dc425d5bf.js (79)
[21503:21503:0526/171011.471171:INFO:CONSOLE:79] "console.groupEnd", source: https://test.highloka.com/_next/static/chunks/pages/_app-4e0a347dc425d5bf.js (79)
[21503:21503:0526/171011.475402:INFO:CONSOLE:1] "ReactHlsPlayerComponent this.props play", source: https://test.highloka.com/_next/static/chunks/pages/concerts/%5Bslug%5D/arena-1595f5991389ce40.js (1)
[21503:21503:0526/171011.740210:INFO:CONSOLE:79] "%c action %cSET_JW_VIDEO_PLAYER_CURRENT_VIDEO_TIME %c@ 17:10:11.737 color: gray; font-weight: lighter; color: inherit; color: gray; font-weight: lighter;", source: https://test.highloka.com/_next/static/chunks/pages/_app-4e0a347dc425d5bf.js (79)
[21503:21503:0526/171011.742319:INFO:CONSOLE:79] "%c prev state color: #9E9E9E; font-weight: bold [object Object]", source: https://test.highloka.com/_next/static/chunks/pages/_app-4e0a347dc425d5bf.js (79)
[21503:21503:0526/171011.743003:INFO:CONSOLE:79] "%c action     color: #03A9F4; font-weight: bold [object Object]", source: https://test.highloka.com/_next/static/chunks/pages/_app-4e0a347dc425d5bf.js (79)
[21503:21503:0526/171011.743111:INFO:CONSOLE:79] "%c next state color: #4CAF50; font-weight: bold [object Object]", source: https://test.highloka.com/_next/static/chunks/pages/_app-4e0a347dc425d5bf.js (79)
[21503:21503:0526/171011.743464:INFO:CONSOLE:79] "console.groupEnd", source: https://test.highloka.com/_next/static/chunks/pages/_app-4e0a347dc425d5bf.js (79)
[21503:21503:0526/171011.749432:INFO:CONSOLE:1] "ReactHlsPlayerComponent this.props play", source: https://test.highloka.com/_next/static/chunks/pages/concerts/%5Bslug%5D/arena-1595f5991389ce40.js (1)
[21503:21503:0526/171011.997608:INFO:CONSOLE:79] "%c action %cSET_JW_VIDEO_PLAYER_CURRENT_VIDEO_TIME %c@ 17:10:11.996 color: gray; font-weight: lighter; color: inherit; color: gray; font-weight: lighter;", source: https://test.highloka.com/_next/static/chunks/pages/_app-4e0a347dc425d5bf.js (79)
[21503:21503:0526/171011.998236:INFO:CONSOLE:79] "%c prev state color: #9E9E9E; font-weight: bold [object Object]", source: https://test.highloka.com/_next/static/chunks/pages/_app-4e0a347dc425d5bf.js (79)
[21503:21503:0526/171011.999365:INFO:CONSOLE:79] "%c action     color: #03A9F4; font-weight: bold [object Object]", source: https://test.highloka.com/_next/static/chunks/pages/_app-4e0a347dc425d5bf.js (79)
[21503:21503:0526/171012.000380:INFO:CONSOLE:79] "%c next state color: #4CAF50; font-weight: bold [object Object]", source: https://test.highloka.com/_next/static/chunks/pages/_app-4e0a347dc425d5bf.js (79)
[21503:21503:0526/171012.000620:INFO:CONSOLE:79] "console.groupEnd", source: https://test.highloka.com/_next/static/chunks/pages/_app-4e0a347dc425d5bf.js (79)
[21503:21503:0526/171012.007836:INFO:CONSOLE:1] "ReactHlsPlayerComponent this.props play", source: https://test.highloka.com/_next/static/chunks/pages/concerts/%5Bslug%5D/arena-1595f5991389ce40.js (1)
[21503:21503:0526/171012.262495:INFO:CONSOLE:79] "%c action %cSET_JW_VIDEO_PLAYER_CURRENT_VIDEO_TIME %c@ 17:10:12.261 color: gray; font-weight: lighter; color: inherit; color: gray; font-weight: lighter;", source: https://test.highloka.com/_next/static/chunks/pages/_app-4e0a347dc425d5bf.js (79)
[21503:21503:0526/171012.262599:INFO:CONSOLE:79] "%c prev state color: #9E9E9E; font-weight: bold [object Object]", source: https://test.highloka.com/_next/static/chunks/pages/_app-4e0a347dc425d5bf.js (79)
[21503:21503:0526/171012.262683:INFO:CONSOLE:79] "%c action     color: #03A9F4; font-weight: bold [object Object]", source: https://test.highloka.com/_next/static/chunks/pages/_app-4e0a347dc425d5bf.js (79)
[21503:21503:0526/171012.262838:INFO:CONSOLE:79] "%c next state color: #4CAF50; font-weight: bold [object Object]", source: https://test.highloka.com/_next/static/chunks/pages/_app-4e0a347dc425d5bf.js (79)
[21503:21503:0526/171012.262954:INFO:CONSOLE:79] "console.groupEnd", source: https://test.highloka.com/_next/static/chunks/pages/_app-4e0a347dc425d5bf.js (79)
[21503:21503:0526/171012.266126:INFO:CONSOLE:1] "ReactHlsPlayerComponent this.props play", source: https://test.highloka.com/_next/static/chunks/pages/concerts/%5Bslug%5D/arena-1595f5991389ce40.js (1)
[21503:21503:0526/171012.374655:INFO:CONSOLE:1] "receivedAudienceUserStrip null", source: https://test.highloka.com/_next/static/chunks/pages/concerts/%5Bslug%5D/arena-1595f5991389ce40.js (1)
[21503:21503:0526/171012.376855:INFO:CONSOLE:1] "receivedAudienceUserStrip null", source: https://test.highloka.com/_next/static/chunks/pages/concerts/%5Bslug%5D/arena-1595f5991389ce40.js (1)
[21503:21503:0526/171012.528475:INFO:CONSOLE:79] "%c action %cSET_JW_VIDEO_PLAYER_CURRENT_VIDEO_TIME %c@ 17:10:12.527 color: gray; font-weight: lighter; color: inherit; color: gray; font-weight: lighter;", source: https://test.highloka.com/_next/static/chunks/pages/_app-4e0a347dc425d5bf.js (79)
[21503:21503:0526/171012.528605:INFO:CONSOLE:79] "%c prev state color: #9E9E9E; font-weight: bold [object Object]", source: https://test.highloka.com/_next/static/chunks/pages/_app-4e0a347dc425d5bf.js (79)
[21503:21503:0526/171012.528770:INFO:CONSOLE:79] "%c action     color: #03A9F4; font-weight: bold [object Object]", source: https://test.highloka.com/_next/static/chunks/pages/_app-4e0a347dc425d5bf.js (79)
[21503:21503:0526/171012.528936:INFO:CONSOLE:79] "%c next state color: #4CAF50; font-weight: bold [object Object]", source: https://test.highloka.com/_next/static/chunks/pages/_app-4e0a347dc425d5bf.js (79)
[21503:21503:0526/171012.529092:INFO:CONSOLE:79] "console.groupEnd", source: https://test.highloka.com/_next/static/chunks/pages/_app-4e0a347dc425d5bf.js (79)
[21503:21503:0526/171012.531643:INFO:CONSOLE:1] "ReactHlsPlayerComponent this.props play", source: https://test.highloka.com/_next/static/chunks/pages/concerts/%5Bslug%5D/arena-1595f5991389ce40.js (1)
[21503:21503:0526/171012.793780:INFO:CONSOLE:79] "%c action %cSET_JW_VIDEO_PLAYER_CURRENT_VIDEO_TIME %c@ 17:10:12.793 color: gray; font-weight: lighter; color: inherit; color: gray; font-weight: lighter;", source: https://test.highloka.com/_next/static/chunks/pages/_app-4e0a347dc425d5bf.js (79)
[21503:21503:0526/171012.793903:INFO:CONSOLE:79] "%c prev state color: #9E9E9E; font-weight: bold [object Object]", source: https://test.highloka.com/_next/static/chunks/pages/_app-4e0a347dc425d5bf.js (79)
[21503:21503:0526/171012.794079:INFO:CONSOLE:79] "%c action     color: #03A9F4; font-weight: bold [object Object]", source: https://test.highloka.com/_next/static/chunks/pages/_app-4e0a347dc425d5bf.js (79)
[21503:21503:0526/171012.794286:INFO:CONSOLE:79] "%c next state color: #4CAF50; font-weight: bold [object Object]", source: https://test.highloka.com/_next/static/chunks/pages/_app-4e0a347dc425d5bf.js (79)
[21503:21503:0526/171012.794435:INFO:CONSOLE:79] "console.groupEnd", source: https://test.highloka.com/_next/static/chunks/pages/_app-4e0a347dc425d5bf.js (79)
[21503:21503:0526/171012.797315:INFO:CONSOLE:1] "ReactHlsPlayerComponent this.props play", source: https://test.highloka.com/_next/static/chunks/pages/concerts/%5Bslug%5D/arena-1595f5991389ce40.js (1)
[21503:21503:0526/171013.060562:INFO:CONSOLE:79] "%c action %cSET_JW_VIDEO_PLAYER_CURRENT_VIDEO_TIME %c@ 17:10:13.059 color: gray; font-weight: lighter; color: inherit; color: gray; font-weight: lighter;", source: https://test.highloka.com/_next/static/chunks/pages/_app-4e0a347dc425d5bf.js (79)
[21503:21503:0526/171013.060931:INFO:CONSOLE:79] "%c prev state color: #9E9E9E; font-weight: bold [object Object]", source: https://test.highloka.com/_next/static/chunks/pages/_app-4e0a347dc425d5bf.js (79)
[21503:21503:0526/171013.061491:INFO:CONSOLE:79] "%c action     color: #03A9F4; font-weight: bold [object Object]", source: https://test.highloka.com/_next/static/chunks/pages/_app-4e0a347dc425d5bf.js (79)
[21503:21503:0526/171013.062029:INFO:CONSOLE:79] "%c next state color: #4CAF50; font-weight: bold [object Object]", source: https://test.highloka.com/_next/static/chunks/pages/_app-4e0a347dc425d5bf.js (79)
[21503:21503:0526/171013.062415:INFO:CONSOLE:79] "console.groupEnd", source: https://test.highloka.com/_next/static/chunks/pages/_app-4e0a347dc425d5bf.js (79)
[21503:21503:0526/171013.068642:INFO:CONSOLE:1] "ReactHlsPlayerComponent this.props play", source: https://test.highloka.com/_next/static/chunks/pages/concerts/%5Bslug%5D/arena-1595f5991389ce40.js (1)
[21503:21503:0526/171013.324508:INFO:CONSOLE:79] "%c action %cSET_JW_VIDEO_PLAYER_CURRENT_VIDEO_TIME %c@ 17:10:13.324 color: gray; font-weight: lighter; color: inherit; color: gray; font-weight: lighter;", source: https://test.highloka.com/_next/static/chunks/pages/_app-4e0a347dc425d5bf.js (79)
[21503:21503:0526/171013.324573:INFO:CONSOLE:79] "%c prev state color: #9E9E9E; font-weight: bold [object Object]", source: https://test.highloka.com/_next/static/chunks/pages/_app-4e0a347dc425d5bf.js (79)
[21503:21503:0526/171013.324643:INFO:CONSOLE:79] "%c action     color: #03A9F4; font-weight: bold [object Object]", source: https://test.highloka.com/_next/static/chunks/pages/_app-4e0a347dc425d5bf.js (79)
[21503:21503:0526/171013.324715:INFO:CONSOLE:79] "%c next state color: #4CAF50; font-weight: bold [object Object]", source: https://test.highloka.com/_next/static/chunks/pages/_app-4e0a347dc425d5bf.js (79)
[21503:21503:0526/171013.324776:INFO:CONSOLE:79] "console.groupEnd", source: https://test.highloka.com/_next/static/chunks/pages/_app-4e0a347dc425d5bf.js (79)
[21503:21503:0526/171013.325812:INFO:CONSOLE:1] "ReactHlsPlayerComponent this.props play", source: https://test.highloka.com/_next/static/chunks/pages/concerts/%5Bslug%5D/arena-1595f5991389ce40.js (1)
[21503:21503:0526/171013.590394:INFO:CONSOLE:79] "%c action %cSET_JW_VIDEO_PLAYER_CURRENT_VIDEO_TIME %c@ 17:10:13.589 color: gray; font-weight: lighter; color: inherit; color: gray; font-weight: lighter;", source: https://test.highloka.com/_next/static/chunks/pages/_app-4e0a347dc425d5bf.js (79)
[21503:21503:0526/171013.590471:INFO:CONSOLE:79] "%c prev state color: #9E9E9E; font-weight: bold [object Object]", source: https://test.highloka.com/_next/static/chunks/pages/_app-4e0a347dc425d5bf.js (79)
[21503:21503:0526/171013.590632:INFO:CONSOLE:79] "%c action     color: #03A9F4; font-weight: bold [object Object]", source: https://test.highloka.com/_next/static/chunks/pages/_app-4e0a347dc425d5bf.js (79)
[21503:21503:0526/171013.590808:INFO:CONSOLE:79] "%c next state color: #4CAF50; font-weight: bold [object Object]", source: https://test.highloka.com/_next/static/chunks/pages/_app-4e0a347dc425d5bf.js (79)
[21503:21503:0526/171013.590902:INFO:CONSOLE:79] "console.groupEnd", source: https://test.highloka.com/_next/static/chunks/pages/_app-4e0a347dc425d5bf.js (79)
[21503:21503:0526/171013.594872:INFO:CONSOLE:1] "ReactHlsPlayerComponent this.props play", source: https://test.highloka.com/_next/static/chunks/pages/concerts/%5Bslug%5D/arena-1595f5991389ce40.js (1)
[21503:21503:0526/171013.860154:INFO:CONSOLE:79] "%c action %cSET_JW_VIDEO_PLAYER_CURRENT_VIDEO_TIME %c@ 17:10:13.858 color: gray; font-weight: lighter; color: inherit; color: gray; font-weight: lighter;", source: https://test.highloka.com/_next/static/chunks/pages/_app-4e0a347dc425d5bf.js (79)
[21503:21503:0526/171013.860553:INFO:CONSOLE:79] "%c prev state color: #9E9E9E; font-weight: bold [object Object]", source: https://test.highloka.com/_next/static/chunks/pages/_app-4e0a347dc425d5bf.js (79)
[21503:21503:0526/171013.862245:INFO:CONSOLE:79] "%c action     color: #03A9F4; font-weight: bold [object Object]", source: https://test.highloka.com/_next/static/chunks/pages/_app-4e0a347dc425d5bf.js (79)
[21503:21503:0526/171013.862446:INFO:CONSOLE:79] "%c next state color: #4CAF50; font-weight: bold [object Object]", source: https://test.highloka.com/_next/static/chunks/pages/_app-4e0a347dc425d5bf.js (79)
[21503:21503:0526/171013.862535:INFO:CONSOLE:79] "console.groupEnd", source: https://test.highloka.com/_next/static/chunks/pages/_app-4e0a347dc425d5bf.js (79)
[21503:21503:0526/171013.870852:INFO:CONSOLE:1] "ReactHlsPlayerComponent this.props play", source: https://test.highloka.com/_next/static/chunks/pages/concerts/%5Bslug%5D/arena-1595f5991389ce40.js (1)
[21503:21503:0526/171014.122376:INFO:CONSOLE:79] "%c action %cSET_JW_VIDEO_PLAYER_CURRENT_VIDEO_TIME %c@ 17:10:14.121 color: gray; font-weight: lighter; color: inherit; color: gray; font-weight: lighter;", source: https://test.highloka.com/_next/static/chunks/pages/_app-4e0a347dc425d5bf.js (79)
[21503:21503:0526/171014.122625:INFO:CONSOLE:79] "%c prev state color: #9E9E9E; font-weight: bold [object Object]", source: https://test.highloka.com/_next/static/chunks/pages/_app-4e0a347dc425d5bf.js (79)
[21503:21503:0526/171014.122930:INFO:CONSOLE:79] "%c action     color: #03A9F4; font-weight: bold [object Object]", source: https://test.highloka.com/_next/static/chunks/pages/_app-4e0a347dc425d5bf.js (79)
[21503:21503:0526/171014.123238:INFO:CONSOLE:79] "%c next state color: #4CAF50; font-weight: bold [object Object]", source: https://test.highloka.com/_next/static/chunks/pages/_app-4e0a347dc425d5bf.js (79)
[21503:21503:0526/171014.123493:INFO:CONSOLE:79] "console.groupEnd", source: https://test.highloka.com/_next/static/chunks/pages/_app-4e0a347dc425d5bf.js (79)
[21503:21503:0526/171014.126164:INFO:CONSOLE:1] "ReactHlsPlayerComponent this.props play", source: https://test.highloka.com/_next/static/chunks/pages/concerts/%5Bslug%5D/arena-1595f5991389ce40.js (1)
[21503:21503:0526/171014.387645:INFO:CONSOLE:79] "%c action %cSET_JW_VIDEO_PLAYER_CURRENT_VIDEO_TIME %c@ 17:10:14.387 color: gray; font-weight: lighter; color: inherit; color: gray; font-weight: lighter;", source: https://test.highloka.com/_next/static/chunks/pages/_app-4e0a347dc425d5bf.js (79)
[21503:21503:0526/171014.387862:INFO:CONSOLE:79] "%c prev state color: #9E9E9E; font-weight: bold [object Object]", source: https://test.highloka.com/_next/static/chunks/pages/_app-4e0a347dc425d5bf.js (79)
[21503:21503:0526/171014.388118:INFO:CONSOLE:79] "%c action     color: #03A9F4; font-weight: bold [object Object]", source: https://test.highloka.com/_next/static/chunks/pages/_app-4e0a347dc425d5bf.js (79)
[21503:21503:0526/171014.388439:INFO:CONSOLE:79] "%c next state color: #4CAF50; font-weight: bold [object Object]", source: https://test.highloka.com/_next/static/chunks/pages/_app-4e0a347dc425d5bf.js (79)
[21503:21503:0526/171014.388635:INFO:CONSOLE:79] "console.groupEnd", source: https://test.highloka.com/_next/static/chunks/pages/_app-4e0a347dc425d5bf.js (79)
[21503:21503:0526/171014.392692:INFO:CONSOLE:1] "ReactHlsPlayerComponent this.props play", source: https://test.highloka.com/_next/static/chunks/pages/concerts/%5Bslug%5D/arena-1595f5991389ce40.js (1)
[21503:21503:0526/171014.654885:INFO:CONSOLE:79] "%c action %cSET_JW_VIDEO_PLAYER_CURRENT_VIDEO_TIME %c@ 17:10:14.653 color: gray; font-weight: lighter; color: inherit; color: gray; font-weight: lighter;", source: https://test.highloka.com/_next/static/chunks/pages/_app-4e0a347dc425d5bf.js (79)
[21503:21503:0526/171014.655209:INFO:CONSOLE:79] "%c prev state color: #9E9E9E; font-weight: bold [object Object]", source: https://test.highloka.com/_next/static/chunks/pages/_app-4e0a347dc425d5bf.js (79)
[21503:21503:0526/171014.656629:INFO:CONSOLE:79] "%c action     color: #03A9F4; font-weight: bold [object Object]", source: https://test.highloka.com/_next/static/chunks/pages/_app-4e0a347dc425d5bf.js (79)
[21503:21503:0526/171014.656917:INFO:CONSOLE:79] "%c next state color: #4CAF50; font-weight: bold [object Object]", source: https://test.highloka.com/_next/static/chunks/pages/_app-4e0a347dc425d5bf.js (79)
[21503:21503:0526/171014.657350:INFO:CONSOLE:79] "console.groupEnd", source: https://test.highloka.com/_next/static/chunks/pages/_app-4e0a347dc425d5bf.js (79)
[21503:21503:0526/171014.662209:INFO:CONSOLE:1] "ReactHlsPlayerComponent this.props play", source: https://test.highloka.com/_next/static/chunks/pages/concerts/%5Bslug%5D/arena-1595f5991389ce40.js (1)
[21503:21503:0526/171014.920474:INFO:CONSOLE:79] "%c action %cSET_JW_VIDEO_PLAYER_CURRENT_VIDEO_TIME %c@ 17:10:14.919 color: gray; font-weight: lighter; color: inherit; color: gray; font-weight: lighter;", source: https://test.highloka.com/_next/static/chunks/pages/_app-4e0a347dc425d5bf.js (79)
[21503:21503:0526/171014.920940:INFO:CONSOLE:79] "%c prev state color: #9E9E9E; font-weight: bold [object Object]", source: https://test.highloka.com/_next/static/chunks/pages/_app-4e0a347dc425d5bf.js (79)
[21503:21503:0526/171014.921469:INFO:CONSOLE:79] "%c action     color: #03A9F4; font-weight: bold [object Object]", source: https://test.highloka.com/_next/static/chunks/pages/_app-4e0a347dc425d5bf.js (79)
[21503:21503:0526/171014.923482:INFO:CONSOLE:79] "%c next state color: #4CAF50; font-weight: bold [object Object]", source: https://test.highloka.com/_next/static/chunks/pages/_app-4e0a347dc425d5bf.js (79)
[21503:21503:0526/171014.923672:INFO:CONSOLE:79] "console.groupEnd", source: https://test.highloka.com/_next/static/chunks/pages/_app-4e0a347dc425d5bf.js (79)
[21503:21503:0526/171014.925615:INFO:CONSOLE:1] "ReactHlsPlayerComponent this.props play", source: https://test.highloka.com/_next/static/chunks/pages/concerts/%5Bslug%5D/arena-1595f5991389ce40.js (1)
[21503:21503:0526/171015.186360:INFO:CONSOLE:79] "%c action %cSET_JW_VIDEO_PLAYER_CURRENT_VIDEO_TIME %c@ 17:10:15.184 color: gray; font-weight: lighter; color: inherit; color: gray; font-weight: lighter;", source: https://test.highloka.com/_next/static/chunks/pages/_app-4e0a347dc425d5bf.js (79)
[21503:21503:0526/171015.187160:INFO:CONSOLE:79] "%c prev state color: #9E9E9E; font-weight: bold [object Object]", source: https://test.highloka.com/_next/static/chunks/pages/_app-4e0a347dc425d5bf.js (79)
[21503:21503:0526/171015.187954:INFO:CONSOLE:79] "%c action     color: #03A9F4; font-weight: bold [object Object]", source: https://test.highloka.com/_next/static/chunks/pages/_app-4e0a347dc425d5bf.js (79)
[21503:21503:0526/171015.191692:INFO:CONSOLE:79] "%c next state color: #4CAF50; font-weight: bold [object Object]", source: https://test.highloka.com/_next/static/chunks/pages/_app-4e0a347dc425d5bf.js (79)
[21503:21503:0526/171015.191926:INFO:CONSOLE:79] "console.groupEnd", source: https://test.highloka.com/_next/static/chunks/pages/_app-4e0a347dc425d5bf.js (79)
[21503:21503:0526/171015.198297:INFO:CONSOLE:1] "ReactHlsPlayerComponent this.props play", source: https://test.highloka.com/_next/static/chunks/pages/concerts/%5Bslug%5D/arena-1595f5991389ce40.js (1)
[21503:21503:0526/171015.375268:INFO:CONSOLE:1] "receivedAudienceUserStrip null", source: https://test.highloka.com/_next/static/chunks/pages/concerts/%5Bslug%5D/arena-1595f5991389ce40.js (1)
[21503:21503:0526/171015.375540:INFO:CONSOLE:1] "receivedAudienceUserStrip null", source: https://test.highloka.com/_next/static/chunks/pages/concerts/%5Bslug%5D/arena-1595f5991389ce40.js (1)
[21503:21503:0526/171015.451788:INFO:CONSOLE:79] "%c action %cSET_JW_VIDEO_PLAYER_CURRENT_VIDEO_TIME %c@ 17:10:15.450 color: gray; font-weight: lighter; color: inherit; color: gray; font-weight: lighter;", source: https://test.highloka.com/_next/static/chunks/pages/_app-4e0a347dc425d5bf.js (79)
[21503:21503:0526/171015.452329:INFO:CONSOLE:79] "%c prev state color: #9E9E9E; font-weight: bold [object Object]", source: https://test.highloka.com/_next/static/chunks/pages/_app-4e0a347dc425d5bf.js (79)
[21503:21503:0526/171015.452977:INFO:CONSOLE:79] "%c action     color: #03A9F4; font-weight: bold [object Object]", source: https://test.highloka.com/_next/static/chunks/pages/_app-4e0a347dc425d5bf.js (79)
[21503:21503:0526/171015.456738:INFO:CONSOLE:79] "%c next state color: #4CAF50; font-weight: bold [object Object]", source: https://test.highloka.com/_next/static/chunks/pages/_app-4e0a347dc425d5bf.js (79)
[21503:21503:0526/171015.456904:INFO:CONSOLE:79] "console.groupEnd", source: https://test.highloka.com/_next/static/chunks/pages/_app-4e0a347dc425d5bf.js (79)
[21503:21503:0526/171015.465863:INFO:CONSOLE:1] "ReactHlsPlayerComponent this.props play", source: https://test.highloka.com/_next/static/chunks/pages/concerts/%5Bslug%5D/arena-1595f5991389ce40.js (1)
[21503:21503:0526/171015.715266:INFO:CONSOLE:79] "%c action %cSET_JW_VIDEO_PLAYER_CURRENT_VIDEO_TIME %c@ 17:10:15.714 color: gray; font-weight: lighter; color: inherit; color: gray; font-weight: lighter;", source: https://test.highloka.com/_next/static/chunks/pages/_app-4e0a347dc425d5bf.js (79)
[21503:21503:0526/171015.715359:INFO:CONSOLE:79] "%c prev state color: #9E9E9E; font-weight: bold [object Object]", source: https://test.highloka.com/_next/static/chunks/pages/_app-4e0a347dc425d5bf.js (79)
[21503:21503:0526/171015.715550:INFO:CONSOLE:79] "%c action     color: #03A9F4; font-weight: bold [object Object]", source: https://test.highloka.com/_next/static/chunks/pages/_app-4e0a347dc425d5bf.js (79)
[21503:21503:0526/171015.716103:INFO:CONSOLE:79] "%c next state color: #4CAF50; font-weight: bold [object Object]", source: https://test.highloka.com/_next/static/chunks/pages/_app-4e0a347dc425d5bf.js (79)
[21503:21503:0526/171015.716725:INFO:CONSOLE:79] "console.groupEnd", source: https://test.highloka.com/_next/static/chunks/pages/_app-4e0a347dc425d5bf.js (79)
[21503:21503:0526/171015.723677:INFO:CONSOLE:1] "ReactHlsPlayerComponent this.props play", source: https://test.highloka.com/_next/static/chunks/pages/concerts/%5Bslug%5D/arena-1595f5991389ce40.js (1)
[21503:21503:0526/171015.981235:INFO:CONSOLE:79] "%c action %cSET_JW_VIDEO_PLAYER_CURRENT_VIDEO_TIME %c@ 17:10:15.980 color: gray; font-weight: lighter; color: inherit; color: gray; font-weight: lighter;", source: https://test.highloka.com/_next/static/chunks/pages/_app-4e0a347dc425d5bf.js (79)
[21503:21503:0526/171015.981410:INFO:CONSOLE:79] "%c prev state color: #9E9E9E; font-weight: bold [object Object]", source: https://test.highloka.com/_next/static/chunks/pages/_app-4e0a347dc425d5bf.js (79)
[21503:21503:0526/171015.981639:INFO:CONSOLE:79] "%c action     color: #03A9F4; font-weight: bold [object Object]", source: https://test.highloka.com/_next/static/chunks/pages/_app-4e0a347dc425d5bf.js (79)
[21503:21503:0526/171015.981788:INFO:CONSOLE:79] "%c next state color: #4CAF50; font-weight: bold [object Object]", source: https://test.highloka.com/_next/static/chunks/pages/_app-4e0a347dc425d5bf.js (79)
[21503:21503:0526/171015.981993:INFO:CONSOLE:79] "console.groupEnd", source: https://test.highloka.com/_next/static/chunks/pages/_app-4e0a347dc425d5bf.js (79)
[21503:21503:0526/171015.985798:INFO:CONSOLE:1] "ReactHlsPlayerComponent this.props play", source: https://test.highloka.com/_next/static/chunks/pages/concerts/%5Bslug%5D/arena-1595f5991389ce40.js (1)
[21503:21503:0526/171016.246390:INFO:CONSOLE:79] "%c action %cSET_JW_VIDEO_PLAYER_CURRENT_VIDEO_TIME %c@ 17:10:16.246 color: gray; font-weight: lighter; color: inherit; color: gray; font-weight: lighter;", source: https://test.highloka.com/_next/static/chunks/pages/_app-4e0a347dc425d5bf.js (79)
[21503:21503:0526/171016.246456:INFO:CONSOLE:79] "%c prev state color: #9E9E9E; font-weight: bold [object Object]", source: https://test.highloka.com/_next/static/chunks/pages/_app-4e0a347dc425d5bf.js (79)
[21503:21503:0526/171016.246530:INFO:CONSOLE:79] "%c action     color: #03A9F4; font-weight: bold [object Object]", source: https://test.highloka.com/_next/static/chunks/pages/_app-4e0a347dc425d5bf.js (79)
[21503:21503:0526/171016.246662:INFO:CONSOLE:79] "%c next state color: #4CAF50; font-weight: bold [object Object]", source: https://test.highloka.com/_next/static/chunks/pages/_app-4e0a347dc425d5bf.js (79)
[21503:21503:0526/171016.246781:INFO:CONSOLE:79] "console.groupEnd", source: https://test.highloka.com/_next/static/chunks/pages/_app-4e0a347dc425d5bf.js (79)
[21503:21503:0526/171016.248149:INFO:CONSOLE:1] "ReactHlsPlayerComponent this.props play", source: https://test.highloka.com/_next/static/chunks/pages/concerts/%5Bslug%5D/arena-1595f5991389ce40.js (1)
[21503:21503:0526/171016.511907:INFO:CONSOLE:79] "%c action %cSET_JW_VIDEO_PLAYER_CURRENT_VIDEO_TIME %c@ 17:10:16.511 color: gray; font-weight: lighter; color: inherit; color: gray; font-weight: lighter;", source: https://test.highloka.com/_next/static/chunks/pages/_app-4e0a347dc425d5bf.js (79)
[21503:21503:0526/171016.511962:INFO:CONSOLE:79] "%c prev state color: #9E9E9E; font-weight: bold [object Object]", source: https://test.highloka.com/_next/static/chunks/pages/_app-4e0a347dc425d5bf.js (79)
[21503:21503:0526/171016.512125:INFO:CONSOLE:79] "%c action     color: #03A9F4; font-weight: bold [object Object]", source: https://test.highloka.com/_next/static/chunks/pages/_app-4e0a347dc425d5bf.js (79)
[21503:21503:0526/171016.512241:INFO:CONSOLE:79] "%c next state color: #4CAF50; font-weight: bold [object Object]", source: https://test.highloka.com/_next/static/chunks/pages/_app-4e0a347dc425d5bf.js (79)
[21503:21503:0526/171016.512337:INFO:CONSOLE:79] "console.groupEnd", source: https://test.highloka.com/_next/static/chunks/pages/_app-4e0a347dc425d5bf.js (79)
[21503:21503:0526/171016.513623:INFO:CONSOLE:1] "ReactHlsPlayerComponent this.props play", source: https://test.highloka.com/_next/static/chunks/pages/concerts/%5Bslug%5D/arena-1595f5991389ce40.js (1)
[21503:21503:0526/171016.778245:INFO:CONSOLE:79] "%c action %cSET_JW_VIDEO_PLAYER_CURRENT_VIDEO_TIME %c@ 17:10:16.777 color: gray; font-weight: lighter; color: inherit; color: gray; font-weight: lighter;", source: https://test.highloka.com/_next/static/chunks/pages/_app-4e0a347dc425d5bf.js (79)
[21503:21503:0526/171016.778551:INFO:CONSOLE:79] "%c prev state color: #9E9E9E; font-weight: bold [object Object]", source: https://test.highloka.com/_next/static/chunks/pages/_app-4e0a347dc425d5bf.js (79)
[21503:21503:0526/171016.778950:INFO:CONSOLE:79] "%c action     color: #03A9F4; font-weight: bold [object Object]", source: https://test.highloka.com/_next/static/chunks/pages/_app-4e0a347dc425d5bf.js (79)
[21503:21503:0526/171016.779305:INFO:CONSOLE:79] "%c next state color: #4CAF50; font-weight: bold [object Object]", source: https://test.highloka.com/_next/static/chunks/pages/_app-4e0a347dc425d5bf.js (79)
[21503:21503:0526/171016.779635:INFO:CONSOLE:79] "console.groupEnd", source: https://test.highloka.com/_next/static/chunks/pages/_app-4e0a347dc425d5bf.js (79)
[21503:21503:0526/171016.783878:INFO:CONSOLE:1] "ReactHlsPlayerComponent this.props play", source: https://test.highloka.com/_next/static/chunks/pages/concerts/%5Bslug%5D/arena-1595f5991389ce40.js (1)
[21503:21503:0526/171017.044150:INFO:CONSOLE:79] "%c action %cSET_JW_VIDEO_PLAYER_CURRENT_VIDEO_TIME %c@ 17:10:17.043 color: gray; font-weight: lighter; color: inherit; color: gray; font-weight: lighter;", source: https://test.highloka.com/_next/static/chunks/pages/_app-4e0a347dc425d5bf.js (79)
[21503:21503:0526/171017.044220:INFO:CONSOLE:79] "%c prev state color: #9E9E9E; font-weight: bold [object Object]", source: https://test.highloka.com/_next/static/chunks/pages/_app-4e0a347dc425d5bf.js (79)
[21503:21503:0526/171017.044321:INFO:CONSOLE:79] "%c action     color: #03A9F4; font-weight: bold [object Object]", source: https://test.highloka.com/_next/static/chunks/pages/_app-4e0a347dc425d5bf.js (79)
[21503:21503:0526/171017.044432:INFO:CONSOLE:79] "%c next state color: #4CAF50; font-weight: bold [object Object]", source: https://test.highloka.com/_next/static/chunks/pages/_app-4e0a347dc425d5bf.js (79)
[21503:21503:0526/171017.044502:INFO:CONSOLE:79] "console.groupEnd", source: https://test.highloka.com/_next/static/chunks/pages/_app-4e0a347dc425d5bf.js (79)
[21503:21503:0526/171017.045672:INFO:CONSOLE:1] "ReactHlsPlayerComponent this.props play", source: https://test.highloka.com/_next/static/chunks/pages/concerts/%5Bslug%5D/arena-1595f5991389ce40.js (1)
[21503:21503:0526/171017.309758:INFO:CONSOLE:79] "%c action %cSET_JW_VIDEO_PLAYER_CURRENT_VIDEO_TIME %c@ 17:10:17.309 color: gray; font-weight: lighter; color: inherit; color: gray; font-weight: lighter;", source: https://test.highloka.com/_next/static/chunks/pages/_app-4e0a347dc425d5bf.js (79)
[21503:21503:0526/171017.309951:INFO:CONSOLE:79] "%c prev state color: #9E9E9E; font-weight: bold [object Object]", source: https://test.highloka.com/_next/static/chunks/pages/_app-4e0a347dc425d5bf.js (79)
[21503:21503:0526/171017.310334:INFO:CONSOLE:79] "%c action     color: #03A9F4; font-weight: bold [object Object]", source: https://test.highloka.com/_next/static/chunks/pages/_app-4e0a347dc425d5bf.js (79)
[21503:21503:0526/171017.310624:INFO:CONSOLE:79] "%c next state color: #4CAF50; font-weight: bold [object Object]", source: https://test.highloka.com/_next/static/chunks/pages/_app-4e0a347dc425d5bf.js (79)
[21503:21503:0526/171017.310879:INFO:CONSOLE:79] "console.groupEnd", source: https://test.highloka.com/_next/static/chunks/pages/_app-4e0a347dc425d5bf.js (79)
[21503:21503:0526/171017.314186:INFO:CONSOLE:1] "ReactHlsPlayerComponent this.props play", source: https://test.highloka.com/_next/static/chunks/pages/concerts/%5Bslug%5D/arena-1595f5991389ce40.js (1)
[21503:21503:0526/171017.575598:INFO:CONSOLE:79] "%c action %cSET_JW_VIDEO_PLAYER_CURRENT_VIDEO_TIME %c@ 17:10:17.574 color: gray; font-weight: lighter; color: inherit; color: gray; font-weight: lighter;", source: https://test.highloka.com/_next/static/chunks/pages/_app-4e0a347dc425d5bf.js (79)
[21503:21503:0526/171017.575795:INFO:CONSOLE:79] "%c prev state color: #9E9E9E; font-weight: bold [object Object]", source: https://test.highloka.com/_next/static/chunks/pages/_app-4e0a347dc425d5bf.js (79)
[21503:21503:0526/171017.576755:INFO:CONSOLE:79] "%c action     color: #03A9F4; font-weight: bold [object Object]", source: https://test.highloka.com/_next/static/chunks/pages/_app-4e0a347dc425d5bf.js (79)
[21503:21503:0526/171017.577417:INFO:CONSOLE:79] "%c next state color: #4CAF50; font-weight: bold [object Object]", source: https://test.highloka.com/_next/static/chunks/pages/_app-4e0a347dc425d5bf.js (79)
[21503:21503:0526/171017.578306:INFO:CONSOLE:79] "console.groupEnd", source: https://test.highloka.com/_next/static/chunks/pages/_app-4e0a347dc425d5bf.js (79)
[21503:21503:0526/171017.585687:INFO:CONSOLE:1] "ReactHlsPlayerComponent this.props play", source: https://test.highloka.com/_next/static/chunks/pages/concerts/%5Bslug%5D/arena-1595f5991389ce40.js (1)
[21503:21503:0526/171017.841063:INFO:CONSOLE:79] "%c action %cSET_JW_VIDEO_PLAYER_CURRENT_VIDEO_TIME %c@ 17:10:17.840 color: gray; font-weight: lighter; color: inherit; color: gray; font-weight: lighter;", source: https://test.highloka.com/_next/static/chunks/pages/_app-4e0a347dc425d5bf.js (79)
[21503:21503:0526/171017.841195:INFO:CONSOLE:79] "%c prev state color: #9E9E9E; font-weight: bold [object Object]", source: https://test.highloka.com/_next/static/chunks/pages/_app-4e0a347dc425d5bf.js (79)
[21503:21503:0526/171017.841500:INFO:CONSOLE:79] "%c action     color: #03A9F4; font-weight: bold [object Object]", source: https://test.highloka.com/_next/static/chunks/pages/_app-4e0a347dc425d5bf.js (79)
[21503:21503:0526/171017.841692:INFO:CONSOLE:79] "%c next state color: #4CAF50; font-weight: bold [object Object]", source: https://test.highloka.com/_next/static/chunks/pages/_app-4e0a347dc425d5bf.js (79)
[21503:21503:0526/171017.841861:INFO:CONSOLE:79] "console.groupEnd", source: https://test.highloka.com/_next/static/chunks/pages/_app-4e0a347dc425d5bf.js (79)
[21503:21503:0526/171017.845497:INFO:CONSOLE:1] "ReactHlsPlayerComponent this.props play", source: https://test.highloka.com/_next/static/chunks/pages/concerts/%5Bslug%5D/arena-1595f5991389ce40.js (1)
[21503:21503:0526/171018.106959:INFO:CONSOLE:79] "%c action %cSET_JW_VIDEO_PLAYER_CURRENT_VIDEO_TIME %c@ 17:10:18.106 color: gray; font-weight: lighter; color: inherit; color: gray; font-weight: lighter;", source: https://test.highloka.com/_next/static/chunks/pages/_app-4e0a347dc425d5bf.js (79)
[21503:21503:0526/171018.107211:INFO:CONSOLE:79] "%c prev state color: #9E9E9E; font-weight: bold [object Object]", source: https://test.highloka.com/_next/static/chunks/pages/_app-4e0a347dc425d5bf.js (79)
[21503:21503:0526/171018.107535:INFO:CONSOLE:79] "%c action     color: #03A9F4; font-weight: bold [object Object]", source: https://test.highloka.com/_next/static/chunks/pages/_app-4e0a347dc425d5bf.js (79)
[21503:21503:0526/171018.108066:INFO:CONSOLE:79] "%c next state color: #4CAF50; font-weight: bold [object Object]", source: https://test.highloka.com/_next/static/chunks/pages/_app-4e0a347dc425d5bf.js (79)
[21503:21503:0526/171018.108269:INFO:CONSOLE:79] "console.groupEnd", source: https://test.highloka.com/_next/static/chunks/pages/_app-4e0a347dc425d5bf.js (79)
[21503:21503:0526/171018.111481:INFO:CONSOLE:1] "ReactHlsPlayerComponent this.props play", source: https://test.highloka.com/_next/static/chunks/pages/concerts/%5Bslug%5D/arena-1595f5991389ce40.js (1)
[21503:21503:0526/171018.373108:INFO:CONSOLE:79] "%c action %cSET_JW_VIDEO_PLAYER_CURRENT_VIDEO_TIME %c@ 17:10:18.371 color: gray; font-weight: lighter; color: inherit; color: gray; font-weight: lighter;", source: https://test.highloka.com/_next/static/chunks/pages/_app-4e0a347dc425d5bf.js (79)
[21503:21503:0526/171018.373359:INFO:CONSOLE:79] "%c prev state color: #9E9E9E; font-weight: bold [object Object]", source: https://test.highloka.com/_next/static/chunks/pages/_app-4e0a347dc425d5bf.js (79)
[21503:21503:0526/171018.374063:INFO:CONSOLE:79] "%c action     color: #03A9F4; font-weight: bold [object Object]", source: https://test.highloka.com/_next/static/chunks/pages/_app-4e0a347dc425d5bf.js (79)
[21503:21503:0526/171018.374434:INFO:CONSOLE:79] "%c next state color: #4CAF50; font-weight: bold [object Object]", source: https://test.highloka.com/_next/static/chunks/pages/_app-4e0a347dc425d5bf.js (79)
[21503:21503:0526/171018.374944:INFO:CONSOLE:79] "console.groupEnd", source: https://test.highloka.com/_next/static/chunks/pages/_app-4e0a347dc425d5bf.js (79)
[21503:21503:0526/171018.379544:INFO:CONSOLE:1] "ReactHlsPlayerComponent this.props play", source: https://test.highloka.com/_next/static/chunks/pages/concerts/%5Bslug%5D/arena-1595f5991389ce40.js (1)
[21503:21503:0526/171018.379782:INFO:CONSOLE:1] "receivedAudienceUserStrip null", source: https://test.highloka.com/_next/static/chunks/pages/concerts/%5Bslug%5D/arena-1595f5991389ce40.js (1)
[21503:21503:0526/171018.379934:INFO:CONSOLE:1] "receivedAudienceUserStrip null", source: https://test.highloka.com/_next/static/chunks/pages/concerts/%5Bslug%5D/arena-1595f5991389ce40.js (1)
[21503:21503:0526/171018.638349:INFO:CONSOLE:79] "%c action %cSET_JW_VIDEO_PLAYER_CURRENT_VIDEO_TIME %c@ 17:10:18.637 color: gray; font-weight: lighter; color: inherit; color: gray; font-weight: lighter;", source: https://test.highloka.com/_next/static/chunks/pages/_app-4e0a347dc425d5bf.js (79)
[21503:21503:0526/171018.638619:INFO:CONSOLE:79] "%c prev state color: #9E9E9E; font-weight: bold [object Object]", source: https://test.highloka.com/_next/static/chunks/pages/_app-4e0a347dc425d5bf.js (79)
[21503:21503:0526/171018.639281:INFO:CONSOLE:79] "%c action     color: #03A9F4; font-weight: bold [object Object]", source: https://test.highloka.com/_next/static/chunks/pages/_app-4e0a347dc425d5bf.js (79)
[21503:21503:0526/171018.639695:INFO:CONSOLE:79] "%c next state color: #4CAF50; font-weight: bold [object Object]", source: https://test.highloka.com/_next/static/chunks/pages/_app-4e0a347dc425d5bf.js (79)
[21503:21503:0526/171018.640525:INFO:CONSOLE:79] "console.groupEnd", source: https://test.highloka.com/_next/static/chunks/pages/_app-4e0a347dc425d5bf.js (79)
[21503:21503:0526/171018.645689:INFO:CONSOLE:1] "ReactHlsPlayerComponent this.props play", source: https://test.highloka.com/_next/static/chunks/pages/concerts/%5Bslug%5D/arena-1595f5991389ce40.js (1)
[21503:21503:0526/171018.902851:INFO:CONSOLE:79] "%c action %cSET_JW_VIDEO_PLAYER_CURRENT_VIDEO_TIME %c@ 17:10:18.902 color: gray; font-weight: lighter; color: inherit; color: gray; font-weight: lighter;", source: https://test.highloka.com/_next/static/chunks/pages/_app-4e0a347dc425d5bf.js (79)
[21503:21503:0526/171018.902948:INFO:CONSOLE:79] "%c prev state color: #9E9E9E; font-weight: bold [object Object]", source: https://test.highloka.com/_next/static/chunks/pages/_app-4e0a347dc425d5bf.js (79)
[21503:21503:0526/171018.902969:INFO:CONSOLE:79] "%c action     color: #03A9F4; font-weight: bold [object Object]", source: https://test.highloka.com/_next/static/chunks/pages/_app-4e0a347dc425d5bf.js (79)
[21503:21503:0526/171018.902989:INFO:CONSOLE:79] "%c next state color: #4CAF50; font-weight: bold [object Object]", source: https://test.highloka.com/_next/static/chunks/pages/_app-4e0a347dc425d5bf.js (79)
[21503:21503:0526/171018.903028:INFO:CONSOLE:79] "console.groupEnd", source: https://test.highloka.com/_next/static/chunks/pages/_app-4e0a347dc425d5bf.js (79)
[21503:21503:0526/171018.904337:INFO:CONSOLE:1] "ReactHlsPlayerComponent this.props play", source: https://test.highloka.com/_next/static/chunks/pages/concerts/%5Bslug%5D/arena-1595f5991389ce40.js (1)
[21503:21503:0526/171019.091640:INFO:CONSOLE:79] "%c action %cSHOW_AUTO_HIDDEN_ES_VIDEO_PLAYER_CONTROLS %c@ 17:10:19.089 color: gray; font-weight: lighter; color: inherit; color: gray; font-weight: lighter;", source: https://test.highloka.com/_next/static/chunks/pages/_app-4e0a347dc425d5bf.js (79)
[21503:21503:0526/171019.093603:INFO:CONSOLE:79] "%c prev state color: #9E9E9E; font-weight: bold [object Object]", source: https://test.highloka.com/_next/static/chunks/pages/_app-4e0a347dc425d5bf.js (79)
[21503:21503:0526/171019.093871:INFO:CONSOLE:79] "%c action     color: #03A9F4; font-weight: bold [object Object]", source: https://test.highloka.com/_next/static/chunks/pages/_app-4e0a347dc425d5bf.js (79)
[21503:21503:0526/171019.094001:INFO:CONSOLE:79] "%c next state color: #4CAF50; font-weight: bold [object Object]", source: https://test.highloka.com/_next/static/chunks/pages/_app-4e0a347dc425d5bf.js (79)
[21503:21503:0526/171019.094082:INFO:CONSOLE:79] "console.groupEnd", source: https://test.highloka.com/_next/static/chunks/pages/_app-4e0a347dc425d5bf.js (79)
[21503:21503:0526/171019.094196:INFO:CONSOLE:67] "Showing Controls. ", source: https://test.highloka.com/_next/static/chunks/pages/_app-4e0a347dc425d5bf.js (67)
[21503:21503:0526/171019.095343:INFO:CONSOLE:67] "Showing Controls. ", source: https://test.highloka.com/_next/static/chunks/pages/_app-4e0a347dc425d5bf.js (67)
[21503:21503:0526/171019.096391:INFO:CONSOLE:1] "ReactHlsPlayerComponent this.props play", source: https://test.highloka.com/_next/static/chunks/pages/concerts/%5Bslug%5D/arena-1595f5991389ce40.js (1)
[21503:21503:0526/171019.109587:INFO:CONSOLE:79] "%c action %cSHOW_AUTO_HIDDEN_ES_VIDEO_PLAYER_CONTROLS %c@ 17:10:19.108 color: gray; font-weight: lighter; color: inherit; color: gray; font-weight: lighter;", source: https://test.highloka.com/_next/static/chunks/pages/_app-4e0a347dc425d5bf.js (79)
[21503:21503:0526/171019.109666:INFO:CONSOLE:79] "%c prev state color: #9E9E9E; font-weight: bold [object Object]", source: https://test.highloka.com/_next/static/chunks/pages/_app-4e0a347dc425d5bf.js (79)
[21503:21503:0526/171019.109695:INFO:CONSOLE:79] "%c action     color: #03A9F4; font-weight: bold [object Object]", source: https://test.highloka.com/_next/static/chunks/pages/_app-4e0a347dc425d5bf.js (79)
[21503:21503:0526/171019.109725:INFO:CONSOLE:79] "%c next state color: #4CAF50; font-weight: bold [object Object]", source: https://test.highloka.com/_next/static/chunks/pages/_app-4e0a347dc425d5bf.js (79)
[21503:21503:0526/171019.109750:INFO:CONSOLE:79] "console.groupEnd", source: https://test.highloka.com/_next/static/chunks/pages/_app-4e0a347dc425d5bf.js (79)
[21503:21503:0526/171019.109847:INFO:CONSOLE:67] "Showing Controls. ", source: https://test.highloka.com/_next/static/chunks/pages/_app-4e0a347dc425d5bf.js (67)
[21503:21503:0526/171019.110027:INFO:CONSOLE:67] "Showing Controls. ", source: https://test.highloka.com/_next/static/chunks/pages/_app-4e0a347dc425d5bf.js (67)
[21503:21503:0526/171019.110455:INFO:CONSOLE:1] "ReactHlsPlayerComponent this.props play", source: https://test.highloka.com/_next/static/chunks/pages/concerts/%5Bslug%5D/arena-1595f5991389ce40.js (1)
[21503:21503:0526/171019.116764:INFO:CONSOLE:79] "%c action %cSHOW_AUTO_HIDDEN_ES_VIDEO_PLAYER_CONTROLS %c@ 17:10:19.116 color: gray; font-weight: lighter; color: inherit; color: gray; font-weight: lighter;", source: https://test.highloka.com/_next/static/chunks/pages/_app-4e0a347dc425d5bf.js (79)
[21503:21503:0526/171019.116798:INFO:CONSOLE:79] "%c prev state color: #9E9E9E; font-weight: bold [object Object]", source: https://test.highloka.com/_next/static/chunks/pages/_app-4e0a347dc425d5bf.js (79)
[21503:21503:0526/171019.116873:INFO:CONSOLE:79] "%c action     color: #03A9F4; font-weight: bold [object Object]", source: https://test.highloka.com/_next/static/chunks/pages/_app-4e0a347dc425d5bf.js (79)
[21503:21503:0526/171019.116936:INFO:CONSOLE:79] "%c next state color: #4CAF50; font-weight: bold [object Object]", source: https://test.highloka.com/_next/static/chunks/pages/_app-4e0a347dc425d5bf.js (79)
[21503:21503:0526/171019.117005:INFO:CONSOLE:79] "console.groupEnd", source: https://test.highloka.com/_next/static/chunks/pages/_app-4e0a347dc425d5bf.js (79)
[21503:21503:0526/171019.117131:INFO:CONSOLE:67] "Showing Controls. ", source: https://test.highloka.com/_next/static/chunks/pages/_app-4e0a347dc425d5bf.js (67)
[21503:21503:0526/171019.117354:INFO:CONSOLE:67] "Showing Controls. ", source: https://test.highloka.com/_next/static/chunks/pages/_app-4e0a347dc425d5bf.js (67)
[21503:21503:0526/171019.117736:INFO:CONSOLE:1] "ReactHlsPlayerComponent this.props play", source: https://test.highloka.com/_next/static/chunks/pages/concerts/%5Bslug%5D/arena-1595f5991389ce40.js (1)
[21503:21503:0526/171019.134737:INFO:CONSOLE:79] "%c action %cSHOW_AUTO_HIDDEN_ES_VIDEO_PLAYER_CONTROLS %c@ 17:10:19.134 color: gray; font-weight: lighter; color: inherit; color: gray; font-weight: lighter;", source: https://test.highloka.com/_next/static/chunks/pages/_app-4e0a347dc425d5bf.js (79)
[21503:21503:0526/171019.134817:INFO:CONSOLE:79] "%c prev state color: #9E9E9E; font-weight: bold [object Object]", source: https://test.highloka.com/_next/static/chunks/pages/_app-4e0a347dc425d5bf.js (79)
[21503:21503:0526/171019.134903:INFO:CONSOLE:79] "%c action     color: #03A9F4; font-weight: bold [object Object]", source: https://test.highloka.com/_next/static/chunks/pages/_app-4e0a347dc425d5bf.js (79)
[21503:21503:0526/171019.135006:INFO:CONSOLE:79] "%c next state color: #4CAF50; font-weight: bold [object Object]", source: https://test.highloka.com/_next/static/chunks/pages/_app-4e0a347dc425d5bf.js (79)
[21503:21503:0526/171019.135143:INFO:CONSOLE:79] "console.groupEnd", source: https://test.highloka.com/_next/static/chunks/pages/_app-4e0a347dc425d5bf.js (79)
[21503:21503:0526/171019.135499:INFO:CONSOLE:67] "Showing Controls. ", source: https://test.highloka.com/_next/static/chunks/pages/_app-4e0a347dc425d5bf.js (67)
[21503:21503:0526/171019.135888:INFO:CONSOLE:67] "Showing Controls. ", source: https://test.highloka.com/_next/static/chunks/pages/_app-4e0a347dc425d5bf.js (67)
[21503:21503:0526/171019.136741:INFO:CONSOLE:1] "ReactHlsPlayerComponent this.props play", source: https://test.highloka.com/_next/static/chunks/pages/concerts/%5Bslug%5D/arena-1595f5991389ce40.js (1)
[21503:21503:0526/171019.150998:INFO:CONSOLE:79] "%c action %cSHOW_AUTO_HIDDEN_ES_VIDEO_PLAYER_CONTROLS %c@ 17:10:19.150 color: gray; font-weight: lighter; color: inherit; color: gray; font-weight: lighter;", source: https://test.highloka.com/_next/static/chunks/pages/_app-4e0a347dc425d5bf.js (79)
[21503:21503:0526/171019.151111:INFO:CONSOLE:79] "%c prev state color: #9E9E9E; font-weight: bold [object Object]", source: https://test.highloka.com/_next/static/chunks/pages/_app-4e0a347dc425d5bf.js (79)
[21503:21503:0526/171019.151286:INFO:CONSOLE:79] "%c action     color: #03A9F4; font-weight: bold [object Object]", source: https://test.highloka.com/_next/static/chunks/pages/_app-4e0a347dc425d5bf.js (79)
[21503:21503:0526/171019.151441:INFO:CONSOLE:79] "%c next state color: #4CAF50; font-weight: bold [object Object]", source: https://test.highloka.com/_next/static/chunks/pages/_app-4e0a347dc425d5bf.js (79)
[21503:21503:0526/171019.151664:INFO:CONSOLE:79] "console.groupEnd", source: https://test.highloka.com/_next/static/chunks/pages/_app-4e0a347dc425d5bf.js (79)
[21503:21503:0526/171019.151878:INFO:CONSOLE:67] "Showing Controls. ", source: https://test.highloka.com/_next/static/chunks/pages/_app-4e0a347dc425d5bf.js (67)
[21503:21503:0526/171019.152255:INFO:CONSOLE:67] "Showing Controls. ", source: https://test.highloka.com/_next/static/chunks/pages/_app-4e0a347dc425d5bf.js (67)
[21503:21503:0526/171019.152907:INFO:CONSOLE:1] "ReactHlsPlayerComponent this.props play", source: https://test.highloka.com/_next/static/chunks/pages/concerts/%5Bslug%5D/arena-1595f5991389ce40.js (1)
[21503:21503:0526/171019.166769:INFO:CONSOLE:79] "%c action %cSHOW_AUTO_HIDDEN_ES_VIDEO_PLAYER_CONTROLS %c@ 17:10:19.166 color: gray; font-weight: lighter; color: inherit; color: gray; font-weight: lighter;", source: https://test.highloka.com/_next/static/chunks/pages/_app-4e0a347dc425d5bf.js (79)
[21503:21503:0526/171019.166831:INFO:CONSOLE:79] "%c prev state color: #9E9E9E; font-weight: bold [object Object]", source: https://test.highloka.com/_next/static/chunks/pages/_app-4e0a347dc425d5bf.js (79)
[21503:21503:0526/171019.167149:INFO:CONSOLE:79] "%c action     color: #03A9F4; font-weight: bold [object Object]", source: https://test.highloka.com/_next/static/chunks/pages/_app-4e0a347dc425d5bf.js (79)
[21503:21503:0526/171019.167170:INFO:CONSOLE:79] "%c next state color: #4CAF50; font-weight: bold [object Object]", source: https://test.highloka.com/_next/static/chunks/pages/_app-4e0a347dc425d5bf.js (79)
[21503:21503:0526/171019.167187:INFO:CONSOLE:79] "console.groupEnd", source: https://test.highloka.com/_next/static/chunks/pages/_app-4e0a347dc425d5bf.js (79)
[21503:21503:0526/171019.167201:INFO:CONSOLE:67] "Showing Controls. ", source: https://test.highloka.com/_next/static/chunks/pages/_app-4e0a347dc425d5bf.js (67)
[21503:21503:0526/171019.167213:INFO:CONSOLE:67] "Showing Controls. ", source: https://test.highloka.com/_next/static/chunks/pages/_app-4e0a347dc425d5bf.js (67)
[21503:21503:0526/171019.167456:INFO:CONSOLE:1] "ReactHlsPlayerComponent this.props play", source: https://test.highloka.com/_next/static/chunks/pages/concerts/%5Bslug%5D/arena-1595f5991389ce40.js (1)
[21503:21503:0526/171019.170069:INFO:CONSOLE:79] "%c action %cSET_JW_VIDEO_PLAYER_CURRENT_VIDEO_TIME %c@ 17:10:19.169 color: gray; font-weight: lighter; color: inherit; color: gray; font-weight: lighter;", source: https://test.highloka.com/_next/static/chunks/pages/_app-4e0a347dc425d5bf.js (79)
[21503:21503:0526/171019.170288:INFO:CONSOLE:79] "%c prev state color: #9E9E9E; font-weight: bold [object Object]", source: https://test.highloka.com/_next/static/chunks/pages/_app-4e0a347dc425d5bf.js (79)
[21503:21503:0526/171019.170711:INFO:CONSOLE:79] "%c action     color: #03A9F4; font-weight: bold [object Object]", source: https://test.highloka.com/_next/static/chunks/pages/_app-4e0a347dc425d5bf.js (79)
[21503:21503:0526/171019.171084:INFO:CONSOLE:79] "%c next state color: #4CAF50; font-weight: bold [object Object]", source: https://test.highloka.com/_next/static/chunks/pages/_app-4e0a347dc425d5bf.js (79)
[21503:21503:0526/171019.171466:INFO:CONSOLE:79] "console.groupEnd", source: https://test.highloka.com/_next/static/chunks/pages/_app-4e0a347dc425d5bf.js (79)
[21503:21503:0526/171019.176347:INFO:CONSOLE:1] "ReactHlsPlayerComponent this.props play", source: https://test.highloka.com/_next/static/chunks/pages/concerts/%5Bslug%5D/arena-1595f5991389ce40.js (1)
[21503:21503:0526/171019.184239:INFO:CONSOLE:79] "%c action %cSHOW_AUTO_HIDDEN_ES_VIDEO_PLAYER_CONTROLS %c@ 17:10:19.183 color: gray; font-weight: lighter; color: inherit; color: gray; font-weight: lighter;", source: https://test.highloka.com/_next/static/chunks/pages/_app-4e0a347dc425d5bf.js (79)
[21503:21503:0526/171019.184406:INFO:CONSOLE:79] "%c prev state color: #9E9E9E; font-weight: bold [object Object]", source: https://test.highloka.com/_next/static/chunks/pages/_app-4e0a347dc425d5bf.js (79)
[21503:21503:0526/171019.184645:INFO:CONSOLE:79] "%c action     color: #03A9F4; font-weight: bold [object Object]", source: https://test.highloka.com/_next/static/chunks/pages/_app-4e0a347dc425d5bf.js (79)
[21503:21503:0526/171019.184881:INFO:CONSOLE:79] "%c next state color: #4CAF50; font-weight: bold [object Object]", source: https://test.highloka.com/_next/static/chunks/pages/_app-4e0a347dc425d5bf.js (79)
[21503:21503:0526/171019.185047:INFO:CONSOLE:79] "console.groupEnd", source: https://test.highloka.com/_next/static/chunks/pages/_app-4e0a347dc425d5bf.js (79)
[21503:21503:0526/171019.185372:INFO:CONSOLE:67] "Showing Controls. ", source: https://test.highloka.com/_next/static/chunks/pages/_app-4e0a347dc425d5bf.js (67)
[21503:21503:0526/171019.185648:INFO:CONSOLE:67] "Showing Controls. ", source: https://test.highloka.com/_next/static/chunks/pages/_app-4e0a347dc425d5bf.js (67)
[21503:21503:0526/171019.186565:INFO:CONSOLE:1] "ReactHlsPlayerComponent this.props play", source: https://test.highloka.com/_next/static/chunks/pages/concerts/%5Bslug%5D/arena-1595f5991389ce40.js (1)
[21503:21503:0526/171019.201988:INFO:CONSOLE:79] "%c action %cSHOW_AUTO_HIDDEN_ES_VIDEO_PLAYER_CONTROLS %c@ 17:10:19.201 color: gray; font-weight: lighter; color: inherit; color: gray; font-weight: lighter;", source: https://test.highloka.com/_next/static/chunks/pages/_app-4e0a347dc425d5bf.js (79)
[21503:21503:0526/171019.202150:INFO:CONSOLE:79] "%c prev state color: #9E9E9E; font-weight: bold [object Object]", source: https://test.highloka.com/_next/static/chunks/pages/_app-4e0a347dc425d5bf.js (79)
[21503:21503:0526/171019.202593:INFO:CONSOLE:79] "%c action     color: #03A9F4; font-weight: bold [object Object]", source: https://test.highloka.com/_next/static/chunks/pages/_app-4e0a347dc425d5bf.js (79)
[21503:21503:0526/171019.202942:INFO:CONSOLE:79] "%c next state color: #4CAF50; font-weight: bold [object Object]", source: https://test.highloka.com/_next/static/chunks/pages/_app-4e0a347dc425d5bf.js (79)
[21503:21503:0526/171019.203134:INFO:CONSOLE:79] "console.groupEnd", source: https://test.highloka.com/_next/static/chunks/pages/_app-4e0a347dc425d5bf.js (79)
[21503:21503:0526/171019.203560:INFO:CONSOLE:67] "Showing Controls. ", source: https://test.highloka.com/_next/static/chunks/pages/_app-4e0a347dc425d5bf.js (67)
[21503:21503:0526/171019.204206:INFO:CONSOLE:67] "Showing Controls. ", source: https://test.highloka.com/_next/static/chunks/pages/_app-4e0a347dc425d5bf.js (67)
[21503:21503:0526/171019.205318:INFO:CONSOLE:1] "ReactHlsPlayerComponent this.props play", source: https://test.highloka.com/_next/static/chunks/pages/concerts/%5Bslug%5D/arena-1595f5991389ce40.js (1)
[21503:21503:0526/171019.220213:INFO:CONSOLE:79] "%c action %cSHOW_AUTO_HIDDEN_ES_VIDEO_PLAYER_CONTROLS %c@ 17:10:19.219 color: gray; font-weight: lighter; color: inherit; color: gray; font-weight: lighter;", source: https://test.highloka.com/_next/static/chunks/pages/_app-4e0a347dc425d5bf.js (79)
[21503:21503:0526/171019.220452:INFO:CONSOLE:79] "%c prev state color: #9E9E9E; font-weight: bold [object Object]", source: https://test.highloka.com/_next/static/chunks/pages/_app-4e0a347dc425d5bf.js (79)
[21503:21503:0526/171019.221169:INFO:CONSOLE:79] "%c action     color: #03A9F4; font-weight: bold [object Object]", source: https://test.highloka.com/_next/static/chunks/pages/_app-4e0a347dc425d5bf.js (79)
[21503:21503:0526/171019.221327:INFO:CONSOLE:79] "%c next state color: #4CAF50; font-weight: bold [object Object]", source: https://test.highloka.com/_next/static/chunks/pages/_app-4e0a347dc425d5bf.js (79)
[21503:21503:0526/171019.221808:INFO:CONSOLE:79] "console.groupEnd", source: https://test.highloka.com/_next/static/chunks/pages/_app-4e0a347dc425d5bf.js (79)
[21503:21503:0526/171019.222153:INFO:CONSOLE:67] "Showing Controls. ", source: https://test.highloka.com/_next/static/chunks/pages/_app-4e0a347dc425d5bf.js (67)
[21503:21503:0526/171019.222668:INFO:CONSOLE:67] "Showing Controls. ", source: https://test.highloka.com/_next/static/chunks/pages/_app-4e0a347dc425d5bf.js (67)
[21503:21503:0526/171019.224203:INFO:CONSOLE:1] "ReactHlsPlayerComponent this.props play", source: https://test.highloka.com/_next/static/chunks/pages/concerts/%5Bslug%5D/arena-1595f5991389ce40.js (1)
[21503:21503:0526/171019.236212:INFO:CONSOLE:79] "%c action %cSHOW_AUTO_HIDDEN_ES_VIDEO_PLAYER_CONTROLS %c@ 17:10:19.234 color: gray; font-weight: lighter; color: inherit; color: gray; font-weight: lighter;", source: https://test.highloka.com/_next/static/chunks/pages/_app-4e0a347dc425d5bf.js (79)
[21503:21503:0526/171019.236445:INFO:CONSOLE:79] "%c prev state color: #9E9E9E; font-weight: bold [object Object]", source: https://test.highloka.com/_next/static/chunks/pages/_app-4e0a347dc425d5bf.js (79)
[21503:21503:0526/171019.236787:INFO:CONSOLE:79] "%c action     color: #03A9F4; font-weight: bold [object Object]", source: https://test.highloka.com/_next/static/chunks/pages/_app-4e0a347dc425d5bf.js (79)
[21503:21503:0526/171019.237529:INFO:CONSOLE:79] "%c next state color: #4CAF50; font-weight: bold [object Object]", source: https://test.highloka.com/_next/static/chunks/pages/_app-4e0a347dc425d5bf.js (79)
[21503:21503:0526/171019.237679:INFO:CONSOLE:79] "console.groupEnd", source: https://test.highloka.com/_next/static/chunks/pages/_app-4e0a347dc425d5bf.js (79)
[21503:21503:0526/171019.237771:INFO:CONSOLE:67] "Showing Controls. ", source: https://test.highloka.com/_next/static/chunks/pages/_app-4e0a347dc425d5bf.js (67)
[21503:21503:0526/171019.238611:INFO:CONSOLE:67] "Showing Controls. ", source: https://test.highloka.com/_next/static/chunks/pages/_app-4e0a347dc425d5bf.js (67)
[21503:21503:0526/171019.239356:INFO:CONSOLE:1] "ReactHlsPlayerComponent this.props play", source: https://test.highloka.com/_next/static/chunks/pages/concerts/%5Bslug%5D/arena-1595f5991389ce40.js (1)
[21503:21503:0526/171019.436057:INFO:CONSOLE:79] "%c action %cSET_JW_VIDEO_PLAYER_CURRENT_VIDEO_TIME %c@ 17:10:19.434 color: gray; font-weight: lighter; color: inherit; color: gray; font-weight: lighter;", source: https://test.highloka.com/_next/static/chunks/pages/_app-4e0a347dc425d5bf.js (79)
[21503:21503:0526/171019.436729:INFO:CONSOLE:79] "%c prev state color: #9E9E9E; font-weight: bold [object Object]", source: https://test.highloka.com/_next/static/chunks/pages/_app-4e0a347dc425d5bf.js (79)
[21503:21503:0526/171019.437505:INFO:CONSOLE:79] "%c action     color: #03A9F4; font-weight: bold [object Object]", source: https://test.highloka.com/_next/static/chunks/pages/_app-4e0a347dc425d5bf.js (79)
[21503:21503:0526/171019.437858:INFO:CONSOLE:79] "%c next state color: #4CAF50; font-weight: bold [object Object]", source: https://test.highloka.com/_next/static/chunks/pages/_app-4e0a347dc425d5bf.js (79)
[21503:21503:0526/171019.438265:INFO:CONSOLE:79] "console.groupEnd", source: https://test.highloka.com/_next/static/chunks/pages/_app-4e0a347dc425d5bf.js (79)
[21503:21503:0526/171019.441604:INFO:CONSOLE:1] "ReactHlsPlayerComponent this.props play", source: https://test.highloka.com/_next/static/chunks/pages/concerts/%5Bslug%5D/arena-1595f5991389ce40.js (1)
[21503:21503:0526/171019.672723:INFO:CONSOLE:79] "%c action %cSHOW_AUTO_HIDDEN_ES_VIDEO_PLAYER_CONTROLS %c@ 17:10:19.671 color: gray; font-weight: lighter; color: inherit; color: gray; font-weight: lighter;", source: https://test.highloka.com/_next/static/chunks/pages/_app-4e0a347dc425d5bf.js (79)
[21503:21503:0526/171019.672914:INFO:CONSOLE:79] "%c prev state color: #9E9E9E; font-weight: bold [object Object]", source: https://test.highloka.com/_next/static/chunks/pages/_app-4e0a347dc425d5bf.js (79)
[21503:21503:0526/171019.673450:INFO:CONSOLE:79] "%c action     color: #03A9F4; font-weight: bold [object Object]", source: https://test.highloka.com/_next/static/chunks/pages/_app-4e0a347dc425d5bf.js (79)
[21503:21503:0526/171019.674066:INFO:CONSOLE:79] "%c next state color: #4CAF50; font-weight: bold [object Object]", source: https://test.highloka.com/_next/static/chunks/pages/_app-4e0a347dc425d5bf.js (79)
[21503:21503:0526/171019.674192:INFO:CONSOLE:79] "console.groupEnd", source: https://test.highloka.com/_next/static/chunks/pages/_app-4e0a347dc425d5bf.js (79)
[21503:21503:0526/171019.675162:INFO:CONSOLE:67] "Showing Controls. ", source: https://test.highloka.com/_next/static/chunks/pages/_app-4e0a347dc425d5bf.js (67)
[21503:21503:0526/171019.675581:INFO:CONSOLE:67] "Showing Controls. ", source: https://test.highloka.com/_next/static/chunks/pages/_app-4e0a347dc425d5bf.js (67)
[21503:21503:0526/171019.676565:INFO:CONSOLE:1] "ReactHlsPlayerComponent this.props play", source: https://test.highloka.com/_next/static/chunks/pages/concerts/%5Bslug%5D/arena-1595f5991389ce40.js (1)
[21503:21503:0526/171019.691225:INFO:CONSOLE:79] "%c action %cSHOW_AUTO_HIDDEN_ES_VIDEO_PLAYER_CONTROLS %c@ 17:10:19.690 color: gray; font-weight: lighter; color: inherit; color: gray; font-weight: lighter;", source: https://test.highloka.com/_next/static/chunks/pages/_app-4e0a347dc425d5bf.js (79)
[21503:21503:0526/171019.691490:INFO:CONSOLE:79] "%c prev state color: #9E9E9E; font-weight: bold [object Object]", source: https://test.highloka.com/_next/static/chunks/pages/_app-4e0a347dc425d5bf.js (79)
[21503:21503:0526/171019.691957:INFO:CONSOLE:79] "%c action     color: #03A9F4; font-weight: bold [object Object]", source: https://test.highloka.com/_next/static/chunks/pages/_app-4e0a347dc425d5bf.js (79)
[21503:21503:0526/171019.693131:INFO:CONSOLE:79] "%c next state color: #4CAF50; font-weight: bold [object Object]", source: https://test.highloka.com/_next/static/chunks/pages/_app-4e0a347dc425d5bf.js (79)
[21503:21503:0526/171019.693302:INFO:CONSOLE:79] "console.groupEnd", source: https://test.highloka.com/_next/static/chunks/pages/_app-4e0a347dc425d5bf.js (79)
[21503:21503:0526/171019.693746:INFO:CONSOLE:67] "Showing Controls. ", source: https://test.highloka.com/_next/static/chunks/pages/_app-4e0a347dc425d5bf.js (67)
[21503:21503:0526/171019.694262:INFO:CONSOLE:67] "Showing Controls. ", source: https://test.highloka.com/_next/static/chunks/pages/_app-4e0a347dc425d5bf.js (67)
[21503:21503:0526/171019.695427:INFO:CONSOLE:1] "ReactHlsPlayerComponent this.props play", source: https://test.highloka.com/_next/static/chunks/pages/concerts/%5Bslug%5D/arena-1595f5991389ce40.js (1)
[21503:21503:0526/171019.702451:INFO:CONSOLE:79] "%c action %cSET_JW_VIDEO_PLAYER_CURRENT_VIDEO_TIME %c@ 17:10:19.700 color: gray; font-weight: lighter; color: inherit; color: gray; font-weight: lighter;", source: https://test.highloka.com/_next/static/chunks/pages/_app-4e0a347dc425d5bf.js (79)
[21503:21503:0526/171019.703080:INFO:CONSOLE:79] "%c prev state color: #9E9E9E; font-weight: bold [object Object]", source: https://test.highloka.com/_next/static/chunks/pages/_app-4e0a347dc425d5bf.js (79)
[21503:21503:0526/171019.703656:INFO:CONSOLE:79] "%c action     color: #03A9F4; font-weight: bold [object Object]", source: https://test.highloka.com/_next/static/chunks/pages/_app-4e0a347dc425d5bf.js (79)
[21503:21503:0526/171019.704319:INFO:CONSOLE:79] "%c next state color: #4CAF50; font-weight: bold [object Object]", source: https://test.highloka.com/_next/static/chunks/pages/_app-4e0a347dc425d5bf.js (79)
[21503:21503:0526/171019.704796:INFO:CONSOLE:79] "console.groupEnd", source: https://test.highloka.com/_next/static/chunks/pages/_app-4e0a347dc425d5bf.js (79)
[21503:21503:0526/171019.707924:INFO:CONSOLE:1] "ReactHlsPlayerComponent this.props play", source: https://test.highloka.com/_next/static/chunks/pages/concerts/%5Bslug%5D/arena-1595f5991389ce40.js (1)
[21503:21503:0526/171019.709649:INFO:CONSOLE:79] "%c action %cSHOW_AUTO_HIDDEN_ES_VIDEO_PLAYER_CONTROLS %c@ 17:10:19.709 color: gray; font-weight: lighter; color: inherit; color: gray; font-weight: lighter;", source: https://test.highloka.com/_next/static/chunks/pages/_app-4e0a347dc425d5bf.js (79)
[21503:21503:0526/171019.709699:INFO:CONSOLE:79] "%c prev state color: #9E9E9E; font-weight: bold [object Object]", source: https://test.highloka.com/_next/static/chunks/pages/_app-4e0a347dc425d5bf.js (79)
[21503:21503:0526/171019.709776:INFO:CONSOLE:79] "%c action     color: #03A9F4; font-weight: bold [object Object]", source: https://test.highloka.com/_next/static/chunks/pages/_app-4e0a347dc425d5bf.js (79)
[21503:21503:0526/171019.709833:INFO:CONSOLE:79] "%c next state color: #4CAF50; font-weight: bold [object Object]", source: https://test.highloka.com/_next/static/chunks/pages/_app-4e0a347dc425d5bf.js (79)
[21503:21503:0526/171019.709883:INFO:CONSOLE:79] "console.groupEnd", source: https://test.highloka.com/_next/static/chunks/pages/_app-4e0a347dc425d5bf.js (79)
[21503:21503:0526/171019.709979:INFO:CONSOLE:67] "Showing Controls. ", source: https://test.highloka.com/_next/static/chunks/pages/_app-4e0a347dc425d5bf.js (67)
[21503:21503:0526/171019.710066:INFO:CONSOLE:67] "Showing Controls. ", source: https://test.highloka.com/_next/static/chunks/pages/_app-4e0a347dc425d5bf.js (67)
[21503:21503:0526/171019.710389:INFO:CONSOLE:1] "ReactHlsPlayerComponent this.props play", source: https://test.highloka.com/_next/static/chunks/pages/concerts/%5Bslug%5D/arena-1595f5991389ce40.js (1)
[21503:21503:0526/171019.718073:INFO:CONSOLE:79] "%c action %cSHOW_AUTO_HIDDEN_ES_VIDEO_PLAYER_CONTROLS %c@ 17:10:19.717 color: gray; font-weight: lighter; color: inherit; color: gray; font-weight: lighter;", source: https://test.highloka.com/_next/static/chunks/pages/_app-4e0a347dc425d5bf.js (79)
[21503:21503:0526/171019.718243:INFO:CONSOLE:79] "%c prev state color: #9E9E9E; font-weight: bold [object Object]", source: https://test.highloka.com/_next/static/chunks/pages/_app-4e0a347dc425d5bf.js (79)
[21503:21503:0526/171019.718559:INFO:CONSOLE:79] "%c action     color: #03A9F4; font-weight: bold [object Object]", source: https://test.highloka.com/_next/static/chunks/pages/_app-4e0a347dc425d5bf.js (79)
[21503:21503:0526/171019.718766:INFO:CONSOLE:79] "%c next state color: #4CAF50; font-weight: bold [object Object]", source: https://test.highloka.com/_next/static/chunks/pages/_app-4e0a347dc425d5bf.js (79)
[21503:21503:0526/171019.718922:INFO:CONSOLE:79] "console.groupEnd", source: https://test.highloka.com/_next/static/chunks/pages/_app-4e0a347dc425d5bf.js (79)
[21503:21503:0526/171019.719285:INFO:CONSOLE:67] "Showing Controls. ", source: https://test.highloka.com/_next/static/chunks/pages/_app-4e0a347dc425d5bf.js (67)
[21503:21503:0526/171019.720094:INFO:CONSOLE:67] "Showing Controls. ", source: https://test.highloka.com/_next/static/chunks/pages/_app-4e0a347dc425d5bf.js (67)
[21503:21503:0526/171019.720769:INFO:CONSOLE:1] "ReactHlsPlayerComponent this.props play", source: https://test.highloka.com/_next/static/chunks/pages/concerts/%5Bslug%5D/arena-1595f5991389ce40.js (1)
[21503:21503:0526/171019.734573:INFO:CONSOLE:79] "%c action %cSHOW_AUTO_HIDDEN_ES_VIDEO_PLAYER_CONTROLS %c@ 17:10:19.734 color: gray; font-weight: lighter; color: inherit; color: gray; font-weight: lighter;", source: https://test.highloka.com/_next/static/chunks/pages/_app-4e0a347dc425d5bf.js (79)
[21503:21503:0526/171019.734714:INFO:CONSOLE:79] "%c prev state color: #9E9E9E; font-weight: bold [object Object]", source: https://test.highloka.com/_next/static/chunks/pages/_app-4e0a347dc425d5bf.js (79)
[21503:21503:0526/171019.734732:INFO:CONSOLE:79] "%c action     color: #03A9F4; font-weight: bold [object Object]", source: https://test.highloka.com/_next/static/chunks/pages/_app-4e0a347dc425d5bf.js (79)
[21503:21503:0526/171019.734746:INFO:CONSOLE:79] "%c next state color: #4CAF50; font-weight: bold [object Object]", source: https://test.highloka.com/_next/static/chunks/pages/_app-4e0a347dc425d5bf.js (79)
[21503:21503:0526/171019.735087:INFO:CONSOLE:79] "console.groupEnd", source: https://test.highloka.com/_next/static/chunks/pages/_app-4e0a347dc425d5bf.js (79)
[21503:21503:0526/171019.735122:INFO:CONSOLE:67] "Showing Controls. ", source: https://test.highloka.com/_next/static/chunks/pages/_app-4e0a347dc425d5bf.js (67)
[21503:21503:0526/171019.735169:INFO:CONSOLE:67] "Showing Controls. ", source: https://test.highloka.com/_next/static/chunks/pages/_app-4e0a347dc425d5bf.js (67)
[21503:21503:0526/171019.735518:INFO:CONSOLE:1] "ReactHlsPlayerComponent this.props play", source: https://test.highloka.com/_next/static/chunks/pages/concerts/%5Bslug%5D/arena-1595f5991389ce40.js (1)
[21503:21503:0526/171019.751114:INFO:CONSOLE:79] "%c action %cSHOW_AUTO_HIDDEN_ES_VIDEO_PLAYER_CONTROLS %c@ 17:10:19.750 color: gray; font-weight: lighter; color: inherit; color: gray; font-weight: lighter;", source: https://test.highloka.com/_next/static/chunks/pages/_app-4e0a347dc425d5bf.js (79)
[21503:21503:0526/171019.751173:INFO:CONSOLE:79] "%c prev state color: #9E9E9E; font-weight: bold [object Object]", source: https://test.highloka.com/_next/static/chunks/pages/_app-4e0a347dc425d5bf.js (79)
[21503:21503:0526/171019.751245:INFO:CONSOLE:79] "%c action     color: #03A9F4; font-weight: bold [object Object]", source: https://test.highloka.com/_next/static/chunks/pages/_app-4e0a347dc425d5bf.js (79)
[21503:21503:0526/171019.751305:INFO:CONSOLE:79] "%c next state color: #4CAF50; font-weight: bold [object Object]", source: https://test.highloka.com/_next/static/chunks/pages/_app-4e0a347dc425d5bf.js (79)
[21503:21503:0526/171019.751358:INFO:CONSOLE:79] "console.groupEnd", source: https://test.highloka.com/_next/static/chunks/pages/_app-4e0a347dc425d5bf.js (79)
[21503:21503:0526/171019.751656:INFO:CONSOLE:67] "Showing Controls. ", source: https://test.highloka.com/_next/static/chunks/pages/_app-4e0a347dc425d5bf.js (67)
[21503:21503:0526/171019.752033:INFO:CONSOLE:67] "Showing Controls. ", source: https://test.highloka.com/_next/static/chunks/pages/_app-4e0a347dc425d5bf.js (67)
[21503:21503:0526/171019.753008:INFO:CONSOLE:1] "ReactHlsPlayerComponent this.props play", source: https://test.highloka.com/_next/static/chunks/pages/concerts/%5Bslug%5D/arena-1595f5991389ce40.js (1)
[21503:21503:0526/171019.768811:INFO:CONSOLE:79] "%c action %cSHOW_AUTO_HIDDEN_ES_VIDEO_PLAYER_CONTROLS %c@ 17:10:19.767 color: gray; font-weight: lighter; color: inherit; color: gray; font-weight: lighter;", source: https://test.highloka.com/_next/static/chunks/pages/_app-4e0a347dc425d5bf.js (79)
[21503:21503:0526/171019.769039:INFO:CONSOLE:79] "%c prev state color: #9E9E9E; font-weight: bold [object Object]", source: https://test.highloka.com/_next/static/chunks/pages/_app-4e0a347dc425d5bf.js (79)
[21503:21503:0526/171019.769350:INFO:CONSOLE:79] "%c action     color: #03A9F4; font-weight: bold [object Object]", source: https://test.highloka.com/_next/static/chunks/pages/_app-4e0a347dc425d5bf.js (79)
[21503:21503:0526/171019.769792:INFO:CONSOLE:79] "%c next state color: #4CAF50; font-weight: bold [object Object]", source: https://test.highloka.com/_next/static/chunks/pages/_app-4e0a347dc425d5bf.js (79)
[21503:21503:0526/171019.770071:INFO:CONSOLE:79] "console.groupEnd", source: https://test.highloka.com/_next/static/chunks/pages/_app-4e0a347dc425d5bf.js (79)
[21503:21503:0526/171019.771234:INFO:CONSOLE:67] "Showing Controls. ", source: https://test.highloka.com/_next/static/chunks/pages/_app-4e0a347dc425d5bf.js (67)
[21503:21503:0526/171019.771425:INFO:CONSOLE:67] "Showing Controls. ", source: https://test.highloka.com/_next/static/chunks/pages/_app-4e0a347dc425d5bf.js (67)
[21503:21503:0526/171019.773108:INFO:CONSOLE:1] "ReactHlsPlayerComponent this.props play", source: https://test.highloka.com/_next/static/chunks/pages/concerts/%5Bslug%5D/arena-1595f5991389ce40.js (1)
[21503:21503:0526/171019.785525:INFO:CONSOLE:79] "%c action %cSHOW_AUTO_HIDDEN_ES_VIDEO_PLAYER_CONTROLS %c@ 17:10:19.784 color: gray; font-weight: lighter; color: inherit; color: gray; font-weight: lighter;", source: https://test.highloka.com/_next/static/chunks/pages/_app-4e0a347dc425d5bf.js (79)
[21503:21503:0526/171019.785849:INFO:CONSOLE:79] "%c prev state color: #9E9E9E; font-weight: bold [object Object]", source: https://test.highloka.com/_next/static/chunks/pages/_app-4e0a347dc425d5bf.js (79)
[21503:21503:0526/171019.785996:INFO:CONSOLE:79] "%c action     color: #03A9F4; font-weight: bold [object Object]", source: https://test.highloka.com/_next/static/chunks/pages/_app-4e0a347dc425d5bf.js (79)
[21503:21503:0526/171019.786337:INFO:CONSOLE:79] "%c next state color: #4CAF50; font-weight: bold [object Object]", source: https://test.highloka.com/_next/static/chunks/pages/_app-4e0a347dc425d5bf.js (79)
[21503:21503:0526/171019.787099:INFO:CONSOLE:79] "console.groupEnd", source: https://test.highloka.com/_next/static/chunks/pages/_app-4e0a347dc425d5bf.js (79)
[21503:21503:0526/171019.787237:INFO:CONSOLE:67] "Showing Controls. ", source: https://test.highloka.com/_next/static/chunks/pages/_app-4e0a347dc425d5bf.js (67)
[21503:21503:0526/171019.787451:INFO:CONSOLE:67] "Showing Controls. ", source: https://test.highloka.com/_next/static/chunks/pages/_app-4e0a347dc425d5bf.js (67)
[21503:21503:0526/171019.788338:INFO:CONSOLE:1] "ReactHlsPlayerComponent this.props play", source: https://test.highloka.com/_next/static/chunks/pages/concerts/%5Bslug%5D/arena-1595f5991389ce40.js (1)
[21503:21503:0526/171019.803577:INFO:CONSOLE:79] "%c action %cSHOW_AUTO_HIDDEN_ES_VIDEO_PLAYER_CONTROLS %c@ 17:10:19.801 color: gray; font-weight: lighter; color: inherit; color: gray; font-weight: lighter;", source: https://test.highloka.com/_next/static/chunks/pages/_app-4e0a347dc425d5bf.js (79)
[21503:21503:0526/171019.803801:INFO:CONSOLE:79] "%c prev state color: #9E9E9E; font-weight: bold [object Object]", source: https://test.highloka.com/_next/static/chunks/pages/_app-4e0a347dc425d5bf.js (79)
[21503:21503:0526/171019.804101:INFO:CONSOLE:79] "%c action     color: #03A9F4; font-weight: bold [object Object]", source: https://test.highloka.com/_next/static/chunks/pages/_app-4e0a347dc425d5bf.js (79)
[21503:21503:0526/171019.804310:INFO:CONSOLE:79] "%c next state color: #4CAF50; font-weight: bold [object Object]", source: https://test.highloka.com/_next/static/chunks/pages/_app-4e0a347dc425d5bf.js (79)
[21503:21503:0526/171019.804984:INFO:CONSOLE:79] "console.groupEnd", source: https://test.highloka.com/_next/static/chunks/pages/_app-4e0a347dc425d5bf.js (79)
[21503:21503:0526/171019.805127:INFO:CONSOLE:67] "Showing Controls. ", source: https://test.highloka.com/_next/static/chunks/pages/_app-4e0a347dc425d5bf.js (67)
[21503:21503:0526/171019.805261:INFO:CONSOLE:67] "Showing Controls. ", source: https://test.highloka.com/_next/static/chunks/pages/_app-4e0a347dc425d5bf.js (67)
[21503:21503:0526/171019.806244:INFO:CONSOLE:1] "ReactHlsPlayerComponent this.props play", source: https://test.highloka.com/_next/static/chunks/pages/concerts/%5Bslug%5D/arena-1595f5991389ce40.js (1)
[21503:21503:0526/171019.868363:INFO:CONSOLE:79] "%c action %cSHOW_AUTO_HIDDEN_ES_VIDEO_PLAYER_CONTROLS %c@ 17:10:19.867 color: gray; font-weight: lighter; color: inherit; color: gray; font-weight: lighter;", source: https://test.highloka.com/_next/static/chunks/pages/_app-4e0a347dc425d5bf.js (79)
[21503:21503:0526/171019.868580:INFO:CONSOLE:79] "%c prev state color: #9E9E9E; font-weight: bold [object Object]", source: https://test.highloka.com/_next/static/chunks/pages/_app-4e0a347dc425d5bf.js (79)
[21503:21503:0526/171019.869531:INFO:CONSOLE:79] "%c action     color: #03A9F4; font-weight: bold [object Object]", source: https://test.highloka.com/_next/static/chunks/pages/_app-4e0a347dc425d5bf.js (79)
[21503:21503:0526/171019.869878:INFO:CONSOLE:79] "%c next state color: #4CAF50; font-weight: bold [object Object]", source: https://test.highloka.com/_next/static/chunks/pages/_app-4e0a347dc425d5bf.js (79)
[21503:21503:0526/171019.870218:INFO:CONSOLE:79] "console.groupEnd", source: https://test.highloka.com/_next/static/chunks/pages/_app-4e0a347dc425d5bf.js (79)
[21503:21503:0526/171019.870763:INFO:CONSOLE:67] "Showing Controls. ", source: https://test.highloka.com/_next/static/chunks/pages/_app-4e0a347dc425d5bf.js (67)
[21503:21503:0526/171019.870965:INFO:CONSOLE:67] "Showing Controls. ", source: https://test.highloka.com/_next/static/chunks/pages/_app-4e0a347dc425d5bf.js (67)
[21503:21503:0526/171019.872099:INFO:CONSOLE:1] "ReactHlsPlayerComponent this.props play", source: https://test.highloka.com/_next/static/chunks/pages/concerts/%5Bslug%5D/arena-1595f5991389ce40.js (1)
[21503:21503:0526/171019.887311:INFO:CONSOLE:79] "%c action %cSHOW_AUTO_HIDDEN_ES_VIDEO_PLAYER_CONTROLS %c@ 17:10:19.885 color: gray; font-weight: lighter; color: inherit; color: gray; font-weight: lighter;", source: https://test.highloka.com/_next/static/chunks/pages/_app-4e0a347dc425d5bf.js (79)
[21503:21503:0526/171019.887567:INFO:CONSOLE:79] "%c prev state color: #9E9E9E; font-weight: bold [object Object]", source: https://test.highloka.com/_next/static/chunks/pages/_app-4e0a347dc425d5bf.js (79)
[21503:21503:0526/171019.887713:INFO:CONSOLE:79] "%c action     color: #03A9F4; font-weight: bold [object Object]", source: https://test.highloka.com/_next/static/chunks/pages/_app-4e0a347dc425d5bf.js (79)
[21503:21503:0526/171019.888122:INFO:CONSOLE:79] "%c next state color: #4CAF50; font-weight: bold [object Object]", source: https://test.highloka.com/_next/static/chunks/pages/_app-4e0a347dc425d5bf.js (79)
[21503:21503:0526/171019.888390:INFO:CONSOLE:79] "console.groupEnd", source: https://test.highloka.com/_next/static/chunks/pages/_app-4e0a347dc425d5bf.js (79)
[21503:21503:0526/171019.889085:INFO:CONSOLE:67] "Showing Controls. ", source: https://test.highloka.com/_next/static/chunks/pages/_app-4e0a347dc425d5bf.js (67)
[21503:21503:0526/171019.889547:INFO:CONSOLE:67] "Showing Controls. ", source: https://test.highloka.com/_next/static/chunks/pages/_app-4e0a347dc425d5bf.js (67)
[21503:21503:0526/171019.890956:INFO:CONSOLE:1] "ReactHlsPlayerComponent this.props play", source: https://test.highloka.com/_next/static/chunks/pages/concerts/%5Bslug%5D/arena-1595f5991389ce40.js (1)
[21503:21503:0526/171019.902703:INFO:CONSOLE:79] "%c action %cSHOW_AUTO_HIDDEN_ES_VIDEO_PLAYER_CONTROLS %c@ 17:10:19.901 color: gray; font-weight: lighter; color: inherit; color: gray; font-weight: lighter;", source: https://test.highloka.com/_next/static/chunks/pages/_app-4e0a347dc425d5bf.js (79)
[21503:21503:0526/171019.902915:INFO:CONSOLE:79] "%c prev state color: #9E9E9E; font-weight: bold [object Object]", source: https://test.highloka.com/_next/static/chunks/pages/_app-4e0a347dc425d5bf.js (79)
[21503:21503:0526/171019.903019:INFO:CONSOLE:79] "%c action     color: #03A9F4; font-weight: bold [object Object]", source: https://test.highloka.com/_next/static/chunks/pages/_app-4e0a347dc425d5bf.js (79)
[21503:21503:0526/171019.903378:INFO:CONSOLE:79] "%c next state color: #4CAF50; font-weight: bold [object Object]", source: https://test.highloka.com/_next/static/chunks/pages/_app-4e0a347dc425d5bf.js (79)
[21503:21503:0526/171019.903925:INFO:CONSOLE:79] "console.groupEnd", source: https://test.highloka.com/_next/static/chunks/pages/_app-4e0a347dc425d5bf.js (79)
[21503:21503:0526/171019.904421:INFO:CONSOLE:67] "Showing Controls. ", source: https://test.highloka.com/_next/static/chunks/pages/_app-4e0a347dc425d5bf.js (67)
[21503:21503:0526/171019.905040:INFO:CONSOLE:67] "Showing Controls. ", source: https://test.highloka.com/_next/static/chunks/pages/_app-4e0a347dc425d5bf.js (67)
[21503:21503:0526/171019.906161:INFO:CONSOLE:1] "ReactHlsPlayerComponent this.props play", source: https://test.highloka.com/_next/static/chunks/pages/concerts/%5Bslug%5D/arena-1595f5991389ce40.js (1)
[21503:21503:0526/171019.916938:INFO:CONSOLE:79] "%c action %cSHOW_AUTO_HIDDEN_ES_VIDEO_PLAYER_CONTROLS %c@ 17:10:19.916 color: gray; font-weight: lighter; color: inherit; color: gray; font-weight: lighter;", source: https://test.highloka.com/_next/static/chunks/pages/_app-4e0a347dc425d5bf.js (79)
[21503:21503:0526/171019.917000:INFO:CONSOLE:79] "%c prev state color: #9E9E9E; font-weight: bold [object Object]", source: https://test.highloka.com/_next/static/chunks/pages/_app-4e0a347dc425d5bf.js (79)
[21503:21503:0526/171019.917069:INFO:CONSOLE:79] "%c action     color: #03A9F4; font-weight: bold [object Object]", source: https://test.highloka.com/_next/static/chunks/pages/_app-4e0a347dc425d5bf.js (79)
[21503:21503:0526/171019.917117:INFO:CONSOLE:79] "%c next state color: #4CAF50; font-weight: bold [object Object]", source: https://test.highloka.com/_next/static/chunks/pages/_app-4e0a347dc425d5bf.js (79)
[21503:21503:0526/171019.917195:INFO:CONSOLE:79] "console.groupEnd", source: https://test.highloka.com/_next/static/chunks/pages/_app-4e0a347dc425d5bf.js (79)
[21503:21503:0526/171019.917306:INFO:CONSOLE:67] "Showing Controls. ", source: https://test.highloka.com/_next/static/chunks/pages/_app-4e0a347dc425d5bf.js (67)
[21503:21503:0526/171019.917420:INFO:CONSOLE:67] "Showing Controls. ", source: https://test.highloka.com/_next/static/chunks/pages/_app-4e0a347dc425d5bf.js (67)
[21503:21503:0526/171019.917770:INFO:CONSOLE:1] "ReactHlsPlayerComponent this.props play", source: https://test.highloka.com/_next/static/chunks/pages/concerts/%5Bslug%5D/arena-1595f5991389ce40.js (1)
[21503:21503:0526/171019.937775:INFO:CONSOLE:79] "%c action %cSHOW_AUTO_HIDDEN_ES_VIDEO_PLAYER_CONTROLS %c@ 17:10:19.935 color: gray; font-weight: lighter; color: inherit; color: gray; font-weight: lighter;", source: https://test.highloka.com/_next/static/chunks/pages/_app-4e0a347dc425d5bf.js (79)
[21503:21503:0526/171019.937983:INFO:CONSOLE:79] "%c prev state color: #9E9E9E; font-weight: bold [object Object]", source: https://test.highloka.com/_next/static/chunks/pages/_app-4e0a347dc425d5bf.js (79)
[21503:21503:0526/171019.938051:INFO:CONSOLE:79] "%c action     color: #03A9F4; font-weight: bold [object Object]", source: https://test.highloka.com/_next/static/chunks/pages/_app-4e0a347dc425d5bf.js (79)
[21503:21503:0526/171019.938105:INFO:CONSOLE:79] "%c next state color: #4CAF50; font-weight: bold [object Object]", source: https://test.highloka.com/_next/static/chunks/pages/_app-4e0a347dc425d5bf.js (79)
[21503:21503:0526/171019.938176:INFO:CONSOLE:79] "console.groupEnd", source: https://test.highloka.com/_next/static/chunks/pages/_app-4e0a347dc425d5bf.js (79)
[21503:21503:0526/171019.938635:INFO:CONSOLE:67] "Showing Controls. ", source: https://test.highloka.com/_next/static/chunks/pages/_app-4e0a347dc425d5bf.js (67)
[21503:21503:0526/171019.938775:INFO:CONSOLE:67] "Showing Controls. ", source: https://test.highloka.com/_next/static/chunks/pages/_app-4e0a347dc425d5bf.js (67)
[21503:21503:0526/171019.939352:INFO:CONSOLE:1] "ReactHlsPlayerComponent this.props play", source: https://test.highloka.com/_next/static/chunks/pages/concerts/%5Bslug%5D/arena-1595f5991389ce40.js (1)
[21503:21503:0526/171019.951445:INFO:CONSOLE:79] "%c action %cSHOW_AUTO_HIDDEN_ES_VIDEO_PLAYER_CONTROLS %c@ 17:10:19.950 color: gray; font-weight: lighter; color: inherit; color: gray; font-weight: lighter;", source: https://test.highloka.com/_next/static/chunks/pages/_app-4e0a347dc425d5bf.js (79)
[21503:21503:0526/171019.951625:INFO:CONSOLE:79] "%c prev state color: #9E9E9E; font-weight: bold [object Object]", source: https://test.highloka.com/_next/static/chunks/pages/_app-4e0a347dc425d5bf.js (79)
[21503:21503:0526/171019.952331:INFO:CONSOLE:79] "%c action     color: #03A9F4; font-weight: bold [object Object]", source: https://test.highloka.com/_next/static/chunks/pages/_app-4e0a347dc425d5bf.js (79)
[21503:21503:0526/171019.952443:INFO:CONSOLE:79] "%c next state color: #4CAF50; font-weight: bold [object Object]", source: https://test.highloka.com/_next/static/chunks/pages/_app-4e0a347dc425d5bf.js (79)
[21503:21503:0526/171019.952483:INFO:CONSOLE:79] "console.groupEnd", source: https://test.highloka.com/_next/static/chunks/pages/_app-4e0a347dc425d5bf.js (79)
[21503:21503:0526/171019.952601:INFO:CONSOLE:67] "Showing Controls. ", source: https://test.highloka.com/_next/static/chunks/pages/_app-4e0a347dc425d5bf.js (67)
[21503:21503:0526/171019.953034:INFO:CONSOLE:67] "Showing Controls. ", source: https://test.highloka.com/_next/static/chunks/pages/_app-4e0a347dc425d5bf.js (67)
[21503:21503:0526/171019.953836:INFO:CONSOLE:1] "ReactHlsPlayerComponent this.props play", source: https://test.highloka.com/_next/static/chunks/pages/concerts/%5Bslug%5D/arena-1595f5991389ce40.js (1)
[21503:21503:0526/171019.965172:INFO:CONSOLE:79] "%c action %cSET_JW_VIDEO_PLAYER_CURRENT_VIDEO_TIME %c@ 17:10:19.964 color: gray; font-weight: lighter; color: inherit; color: gray; font-weight: lighter;", source: https://test.highloka.com/_next/static/chunks/pages/_app-4e0a347dc425d5bf.js (79)
[21503:21503:0526/171019.965246:INFO:CONSOLE:79] "%c prev state color: #9E9E9E; font-weight: bold [object Object]", source: https://test.highloka.com/_next/static/chunks/pages/_app-4e0a347dc425d5bf.js (79)
[21503:21503:0526/171019.965340:INFO:CONSOLE:79] "%c action     color: #03A9F4; font-weight: bold [object Object]", source: https://test.highloka.com/_next/static/chunks/pages/_app-4e0a347dc425d5bf.js (79)
[21503:21503:0526/171019.965452:INFO:CONSOLE:79] "%c next state color: #4CAF50; font-weight: bold [object Object]", source: https://test.highloka.com/_next/static/chunks/pages/_app-4e0a347dc425d5bf.js (79)
[21503:21503:0526/171019.965556:INFO:CONSOLE:79] "console.groupEnd", source: https://test.highloka.com/_next/static/chunks/pages/_app-4e0a347dc425d5bf.js (79)
[21503:21503:0526/171019.967083:INFO:CONSOLE:1] "ReactHlsPlayerComponent this.props play", source: https://test.highloka.com/_next/static/chunks/pages/concerts/%5Bslug%5D/arena-1595f5991389ce40.js (1)
[21503:21503:0526/171019.969101:INFO:CONSOLE:79] "%c action %cSHOW_AUTO_HIDDEN_ES_VIDEO_PLAYER_CONTROLS %c@ 17:10:19.968 color: gray; font-weight: lighter; color: inherit; color: gray; font-weight: lighter;", source: https://test.highloka.com/_next/static/chunks/pages/_app-4e0a347dc425d5bf.js (79)
[21503:21503:0526/171019.969264:INFO:CONSOLE:79] "%c prev state color: #9E9E9E; font-weight: bold [object Object]", source: https://test.highloka.com/_next/static/chunks/pages/_app-4e0a347dc425d5bf.js (79)
[21503:21503:0526/171019.969423:INFO:CONSOLE:79] "%c action     color: #03A9F4; font-weight: bold [object Object]", source: https://test.highloka.com/_next/static/chunks/pages/_app-4e0a347dc425d5bf.js (79)
[21503:21503:0526/171019.969734:INFO:CONSOLE:79] "%c next state color: #4CAF50; font-weight: bold [object Object]", source: https://test.highloka.com/_next/static/chunks/pages/_app-4e0a347dc425d5bf.js (79)
[21503:21503:0526/171019.969977:INFO:CONSOLE:79] "console.groupEnd", source: https://test.highloka.com/_next/static/chunks/pages/_app-4e0a347dc425d5bf.js (79)
[21503:21503:0526/171019.970221:INFO:CONSOLE:67] "Showing Controls. ", source: https://test.highloka.com/_next/static/chunks/pages/_app-4e0a347dc425d5bf.js (67)
[21503:21503:0526/171019.970654:INFO:CONSOLE:67] "Showing Controls. ", source: https://test.highloka.com/_next/static/chunks/pages/_app-4e0a347dc425d5bf.js (67)
[21503:21503:0526/171019.971332:INFO:CONSOLE:1] "ReactHlsPlayerComponent this.props play", source: https://test.highloka.com/_next/static/chunks/pages/concerts/%5Bslug%5D/arena-1595f5991389ce40.js (1)
[21503:21503:0526/171019.984658:INFO:CONSOLE:79] "%c action %cSHOW_AUTO_HIDDEN_ES_VIDEO_PLAYER_CONTROLS %c@ 17:10:19.983 color: gray; font-weight: lighter; color: inherit; color: gray; font-weight: lighter;", source: https://test.highloka.com/_next/static/chunks/pages/_app-4e0a347dc425d5bf.js (79)
[21503:21503:0526/171019.984829:INFO:CONSOLE:79] "%c prev state color: #9E9E9E; font-weight: bold [object Object]", source: https://test.highloka.com/_next/static/chunks/pages/_app-4e0a347dc425d5bf.js (79)
[21503:21503:0526/171019.984886:INFO:CONSOLE:79] "%c action     color: #03A9F4; font-weight: bold [object Object]", source: https://test.highloka.com/_next/static/chunks/pages/_app-4e0a347dc425d5bf.js (79)
[21503:21503:0526/171019.984933:INFO:CONSOLE:79] "%c next state color: #4CAF50; font-weight: bold [object Object]", source: https://test.highloka.com/_next/static/chunks/pages/_app-4e0a347dc425d5bf.js (79)
[21503:21503:0526/171019.985330:INFO:CONSOLE:79] "console.groupEnd", source: https://test.highloka.com/_next/static/chunks/pages/_app-4e0a347dc425d5bf.js (79)
[21503:21503:0526/171019.985389:INFO:CONSOLE:67] "Showing Controls. ", source: https://test.highloka.com/_next/static/chunks/pages/_app-4e0a347dc425d5bf.js (67)
[21503:21503:0526/171019.985639:INFO:CONSOLE:67] "Showing Controls. ", source: https://test.highloka.com/_next/static/chunks/pages/_app-4e0a347dc425d5bf.js (67)
[21503:21503:0526/171019.986360:INFO:CONSOLE:1] "ReactHlsPlayerComponent this.props play", source: https://test.highloka.com/_next/static/chunks/pages/concerts/%5Bslug%5D/arena-1595f5991389ce40.js (1)
[21503:21503:0526/171020.001512:INFO:CONSOLE:79] "%c action %cSHOW_AUTO_HIDDEN_ES_VIDEO_PLAYER_CONTROLS %c@ 17:10:20.000 color: gray; font-weight: lighter; color: inherit; color: gray; font-weight: lighter;", source: https://test.highloka.com/_next/static/chunks/pages/_app-4e0a347dc425d5bf.js (79)
[21503:21503:0526/171020.001712:INFO:CONSOLE:79] "%c prev state color: #9E9E9E; font-weight: bold [object Object]", source: https://test.highloka.com/_next/static/chunks/pages/_app-4e0a347dc425d5bf.js (79)
[21503:21503:0526/171020.001959:INFO:CONSOLE:79] "%c action     color: #03A9F4; font-weight: bold [object Object]", source: https://test.highloka.com/_next/static/chunks/pages/_app-4e0a347dc425d5bf.js (79)
[21503:21503:0526/171020.002283:INFO:CONSOLE:79] "%c next state color: #4CAF50; font-weight: bold [object Object]", source: https://test.highloka.com/_next/static/chunks/pages/_app-4e0a347dc425d5bf.js (79)
[21503:21503:0526/171020.002487:INFO:CONSOLE:79] "console.groupEnd", source: https://test.highloka.com/_next/static/chunks/pages/_app-4e0a347dc425d5bf.js (79)
[21503:21503:0526/171020.002882:INFO:CONSOLE:67] "Showing Controls. ", source: https://test.highloka.com/_next/static/chunks/pages/_app-4e0a347dc425d5bf.js (67)
[21503:21503:0526/171020.003380:INFO:CONSOLE:67] "Showing Controls. ", source: https://test.highloka.com/_next/static/chunks/pages/_app-4e0a347dc425d5bf.js (67)
[21503:21503:0526/171020.004113:INFO:CONSOLE:1] "ReactHlsPlayerComponent this.props play", source: https://test.highloka.com/_next/static/chunks/pages/concerts/%5Bslug%5D/arena-1595f5991389ce40.js (1)
[21503:21503:0526/171020.017868:INFO:CONSOLE:79] "%c action %cSHOW_AUTO_HIDDEN_ES_VIDEO_PLAYER_CONTROLS %c@ 17:10:20.016 color: gray; font-weight: lighter; color: inherit; color: gray; font-weight: lighter;", source: https://test.highloka.com/_next/static/chunks/pages/_app-4e0a347dc425d5bf.js (79)
[21503:21503:0526/171020.018527:INFO:CONSOLE:79] "%c prev state color: #9E9E9E; font-weight: bold [object Object]", source: https://test.highloka.com/_next/static/chunks/pages/_app-4e0a347dc425d5bf.js (79)
[21503:21503:0526/171020.018898:INFO:CONSOLE:79] "%c action     color: #03A9F4; font-weight: bold [object Object]", source: https://test.highloka.com/_next/static/chunks/pages/_app-4e0a347dc425d5bf.js (79)
[21503:21503:0526/171020.019035:INFO:CONSOLE:79] "%c next state color: #4CAF50; font-weight: bold [object Object]", source: https://test.highloka.com/_next/static/chunks/pages/_app-4e0a347dc425d5bf.js (79)
[21503:21503:0526/171020.019096:INFO:CONSOLE:79] "console.groupEnd", source: https://test.highloka.com/_next/static/chunks/pages/_app-4e0a347dc425d5bf.js (79)
[21503:21503:0526/171020.019208:INFO:CONSOLE:67] "Showing Controls. ", source: https://test.highloka.com/_next/static/chunks/pages/_app-4e0a347dc425d5bf.js (67)
[21503:21503:0526/171020.019603:INFO:CONSOLE:67] "Showing Controls. ", source: https://test.highloka.com/_next/static/chunks/pages/_app-4e0a347dc425d5bf.js (67)
[21503:21503:0526/171020.020490:INFO:CONSOLE:1] "ReactHlsPlayerComponent this.props play", source: https://test.highloka.com/_next/static/chunks/pages/concerts/%5Bslug%5D/arena-1595f5991389ce40.js (1)
[21503:21503:0526/171020.067221:INFO:CONSOLE:79] "%c action %cSHOW_AUTO_HIDDEN_ES_VIDEO_PLAYER_CONTROLS %c@ 17:10:20.066 color: gray; font-weight: lighter; color: inherit; color: gray; font-weight: lighter;", source: https://test.highloka.com/_next/static/chunks/pages/_app-4e0a347dc425d5bf.js (79)
[21503:21503:0526/171020.067273:INFO:CONSOLE:79] "%c prev state color: #9E9E9E; font-weight: bold [object Object]", source: https://test.highloka.com/_next/static/chunks/pages/_app-4e0a347dc425d5bf.js (79)
[21503:21503:0526/171020.067326:INFO:CONSOLE:79] "%c action     color: #03A9F4; font-weight: bold [object Object]", source: https://test.highloka.com/_next/static/chunks/pages/_app-4e0a347dc425d5bf.js (79)
[21503:21503:0526/171020.067376:INFO:CONSOLE:79] "%c next state color: #4CAF50; font-weight: bold [object Object]", source: https://test.highloka.com/_next/static/chunks/pages/_app-4e0a347dc425d5bf.js (79)
[21503:21503:0526/171020.067423:INFO:CONSOLE:79] "console.groupEnd", source: https://test.highloka.com/_next/static/chunks/pages/_app-4e0a347dc425d5bf.js (79)
[21503:21503:0526/171020.067526:INFO:CONSOLE:67] "Showing Controls. ", source: https://test.highloka.com/_next/static/chunks/pages/_app-4e0a347dc425d5bf.js (67)
[21503:21503:0526/171020.067658:INFO:CONSOLE:67] "Showing Controls. ", source: https://test.highloka.com/_next/static/chunks/pages/_app-4e0a347dc425d5bf.js (67)
[21503:21503:0526/171020.068073:INFO:CONSOLE:1] "ReactHlsPlayerComponent this.props play", source: https://test.highloka.com/_next/static/chunks/pages/concerts/%5Bslug%5D/arena-1595f5991389ce40.js (1)
[21503:21503:0526/171020.085473:INFO:CONSOLE:79] "%c action %cSHOW_AUTO_HIDDEN_ES_VIDEO_PLAYER_CONTROLS %c@ 17:10:20.084 color: gray; font-weight: lighter; color: inherit; color: gray; font-weight: lighter;", source: https://test.highloka.com/_next/static/chunks/pages/_app-4e0a347dc425d5bf.js (79)
[21503:21503:0526/171020.086892:INFO:CONSOLE:79] "%c prev state color: #9E9E9E; font-weight: bold [object Object]", source: https://test.highloka.com/_next/static/chunks/pages/_app-4e0a347dc425d5bf.js (79)
[21503:21503:0526/171020.086987:INFO:CONSOLE:79] "%c action     color: #03A9F4; font-weight: bold [object Object]", source: https://test.highloka.com/_next/static/chunks/pages/_app-4e0a347dc425d5bf.js (79)
[21503:21503:0526/171020.087043:INFO:CONSOLE:79] "%c next state color: #4CAF50; font-weight: bold [object Object]", source: https://test.highloka.com/_next/static/chunks/pages/_app-4e0a347dc425d5bf.js (79)
[21503:21503:0526/171020.087081:INFO:CONSOLE:79] "console.groupEnd", source: https://test.highloka.com/_next/static/chunks/pages/_app-4e0a347dc425d5bf.js (79)
[21503:21503:0526/171020.087117:INFO:CONSOLE:67] "Showing Controls. ", source: https://test.highloka.com/_next/static/chunks/pages/_app-4e0a347dc425d5bf.js (67)
[21503:21503:0526/171020.087153:INFO:CONSOLE:67] "Showing Controls. ", source: https://test.highloka.com/_next/static/chunks/pages/_app-4e0a347dc425d5bf.js (67)
[21503:21503:0526/171020.087890:INFO:CONSOLE:1] "ReactHlsPlayerComponent this.props play", source: https://test.highloka.com/_next/static/chunks/pages/concerts/%5Bslug%5D/arena-1595f5991389ce40.js (1)
[21503:21503:0526/171020.100691:INFO:CONSOLE:79] "%c action %cSHOW_AUTO_HIDDEN_ES_VIDEO_PLAYER_CONTROLS %c@ 17:10:20.100 color: gray; font-weight: lighter; color: inherit; color: gray; font-weight: lighter;", source: https://test.highloka.com/_next/static/chunks/pages/_app-4e0a347dc425d5bf.js (79)
[21503:21503:0526/171020.100766:INFO:CONSOLE:79] "%c prev state color: #9E9E9E; font-weight: bold [object Object]", source: https://test.highloka.com/_next/static/chunks/pages/_app-4e0a347dc425d5bf.js (79)
[21503:21503:0526/171020.100802:INFO:CONSOLE:79] "%c action     color: #03A9F4; font-weight: bold [object Object]", source: https://test.highloka.com/_next/static/chunks/pages/_app-4e0a347dc425d5bf.js (79)
[21503:21503:0526/171020.100861:INFO:CONSOLE:79] "%c next state color: #4CAF50; font-weight: bold [object Object]", source: https://test.highloka.com/_next/static/chunks/pages/_app-4e0a347dc425d5bf.js (79)
[21503:21503:0526/171020.100908:INFO:CONSOLE:79] "console.groupEnd", source: https://test.highloka.com/_next/static/chunks/pages/_app-4e0a347dc425d5bf.js (79)
[21503:21503:0526/171020.101034:INFO:CONSOLE:67] "Showing Controls. ", source: https://test.highloka.com/_next/static/chunks/pages/_app-4e0a347dc425d5bf.js (67)
[21503:21503:0526/171020.101154:INFO:CONSOLE:67] "Showing Controls. ", source: https://test.highloka.com/_next/static/chunks/pages/_app-4e0a347dc425d5bf.js (67)
[21503:21503:0526/171020.101449:INFO:CONSOLE:1] "ReactHlsPlayerComponent this.props play", source: https://test.highloka.com/_next/static/chunks/pages/concerts/%5Bslug%5D/arena-1595f5991389ce40.js (1)
[21503:21503:0526/171020.117558:INFO:CONSOLE:79] "%c action %cSHOW_AUTO_HIDDEN_ES_VIDEO_PLAYER_CONTROLS %c@ 17:10:20.117 color: gray; font-weight: lighter; color: inherit; color: gray; font-weight: lighter;", source: https://test.highloka.com/_next/static/chunks/pages/_app-4e0a347dc425d5bf.js (79)
[21503:21503:0526/171020.117666:INFO:CONSOLE:79] "%c prev state color: #9E9E9E; font-weight: bold [object Object]", source: https://test.highloka.com/_next/static/chunks/pages/_app-4e0a347dc425d5bf.js (79)
[21503:21503:0526/171020.118212:INFO:CONSOLE:79] "%c action     color: #03A9F4; font-weight: bold [object Object]", source: https://test.highloka.com/_next/static/chunks/pages/_app-4e0a347dc425d5bf.js (79)
[21503:21503:0526/171020.118314:INFO:CONSOLE:79] "%c next state color: #4CAF50; font-weight: bold [object Object]", source: https://test.highloka.com/_next/static/chunks/pages/_app-4e0a347dc425d5bf.js (79)
[21503:21503:0526/171020.118361:INFO:CONSOLE:79] "console.groupEnd", source: https://test.highloka.com/_next/static/chunks/pages/_app-4e0a347dc425d5bf.js (79)
[21503:21503:0526/171020.118620:INFO:CONSOLE:67] "Showing Controls. ", source: https://test.highloka.com/_next/static/chunks/pages/_app-4e0a347dc425d5bf.js (67)
[21503:21503:0526/171020.119084:INFO:CONSOLE:67] "Showing Controls. ", source: https://test.highloka.com/_next/static/chunks/pages/_app-4e0a347dc425d5bf.js (67)
[21503:21503:0526/171020.120041:INFO:CONSOLE:1] "ReactHlsPlayerComponent this.props play", source: https://test.highloka.com/_next/static/chunks/pages/concerts/%5Bslug%5D/arena-1595f5991389ce40.js (1)
[21503:21503:0526/171020.230818:INFO:CONSOLE:79] "%c action %cSET_JW_VIDEO_PLAYER_CURRENT_VIDEO_TIME %c@ 17:10:20.230 color: gray; font-weight: lighter; color: inherit; color: gray; font-weight: lighter;", source: https://test.highloka.com/_next/static/chunks/pages/_app-4e0a347dc425d5bf.js (79)
[21503:21503:0526/171020.230872:INFO:CONSOLE:79] "%c prev state color: #9E9E9E; font-weight: bold [object Object]", source: https://test.highloka.com/_next/static/chunks/pages/_app-4e0a347dc425d5bf.js (79)
[21503:21503:0526/171020.230994:INFO:CONSOLE:79] "%c action     color: #03A9F4; font-weight: bold [object Object]", source: https://test.highloka.com/_next/static/chunks/pages/_app-4e0a347dc425d5bf.js (79)
[21503:21503:0526/171020.231082:INFO:CONSOLE:79] "%c next state color: #4CAF50; font-weight: bold [object Object]", source: https://test.highloka.com/_next/static/chunks/pages/_app-4e0a347dc425d5bf.js (79)
[21503:21503:0526/171020.231159:INFO:CONSOLE:79] "console.groupEnd", source: https://test.highloka.com/_next/static/chunks/pages/_app-4e0a347dc425d5bf.js (79)
[21503:21503:0526/171020.232683:INFO:CONSOLE:1] "ReactHlsPlayerComponent this.props play", source: https://test.highloka.com/_next/static/chunks/pages/concerts/%5Bslug%5D/arena-1595f5991389ce40.js (1)
[21503:21503:0526/171020.278994:INFO:CONSOLE:79] "%c action %cSET_JW_VIDEO_PLAYER_CURRENT_VIDEO_TIME %c@ 17:10:20.278 color: gray; font-weight: lighter; color: inherit; color: gray; font-weight: lighter;", source: https://test.highloka.com/_next/static/chunks/pages/_app-4e0a347dc425d5bf.js (79)
[21503:21503:0526/171020.280989:INFO:CONSOLE:79] "%c prev state color: #9E9E9E; font-weight: bold [object Object]", source: https://test.highloka.com/_next/static/chunks/pages/_app-4e0a347dc425d5bf.js (79)
[21503:21503:0526/171020.281161:INFO:CONSOLE:79] "%c action     color: #03A9F4; font-weight: bold [object Object]", source: https://test.highloka.com/_next/static/chunks/pages/_app-4e0a347dc425d5bf.js (79)
[21503:21503:0526/171020.281255:INFO:CONSOLE:79] "%c next state color: #4CAF50; font-weight: bold [object Object]", source: https://test.highloka.com/_next/static/chunks/pages/_app-4e0a347dc425d5bf.js (79)
[21503:21503:0526/171020.281338:INFO:CONSOLE:79] "console.groupEnd", source: https://test.highloka.com/_next/static/chunks/pages/_app-4e0a347dc425d5bf.js (79)
[21503:21503:0526/171020.287316:INFO:CONSOLE:1] "ReactHlsPlayerComponent this.props play", source: https://test.highloka.com/_next/static/chunks/pages/concerts/%5Bslug%5D/arena-1595f5991389ce40.js (1)
[21503:21503:0526/171020.295466:INFO:CONSOLE:79] "%c action %cSHOW_AUTO_HIDDEN_ES_VIDEO_PLAYER_CONTROLS %c@ 17:10:20.294 color: gray; font-weight: lighter; color: inherit; color: gray; font-weight: lighter;", source: https://test.highloka.com/_next/static/chunks/pages/_app-4e0a347dc425d5bf.js (79)
[21503:21503:0526/171020.296036:INFO:CONSOLE:79] "%c prev state color: #9E9E9E; font-weight: bold [object Object]", source: https://test.highloka.com/_next/static/chunks/pages/_app-4e0a347dc425d5bf.js (79)
[21503:21503:0526/171020.296316:INFO:CONSOLE:79] "%c action     color: #03A9F4; font-weight: bold [object Object]", source: https://test.highloka.com/_next/static/chunks/pages/_app-4e0a347dc425d5bf.js (79)
[21503:21503:0526/171020.296807:INFO:CONSOLE:79] "%c next state color: #4CAF50; font-weight: bold [object Object]", source: https://test.highloka.com/_next/static/chunks/pages/_app-4e0a347dc425d5bf.js (79)
[21503:21503:0526/171020.296907:INFO:CONSOLE:79] "console.groupEnd", source: https://test.highloka.com/_next/static/chunks/pages/_app-4e0a347dc425d5bf.js (79)
[21503:21503:0526/171020.297911:INFO:CONSOLE:67] "Showing Controls. ", source: https://test.highloka.com/_next/static/chunks/pages/_app-4e0a347dc425d5bf.js (67)
[21503:21503:0526/171020.298161:INFO:CONSOLE:67] "Showing Controls. ", source: https://test.highloka.com/_next/static/chunks/pages/_app-4e0a347dc425d5bf.js (67)
[21503:21503:0526/171020.299793:INFO:CONSOLE:1] "ReactHlsPlayerComponent this.props play", source: https://test.highloka.com/_next/static/chunks/pages/concerts/%5Bslug%5D/arena-1595f5991389ce40.js (1)
[21503:21503:0526/171020.312356:INFO:CONSOLE:79] "%c action %cSHOW_AUTO_HIDDEN_ES_VIDEO_PLAYER_CONTROLS %c@ 17:10:20.311 color: gray; font-weight: lighter; color: inherit; color: gray; font-weight: lighter;", source: https://test.highloka.com/_next/static/chunks/pages/_app-4e0a347dc425d5bf.js (79)
[21503:21503:0526/171020.312577:INFO:CONSOLE:79] "%c prev state color: #9E9E9E; font-weight: bold [object Object]", source: https://test.highloka.com/_next/static/chunks/pages/_app-4e0a347dc425d5bf.js (79)
[21503:21503:0526/171020.312962:INFO:CONSOLE:79] "%c action     color: #03A9F4; font-weight: bold [object Object]", source: https://test.highloka.com/_next/static/chunks/pages/_app-4e0a347dc425d5bf.js (79)
[21503:21503:0526/171020.313237:INFO:CONSOLE:79] "%c next state color: #4CAF50; font-weight: bold [object Object]", source: https://test.highloka.com/_next/static/chunks/pages/_app-4e0a347dc425d5bf.js (79)
[21503:21503:0526/171020.313534:INFO:CONSOLE:79] "console.groupEnd", source: https://test.highloka.com/_next/static/chunks/pages/_app-4e0a347dc425d5bf.js (79)
[21503:21503:0526/171020.314013:INFO:CONSOLE:67] "Showing Controls. ", source: https://test.highloka.com/_next/static/chunks/pages/_app-4e0a347dc425d5bf.js (67)
[21503:21503:0526/171020.314436:INFO:CONSOLE:67] "Showing Controls. ", source: https://test.highloka.com/_next/static/chunks/pages/_app-4e0a347dc425d5bf.js (67)
[21503:21503:0526/171020.315611:INFO:CONSOLE:1] "ReactHlsPlayerComponent this.props play", source: https://test.highloka.com/_next/static/chunks/pages/concerts/%5Bslug%5D/arena-1595f5991389ce40.js (1)
[21503:21503:0526/171020.318639:INFO:CONSOLE:79] "%c action %cSHOW_AUTO_HIDDEN_ES_VIDEO_PLAYER_CONTROLS %c@ 17:10:20.317 color: gray; font-weight: lighter; color: inherit; color: gray; font-weight: lighter;", source: https://test.highloka.com/_next/static/chunks/pages/_app-4e0a347dc425d5bf.js (79)
[21503:21503:0526/171020.318952:INFO:CONSOLE:79] "%c prev state color: #9E9E9E; font-weight: bold [object Object]", source: https://test.highloka.com/_next/static/chunks/pages/_app-4e0a347dc425d5bf.js (79)
[21503:21503:0526/171020.319157:INFO:CONSOLE:79] "%c action     color: #03A9F4; font-weight: bold [object Object]", source: https://test.highloka.com/_next/static/chunks/pages/_app-4e0a347dc425d5bf.js (79)
[21503:21503:0526/171020.319798:INFO:CONSOLE:79] "%c next state color: #4CAF50; font-weight: bold [object Object]", source: https://test.highloka.com/_next/static/chunks/pages/_app-4e0a347dc425d5bf.js (79)
[21503:21503:0526/171020.319971:INFO:CONSOLE:79] "console.groupEnd", source: https://test.highloka.com/_next/static/chunks/pages/_app-4e0a347dc425d5bf.js (79)
[21503:21503:0526/171020.320115:INFO:CONSOLE:67] "Showing Controls. ", source: https://test.highloka.com/_next/static/chunks/pages/_app-4e0a347dc425d5bf.js (67)
[21503:21503:0526/171020.322121:INFO:CONSOLE:67] "Showing Controls. ", source: https://test.highloka.com/_next/static/chunks/pages/_app-4e0a347dc425d5bf.js (67)
[21503:21503:0526/171020.322344:INFO:CONSOLE:1] "ReactHlsPlayerComponent this.props play", source: https://test.highloka.com/_next/static/chunks/pages/concerts/%5Bslug%5D/arena-1595f5991389ce40.js (1)
[21503:21503:0526/171020.333801:INFO:CONSOLE:79] "%c action %cSHOW_AUTO_HIDDEN_ES_VIDEO_PLAYER_CONTROLS %c@ 17:10:20.333 color: gray; font-weight: lighter; color: inherit; color: gray; font-weight: lighter;", source: https://test.highloka.com/_next/static/chunks/pages/_app-4e0a347dc425d5bf.js (79)
[21503:21503:0526/171020.333942:INFO:CONSOLE:79] "%c prev state color: #9E9E9E; font-weight: bold [object Object]", source: https://test.highloka.com/_next/static/chunks/pages/_app-4e0a347dc425d5bf.js (79)
[21503:21503:0526/171020.334148:INFO:CONSOLE:79] "%c action     color: #03A9F4; font-weight: bold [object Object]", source: https://test.highloka.com/_next/static/chunks/pages/_app-4e0a347dc425d5bf.js (79)
[21503:21503:0526/171020.334353:INFO:CONSOLE:79] "%c next state color: #4CAF50; font-weight: bold [object Object]", source: https://test.highloka.com/_next/static/chunks/pages/_app-4e0a347dc425d5bf.js (79)
[21503:21503:0526/171020.334747:INFO:CONSOLE:79] "console.groupEnd", source: https://test.highloka.com/_next/static/chunks/pages/_app-4e0a347dc425d5bf.js (79)
[21503:21503:0526/171020.334975:INFO:CONSOLE:67] "Showing Controls. ", source: https://test.highloka.com/_next/static/chunks/pages/_app-4e0a347dc425d5bf.js (67)
[21503:21503:0526/171020.335347:INFO:CONSOLE:67] "Showing Controls. ", source: https://test.highloka.com/_next/static/chunks/pages/_app-4e0a347dc425d5bf.js (67)
[21503:21503:0526/171020.336205:INFO:CONSOLE:1] "ReactHlsPlayerComponent this.props play", source: https://test.highloka.com/_next/static/chunks/pages/concerts/%5Bslug%5D/arena-1595f5991389ce40.js (1)
[21503:21503:0526/171020.350955:INFO:CONSOLE:79] "%c action %cSHOW_AUTO_HIDDEN_ES_VIDEO_PLAYER_CONTROLS %c@ 17:10:20.350 color: gray; font-weight: lighter; color: inherit; color: gray; font-weight: lighter;", source: https://test.highloka.com/_next/static/chunks/pages/_app-4e0a347dc425d5bf.js (79)
[21503:21503:0526/171020.351158:INFO:CONSOLE:79] "%c prev state color: #9E9E9E; font-weight: bold [object Object]", source: https://test.highloka.com/_next/static/chunks/pages/_app-4e0a347dc425d5bf.js (79)
[21503:21503:0526/171020.351560:INFO:CONSOLE:79] "%c action     color: #03A9F4; font-weight: bold [object Object]", source: https://test.highloka.com/_next/static/chunks/pages/_app-4e0a347dc425d5bf.js (79)
[21503:21503:0526/171020.351726:INFO:CONSOLE:79] "%c next state color: #4CAF50; font-weight: bold [object Object]", source: https://test.highloka.com/_next/static/chunks/pages/_app-4e0a347dc425d5bf.js (79)
[21503:21503:0526/171020.351955:INFO:CONSOLE:79] "console.groupEnd", source: https://test.highloka.com/_next/static/chunks/pages/_app-4e0a347dc425d5bf.js (79)
[21503:21503:0526/171020.352337:INFO:CONSOLE:67] "Showing Controls. ", source: https://test.highloka.com/_next/static/chunks/pages/_app-4e0a347dc425d5bf.js (67)
[21503:21503:0526/171020.352712:INFO:CONSOLE:67] "Showing Controls. ", source: https://test.highloka.com/_next/static/chunks/pages/_app-4e0a347dc425d5bf.js (67)
[21503:21503:0526/171020.353623:INFO:CONSOLE:1] "ReactHlsPlayerComponent this.props play", source: https://test.highloka.com/_next/static/chunks/pages/concerts/%5Bslug%5D/arena-1595f5991389ce40.js (1)
[21503:21503:0526/171020.367836:INFO:CONSOLE:79] "%c action %cSHOW_AUTO_HIDDEN_ES_VIDEO_PLAYER_CONTROLS %c@ 17:10:20.366 color: gray; font-weight: lighter; color: inherit; color: gray; font-weight: lighter;", source: https://test.highloka.com/_next/static/chunks/pages/_app-4e0a347dc425d5bf.js (79)
[21503:21503:0526/171020.368034:INFO:CONSOLE:79] "%c prev state color: #9E9E9E; font-weight: bold [object Object]", source: https://test.highloka.com/_next/static/chunks/pages/_app-4e0a347dc425d5bf.js (79)
[21503:21503:0526/171020.368354:INFO:CONSOLE:79] "%c action     color: #03A9F4; font-weight: bold [object Object]", source: https://test.highloka.com/_next/static/chunks/pages/_app-4e0a347dc425d5bf.js (79)
[21503:21503:0526/171020.368539:INFO:CONSOLE:79] "%c next state color: #4CAF50; font-weight: bold [object Object]", source: https://test.highloka.com/_next/static/chunks/pages/_app-4e0a347dc425d5bf.js (79)
[21503:21503:0526/171020.368676:INFO:CONSOLE:79] "console.groupEnd", source: https://test.highloka.com/_next/static/chunks/pages/_app-4e0a347dc425d5bf.js (79)
[21503:21503:0526/171020.369100:INFO:CONSOLE:67] "Showing Controls. ", source: https://test.highloka.com/_next/static/chunks/pages/_app-4e0a347dc425d5bf.js (67)
[21503:21503:0526/171020.369541:INFO:CONSOLE:67] "Showing Controls. ", source: https://test.highloka.com/_next/static/chunks/pages/_app-4e0a347dc425d5bf.js (67)
[21503:21503:0526/171020.370550:INFO:CONSOLE:1] "ReactHlsPlayerComponent this.props play", source: https://test.highloka.com/_next/static/chunks/pages/concerts/%5Bslug%5D/arena-1595f5991389ce40.js (1)
[21503:21503:0526/171021.380572:INFO:CONSOLE:1] "receivedAudienceUserStrip null", source: https://test.highloka.com/_next/static/chunks/pages/concerts/%5Bslug%5D/arena-1595f5991389ce40.js (1)
[21503:21503:0526/171021.382292:INFO:CONSOLE:1] "receivedAudienceUserStrip null", source: https://test.highloka.com/_next/static/chunks/pages/concerts/%5Bslug%5D/arena-1595f5991389ce40.js (1)
[21503:21503:0526/171022.384459:INFO:CONSOLE:67] "Hiding Controls.", source: https://test.highloka.com/_next/static/chunks/pages/_app-4e0a347dc425d5bf.js (67)
[21503:21503:0526/171022.384567:INFO:CONSOLE:79] "%c action %cHIDE_AUTO_HIDDEN_ES_VIDEO_PLAYER_CONTROLS %c@ 17:10:22.383 color: gray; font-weight: lighter; color: inherit; color: gray; font-weight: lighter;", source: https://test.highloka.com/_next/static/chunks/pages/_app-4e0a347dc425d5bf.js (79)
[21503:21503:0526/171022.384584:INFO:CONSOLE:79] "%c prev state color: #9E9E9E; font-weight: bold [object Object]", source: https://test.highloka.com/_next/static/chunks/pages/_app-4e0a347dc425d5bf.js (79)
[21503:21503:0526/171022.384604:INFO:CONSOLE:79] "%c action     color: #03A9F4; font-weight: bold [object Object]", source: https://test.highloka.com/_next/static/chunks/pages/_app-4e0a347dc425d5bf.js (79)
[21503:21503:0526/171022.384620:INFO:CONSOLE:79] "%c next state color: #4CAF50; font-weight: bold [object Object]", source: https://test.highloka.com/_next/static/chunks/pages/_app-4e0a347dc425d5bf.js (79)
[21503:21503:0526/171022.384640:INFO:CONSOLE:79] "console.groupEnd", source: https://test.highloka.com/_next/static/chunks/pages/_app-4e0a347dc425d5bf.js (79)
[21503:21503:0526/171022.384658:INFO:CONSOLE:1] "ReactHlsPlayerComponent this.props play", source: https://test.highloka.com/_next/static/chunks/pages/concerts/%5Bslug%5D/arena-1595f5991389ce40.js (1)
[21503:21503:0526/171022.387725:INFO:CONSOLE:67] "Hiding Controls.", source: https://test.highloka.com/_next/static/chunks/pages/_app-4e0a347dc425d5bf.js (67)
[21503:21503:0526/171022.388179:INFO:CONSOLE:79] "%c action %cHIDE_AUTO_HIDDEN_ES_VIDEO_PLAYER_CONTROLS %c@ 17:10:22.387 color: gray; font-weight: lighter; color: inherit; color: gray; font-weight: lighter;", source: https://test.highloka.com/_next/static/chunks/pages/_app-4e0a347dc425d5bf.js (79)
[21503:21503:0526/171022.388259:INFO:CONSOLE:79] "%c prev state color: #9E9E9E; font-weight: bold [object Object]", source: https://test.highloka.com/_next/static/chunks/pages/_app-4e0a347dc425d5bf.js (79)
[21503:21503:0526/171022.388903:INFO:CONSOLE:79] "%c action     color: #03A9F4; font-weight: bold [object Object]", source: https://test.highloka.com/_next/static/chunks/pages/_app-4e0a347dc425d5bf.js (79)
[21503:21503:0526/171022.388934:INFO:CONSOLE:79] "%c next state color: #4CAF50; font-weight: bold [object Object]", source: https://test.highloka.com/_next/static/chunks/pages/_app-4e0a347dc425d5bf.js (79)
[21503:21503:0526/171022.388967:INFO:CONSOLE:79] "console.groupEnd", source: https://test.highloka.com/_next/static/chunks/pages/_app-4e0a347dc425d5bf.js (79)
[21503:21503:0526/171022.388989:INFO:CONSOLE:1] "ReactHlsPlayerComponent this.props play", source: https://test.highloka.com/_next/static/chunks/pages/concerts/%5Bslug%5D/arena-1595f5991389ce40.js (1)
[21503:21503:0526/171023.500837:INFO:CONSOLE:79] "%c action %cSHOW_AUTO_HIDDEN_ES_VIDEO_PLAYER_CONTROLS %c@ 17:10:23.500 color: gray; font-weight: lighter; color: inherit; color: gray; font-weight: lighter;", source: https://test.highloka.com/_next/static/chunks/pages/_app-4e0a347dc425d5bf.js (79)
[21503:21503:0526/171023.501062:INFO:CONSOLE:79] "%c prev state color: #9E9E9E; font-weight: bold [object Object]", source: https://test.highloka.com/_next/static/chunks/pages/_app-4e0a347dc425d5bf.js (79)
[21503:21503:0526/171023.501561:INFO:CONSOLE:79] "%c action     color: #03A9F4; font-weight: bold [object Object]", source: https://test.highloka.com/_next/static/chunks/pages/_app-4e0a347dc425d5bf.js (79)
[21503:21503:0526/171023.501919:INFO:CONSOLE:79] "%c next state color: #4CAF50; font-weight: bold [object Object]", source: https://test.highloka.com/_next/static/chunks/pages/_app-4e0a347dc425d5bf.js (79)
[21503:21503:0526/171023.502315:INFO:CONSOLE:79] "console.groupEnd", source: https://test.highloka.com/_next/static/chunks/pages/_app-4e0a347dc425d5bf.js (79)
[21503:21503:0526/171023.502988:INFO:CONSOLE:67] "Showing Controls. ", source: https://test.highloka.com/_next/static/chunks/pages/_app-4e0a347dc425d5bf.js (67)
[21503:21503:0526/171023.503681:INFO:CONSOLE:67] "Showing Controls. ", source: https://test.highloka.com/_next/static/chunks/pages/_app-4e0a347dc425d5bf.js (67)
[21503:21503:0526/171023.505287:INFO:CONSOLE:1] "ReactHlsPlayerComponent this.props play", source: https://test.highloka.com/_next/static/chunks/pages/concerts/%5Bslug%5D/arena-1595f5991389ce40.js (1)
[21503:21503:0526/171023.517678:INFO:CONSOLE:79] "%c action %cSHOW_AUTO_HIDDEN_ES_VIDEO_PLAYER_CONTROLS %c@ 17:10:23.517 color: gray; font-weight: lighter; color: inherit; color: gray; font-weight: lighter;", source: https://test.highloka.com/_next/static/chunks/pages/_app-4e0a347dc425d5bf.js (79)
[21503:21503:0526/171023.517814:INFO:CONSOLE:79] "%c prev state color: #9E9E9E; font-weight: bold [object Object]", source: https://test.highloka.com/_next/static/chunks/pages/_app-4e0a347dc425d5bf.js (79)
[21503:21503:0526/171023.518013:INFO:CONSOLE:79] "%c action     color: #03A9F4; font-weight: bold [object Object]", source: https://test.highloka.com/_next/static/chunks/pages/_app-4e0a347dc425d5bf.js (79)
[21503:21503:0526/171023.518118:INFO:CONSOLE:79] "%c next state color: #4CAF50; font-weight: bold [object Object]", source: https://test.highloka.com/_next/static/chunks/pages/_app-4e0a347dc425d5bf.js (79)
[21503:21503:0526/171023.518249:INFO:CONSOLE:79] "console.groupEnd", source: https://test.highloka.com/_next/static/chunks/pages/_app-4e0a347dc425d5bf.js (79)
[21503:21503:0526/171023.518483:INFO:CONSOLE:67] "Showing Controls. ", source: https://test.highloka.com/_next/static/chunks/pages/_app-4e0a347dc425d5bf.js (67)
[21503:21503:0526/171023.518713:INFO:CONSOLE:67] "Showing Controls. ", source: https://test.highloka.com/_next/static/chunks/pages/_app-4e0a347dc425d5bf.js (67)
[21503:21503:0526/171023.519340:INFO:CONSOLE:1] "ReactHlsPlayerComponent this.props play", source: https://test.highloka.com/_next/static/chunks/pages/concerts/%5Bslug%5D/arena-1595f5991389ce40.js (1)
[21503:21503:0526/171023.534211:INFO:CONSOLE:79] "%c action %cSHOW_AUTO_HIDDEN_ES_VIDEO_PLAYER_CONTROLS %c@ 17:10:23.533 color: gray; font-weight: lighter; color: inherit; color: gray; font-weight: lighter;", source: https://test.highloka.com/_next/static/chunks/pages/_app-4e0a347dc425d5bf.js (79)
[21503:21503:0526/171023.534258:INFO:CONSOLE:79] "%c prev state color: #9E9E9E; font-weight: bold [object Object]", source: https://test.highloka.com/_next/static/chunks/pages/_app-4e0a347dc425d5bf.js (79)
[21503:21503:0526/171023.534283:INFO:CONSOLE:79] "%c action     color: #03A9F4; font-weight: bold [object Object]", source: https://test.highloka.com/_next/static/chunks/pages/_app-4e0a347dc425d5bf.js (79)
[21503:21503:0526/171023.534294:INFO:CONSOLE:79] "%c next state color: #4CAF50; font-weight: bold [object Object]", source: https://test.highloka.com/_next/static/chunks/pages/_app-4e0a347dc425d5bf.js (79)
[21503:21503:0526/171023.534324:INFO:CONSOLE:79] "console.groupEnd", source: https://test.highloka.com/_next/static/chunks/pages/_app-4e0a347dc425d5bf.js (79)
[21503:21503:0526/171023.534512:INFO:CONSOLE:67] "Showing Controls. ", source: https://test.highloka.com/_next/static/chunks/pages/_app-4e0a347dc425d5bf.js (67)
[21503:21503:0526/171023.534644:INFO:CONSOLE:67] "Showing Controls. ", source: https://test.highloka.com/_next/static/chunks/pages/_app-4e0a347dc425d5bf.js (67)
[21503:21503:0526/171023.534946:INFO:CONSOLE:1] "ReactHlsPlayerComponent this.props play", source: https://test.highloka.com/_next/static/chunks/pages/concerts/%5Bslug%5D/arena-1595f5991389ce40.js (1)
[21503:21503:0526/171023.703482:INFO:CONSOLE:79] "%c action %cSHOW_AUTO_HIDDEN_ES_VIDEO_PLAYER_CONTROLS %c@ 17:10:23.701 color: gray; font-weight: lighter; color: inherit; color: gray; font-weight: lighter;", source: https://test.highloka.com/_next/static/chunks/pages/_app-4e0a347dc425d5bf.js (79)
[21503:21503:0526/171023.703715:INFO:CONSOLE:79] "%c prev state color: #9E9E9E; font-weight: bold [object Object]", source: https://test.highloka.com/_next/static/chunks/pages/_app-4e0a347dc425d5bf.js (79)
[21503:21503:0526/171023.703892:INFO:CONSOLE:79] "%c action     color: #03A9F4; font-weight: bold [object Object]", source: https://test.highloka.com/_next/static/chunks/pages/_app-4e0a347dc425d5bf.js (79)
[21503:21503:0526/171023.704174:INFO:CONSOLE:79] "%c next state color: #4CAF50; font-weight: bold [object Object]", source: https://test.highloka.com/_next/static/chunks/pages/_app-4e0a347dc425d5bf.js (79)
[21503:21503:0526/171023.704381:INFO:CONSOLE:79] "console.groupEnd", source: https://test.highloka.com/_next/static/chunks/pages/_app-4e0a347dc425d5bf.js (79)
[21503:21503:0526/171023.704913:INFO:CONSOLE:67] "Showing Controls. ", source: https://test.highloka.com/_next/static/chunks/pages/_app-4e0a347dc425d5bf.js (67)
[21503:21503:0526/171023.705380:INFO:CONSOLE:67] "Showing Controls. ", source: https://test.highloka.com/_next/static/chunks/pages/_app-4e0a347dc425d5bf.js (67)
[21503:21503:0526/171023.706960:INFO:CONSOLE:1] "ReactHlsPlayerComponent this.props play", source: https://test.highloka.com/_next/static/chunks/pages/concerts/%5Bslug%5D/arena-1595f5991389ce40.js (1)
[21503:21503:0526/171023.717952:INFO:CONSOLE:79] "%c action %cSHOW_AUTO_HIDDEN_ES_VIDEO_PLAYER_CONTROLS %c@ 17:10:23.717 color: gray; font-weight: lighter; color: inherit; color: gray; font-weight: lighter;", source: https://test.highloka.com/_next/static/chunks/pages/_app-4e0a347dc425d5bf.js (79)
[21503:21503:0526/171023.718147:INFO:CONSOLE:79] "%c prev state color: #9E9E9E; font-weight: bold [object Object]", source: https://test.highloka.com/_next/static/chunks/pages/_app-4e0a347dc425d5bf.js (79)
[21503:21503:0526/171023.718573:INFO:CONSOLE:79] "%c action     color: #03A9F4; font-weight: bold [object Object]", source: https://test.highloka.com/_next/static/chunks/pages/_app-4e0a347dc425d5bf.js (79)
[21503:21503:0526/171023.718767:INFO:CONSOLE:79] "%c next state color: #4CAF50; font-weight: bold [object Object]", source: https://test.highloka.com/_next/static/chunks/pages/_app-4e0a347dc425d5bf.js (79)
[21503:21503:0526/171023.719074:INFO:CONSOLE:79] "console.groupEnd", source: https://test.highloka.com/_next/static/chunks/pages/_app-4e0a347dc425d5bf.js (79)
[21503:21503:0526/171023.719587:INFO:CONSOLE:67] "Showing Controls. ", source: https://test.highloka.com/_next/static/chunks/pages/_app-4e0a347dc425d5bf.js (67)
[21503:21503:0526/171023.720315:INFO:CONSOLE:67] "Showing Controls. ", source: https://test.highloka.com/_next/static/chunks/pages/_app-4e0a347dc425d5bf.js (67)
[21503:21503:0526/171023.721200:INFO:CONSOLE:1] "ReactHlsPlayerComponent this.props play", source: https://test.highloka.com/_next/static/chunks/pages/concerts/%5Bslug%5D/arena-1595f5991389ce40.js (1)
[21503:21503:0526/171023.733622:INFO:CONSOLE:79] "%c action %cSHOW_AUTO_HIDDEN_ES_VIDEO_PLAYER_CONTROLS %c@ 17:10:23.733 color: gray; font-weight: lighter; color: inherit; color: gray; font-weight: lighter;", source: https://test.highloka.com/_next/static/chunks/pages/_app-4e0a347dc425d5bf.js (79)
[21503:21503:0526/171023.733762:INFO:CONSOLE:79] "%c prev state color: #9E9E9E; font-weight: bold [object Object]", source: https://test.highloka.com/_next/static/chunks/pages/_app-4e0a347dc425d5bf.js (79)
[21503:21503:0526/171023.733917:INFO:CONSOLE:79] "%c action     color: #03A9F4; font-weight: bold [object Object]", source: https://test.highloka.com/_next/static/chunks/pages/_app-4e0a347dc425d5bf.js (79)
[21503:21503:0526/171023.734090:INFO:CONSOLE:79] "%c next state color: #4CAF50; font-weight: bold [object Object]", source: https://test.highloka.com/_next/static/chunks/pages/_app-4e0a347dc425d5bf.js (79)
[21503:21503:0526/171023.734299:INFO:CONSOLE:79] "console.groupEnd", source: https://test.highloka.com/_next/static/chunks/pages/_app-4e0a347dc425d5bf.js (79)
[21503:21503:0526/171023.734705:INFO:CONSOLE:67] "Showing Controls. ", source: https://test.highloka.com/_next/static/chunks/pages/_app-4e0a347dc425d5bf.js (67)
[21503:21503:0526/171023.735083:INFO:CONSOLE:67] "Showing Controls. ", source: https://test.highloka.com/_next/static/chunks/pages/_app-4e0a347dc425d5bf.js (67)
[21503:21503:0526/171023.736111:INFO:CONSOLE:1] "ReactHlsPlayerComponent this.props play", source: https://test.highloka.com/_next/static/chunks/pages/concerts/%5Bslug%5D/arena-1595f5991389ce40.js (1)
[21503:21503:0526/171023.750905:INFO:CONSOLE:79] "%c action %cSHOW_AUTO_HIDDEN_ES_VIDEO_PLAYER_CONTROLS %c@ 17:10:23.750 color: gray; font-weight: lighter; color: inherit; color: gray; font-weight: lighter;", source: https://test.highloka.com/_next/static/chunks/pages/_app-4e0a347dc425d5bf.js (79)
[21503:21503:0526/171023.751150:INFO:CONSOLE:79] "%c prev state color: #9E9E9E; font-weight: bold [object Object]", source: https://test.highloka.com/_next/static/chunks/pages/_app-4e0a347dc425d5bf.js (79)
[21503:21503:0526/171023.751667:INFO:CONSOLE:79] "%c action     color: #03A9F4; font-weight: bold [object Object]", source: https://test.highloka.com/_next/static/chunks/pages/_app-4e0a347dc425d5bf.js (79)
[21503:21503:0526/171023.751893:INFO:CONSOLE:79] "%c next state color: #4CAF50; font-weight: bold [object Object]", source: https://test.highloka.com/_next/static/chunks/pages/_app-4e0a347dc425d5bf.js (79)
[21503:21503:0526/171023.752095:INFO:CONSOLE:79] "console.groupEnd", source: https://test.highloka.com/_next/static/chunks/pages/_app-4e0a347dc425d5bf.js (79)
[21503:21503:0526/171023.752477:INFO:CONSOLE:67] "Showing Controls. ", source: https://test.highloka.com/_next/static/chunks/pages/_app-4e0a347dc425d5bf.js (67)
[21503:21503:0526/171023.752910:INFO:CONSOLE:67] "Showing Controls. ", source: https://test.highloka.com/_next/static/chunks/pages/_app-4e0a347dc425d5bf.js (67)
[21503:21503:0526/171023.754007:INFO:CONSOLE:1] "ReactHlsPlayerComponent this.props play", source: https://test.highloka.com/_next/static/chunks/pages/concerts/%5Bslug%5D/arena-1595f5991389ce40.js (1)
[21503:21503:0526/171023.768576:INFO:CONSOLE:79] "%c action %cSHOW_AUTO_HIDDEN_ES_VIDEO_PLAYER_CONTROLS %c@ 17:10:23.767 color: gray; font-weight: lighter; color: inherit; color: gray; font-weight: lighter;", source: https://test.highloka.com/_next/static/chunks/pages/_app-4e0a347dc425d5bf.js (79)
[21503:21503:0526/171023.768744:INFO:CONSOLE:79] "%c prev state color: #9E9E9E; font-weight: bold [object Object]", source: https://test.highloka.com/_next/static/chunks/pages/_app-4e0a347dc425d5bf.js (79)
[21503:21503:0526/171023.769072:INFO:CONSOLE:79] "%c action     color: #03A9F4; font-weight: bold [object Object]", source: https://test.highloka.com/_next/static/chunks/pages/_app-4e0a347dc425d5bf.js (79)
[21503:21503:0526/171023.769344:INFO:CONSOLE:79] "%c next state color: #4CAF50; font-weight: bold [object Object]", source: https://test.highloka.com/_next/static/chunks/pages/_app-4e0a347dc425d5bf.js (79)
[21503:21503:0526/171023.769542:INFO:CONSOLE:79] "console.groupEnd", source: https://test.highloka.com/_next/static/chunks/pages/_app-4e0a347dc425d5bf.js (79)
[21503:21503:0526/171023.769920:INFO:CONSOLE:67] "Showing Controls. ", source: https://test.highloka.com/_next/static/chunks/pages/_app-4e0a347dc425d5bf.js (67)
[21503:21503:0526/171023.770450:INFO:CONSOLE:67] "Showing Controls. ", source: https://test.highloka.com/_next/static/chunks/pages/_app-4e0a347dc425d5bf.js (67)
[21503:21503:0526/171023.771498:INFO:CONSOLE:1] "ReactHlsPlayerComponent this.props play", source: https://test.highloka.com/_next/static/chunks/pages/concerts/%5Bslug%5D/arena-1595f5991389ce40.js (1)
[21503:21503:0526/171023.784526:INFO:CONSOLE:79] "%c action %cSHOW_AUTO_HIDDEN_ES_VIDEO_PLAYER_CONTROLS %c@ 17:10:23.783 color: gray; font-weight: lighter; color: inherit; color: gray; font-weight: lighter;", source: https://test.highloka.com/_next/static/chunks/pages/_app-4e0a347dc425d5bf.js (79)
[21503:21503:0526/171023.784705:INFO:CONSOLE:79] "%c prev state color: #9E9E9E; font-weight: bold [object Object]", source: https://test.highloka.com/_next/static/chunks/pages/_app-4e0a347dc425d5bf.js (79)
[21503:21503:0526/171023.785113:INFO:CONSOLE:79] "%c action     color: #03A9F4; font-weight: bold [object Object]", source: https://test.highloka.com/_next/static/chunks/pages/_app-4e0a347dc425d5bf.js (79)
[21503:21503:0526/171023.785309:INFO:CONSOLE:79] "%c next state color: #4CAF50; font-weight: bold [object Object]", source: https://test.highloka.com/_next/static/chunks/pages/_app-4e0a347dc425d5bf.js (79)
[21503:21503:0526/171023.785687:INFO:CONSOLE:79] "console.groupEnd", source: https://test.highloka.com/_next/static/chunks/pages/_app-4e0a347dc425d5bf.js (79)
[21503:21503:0526/171023.785903:INFO:CONSOLE:67] "Showing Controls. ", source: https://test.highloka.com/_next/static/chunks/pages/_app-4e0a347dc425d5bf.js (67)
[21503:21503:0526/171023.786387:INFO:CONSOLE:67] "Showing Controls. ", source: https://test.highloka.com/_next/static/chunks/pages/_app-4e0a347dc425d5bf.js (67)
[21503:21503:0526/171023.787540:INFO:CONSOLE:1] "ReactHlsPlayerComponent this.props play", source: https://test.highloka.com/_next/static/chunks/pages/concerts/%5Bslug%5D/arena-1595f5991389ce40.js (1)
[21503:21503:0526/171023.886129:INFO:CONSOLE:79] "%c action %cSHOW_AUTO_HIDDEN_ES_VIDEO_PLAYER_CONTROLS %c@ 17:10:23.885 color: gray; font-weight: lighter; color: inherit; color: gray; font-weight: lighter;", source: https://test.highloka.com/_next/static/chunks/pages/_app-4e0a347dc425d5bf.js (79)
[21503:21503:0526/171023.886712:INFO:CONSOLE:79] "%c prev state color: #9E9E9E; font-weight: bold [object Object]", source: https://test.highloka.com/_next/static/chunks/pages/_app-4e0a347dc425d5bf.js (79)
[21503:21503:0526/171023.887210:INFO:CONSOLE:79] "%c action     color: #03A9F4; font-weight: bold [object Object]", source: https://test.highloka.com/_next/static/chunks/pages/_app-4e0a347dc425d5bf.js (79)
[21503:21503:0526/171023.887544:INFO:CONSOLE:79] "%c next state color: #4CAF50; font-weight: bold [object Object]", source: https://test.highloka.com/_next/static/chunks/pages/_app-4e0a347dc425d5bf.js (79)
[21503:21503:0526/171023.887698:INFO:CONSOLE:79] "console.groupEnd", source: https://test.highloka.com/_next/static/chunks/pages/_app-4e0a347dc425d5bf.js (79)
[21503:21503:0526/171023.888232:INFO:CONSOLE:67] "Showing Controls. ", source: https://test.highloka.com/_next/static/chunks/pages/_app-4e0a347dc425d5bf.js (67)
[21503:21503:0526/171023.888769:INFO:CONSOLE:67] "Showing Controls. ", source: https://test.highloka.com/_next/static/chunks/pages/_app-4e0a347dc425d5bf.js (67)
[21503:21503:0526/171023.890238:INFO:CONSOLE:1] "ReactHlsPlayerComponent this.props play", source: https://test.highloka.com/_next/static/chunks/pages/concerts/%5Bslug%5D/arena-1595f5991389ce40.js (1)
[21503:21503:0526/171023.901043:INFO:CONSOLE:79] "%c action %cSHOW_AUTO_HIDDEN_ES_VIDEO_PLAYER_CONTROLS %c@ 17:10:23.900 color: gray; font-weight: lighter; color: inherit; color: gray; font-weight: lighter;", source: https://test.highloka.com/_next/static/chunks/pages/_app-4e0a347dc425d5bf.js (79)
[21503:21503:0526/171023.901264:INFO:CONSOLE:79] "%c prev state color: #9E9E9E; font-weight: bold [object Object]", source: https://test.highloka.com/_next/static/chunks/pages/_app-4e0a347dc425d5bf.js (79)
[21503:21503:0526/171023.901750:INFO:CONSOLE:79] "%c action     color: #03A9F4; font-weight: bold [object Object]", source: https://test.highloka.com/_next/static/chunks/pages/_app-4e0a347dc425d5bf.js (79)
[21503:21503:0526/171023.902388:INFO:CONSOLE:79] "%c next state color: #4CAF50; font-weight: bold [object Object]", source: https://test.highloka.com/_next/static/chunks/pages/_app-4e0a347dc425d5bf.js (79)
[21503:21503:0526/171023.902646:INFO:CONSOLE:79] "console.groupEnd", source: https://test.highloka.com/_next/static/chunks/pages/_app-4e0a347dc425d5bf.js (79)
[21503:21503:0526/171023.903130:INFO:CONSOLE:67] "Showing Controls. ", source: https://test.highloka.com/_next/static/chunks/pages/_app-4e0a347dc425d5bf.js (67)
[21503:21503:0526/171023.903574:INFO:CONSOLE:67] "Showing Controls. ", source: https://test.highloka.com/_next/static/chunks/pages/_app-4e0a347dc425d5bf.js (67)
[21503:21503:0526/171023.904461:INFO:CONSOLE:1] "ReactHlsPlayerComponent this.props play", source: https://test.highloka.com/_next/static/chunks/pages/concerts/%5Bslug%5D/arena-1595f5991389ce40.js (1)
[21503:21503:0526/171023.918307:INFO:CONSOLE:79] "%c action %cSHOW_AUTO_HIDDEN_ES_VIDEO_PLAYER_CONTROLS %c@ 17:10:23.917 color: gray; font-weight: lighter; color: inherit; color: gray; font-weight: lighter;", source: https://test.highloka.com/_next/static/chunks/pages/_app-4e0a347dc425d5bf.js (79)
[21503:21503:0526/171023.918501:INFO:CONSOLE:79] "%c prev state color: #9E9E9E; font-weight: bold [object Object]", source: https://test.highloka.com/_next/static/chunks/pages/_app-4e0a347dc425d5bf.js (79)
[21503:21503:0526/171023.919417:INFO:CONSOLE:79] "%c action     color: #03A9F4; font-weight: bold [object Object]", source: https://test.highloka.com/_next/static/chunks/pages/_app-4e0a347dc425d5bf.js (79)
[21503:21503:0526/171023.919624:INFO:CONSOLE:79] "%c next state color: #4CAF50; font-weight: bold [object Object]", source: https://test.highloka.com/_next/static/chunks/pages/_app-4e0a347dc425d5bf.js (79)
[21503:21503:0526/171023.919720:INFO:CONSOLE:79] "console.groupEnd", source: https://test.highloka.com/_next/static/chunks/pages/_app-4e0a347dc425d5bf.js (79)
[21503:21503:0526/171023.919988:INFO:CONSOLE:67] "Showing Controls. ", source: https://test.highloka.com/_next/static/chunks/pages/_app-4e0a347dc425d5bf.js (67)
[21503:21503:0526/171023.920419:INFO:CONSOLE:67] "Showing Controls. ", source: https://test.highloka.com/_next/static/chunks/pages/_app-4e0a347dc425d5bf.js (67)
[21503:21503:0526/171023.921375:INFO:CONSOLE:1] "ReactHlsPlayerComponent this.props play", source: https://test.highloka.com/_next/static/chunks/pages/concerts/%5Bslug%5D/arena-1595f5991389ce40.js (1)
[21503:21503:0526/171023.935233:INFO:CONSOLE:79] "%c action %cSHOW_AUTO_HIDDEN_ES_VIDEO_PLAYER_CONTROLS %c@ 17:10:23.934 color: gray; font-weight: lighter; color: inherit; color: gray; font-weight: lighter;", source: https://test.highloka.com/_next/static/chunks/pages/_app-4e0a347dc425d5bf.js (79)
[21503:21503:0526/171023.935514:INFO:CONSOLE:79] "%c prev state color: #9E9E9E; font-weight: bold [object Object]", source: https://test.highloka.com/_next/static/chunks/pages/_app-4e0a347dc425d5bf.js (79)
[21503:21503:0526/171023.935824:INFO:CONSOLE:79] "%c action     color: #03A9F4; font-weight: bold [object Object]", source: https://test.highloka.com/_next/static/chunks/pages/_app-4e0a347dc425d5bf.js (79)
[21503:21503:0526/171023.936257:INFO:CONSOLE:79] "%c next state color: #4CAF50; font-weight: bold [object Object]", source: https://test.highloka.com/_next/static/chunks/pages/_app-4e0a347dc425d5bf.js (79)
[21503:21503:0526/171023.937045:INFO:CONSOLE:79] "console.groupEnd", source: https://test.highloka.com/_next/static/chunks/pages/_app-4e0a347dc425d5bf.js (79)
[21503:21503:0526/171023.937208:INFO:CONSOLE:67] "Showing Controls. ", source: https://test.highloka.com/_next/static/chunks/pages/_app-4e0a347dc425d5bf.js (67)
[21503:21503:0526/171023.937700:INFO:CONSOLE:67] "Showing Controls. ", source: https://test.highloka.com/_next/static/chunks/pages/_app-4e0a347dc425d5bf.js (67)
[21503:21503:0526/171023.939519:INFO:CONSOLE:1] "ReactHlsPlayerComponent this.props play", source: https://test.highloka.com/_next/static/chunks/pages/concerts/%5Bslug%5D/arena-1595f5991389ce40.js (1)
[21503:21503:0526/171023.951039:INFO:CONSOLE:79] "%c action %cSHOW_AUTO_HIDDEN_ES_VIDEO_PLAYER_CONTROLS %c@ 17:10:23.950 color: gray; font-weight: lighter; color: inherit; color: gray; font-weight: lighter;", source: https://test.highloka.com/_next/static/chunks/pages/_app-4e0a347dc425d5bf.js (79)
[21503:21503:0526/171023.951299:INFO:CONSOLE:79] "%c prev state color: #9E9E9E; font-weight: bold [object Object]", source: https://test.highloka.com/_next/static/chunks/pages/_app-4e0a347dc425d5bf.js (79)
[21503:21503:0526/171023.952068:INFO:CONSOLE:79] "%c action     color: #03A9F4; font-weight: bold [object Object]", source: https://test.highloka.com/_next/static/chunks/pages/_app-4e0a347dc425d5bf.js (79)
[21503:21503:0526/171023.952259:INFO:CONSOLE:79] "%c next state color: #4CAF50; font-weight: bold [object Object]", source: https://test.highloka.com/_next/static/chunks/pages/_app-4e0a347dc425d5bf.js (79)
[21503:21503:0526/171023.952363:INFO:CONSOLE:79] "console.groupEnd", source: https://test.highloka.com/_next/static/chunks/pages/_app-4e0a347dc425d5bf.js (79)
[21503:21503:0526/171023.952741:INFO:CONSOLE:67] "Showing Controls. ", source: https://test.highloka.com/_next/static/chunks/pages/_app-4e0a347dc425d5bf.js (67)
[21503:21503:0526/171023.953075:INFO:CONSOLE:67] "Showing Controls. ", source: https://test.highloka.com/_next/static/chunks/pages/_app-4e0a347dc425d5bf.js (67)
[21503:21503:0526/171023.954330:INFO:CONSOLE:1] "ReactHlsPlayerComponent this.props play", source: https://test.highloka.com/_next/static/chunks/pages/concerts/%5Bslug%5D/arena-1595f5991389ce40.js (1)
[21503:21503:0526/171023.968026:INFO:CONSOLE:79] "%c action %cSHOW_AUTO_HIDDEN_ES_VIDEO_PLAYER_CONTROLS %c@ 17:10:23.967 color: gray; font-weight: lighter; color: inherit; color: gray; font-weight: lighter;", source: https://test.highloka.com/_next/static/chunks/pages/_app-4e0a347dc425d5bf.js (79)
[21503:21503:0526/171023.968578:INFO:CONSOLE:79] "%c prev state color: #9E9E9E; font-weight: bold [object Object]", source: https://test.highloka.com/_next/static/chunks/pages/_app-4e0a347dc425d5bf.js (79)
[21503:21503:0526/171023.968830:INFO:CONSOLE:79] "%c action     color: #03A9F4; font-weight: bold [object Object]", source: https://test.highloka.com/_next/static/chunks/pages/_app-4e0a347dc425d5bf.js (79)
[21503:21503:0526/171023.969228:INFO:CONSOLE:79] "%c next state color: #4CAF50; font-weight: bold [object Object]", source: https://test.highloka.com/_next/static/chunks/pages/_app-4e0a347dc425d5bf.js (79)
[21503:21503:0526/171023.969445:INFO:CONSOLE:79] "console.groupEnd", source: https://test.highloka.com/_next/static/chunks/pages/_app-4e0a347dc425d5bf.js (79)
[21503:21503:0526/171023.970137:INFO:CONSOLE:67] "Showing Controls. ", source: https://test.highloka.com/_next/static/chunks/pages/_app-4e0a347dc425d5bf.js (67)
[21503:21503:0526/171023.972380:INFO:CONSOLE:67] "Showing Controls. ", source: https://test.highloka.com/_next/static/chunks/pages/_app-4e0a347dc425d5bf.js (67)
[21503:21503:0526/171023.972586:INFO:CONSOLE:1] "ReactHlsPlayerComponent this.props play", source: https://test.highloka.com/_next/static/chunks/pages/concerts/%5Bslug%5D/arena-1595f5991389ce40.js (1)
[21503:21503:0526/171023.984949:INFO:CONSOLE:79] "%c action %cSHOW_AUTO_HIDDEN_ES_VIDEO_PLAYER_CONTROLS %c@ 17:10:23.983 color: gray; font-weight: lighter; color: inherit; color: gray; font-weight: lighter;", source: https://test.highloka.com/_next/static/chunks/pages/_app-4e0a347dc425d5bf.js (79)
[21503:21503:0526/171023.985692:INFO:CONSOLE:79] "%c prev state color: #9E9E9E; font-weight: bold [object Object]", source: https://test.highloka.com/_next/static/chunks/pages/_app-4e0a347dc425d5bf.js (79)
[21503:21503:0526/171023.985797:INFO:CONSOLE:79] "%c action     color: #03A9F4; font-weight: bold [object Object]", source: https://test.highloka.com/_next/static/chunks/pages/_app-4e0a347dc425d5bf.js (79)
[21503:21503:0526/171023.985915:INFO:CONSOLE:79] "%c next state color: #4CAF50; font-weight: bold [object Object]", source: https://test.highloka.com/_next/static/chunks/pages/_app-4e0a347dc425d5bf.js (79)
[21503:21503:0526/171023.986241:INFO:CONSOLE:79] "console.groupEnd", source: https://test.highloka.com/_next/static/chunks/pages/_app-4e0a347dc425d5bf.js (79)
[21503:21503:0526/171023.987410:INFO:CONSOLE:67] "Showing Controls. ", source: https://test.highloka.com/_next/static/chunks/pages/_app-4e0a347dc425d5bf.js (67)
[21503:21503:0526/171023.987545:INFO:CONSOLE:67] "Showing Controls. ", source: https://test.highloka.com/_next/static/chunks/pages/_app-4e0a347dc425d5bf.js (67)
[21503:21503:0526/171023.988889:INFO:CONSOLE:1] "ReactHlsPlayerComponent this.props play", source: https://test.highloka.com/_next/static/chunks/pages/concerts/%5Bslug%5D/arena-1595f5991389ce40.js (1)
[21503:21503:0526/171024.001422:INFO:CONSOLE:79] "%c action %cSHOW_AUTO_HIDDEN_ES_VIDEO_PLAYER_CONTROLS %c@ 17:10:24.000 color: gray; font-weight: lighter; color: inherit; color: gray; font-weight: lighter;", source: https://test.highloka.com/_next/static/chunks/pages/_app-4e0a347dc425d5bf.js (79)
[21503:21503:0526/171024.001661:INFO:CONSOLE:79] "%c prev state color: #9E9E9E; font-weight: bold [object Object]", source: https://test.highloka.com/_next/static/chunks/pages/_app-4e0a347dc425d5bf.js (79)
[21503:21503:0526/171024.002393:INFO:CONSOLE:79] "%c action     color: #03A9F4; font-weight: bold [object Object]", source: https://test.highloka.com/_next/static/chunks/pages/_app-4e0a347dc425d5bf.js (79)
[21503:21503:0526/171024.002584:INFO:CONSOLE:79] "%c next state color: #4CAF50; font-weight: bold [object Object]", source: https://test.highloka.com/_next/static/chunks/pages/_app-4e0a347dc425d5bf.js (79)
[21503:21503:0526/171024.002679:INFO:CONSOLE:79] "console.groupEnd", source: https://test.highloka.com/_next/static/chunks/pages/_app-4e0a347dc425d5bf.js (79)
[21503:21503:0526/171024.003143:INFO:CONSOLE:67] "Showing Controls. ", source: https://test.highloka.com/_next/static/chunks/pages/_app-4e0a347dc425d5bf.js (67)
[21503:21503:0526/171024.003709:INFO:CONSOLE:67] "Showing Controls. ", source: https://test.highloka.com/_next/static/chunks/pages/_app-4e0a347dc425d5bf.js (67)
[21503:21503:0526/171024.005116:INFO:CONSOLE:1] "ReactHlsPlayerComponent this.props play", source: https://test.highloka.com/_next/static/chunks/pages/concerts/%5Bslug%5D/arena-1595f5991389ce40.js (1)
[21503:21503:0526/171024.018887:INFO:CONSOLE:79] "%c action %cSHOW_AUTO_HIDDEN_ES_VIDEO_PLAYER_CONTROLS %c@ 17:10:24.017 color: gray; font-weight: lighter; color: inherit; color: gray; font-weight: lighter;", source: https://test.highloka.com/_next/static/chunks/pages/_app-4e0a347dc425d5bf.js (79)
[21503:21503:0526/171024.019123:INFO:CONSOLE:79] "%c prev state color: #9E9E9E; font-weight: bold [object Object]", source: https://test.highloka.com/_next/static/chunks/pages/_app-4e0a347dc425d5bf.js (79)
[21503:21503:0526/171024.019622:INFO:CONSOLE:79] "%c action     color: #03A9F4; font-weight: bold [object Object]", source: https://test.highloka.com/_next/static/chunks/pages/_app-4e0a347dc425d5bf.js (79)
[21503:21503:0526/171024.020079:INFO:CONSOLE:79] "%c next state color: #4CAF50; font-weight: bold [object Object]", source: https://test.highloka.com/_next/static/chunks/pages/_app-4e0a347dc425d5bf.js (79)
[21503:21503:0526/171024.020308:INFO:CONSOLE:79] "console.groupEnd", source: https://test.highloka.com/_next/static/chunks/pages/_app-4e0a347dc425d5bf.js (79)
[21503:21503:0526/171024.020989:INFO:CONSOLE:67] "Showing Controls. ", source: https://test.highloka.com/_next/static/chunks/pages/_app-4e0a347dc425d5bf.js (67)
[21503:21503:0526/171024.021168:INFO:CONSOLE:67] "Showing Controls. ", source: https://test.highloka.com/_next/static/chunks/pages/_app-4e0a347dc425d5bf.js (67)
[21503:21503:0526/171024.023044:INFO:CONSOLE:1] "ReactHlsPlayerComponent this.props play", source: https://test.highloka.com/_next/static/chunks/pages/concerts/%5Bslug%5D/arena-1595f5991389ce40.js (1)
[21503:21503:0526/171024.034424:INFO:CONSOLE:79] "%c action %cSHOW_AUTO_HIDDEN_ES_VIDEO_PLAYER_CONTROLS %c@ 17:10:24.033 color: gray; font-weight: lighter; color: inherit; color: gray; font-weight: lighter;", source: https://test.highloka.com/_next/static/chunks/pages/_app-4e0a347dc425d5bf.js (79)
[21503:21503:0526/171024.034683:INFO:CONSOLE:79] "%c prev state color: #9E9E9E; font-weight: bold [object Object]", source: https://test.highloka.com/_next/static/chunks/pages/_app-4e0a347dc425d5bf.js (79)
[21503:21503:0526/171024.035162:INFO:CONSOLE:79] "%c action     color: #03A9F4; font-weight: bold [object Object]", source: https://test.highloka.com/_next/static/chunks/pages/_app-4e0a347dc425d5bf.js (79)
[21503:21503:0526/171024.035511:INFO:CONSOLE:79] "%c next state color: #4CAF50; font-weight: bold [object Object]", source: https://test.highloka.com/_next/static/chunks/pages/_app-4e0a347dc425d5bf.js (79)
[21503:21503:0526/171024.035690:INFO:CONSOLE:79] "console.groupEnd", source: https://test.highloka.com/_next/static/chunks/pages/_app-4e0a347dc425d5bf.js (79)
[21503:21503:0526/171024.036190:INFO:CONSOLE:67] "Showing Controls. ", source: https://test.highloka.com/_next/static/chunks/pages/_app-4e0a347dc425d5bf.js (67)
[21503:21503:0526/171024.036824:INFO:CONSOLE:67] "Showing Controls. ", source: https://test.highloka.com/_next/static/chunks/pages/_app-4e0a347dc425d5bf.js (67)
[21503:21503:0526/171024.037264:INFO:CONSOLE:1] "ReactHlsPlayerComponent this.props play", source: https://test.highloka.com/_next/static/chunks/pages/concerts/%5Bslug%5D/arena-1595f5991389ce40.js (1)
[21503:21503:0526/171024.051369:INFO:CONSOLE:79] "%c action %cSHOW_AUTO_HIDDEN_ES_VIDEO_PLAYER_CONTROLS %c@ 17:10:24.050 color: gray; font-weight: lighter; color: inherit; color: gray; font-weight: lighter;", source: https://test.highloka.com/_next/static/chunks/pages/_app-4e0a347dc425d5bf.js (79)
[21503:21503:0526/171024.051569:INFO:CONSOLE:79] "%c prev state color: #9E9E9E; font-weight: bold [object Object]", source: https://test.highloka.com/_next/static/chunks/pages/_app-4e0a347dc425d5bf.js (79)
[21503:21503:0526/171024.052028:INFO:CONSOLE:79] "%c action     color: #03A9F4; font-weight: bold [object Object]", source: https://test.highloka.com/_next/static/chunks/pages/_app-4e0a347dc425d5bf.js (79)
[21503:21503:0526/171024.052379:INFO:CONSOLE:79] "%c next state color: #4CAF50; font-weight: bold [object Object]", source: https://test.highloka.com/_next/static/chunks/pages/_app-4e0a347dc425d5bf.js (79)
[21503:21503:0526/171024.052716:INFO:CONSOLE:79] "console.groupEnd", source: https://test.highloka.com/_next/static/chunks/pages/_app-4e0a347dc425d5bf.js (79)
[21503:21503:0526/171024.052993:INFO:CONSOLE:67] "Showing Controls. ", source: https://test.highloka.com/_next/static/chunks/pages/_app-4e0a347dc425d5bf.js (67)
[21503:21503:0526/171024.053421:INFO:CONSOLE:67] "Showing Controls. ", source: https://test.highloka.com/_next/static/chunks/pages/_app-4e0a347dc425d5bf.js (67)
[21503:21503:0526/171024.054463:INFO:CONSOLE:1] "ReactHlsPlayerComponent this.props play", source: https://test.highloka.com/_next/static/chunks/pages/concerts/%5Bslug%5D/arena-1595f5991389ce40.js (1)
[21503:21503:0526/171024.068151:INFO:CONSOLE:79] "%c action %cSHOW_AUTO_HIDDEN_ES_VIDEO_PLAYER_CONTROLS %c@ 17:10:24.067 color: gray; font-weight: lighter; color: inherit; color: gray; font-weight: lighter;", source: https://test.highloka.com/_next/static/chunks/pages/_app-4e0a347dc425d5bf.js (79)
[21503:21503:0526/171024.068440:INFO:CONSOLE:79] "%c prev state color: #9E9E9E; font-weight: bold [object Object]", source: https://test.highloka.com/_next/static/chunks/pages/_app-4e0a347dc425d5bf.js (79)
[21503:21503:0526/171024.068915:INFO:CONSOLE:79] "%c action     color: #03A9F4; font-weight: bold [object Object]", source: https://test.highloka.com/_next/static/chunks/pages/_app-4e0a347dc425d5bf.js (79)
[21503:21503:0526/171024.069131:INFO:CONSOLE:79] "%c next state color: #4CAF50; font-weight: bold [object Object]", source: https://test.highloka.com/_next/static/chunks/pages/_app-4e0a347dc425d5bf.js (79)
[21503:21503:0526/171024.069493:INFO:CONSOLE:79] "console.groupEnd", source: https://test.highloka.com/_next/static/chunks/pages/_app-4e0a347dc425d5bf.js (79)
[21503:21503:0526/171024.071803:INFO:CONSOLE:67] "Showing Controls. ", source: https://test.highloka.com/_next/static/chunks/pages/_app-4e0a347dc425d5bf.js (67)
[21503:21503:0526/171024.072014:INFO:CONSOLE:67] "Showing Controls. ", source: https://test.highloka.com/_next/static/chunks/pages/_app-4e0a347dc425d5bf.js (67)
[21503:21503:0526/171024.072378:INFO:CONSOLE:1] "ReactHlsPlayerComponent this.props play", source: https://test.highloka.com/_next/static/chunks/pages/concerts/%5Bslug%5D/arena-1595f5991389ce40.js (1)
[21503:21503:0526/171024.084855:INFO:CONSOLE:79] "%c action %cSHOW_AUTO_HIDDEN_ES_VIDEO_PLAYER_CONTROLS %c@ 17:10:24.083 color: gray; font-weight: lighter; color: inherit; color: gray; font-weight: lighter;", source: https://test.highloka.com/_next/static/chunks/pages/_app-4e0a347dc425d5bf.js (79)
[21503:21503:0526/171024.085462:INFO:CONSOLE:79] "%c prev state color: #9E9E9E; font-weight: bold [object Object]", source: https://test.highloka.com/_next/static/chunks/pages/_app-4e0a347dc425d5bf.js (79)
[21503:21503:0526/171024.085680:INFO:CONSOLE:79] "%c action     color: #03A9F4; font-weight: bold [object Object]", source: https://test.highloka.com/_next/static/chunks/pages/_app-4e0a347dc425d5bf.js (79)
[21503:21503:0526/171024.085798:INFO:CONSOLE:79] "%c next state color: #4CAF50; font-weight: bold [object Object]", source: https://test.highloka.com/_next/static/chunks/pages/_app-4e0a347dc425d5bf.js (79)
[21503:21503:0526/171024.086254:INFO:CONSOLE:79] "console.groupEnd", source: https://test.highloka.com/_next/static/chunks/pages/_app-4e0a347dc425d5bf.js (79)
[21503:21503:0526/171024.086862:INFO:CONSOLE:67] "Showing Controls. ", source: https://test.highloka.com/_next/static/chunks/pages/_app-4e0a347dc425d5bf.js (67)
[21503:21503:0526/171024.087703:INFO:CONSOLE:67] "Showing Controls. ", source: https://test.highloka.com/_next/static/chunks/pages/_app-4e0a347dc425d5bf.js (67)
[21503:21503:0526/171024.088494:INFO:CONSOLE:1] "ReactHlsPlayerComponent this.props play", source: https://test.highloka.com/_next/static/chunks/pages/concerts/%5Bslug%5D/arena-1595f5991389ce40.js (1)
[21503:21503:0526/171024.101457:INFO:CONSOLE:79] "%c action %cSHOW_AUTO_HIDDEN_ES_VIDEO_PLAYER_CONTROLS %c@ 17:10:24.100 color: gray; font-weight: lighter; color: inherit; color: gray; font-weight: lighter;", source: https://test.highloka.com/_next/static/chunks/pages/_app-4e0a347dc425d5bf.js (79)
[21503:21503:0526/171024.101628:INFO:CONSOLE:79] "%c prev state color: #9E9E9E; font-weight: bold [object Object]", source: https://test.highloka.com/_next/static/chunks/pages/_app-4e0a347dc425d5bf.js (79)
[21503:21503:0526/171024.102132:INFO:CONSOLE:79] "%c action     color: #03A9F4; font-weight: bold [object Object]", source: https://test.highloka.com/_next/static/chunks/pages/_app-4e0a347dc425d5bf.js (79)
[21503:21503:0526/171024.102437:INFO:CONSOLE:79] "%c next state color: #4CAF50; font-weight: bold [object Object]", source: https://test.highloka.com/_next/static/chunks/pages/_app-4e0a347dc425d5bf.js (79)
[21503:21503:0526/171024.102793:INFO:CONSOLE:79] "console.groupEnd", source: https://test.highloka.com/_next/static/chunks/pages/_app-4e0a347dc425d5bf.js (79)
[21503:21503:0526/171024.103222:INFO:CONSOLE:67] "Showing Controls. ", source: https://test.highloka.com/_next/static/chunks/pages/_app-4e0a347dc425d5bf.js (67)
[21503:21503:0526/171024.103648:INFO:CONSOLE:67] "Showing Controls. ", source: https://test.highloka.com/_next/static/chunks/pages/_app-4e0a347dc425d5bf.js (67)
[21503:21503:0526/171024.104972:INFO:CONSOLE:1] "ReactHlsPlayerComponent this.props play", source: https://test.highloka.com/_next/static/chunks/pages/concerts/%5Bslug%5D/arena-1595f5991389ce40.js (1)
[21503:21503:0526/171024.119142:INFO:CONSOLE:79] "%c action %cSHOW_AUTO_HIDDEN_ES_VIDEO_PLAYER_CONTROLS %c@ 17:10:24.117 color: gray; font-weight: lighter; color: inherit; color: gray; font-weight: lighter;", source: https://test.highloka.com/_next/static/chunks/pages/_app-4e0a347dc425d5bf.js (79)
[21503:21503:0526/171024.119365:INFO:CONSOLE:79] "%c prev state color: #9E9E9E; font-weight: bold [object Object]", source: https://test.highloka.com/_next/static/chunks/pages/_app-4e0a347dc425d5bf.js (79)
[21503:21503:0526/171024.119664:INFO:CONSOLE:79] "%c action     color: #03A9F4; font-weight: bold [object Object]", source: https://test.highloka.com/_next/static/chunks/pages/_app-4e0a347dc425d5bf.js (79)
[21503:21503:0526/171024.119817:INFO:CONSOLE:79] "%c next state color: #4CAF50; font-weight: bold [object Object]", source: https://test.highloka.com/_next/static/chunks/pages/_app-4e0a347dc425d5bf.js (79)
[21503:21503:0526/171024.120030:INFO:CONSOLE:79] "console.groupEnd", source: https://test.highloka.com/_next/static/chunks/pages/_app-4e0a347dc425d5bf.js (79)
[21503:21503:0526/171024.120406:INFO:CONSOLE:67] "Showing Controls. ", source: https://test.highloka.com/_next/static/chunks/pages/_app-4e0a347dc425d5bf.js (67)
[21503:21503:0526/171024.120825:INFO:CONSOLE:67] "Showing Controls. ", source: https://test.highloka.com/_next/static/chunks/pages/_app-4e0a347dc425d5bf.js (67)
[21503:21503:0526/171024.121800:INFO:CONSOLE:1] "ReactHlsPlayerComponent this.props play", source: https://test.highloka.com/_next/static/chunks/pages/concerts/%5Bslug%5D/arena-1595f5991389ce40.js (1)
[21503:21503:0526/171024.134557:INFO:CONSOLE:79] "%c action %cSHOW_AUTO_HIDDEN_ES_VIDEO_PLAYER_CONTROLS %c@ 17:10:24.133 color: gray; font-weight: lighter; color: inherit; color: gray; font-weight: lighter;", source: https://test.highloka.com/_next/static/chunks/pages/_app-4e0a347dc425d5bf.js (79)
[21503:21503:0526/171024.135096:INFO:CONSOLE:79] "%c prev state color: #9E9E9E; font-weight: bold [object Object]", source: https://test.highloka.com/_next/static/chunks/pages/_app-4e0a347dc425d5bf.js (79)
[21503:21503:0526/171024.135272:INFO:CONSOLE:79] "%c action     color: #03A9F4; font-weight: bold [object Object]", source: https://test.highloka.com/_next/static/chunks/pages/_app-4e0a347dc425d5bf.js (79)
[21503:21503:0526/171024.135700:INFO:CONSOLE:79] "%c next state color: #4CAF50; font-weight: bold [object Object]", source: https://test.highloka.com/_next/static/chunks/pages/_app-4e0a347dc425d5bf.js (79)
[21503:21503:0526/171024.135889:INFO:CONSOLE:79] "console.groupEnd", source: https://test.highloka.com/_next/static/chunks/pages/_app-4e0a347dc425d5bf.js (79)
[21503:21503:0526/171024.136343:INFO:CONSOLE:67] "Showing Controls. ", source: https://test.highloka.com/_next/static/chunks/pages/_app-4e0a347dc425d5bf.js (67)
[21503:21503:0526/171024.136773:INFO:CONSOLE:67] "Showing Controls. ", source: https://test.highloka.com/_next/static/chunks/pages/_app-4e0a347dc425d5bf.js (67)
[21503:21503:0526/171024.137876:INFO:CONSOLE:1] "ReactHlsPlayerComponent this.props play", source: https://test.highloka.com/_next/static/chunks/pages/concerts/%5Bslug%5D/arena-1595f5991389ce40.js (1)
[21503:21503:0526/171024.152329:INFO:CONSOLE:79] "%c action %cSHOW_AUTO_HIDDEN_ES_VIDEO_PLAYER_CONTROLS %c@ 17:10:24.150 color: gray; font-weight: lighter; color: inherit; color: gray; font-weight: lighter;", source: https://test.highloka.com/_next/static/chunks/pages/_app-4e0a347dc425d5bf.js (79)
[21503:21503:0526/171024.152973:INFO:CONSOLE:79] "%c prev state color: #9E9E9E; font-weight: bold [object Object]", source: https://test.highloka.com/_next/static/chunks/pages/_app-4e0a347dc425d5bf.js (79)
[21503:21503:0526/171024.153098:INFO:CONSOLE:79] "%c action     color: #03A9F4; font-weight: bold [object Object]", source: https://test.highloka.com/_next/static/chunks/pages/_app-4e0a347dc425d5bf.js (79)
[21503:21503:0526/171024.153171:INFO:CONSOLE:79] "%c next state color: #4CAF50; font-weight: bold [object Object]", source: https://test.highloka.com/_next/static/chunks/pages/_app-4e0a347dc425d5bf.js (79)
[21503:21503:0526/171024.153556:INFO:CONSOLE:79] "console.groupEnd", source: https://test.highloka.com/_next/static/chunks/pages/_app-4e0a347dc425d5bf.js (79)
[21503:21503:0526/171024.153819:INFO:CONSOLE:67] "Showing Controls. ", source: https://test.highloka.com/_next/static/chunks/pages/_app-4e0a347dc425d5bf.js (67)
[21503:21503:0526/171024.154916:INFO:CONSOLE:67] "Showing Controls. ", source: https://test.highloka.com/_next/static/chunks/pages/_app-4e0a347dc425d5bf.js (67)
[21503:21503:0526/171024.155987:INFO:CONSOLE:1] "ReactHlsPlayerComponent this.props play", source: https://test.highloka.com/_next/static/chunks/pages/concerts/%5Bslug%5D/arena-1595f5991389ce40.js (1)
[21503:21503:0526/171024.169654:INFO:CONSOLE:79] "%c action %cSHOW_AUTO_HIDDEN_ES_VIDEO_PLAYER_CONTROLS %c@ 17:10:24.168 color: gray; font-weight: lighter; color: inherit; color: gray; font-weight: lighter;", source: https://test.highloka.com/_next/static/chunks/pages/_app-4e0a347dc425d5bf.js (79)
[21503:21503:0526/171024.169885:INFO:CONSOLE:79] "%c prev state color: #9E9E9E; font-weight: bold [object Object]", source: https://test.highloka.com/_next/static/chunks/pages/_app-4e0a347dc425d5bf.js (79)
[21503:21503:0526/171024.170156:INFO:CONSOLE:79] "%c action     color: #03A9F4; font-weight: bold [object Object]", source: https://test.highloka.com/_next/static/chunks/pages/_app-4e0a347dc425d5bf.js (79)
[21503:21503:0526/171024.170465:INFO:CONSOLE:79] "%c next state color: #4CAF50; font-weight: bold [object Object]", source: https://test.highloka.com/_next/static/chunks/pages/_app-4e0a347dc425d5bf.js (79)
[21503:21503:0526/171024.170641:INFO:CONSOLE:79] "console.groupEnd", source: https://test.highloka.com/_next/static/chunks/pages/_app-4e0a347dc425d5bf.js (79)
[21503:21503:0526/171024.170982:INFO:CONSOLE:67] "Showing Controls. ", source: https://test.highloka.com/_next/static/chunks/pages/_app-4e0a347dc425d5bf.js (67)
[21503:21503:0526/171024.171365:INFO:CONSOLE:67] "Showing Controls. ", source: https://test.highloka.com/_next/static/chunks/pages/_app-4e0a347dc425d5bf.js (67)
[21503:21503:0526/171024.172277:INFO:CONSOLE:1] "ReactHlsPlayerComponent this.props play", source: https://test.highloka.com/_next/static/chunks/pages/concerts/%5Bslug%5D/arena-1595f5991389ce40.js (1)
[21503:21503:0526/171024.185138:INFO:CONSOLE:79] "%c action %cSHOW_AUTO_HIDDEN_ES_VIDEO_PLAYER_CONTROLS %c@ 17:10:24.183 color: gray; font-weight: lighter; color: inherit; color: gray; font-weight: lighter;", source: https://test.highloka.com/_next/static/chunks/pages/_app-4e0a347dc425d5bf.js (79)
[21503:21503:0526/171024.185272:INFO:CONSOLE:79] "%c prev state color: #9E9E9E; font-weight: bold [object Object]", source: https://test.highloka.com/_next/static/chunks/pages/_app-4e0a347dc425d5bf.js (79)
[21503:21503:0526/171024.185444:INFO:CONSOLE:79] "%c action     color: #03A9F4; font-weight: bold [object Object]", source: https://test.highloka.com/_next/static/chunks/pages/_app-4e0a347dc425d5bf.js (79)
[21503:21503:0526/171024.185723:INFO:CONSOLE:79] "%c next state color: #4CAF50; font-weight: bold [object Object]", source: https://test.highloka.com/_next/static/chunks/pages/_app-4e0a347dc425d5bf.js (79)
[21503:21503:0526/171024.185960:INFO:CONSOLE:79] "console.groupEnd", source: https://test.highloka.com/_next/static/chunks/pages/_app-4e0a347dc425d5bf.js (79)
[21503:21503:0526/171024.186315:INFO:CONSOLE:67] "Showing Controls. ", source: https://test.highloka.com/_next/static/chunks/pages/_app-4e0a347dc425d5bf.js (67)
[21503:21503:0526/171024.186638:INFO:CONSOLE:67] "Showing Controls. ", source: https://test.highloka.com/_next/static/chunks/pages/_app-4e0a347dc425d5bf.js (67)
[21503:21503:0526/171024.187355:INFO:CONSOLE:1] "ReactHlsPlayerComponent this.props play", source: https://test.highloka.com/_next/static/chunks/pages/concerts/%5Bslug%5D/arena-1595f5991389ce40.js (1)
[21503:21503:0526/171024.201268:INFO:CONSOLE:79] "%c action %cSHOW_AUTO_HIDDEN_ES_VIDEO_PLAYER_CONTROLS %c@ 17:10:24.200 color: gray; font-weight: lighter; color: inherit; color: gray; font-weight: lighter;", source: https://test.highloka.com/_next/static/chunks/pages/_app-4e0a347dc425d5bf.js (79)
[21503:21503:0526/171024.201473:INFO:CONSOLE:79] "%c prev state color: #9E9E9E; font-weight: bold [object Object]", source: https://test.highloka.com/_next/static/chunks/pages/_app-4e0a347dc425d5bf.js (79)
[21503:21503:0526/171024.202049:INFO:CONSOLE:79] "%c action     color: #03A9F4; font-weight: bold [object Object]", source: https://test.highloka.com/_next/static/chunks/pages/_app-4e0a347dc425d5bf.js (79)
[21503:21503:0526/171024.202625:INFO:CONSOLE:79] "%c next state color: #4CAF50; font-weight: bold [object Object]", source: https://test.highloka.com/_next/static/chunks/pages/_app-4e0a347dc425d5bf.js (79)
[21503:21503:0526/171024.202799:INFO:CONSOLE:79] "console.groupEnd", source: https://test.highloka.com/_next/static/chunks/pages/_app-4e0a347dc425d5bf.js (79)
[21503:21503:0526/171024.203025:INFO:CONSOLE:67] "Showing Controls. ", source: https://test.highloka.com/_next/static/chunks/pages/_app-4e0a347dc425d5bf.js (67)
[21503:21503:0526/171024.203947:INFO:CONSOLE:67] "Showing Controls. ", source: https://test.highloka.com/_next/static/chunks/pages/_app-4e0a347dc425d5bf.js (67)
[21503:21503:0526/171024.204944:INFO:CONSOLE:1] "ReactHlsPlayerComponent this.props play", source: https://test.highloka.com/_next/static/chunks/pages/concerts/%5Bslug%5D/arena-1595f5991389ce40.js (1)
[21503:21503:0526/171024.217675:INFO:CONSOLE:79] "%c action %cSHOW_AUTO_HIDDEN_ES_VIDEO_PLAYER_CONTROLS %c@ 17:10:24.217 color: gray; font-weight: lighter; color: inherit; color: gray; font-weight: lighter;", source: https://test.highloka.com/_next/static/chunks/pages/_app-4e0a347dc425d5bf.js (79)
[21503:21503:0526/171024.217777:INFO:CONSOLE:79] "%c prev state color: #9E9E9E; font-weight: bold [object Object]", source: https://test.highloka.com/_next/static/chunks/pages/_app-4e0a347dc425d5bf.js (79)
[21503:21503:0526/171024.217975:INFO:CONSOLE:79] "%c action     color: #03A9F4; font-weight: bold [object Object]", source: https://test.highloka.com/_next/static/chunks/pages/_app-4e0a347dc425d5bf.js (79)
[21503:21503:0526/171024.218123:INFO:CONSOLE:79] "%c next state color: #4CAF50; font-weight: bold [object Object]", source: https://test.highloka.com/_next/static/chunks/pages/_app-4e0a347dc425d5bf.js (79)
[21503:21503:0526/171024.218465:INFO:CONSOLE:79] "console.groupEnd", source: https://test.highloka.com/_next/static/chunks/pages/_app-4e0a347dc425d5bf.js (79)
[21503:21503:0526/171024.219090:INFO:CONSOLE:67] "Showing Controls. ", source: https://test.highloka.com/_next/static/chunks/pages/_app-4e0a347dc425d5bf.js (67)
[21503:21503:0526/171024.219867:INFO:CONSOLE:67] "Showing Controls. ", source: https://test.highloka.com/_next/static/chunks/pages/_app-4e0a347dc425d5bf.js (67)
[21503:21503:0526/171024.220986:INFO:CONSOLE:1] "ReactHlsPlayerComponent this.props play", source: https://test.highloka.com/_next/static/chunks/pages/concerts/%5Bslug%5D/arena-1595f5991389ce40.js (1)
[21503:21503:0526/171024.234316:INFO:CONSOLE:79] "%c action %cSHOW_AUTO_HIDDEN_ES_VIDEO_PLAYER_CONTROLS %c@ 17:10:24.233 color: gray; font-weight: lighter; color: inherit; color: gray; font-weight: lighter;", source: https://test.highloka.com/_next/static/chunks/pages/_app-4e0a347dc425d5bf.js (79)
[21503:21503:0526/171024.234554:INFO:CONSOLE:79] "%c prev state color: #9E9E9E; font-weight: bold [object Object]", source: https://test.highloka.com/_next/static/chunks/pages/_app-4e0a347dc425d5bf.js (79)
[21503:21503:0526/171024.234904:INFO:CONSOLE:79] "%c action     color: #03A9F4; font-weight: bold [object Object]", source: https://test.highloka.com/_next/static/chunks/pages/_app-4e0a347dc425d5bf.js (79)
[21503:21503:0526/171024.235201:INFO:CONSOLE:79] "%c next state color: #4CAF50; font-weight: bold [object Object]", source: https://test.highloka.com/_next/static/chunks/pages/_app-4e0a347dc425d5bf.js (79)
[21503:21503:0526/171024.235494:INFO:CONSOLE:79] "console.groupEnd", source: https://test.highloka.com/_next/static/chunks/pages/_app-4e0a347dc425d5bf.js (79)
[21503:21503:0526/171024.235963:INFO:CONSOLE:67] "Showing Controls. ", source: https://test.highloka.com/_next/static/chunks/pages/_app-4e0a347dc425d5bf.js (67)
[21503:21503:0526/171024.236760:INFO:CONSOLE:67] "Showing Controls. ", source: https://test.highloka.com/_next/static/chunks/pages/_app-4e0a347dc425d5bf.js (67)
[21503:21503:0526/171024.237535:INFO:CONSOLE:1] "ReactHlsPlayerComponent this.props play", source: https://test.highloka.com/_next/static/chunks/pages/concerts/%5Bslug%5D/arena-1595f5991389ce40.js (1)
[21503:21503:0526/171024.251831:INFO:CONSOLE:79] "%c action %cSHOW_AUTO_HIDDEN_ES_VIDEO_PLAYER_CONTROLS %c@ 17:10:24.250 color: gray; font-weight: lighter; color: inherit; color: gray; font-weight: lighter;", source: https://test.highloka.com/_next/static/chunks/pages/_app-4e0a347dc425d5bf.js (79)
[21503:21503:0526/171024.252070:INFO:CONSOLE:79] "%c prev state color: #9E9E9E; font-weight: bold [object Object]", source: https://test.highloka.com/_next/static/chunks/pages/_app-4e0a347dc425d5bf.js (79)
[21503:21503:0526/171024.252569:INFO:CONSOLE:79] "%c action     color: #03A9F4; font-weight: bold [object Object]", source: https://test.highloka.com/_next/static/chunks/pages/_app-4e0a347dc425d5bf.js (79)
[21503:21503:0526/171024.252831:INFO:CONSOLE:79] "%c next state color: #4CAF50; font-weight: bold [object Object]", source: https://test.highloka.com/_next/static/chunks/pages/_app-4e0a347dc425d5bf.js (79)
[21503:21503:0526/171024.252936:INFO:CONSOLE:79] "console.groupEnd", source: https://test.highloka.com/_next/static/chunks/pages/_app-4e0a347dc425d5bf.js (79)
[21503:21503:0526/171024.253779:INFO:CONSOLE:67] "Showing Controls. ", source: https://test.highloka.com/_next/static/chunks/pages/_app-4e0a347dc425d5bf.js (67)
[21503:21503:0526/171024.254937:INFO:CONSOLE:67] "Showing Controls. ", source: https://test.highloka.com/_next/static/chunks/pages/_app-4e0a347dc425d5bf.js (67)
[21503:21503:0526/171024.256474:INFO:CONSOLE:1] "ReactHlsPlayerComponent this.props play", source: https://test.highloka.com/_next/static/chunks/pages/concerts/%5Bslug%5D/arena-1595f5991389ce40.js (1)
[21503:21503:0526/171024.382295:INFO:CONSOLE:1] "receivedAudienceUserStrip null", source: https://test.highloka.com/_next/static/chunks/pages/concerts/%5Bslug%5D/arena-1595f5991389ce40.js (1)
[21503:21503:0526/171024.383530:INFO:CONSOLE:1] "receivedAudienceUserStrip null", source: https://test.highloka.com/_next/static/chunks/pages/concerts/%5Bslug%5D/arena-1595f5991389ce40.js (1)
[21503:21503:0526/171024.401685:INFO:CONSOLE:79] "%c action %cSHOW_AUTO_HIDDEN_ES_VIDEO_PLAYER_CONTROLS %c@ 17:10:24.400 color: gray; font-weight: lighter; color: inherit; color: gray; font-weight: lighter;", source: https://test.highloka.com/_next/static/chunks/pages/_app-4e0a347dc425d5bf.js (79)
[21503:21503:0526/171024.401853:INFO:CONSOLE:79] "%c prev state color: #9E9E9E; font-weight: bold [object Object]", source: https://test.highloka.com/_next/static/chunks/pages/_app-4e0a347dc425d5bf.js (79)
[21503:21503:0526/171024.402230:INFO:CONSOLE:79] "%c action     color: #03A9F4; font-weight: bold [object Object]", source: https://test.highloka.com/_next/static/chunks/pages/_app-4e0a347dc425d5bf.js (79)
[21503:21503:0526/171024.402546:INFO:CONSOLE:79] "%c next state color: #4CAF50; font-weight: bold [object Object]", source: https://test.highloka.com/_next/static/chunks/pages/_app-4e0a347dc425d5bf.js (79)
[21503:21503:0526/171024.403458:INFO:CONSOLE:79] "console.groupEnd", source: https://test.highloka.com/_next/static/chunks/pages/_app-4e0a347dc425d5bf.js (79)
[21503:21503:0526/171024.403606:INFO:CONSOLE:67] "Showing Controls. ", source: https://test.highloka.com/_next/static/chunks/pages/_app-4e0a347dc425d5bf.js (67)
[21503:21503:0526/171024.403956:INFO:CONSOLE:67] "Showing Controls. ", source: https://test.highloka.com/_next/static/chunks/pages/_app-4e0a347dc425d5bf.js (67)
[21503:21503:0526/171024.404862:INFO:CONSOLE:1] "ReactHlsPlayerComponent this.props play", source: https://test.highloka.com/_next/static/chunks/pages/concerts/%5Bslug%5D/arena-1595f5991389ce40.js (1)
[21503:21503:0526/171024.417540:INFO:CONSOLE:79] "%c action %cSHOW_AUTO_HIDDEN_ES_VIDEO_PLAYER_CONTROLS %c@ 17:10:24.416 color: gray; font-weight: lighter; color: inherit; color: gray; font-weight: lighter;", source: https://test.highloka.com/_next/static/chunks/pages/_app-4e0a347dc425d5bf.js (79)
[21503:21503:0526/171024.417922:INFO:CONSOLE:79] "%c prev state color: #9E9E9E; font-weight: bold [object Object]", source: https://test.highloka.com/_next/static/chunks/pages/_app-4e0a347dc425d5bf.js (79)
[21503:21503:0526/171024.418214:INFO:CONSOLE:79] "%c action     color: #03A9F4; font-weight: bold [object Object]", source: https://test.highloka.com/_next/static/chunks/pages/_app-4e0a347dc425d5bf.js (79)
[21503:21503:0526/171024.418556:INFO:CONSOLE:79] "%c next state color: #4CAF50; font-weight: bold [object Object]", source: https://test.highloka.com/_next/static/chunks/pages/_app-4e0a347dc425d5bf.js (79)
[21503:21503:0526/171024.418852:INFO:CONSOLE:79] "console.groupEnd", source: https://test.highloka.com/_next/static/chunks/pages/_app-4e0a347dc425d5bf.js (79)
[21503:21503:0526/171024.419332:INFO:CONSOLE:67] "Showing Controls. ", source: https://test.highloka.com/_next/static/chunks/pages/_app-4e0a347dc425d5bf.js (67)
[21503:21503:0526/171024.420045:INFO:CONSOLE:67] "Showing Controls. ", source: https://test.highloka.com/_next/static/chunks/pages/_app-4e0a347dc425d5bf.js (67)
[21503:21503:0526/171024.421102:INFO:CONSOLE:1] "ReactHlsPlayerComponent this.props play", source: https://test.highloka.com/_next/static/chunks/pages/concerts/%5Bslug%5D/arena-1595f5991389ce40.js (1)
[21503:21503:0526/171024.434904:INFO:CONSOLE:79] "%c action %cSHOW_AUTO_HIDDEN_ES_VIDEO_PLAYER_CONTROLS %c@ 17:10:24.433 color: gray; font-weight: lighter; color: inherit; color: gray; font-weight: lighter;", source: https://test.highloka.com/_next/static/chunks/pages/_app-4e0a347dc425d5bf.js (79)
[21503:21503:0526/171024.435143:INFO:CONSOLE:79] "%c prev state color: #9E9E9E; font-weight: bold [object Object]", source: https://test.highloka.com/_next/static/chunks/pages/_app-4e0a347dc425d5bf.js (79)
[21503:21503:0526/171024.435656:INFO:CONSOLE:79] "%c action     color: #03A9F4; font-weight: bold [object Object]", source: https://test.highloka.com/_next/static/chunks/pages/_app-4e0a347dc425d5bf.js (79)
[21503:21503:0526/171024.435998:INFO:CONSOLE:79] "%c next state color: #4CAF50; font-weight: bold [object Object]", source: https://test.highloka.com/_next/static/chunks/pages/_app-4e0a347dc425d5bf.js (79)
[21503:21503:0526/171024.436313:INFO:CONSOLE:79] "console.groupEnd", source: https://test.highloka.com/_next/static/chunks/pages/_app-4e0a347dc425d5bf.js (79)
[21503:21503:0526/171024.437245:INFO:CONSOLE:67] "Showing Controls. ", source: https://test.highloka.com/_next/static/chunks/pages/_app-4e0a347dc425d5bf.js (67)
[21503:21503:0526/171024.438155:INFO:CONSOLE:67] "Showing Controls. ", source: https://test.highloka.com/_next/static/chunks/pages/_app-4e0a347dc425d5bf.js (67)
[21503:21503:0526/171024.439141:INFO:CONSOLE:1] "ReactHlsPlayerComponent this.props play", source: https://test.highloka.com/_next/static/chunks/pages/concerts/%5Bslug%5D/arena-1595f5991389ce40.js (1)
[21503:21503:0526/171024.451052:INFO:CONSOLE:79] "%c action %cSHOW_AUTO_HIDDEN_ES_VIDEO_PLAYER_CONTROLS %c@ 17:10:24.450 color: gray; font-weight: lighter; color: inherit; color: gray; font-weight: lighter;", source: https://test.highloka.com/_next/static/chunks/pages/_app-4e0a347dc425d5bf.js (79)
[21503:21503:0526/171024.451317:INFO:CONSOLE:79] "%c prev state color: #9E9E9E; font-weight: bold [object Object]", source: https://test.highloka.com/_next/static/chunks/pages/_app-4e0a347dc425d5bf.js (79)
[21503:21503:0526/171024.451471:INFO:CONSOLE:79] "%c action     color: #03A9F4; font-weight: bold [object Object]", source: https://test.highloka.com/_next/static/chunks/pages/_app-4e0a347dc425d5bf.js (79)
[21503:21503:0526/171024.451661:INFO:CONSOLE:79] "%c next state color: #4CAF50; font-weight: bold [object Object]", source: https://test.highloka.com/_next/static/chunks/pages/_app-4e0a347dc425d5bf.js (79)
[21503:21503:0526/171024.452129:INFO:CONSOLE:79] "console.groupEnd", source: https://test.highloka.com/_next/static/chunks/pages/_app-4e0a347dc425d5bf.js (79)
[21503:21503:0526/171024.452509:INFO:CONSOLE:67] "Showing Controls. ", source: https://test.highloka.com/_next/static/chunks/pages/_app-4e0a347dc425d5bf.js (67)
[21503:21503:0526/171024.452921:INFO:CONSOLE:67] "Showing Controls. ", source: https://test.highloka.com/_next/static/chunks/pages/_app-4e0a347dc425d5bf.js (67)
[21503:21503:0526/171024.453912:INFO:CONSOLE:1] "ReactHlsPlayerComponent this.props play", source: https://test.highloka.com/_next/static/chunks/pages/concerts/%5Bslug%5D/arena-1595f5991389ce40.js (1)
[21503:21503:0526/171024.468015:INFO:CONSOLE:79] "%c action %cSHOW_AUTO_HIDDEN_ES_VIDEO_PLAYER_CONTROLS %c@ 17:10:24.467 color: gray; font-weight: lighter; color: inherit; color: gray; font-weight: lighter;", source: https://test.highloka.com/_next/static/chunks/pages/_app-4e0a347dc425d5bf.js (79)
[21503:21503:0526/171024.468222:INFO:CONSOLE:79] "%c prev state color: #9E9E9E; font-weight: bold [object Object]", source: https://test.highloka.com/_next/static/chunks/pages/_app-4e0a347dc425d5bf.js (79)
[21503:21503:0526/171024.468532:INFO:CONSOLE:79] "%c action     color: #03A9F4; font-weight: bold [object Object]", source: https://test.highloka.com/_next/static/chunks/pages/_app-4e0a347dc425d5bf.js (79)
[21503:21503:0526/171024.468923:INFO:CONSOLE:79] "%c next state color: #4CAF50; font-weight: bold [object Object]", source: https://test.highloka.com/_next/static/chunks/pages/_app-4e0a347dc425d5bf.js (79)
[21503:21503:0526/171024.469170:INFO:CONSOLE:79] "console.groupEnd", source: https://test.highloka.com/_next/static/chunks/pages/_app-4e0a347dc425d5bf.js (79)
[21503:21503:0526/171024.469671:INFO:CONSOLE:67] "Showing Controls. ", source: https://test.highloka.com/_next/static/chunks/pages/_app-4e0a347dc425d5bf.js (67)
[21503:21503:0526/171024.470046:INFO:CONSOLE:67] "Showing Controls. ", source: https://test.highloka.com/_next/static/chunks/pages/_app-4e0a347dc425d5bf.js (67)
[21503:21503:0526/171024.471202:INFO:CONSOLE:1] "ReactHlsPlayerComponent this.props play", source: https://test.highloka.com/_next/static/chunks/pages/concerts/%5Bslug%5D/arena-1595f5991389ce40.js (1)
[21503:21503:0526/171024.485761:INFO:CONSOLE:79] "%c action %cSHOW_AUTO_HIDDEN_ES_VIDEO_PLAYER_CONTROLS %c@ 17:10:24.484 color: gray; font-weight: lighter; color: inherit; color: gray; font-weight: lighter;", source: https://test.highloka.com/_next/static/chunks/pages/_app-4e0a347dc425d5bf.js (79)
[21503:21503:0526/171024.485965:INFO:CONSOLE:79] "%c prev state color: #9E9E9E; font-weight: bold [object Object]", source: https://test.highloka.com/_next/static/chunks/pages/_app-4e0a347dc425d5bf.js (79)
[21503:21503:0526/171024.486782:INFO:CONSOLE:79] "%c action     color: #03A9F4; font-weight: bold [object Object]", source: https://test.highloka.com/_next/static/chunks/pages/_app-4e0a347dc425d5bf.js (79)
[21503:21503:0526/171024.487399:INFO:CONSOLE:79] "%c next state color: #4CAF50; font-weight: bold [object Object]", source: https://test.highloka.com/_next/static/chunks/pages/_app-4e0a347dc425d5bf.js (79)
[21503:21503:0526/171024.487529:INFO:CONSOLE:79] "console.groupEnd", source: https://test.highloka.com/_next/static/chunks/pages/_app-4e0a347dc425d5bf.js (79)
[21503:21503:0526/171024.487774:INFO:CONSOLE:67] "Showing Controls. ", source: https://test.highloka.com/_next/static/chunks/pages/_app-4e0a347dc425d5bf.js (67)
[21503:21503:0526/171024.488157:INFO:CONSOLE:67] "Showing Controls. ", source: https://test.highloka.com/_next/static/chunks/pages/_app-4e0a347dc425d5bf.js (67)
[21503:21503:0526/171024.489218:INFO:CONSOLE:1] "ReactHlsPlayerComponent this.props play", source: https://test.highloka.com/_next/static/chunks/pages/concerts/%5Bslug%5D/arena-1595f5991389ce40.js (1)
[21503:21503:0526/171024.500901:INFO:CONSOLE:79] "%c action %cSHOW_AUTO_HIDDEN_ES_VIDEO_PLAYER_CONTROLS %c@ 17:10:24.500 color: gray; font-weight: lighter; color: inherit; color: gray; font-weight: lighter;", source: https://test.highloka.com/_next/static/chunks/pages/_app-4e0a347dc425d5bf.js (79)
[21503:21503:0526/171024.501112:INFO:CONSOLE:79] "%c prev state color: #9E9E9E; font-weight: bold [object Object]", source: https://test.highloka.com/_next/static/chunks/pages/_app-4e0a347dc425d5bf.js (79)
[21503:21503:0526/171024.501571:INFO:CONSOLE:79] "%c action     color: #03A9F4; font-weight: bold [object Object]", source: https://test.highloka.com/_next/static/chunks/pages/_app-4e0a347dc425d5bf.js (79)
[21503:21503:0526/171024.501798:INFO:CONSOLE:79] "%c next state color: #4CAF50; font-weight: bold [object Object]", source: https://test.highloka.com/_next/static/chunks/pages/_app-4e0a347dc425d5bf.js (79)
[21503:21503:0526/171024.501992:INFO:CONSOLE:79] "console.groupEnd", source: https://test.highloka.com/_next/static/chunks/pages/_app-4e0a347dc425d5bf.js (79)
[21503:21503:0526/171024.502438:INFO:CONSOLE:67] "Showing Controls. ", source: https://test.highloka.com/_next/static/chunks/pages/_app-4e0a347dc425d5bf.js (67)
[21503:21503:0526/171024.503009:INFO:CONSOLE:67] "Showing Controls. ", source: https://test.highloka.com/_next/static/chunks/pages/_app-4e0a347dc425d5bf.js (67)
[21503:21503:0526/171024.503869:INFO:CONSOLE:1] "ReactHlsPlayerComponent this.props play", source: https://test.highloka.com/_next/static/chunks/pages/concerts/%5Bslug%5D/arena-1595f5991389ce40.js (1)
[21503:21503:0526/171024.518529:INFO:CONSOLE:79] "%c action %cSHOW_AUTO_HIDDEN_ES_VIDEO_PLAYER_CONTROLS %c@ 17:10:24.517 color: gray; font-weight: lighter; color: inherit; color: gray; font-weight: lighter;", source: https://test.highloka.com/_next/static/chunks/pages/_app-4e0a347dc425d5bf.js (79)
[21503:21503:0526/171024.518710:INFO:CONSOLE:79] "%c prev state color: #9E9E9E; font-weight: bold [object Object]", source: https://test.highloka.com/_next/static/chunks/pages/_app-4e0a347dc425d5bf.js (79)
[21503:21503:0526/171024.519125:INFO:CONSOLE:79] "%c action     color: #03A9F4; font-weight: bold [object Object]", source: https://test.highloka.com/_next/static/chunks/pages/_app-4e0a347dc425d5bf.js (79)
[21503:21503:0526/171024.519508:INFO:CONSOLE:79] "%c next state color: #4CAF50; font-weight: bold [object Object]", source: https://test.highloka.com/_next/static/chunks/pages/_app-4e0a347dc425d5bf.js (79)
[21503:21503:0526/171024.519794:INFO:CONSOLE:79] "console.groupEnd", source: https://test.highloka.com/_next/static/chunks/pages/_app-4e0a347dc425d5bf.js (79)
[21503:21503:0526/171024.520264:INFO:CONSOLE:67] "Showing Controls. ", source: https://test.highloka.com/_next/static/chunks/pages/_app-4e0a347dc425d5bf.js (67)
[21503:21503:0526/171024.520794:INFO:CONSOLE:67] "Showing Controls. ", source: https://test.highloka.com/_next/static/chunks/pages/_app-4e0a347dc425d5bf.js (67)
[21503:21503:0526/171024.522217:INFO:CONSOLE:1] "ReactHlsPlayerComponent this.props play", source: https://test.highloka.com/_next/static/chunks/pages/concerts/%5Bslug%5D/arena-1595f5991389ce40.js (1)
[21503:21503:0526/171024.601010:INFO:CONSOLE:79] "%c action %cSHOW_AUTO_HIDDEN_ES_VIDEO_PLAYER_CONTROLS %c@ 17:10:24.600 color: gray; font-weight: lighter; color: inherit; color: gray; font-weight: lighter;", source: https://test.highloka.com/_next/static/chunks/pages/_app-4e0a347dc425d5bf.js (79)
[21503:21503:0526/171024.601230:INFO:CONSOLE:79] "%c prev state color: #9E9E9E; font-weight: bold [object Object]", source: https://test.highloka.com/_next/static/chunks/pages/_app-4e0a347dc425d5bf.js (79)
[21503:21503:0526/171024.601649:INFO:CONSOLE:79] "%c action     color: #03A9F4; font-weight: bold [object Object]", source: https://test.highloka.com/_next/static/chunks/pages/_app-4e0a347dc425d5bf.js (79)
[21503:21503:0526/171024.601850:INFO:CONSOLE:79] "%c next state color: #4CAF50; font-weight: bold [object Object]", source: https://test.highloka.com/_next/static/chunks/pages/_app-4e0a347dc425d5bf.js (79)
[21503:21503:0526/171024.602076:INFO:CONSOLE:79] "console.groupEnd", source: https://test.highloka.com/_next/static/chunks/pages/_app-4e0a347dc425d5bf.js (79)
[21503:21503:0526/171024.602454:INFO:CONSOLE:67] "Showing Controls. ", source: https://test.highloka.com/_next/static/chunks/pages/_app-4e0a347dc425d5bf.js (67)
[21503:21503:0526/171024.602832:INFO:CONSOLE:67] "Showing Controls. ", source: https://test.highloka.com/_next/static/chunks/pages/_app-4e0a347dc425d5bf.js (67)
[21503:21503:0526/171024.603837:INFO:CONSOLE:1] "ReactHlsPlayerComponent this.props play", source: https://test.highloka.com/_next/static/chunks/pages/concerts/%5Bslug%5D/arena-1595f5991389ce40.js (1)
[21503:21503:0526/171025.500502:INFO:CONSOLE:79] "%c action %cSHOW_AUTO_HIDDEN_ES_VIDEO_PLAYER_CONTROLS %c@ 17:10:25.499 color: gray; font-weight: lighter; color: inherit; color: gray; font-weight: lighter;", source: https://test.highloka.com/_next/static/chunks/pages/_app-4e0a347dc425d5bf.js (79)
[21503:21503:0526/171025.500894:INFO:CONSOLE:79] "%c prev state color: #9E9E9E; font-weight: bold [object Object]", source: https://test.highloka.com/_next/static/chunks/pages/_app-4e0a347dc425d5bf.js (79)
[21503:21503:0526/171025.501007:INFO:CONSOLE:79] "%c action     color: #03A9F4; font-weight: bold [object Object]", source: https://test.highloka.com/_next/static/chunks/pages/_app-4e0a347dc425d5bf.js (79)
[21503:21503:0526/171025.501098:INFO:CONSOLE:79] "%c next state color: #4CAF50; font-weight: bold [object Object]", source: https://test.highloka.com/_next/static/chunks/pages/_app-4e0a347dc425d5bf.js (79)
[21503:21503:0526/171025.501291:INFO:CONSOLE:79] "console.groupEnd", source: https://test.highloka.com/_next/static/chunks/pages/_app-4e0a347dc425d5bf.js (79)
[21503:21503:0526/171025.501760:INFO:CONSOLE:67] "Showing Controls. ", source: https://test.highloka.com/_next/static/chunks/pages/_app-4e0a347dc425d5bf.js (67)
[21503:21503:0526/171025.502429:INFO:CONSOLE:67] "Showing Controls. ", source: https://test.highloka.com/_next/static/chunks/pages/_app-4e0a347dc425d5bf.js (67)
[21503:21503:0526/171025.503234:INFO:CONSOLE:1] "ReactHlsPlayerComponent this.props play", source: https://test.highloka.com/_next/static/chunks/pages/concerts/%5Bslug%5D/arena-1595f5991389ce40.js (1)
[21503:21503:0526/171025.517014:INFO:CONSOLE:79] "%c action %cSHOW_AUTO_HIDDEN_ES_VIDEO_PLAYER_CONTROLS %c@ 17:10:25.516 color: gray; font-weight: lighter; color: inherit; color: gray; font-weight: lighter;", source: https://test.highloka.com/_next/static/chunks/pages/_app-4e0a347dc425d5bf.js (79)
[21503:21503:0526/171025.517054:INFO:CONSOLE:79] "%c prev state color: #9E9E9E; font-weight: bold [object Object]", source: https://test.highloka.com/_next/static/chunks/pages/_app-4e0a347dc425d5bf.js (79)
[21503:21503:0526/171025.517151:INFO:CONSOLE:79] "%c action     color: #03A9F4; font-weight: bold [object Object]", source: https://test.highloka.com/_next/static/chunks/pages/_app-4e0a347dc425d5bf.js (79)
[21503:21503:0526/171025.517218:INFO:CONSOLE:79] "%c next state color: #4CAF50; font-weight: bold [object Object]", source: https://test.highloka.com/_next/static/chunks/pages/_app-4e0a347dc425d5bf.js (79)
[21503:21503:0526/171025.517279:INFO:CONSOLE:79] "console.groupEnd", source: https://test.highloka.com/_next/static/chunks/pages/_app-4e0a347dc425d5bf.js (79)
[21503:21503:0526/171025.517388:INFO:CONSOLE:67] "Showing Controls. ", source: https://test.highloka.com/_next/static/chunks/pages/_app-4e0a347dc425d5bf.js (67)
[21503:21503:0526/171025.517564:INFO:CONSOLE:67] "Showing Controls. ", source: https://test.highloka.com/_next/static/chunks/pages/_app-4e0a347dc425d5bf.js (67)
[21503:21503:0526/171025.517811:INFO:CONSOLE:1] "ReactHlsPlayerComponent this.props play", source: https://test.highloka.com/_next/static/chunks/pages/concerts/%5Bslug%5D/arena-1595f5991389ce40.js (1)
[21503:21503:0526/171025.533961:INFO:CONSOLE:79] "%c action %cSHOW_AUTO_HIDDEN_ES_VIDEO_PLAYER_CONTROLS %c@ 17:10:25.533 color: gray; font-weight: lighter; color: inherit; color: gray; font-weight: lighter;", source: https://test.highloka.com/_next/static/chunks/pages/_app-4e0a347dc425d5bf.js (79)
[21503:21503:0526/171025.534034:INFO:CONSOLE:79] "%c prev state color: #9E9E9E; font-weight: bold [object Object]", source: https://test.highloka.com/_next/static/chunks/pages/_app-4e0a347dc425d5bf.js (79)
[21503:21503:0526/171025.534117:INFO:CONSOLE:79] "%c action     color: #03A9F4; font-weight: bold [object Object]", source: https://test.highloka.com/_next/static/chunks/pages/_app-4e0a347dc425d5bf.js (79)
[21503:21503:0526/171025.534222:INFO:CONSOLE:79] "%c next state color: #4CAF50; font-weight: bold [object Object]", source: https://test.highloka.com/_next/static/chunks/pages/_app-4e0a347dc425d5bf.js (79)
[21503:21503:0526/171025.534310:INFO:CONSOLE:79] "console.groupEnd", source: https://test.highloka.com/_next/static/chunks/pages/_app-4e0a347dc425d5bf.js (79)
[21503:21503:0526/171025.535028:INFO:CONSOLE:67] "Showing Controls. ", source: https://test.highloka.com/_next/static/chunks/pages/_app-4e0a347dc425d5bf.js (67)
[21503:21503:0526/171025.535106:INFO:CONSOLE:67] "Showing Controls. ", source: https://test.highloka.com/_next/static/chunks/pages/_app-4e0a347dc425d5bf.js (67)
[21503:21503:0526/171025.535456:INFO:CONSOLE:1] "ReactHlsPlayerComponent this.props play", source: https://test.highloka.com/_next/static/chunks/pages/concerts/%5Bslug%5D/arena-1595f5991389ce40.js (1)
[21503:21503:0526/171025.550970:INFO:CONSOLE:79] "%c action %cSHOW_AUTO_HIDDEN_ES_VIDEO_PLAYER_CONTROLS %c@ 17:10:25.550 color: gray; font-weight: lighter; color: inherit; color: gray; font-weight: lighter;", source: https://test.highloka.com/_next/static/chunks/pages/_app-4e0a347dc425d5bf.js (79)
[21503:21503:0526/171025.551111:INFO:CONSOLE:79] "%c prev state color: #9E9E9E; font-weight: bold [object Object]", source: https://test.highloka.com/_next/static/chunks/pages/_app-4e0a347dc425d5bf.js (79)
[21503:21503:0526/171025.551528:INFO:CONSOLE:79] "%c action     color: #03A9F4; font-weight: bold [object Object]", source: https://test.highloka.com/_next/static/chunks/pages/_app-4e0a347dc425d5bf.js (79)
[21503:21503:0526/171025.551848:INFO:CONSOLE:79] "%c next state color: #4CAF50; font-weight: bold [object Object]", source: https://test.highloka.com/_next/static/chunks/pages/_app-4e0a347dc425d5bf.js (79)
[21503:21503:0526/171025.552476:INFO:CONSOLE:79] "console.groupEnd", source: https://test.highloka.com/_next/static/chunks/pages/_app-4e0a347dc425d5bf.js (79)
[21503:21503:0526/171025.553027:INFO:CONSOLE:67] "Showing Controls. ", source: https://test.highloka.com/_next/static/chunks/pages/_app-4e0a347dc425d5bf.js (67)
[21503:21503:0526/171025.553578:INFO:CONSOLE:67] "Showing Controls. ", source: https://test.highloka.com/_next/static/chunks/pages/_app-4e0a347dc425d5bf.js (67)
[21503:21503:0526/171025.554565:INFO:CONSOLE:1] "ReactHlsPlayerComponent this.props play", source: https://test.highloka.com/_next/static/chunks/pages/concerts/%5Bslug%5D/arena-1595f5991389ce40.js (1)
[21503:21503:0526/171025.567188:INFO:CONSOLE:79] "%c action %cSHOW_AUTO_HIDDEN_ES_VIDEO_PLAYER_CONTROLS %c@ 17:10:25.566 color: gray; font-weight: lighter; color: inherit; color: gray; font-weight: lighter;", source: https://test.highloka.com/_next/static/chunks/pages/_app-4e0a347dc425d5bf.js (79)
[21503:21503:0526/171025.567484:INFO:CONSOLE:79] "%c prev state color: #9E9E9E; font-weight: bold [object Object]", source: https://test.highloka.com/_next/static/chunks/pages/_app-4e0a347dc425d5bf.js (79)
[21503:21503:0526/171025.568166:INFO:CONSOLE:79] "%c action     color: #03A9F4; font-weight: bold [object Object]", source: https://test.highloka.com/_next/static/chunks/pages/_app-4e0a347dc425d5bf.js (79)
[21503:21503:0526/171025.568560:INFO:CONSOLE:79] "%c next state color: #4CAF50; font-weight: bold [object Object]", source: https://test.highloka.com/_next/static/chunks/pages/_app-4e0a347dc425d5bf.js (79)
[21503:21503:0526/171025.568850:INFO:CONSOLE:79] "console.groupEnd", source: https://test.highloka.com/_next/static/chunks/pages/_app-4e0a347dc425d5bf.js (79)
[21503:21503:0526/171025.569320:INFO:CONSOLE:67] "Showing Controls. ", source: https://test.highloka.com/_next/static/chunks/pages/_app-4e0a347dc425d5bf.js (67)
[21503:21503:0526/171025.569739:INFO:CONSOLE:67] "Showing Controls. ", source: https://test.highloka.com/_next/static/chunks/pages/_app-4e0a347dc425d5bf.js (67)
[21503:21503:0526/171025.570864:INFO:CONSOLE:1] "ReactHlsPlayerComponent this.props play", source: https://test.highloka.com/_next/static/chunks/pages/concerts/%5Bslug%5D/arena-1595f5991389ce40.js (1)
[21503:21503:0526/171025.584090:INFO:CONSOLE:79] "%c action %cSHOW_AUTO_HIDDEN_ES_VIDEO_PLAYER_CONTROLS %c@ 17:10:25.583 color: gray; font-weight: lighter; color: inherit; color: gray; font-weight: lighter;", source: https://test.highloka.com/_next/static/chunks/pages/_app-4e0a347dc425d5bf.js (79)
[21503:21503:0526/171025.584343:INFO:CONSOLE:79] "%c prev state color: #9E9E9E; font-weight: bold [object Object]", source: https://test.highloka.com/_next/static/chunks/pages/_app-4e0a347dc425d5bf.js (79)
[21503:21503:0526/171025.584736:INFO:CONSOLE:79] "%c action     color: #03A9F4; font-weight: bold [object Object]", source: https://test.highloka.com/_next/static/chunks/pages/_app-4e0a347dc425d5bf.js (79)
[21503:21503:0526/171025.585027:INFO:CONSOLE:79] "%c next state color: #4CAF50; font-weight: bold [object Object]", source: https://test.highloka.com/_next/static/chunks/pages/_app-4e0a347dc425d5bf.js (79)
[21503:21503:0526/171025.585264:INFO:CONSOLE:79] "console.groupEnd", source: https://test.highloka.com/_next/static/chunks/pages/_app-4e0a347dc425d5bf.js (79)
[21503:21503:0526/171025.585613:INFO:CONSOLE:67] "Showing Controls. ", source: https://test.highloka.com/_next/static/chunks/pages/_app-4e0a347dc425d5bf.js (67)
[21503:21503:0526/171025.585963:INFO:CONSOLE:67] "Showing Controls. ", source: https://test.highloka.com/_next/static/chunks/pages/_app-4e0a347dc425d5bf.js (67)
[21503:21503:0526/171025.586592:INFO:CONSOLE:1] "ReactHlsPlayerComponent this.props play", source: https://test.highloka.com/_next/static/chunks/pages/concerts/%5Bslug%5D/arena-1595f5991389ce40.js (1)
[21503:21503:0526/171025.652134:INFO:CONSOLE:79] "%c action %cSHOW_AUTO_HIDDEN_ES_VIDEO_PLAYER_CONTROLS %c@ 17:10:25.651 color: gray; font-weight: lighter; color: inherit; color: gray; font-weight: lighter;", source: https://test.highloka.com/_next/static/chunks/pages/_app-4e0a347dc425d5bf.js (79)
[21503:21503:0526/171025.652355:INFO:CONSOLE:79] "%c prev state color: #9E9E9E; font-weight: bold [object Object]", source: https://test.highloka.com/_next/static/chunks/pages/_app-4e0a347dc425d5bf.js (79)
[21503:21503:0526/171025.652967:INFO:CONSOLE:79] "%c action     color: #03A9F4; font-weight: bold [object Object]", source: https://test.highloka.com/_next/static/chunks/pages/_app-4e0a347dc425d5bf.js (79)
[21503:21503:0526/171025.653450:INFO:CONSOLE:79] "%c next state color: #4CAF50; font-weight: bold [object Object]", source: https://test.highloka.com/_next/static/chunks/pages/_app-4e0a347dc425d5bf.js (79)
[21503:21503:0526/171025.653594:INFO:CONSOLE:79] "console.groupEnd", source: https://test.highloka.com/_next/static/chunks/pages/_app-4e0a347dc425d5bf.js (79)
[21503:21503:0526/171025.654026:INFO:CONSOLE:67] "Showing Controls. ", source: https://test.highloka.com/_next/static/chunks/pages/_app-4e0a347dc425d5bf.js (67)
[21503:21503:0526/171025.654521:INFO:CONSOLE:67] "Showing Controls. ", source: https://test.highloka.com/_next/static/chunks/pages/_app-4e0a347dc425d5bf.js (67)
[21503:21503:0526/171025.655616:INFO:CONSOLE:1] "ReactHlsPlayerComponent this.props play", source: https://test.highloka.com/_next/static/chunks/pages/concerts/%5Bslug%5D/arena-1595f5991389ce40.js (1)
[21503:21503:0526/171025.667494:INFO:CONSOLE:79] "%c action %cSHOW_AUTO_HIDDEN_ES_VIDEO_PLAYER_CONTROLS %c@ 17:10:25.666 color: gray; font-weight: lighter; color: inherit; color: gray; font-weight: lighter;", source: https://test.highloka.com/_next/static/chunks/pages/_app-4e0a347dc425d5bf.js (79)
[21503:21503:0526/171025.667595:INFO:CONSOLE:79] "%c prev state color: #9E9E9E; font-weight: bold [object Object]", source: https://test.highloka.com/_next/static/chunks/pages/_app-4e0a347dc425d5bf.js (79)
[21503:21503:0526/171025.667619:INFO:CONSOLE:79] "%c action     color: #03A9F4; font-weight: bold [object Object]", source: https://test.highloka.com/_next/static/chunks/pages/_app-4e0a347dc425d5bf.js (79)
[21503:21503:0526/171025.667703:INFO:CONSOLE:79] "%c next state color: #4CAF50; font-weight: bold [object Object]", source: https://test.highloka.com/_next/static/chunks/pages/_app-4e0a347dc425d5bf.js (79)
[21503:21503:0526/171025.667801:INFO:CONSOLE:79] "console.groupEnd", source: https://test.highloka.com/_next/static/chunks/pages/_app-4e0a347dc425d5bf.js (79)
[21503:21503:0526/171025.667978:INFO:CONSOLE:67] "Showing Controls. ", source: https://test.highloka.com/_next/static/chunks/pages/_app-4e0a347dc425d5bf.js (67)
[21503:21503:0526/171025.668151:INFO:CONSOLE:67] "Showing Controls. ", source: https://test.highloka.com/_next/static/chunks/pages/_app-4e0a347dc425d5bf.js (67)
[21503:21503:0526/171025.668939:INFO:CONSOLE:1] "ReactHlsPlayerComponent this.props play", source: https://test.highloka.com/_next/static/chunks/pages/concerts/%5Bslug%5D/arena-1595f5991389ce40.js (1)
[21503:21503:0526/171025.685156:INFO:CONSOLE:79] "%c action %cSHOW_AUTO_HIDDEN_ES_VIDEO_PLAYER_CONTROLS %c@ 17:10:25.684 color: gray; font-weight: lighter; color: inherit; color: gray; font-weight: lighter;", source: https://test.highloka.com/_next/static/chunks/pages/_app-4e0a347dc425d5bf.js (79)
[21503:21503:0526/171025.685329:INFO:CONSOLE:79] "%c prev state color: #9E9E9E; font-weight: bold [object Object]", source: https://test.highloka.com/_next/static/chunks/pages/_app-4e0a347dc425d5bf.js (79)
[21503:21503:0526/171025.685647:INFO:CONSOLE:79] "%c action     color: #03A9F4; font-weight: bold [object Object]", source: https://test.highloka.com/_next/static/chunks/pages/_app-4e0a347dc425d5bf.js (79)
[21503:21503:0526/171025.685878:INFO:CONSOLE:79] "%c next state color: #4CAF50; font-weight: bold [object Object]", source: https://test.highloka.com/_next/static/chunks/pages/_app-4e0a347dc425d5bf.js (79)
[21503:21503:0526/171025.686317:INFO:CONSOLE:79] "console.groupEnd", source: https://test.highloka.com/_next/static/chunks/pages/_app-4e0a347dc425d5bf.js (79)
[21503:21503:0526/171025.686804:INFO:CONSOLE:67] "Showing Controls. ", source: https://test.highloka.com/_next/static/chunks/pages/_app-4e0a347dc425d5bf.js (67)
[21503:21503:0526/171025.687250:INFO:CONSOLE:67] "Showing Controls. ", source: https://test.highloka.com/_next/static/chunks/pages/_app-4e0a347dc425d5bf.js (67)
[21503:21503:0526/171025.688344:INFO:CONSOLE:1] "ReactHlsPlayerComponent this.props play", source: https://test.highloka.com/_next/static/chunks/pages/concerts/%5Bslug%5D/arena-1595f5991389ce40.js (1)
[21503:21503:0526/171025.701335:INFO:CONSOLE:79] "%c action %cSHOW_AUTO_HIDDEN_ES_VIDEO_PLAYER_CONTROLS %c@ 17:10:25.700 color: gray; font-weight: lighter; color: inherit; color: gray; font-weight: lighter;", source: https://test.highloka.com/_next/static/chunks/pages/_app-4e0a347dc425d5bf.js (79)
[21503:21503:0526/171025.701521:INFO:CONSOLE:79] "%c prev state color: #9E9E9E; font-weight: bold [object Object]", source: https://test.highloka.com/_next/static/chunks/pages/_app-4e0a347dc425d5bf.js (79)
[21503:21503:0526/171025.701767:INFO:CONSOLE:79] "%c action     color: #03A9F4; font-weight: bold [object Object]", source: https://test.highloka.com/_next/static/chunks/pages/_app-4e0a347dc425d5bf.js (79)
[21503:21503:0526/171025.702033:INFO:CONSOLE:79] "%c next state color: #4CAF50; font-weight: bold [object Object]", source: https://test.highloka.com/_next/static/chunks/pages/_app-4e0a347dc425d5bf.js (79)
[21503:21503:0526/171025.702221:INFO:CONSOLE:79] "console.groupEnd", source: https://test.highloka.com/_next/static/chunks/pages/_app-4e0a347dc425d5bf.js (79)
[21503:21503:0526/171025.702807:INFO:CONSOLE:67] "Showing Controls. ", source: https://test.highloka.com/_next/static/chunks/pages/_app-4e0a347dc425d5bf.js (67)
[21503:21503:0526/171025.703666:INFO:CONSOLE:67] "Showing Controls. ", source: https://test.highloka.com/_next/static/chunks/pages/_app-4e0a347dc425d5bf.js (67)
[21503:21503:0526/171025.704348:INFO:CONSOLE:1] "ReactHlsPlayerComponent this.props play", source: https://test.highloka.com/_next/static/chunks/pages/concerts/%5Bslug%5D/arena-1595f5991389ce40.js (1)
[21503:21503:0526/171025.717973:INFO:CONSOLE:79] "%c action %cSHOW_AUTO_HIDDEN_ES_VIDEO_PLAYER_CONTROLS %c@ 17:10:25.716 color: gray; font-weight: lighter; color: inherit; color: gray; font-weight: lighter;", source: https://test.highloka.com/_next/static/chunks/pages/_app-4e0a347dc425d5bf.js (79)
[21503:21503:0526/171025.718745:INFO:CONSOLE:79] "%c prev state color: #9E9E9E; font-weight: bold [object Object]", source: https://test.highloka.com/_next/static/chunks/pages/_app-4e0a347dc425d5bf.js (79)
[21503:21503:0526/171025.718933:INFO:CONSOLE:79] "%c action     color: #03A9F4; font-weight: bold [object Object]", source: https://test.highloka.com/_next/static/chunks/pages/_app-4e0a347dc425d5bf.js (79)
[21503:21503:0526/171025.719024:INFO:CONSOLE:79] "%c next state color: #4CAF50; font-weight: bold [object Object]", source: https://test.highloka.com/_next/static/chunks/pages/_app-4e0a347dc425d5bf.js (79)
[21503:21503:0526/171025.719214:INFO:CONSOLE:79] "console.groupEnd", source: https://test.highloka.com/_next/static/chunks/pages/_app-4e0a347dc425d5bf.js (79)
[21503:21503:0526/171025.719767:INFO:CONSOLE:67] "Showing Controls. ", source: https://test.highloka.com/_next/static/chunks/pages/_app-4e0a347dc425d5bf.js (67)
[21503:21503:0526/171025.720458:INFO:CONSOLE:67] "Showing Controls. ", source: https://test.highloka.com/_next/static/chunks/pages/_app-4e0a347dc425d5bf.js (67)
[21503:21503:0526/171025.722106:INFO:CONSOLE:1] "ReactHlsPlayerComponent this.props play", source: https://test.highloka.com/_next/static/chunks/pages/concerts/%5Bslug%5D/arena-1595f5991389ce40.js (1)
[21503:21503:0526/171025.734112:INFO:CONSOLE:79] "%c action %cSHOW_AUTO_HIDDEN_ES_VIDEO_PLAYER_CONTROLS %c@ 17:10:25.733 color: gray; font-weight: lighter; color: inherit; color: gray; font-weight: lighter;", source: https://test.highloka.com/_next/static/chunks/pages/_app-4e0a347dc425d5bf.js (79)
[21503:21503:0526/171025.734242:INFO:CONSOLE:79] "%c prev state color: #9E9E9E; font-weight: bold [object Object]", source: https://test.highloka.com/_next/static/chunks/pages/_app-4e0a347dc425d5bf.js (79)
[21503:21503:0526/171025.734460:INFO:CONSOLE:79] "%c action     color: #03A9F4; font-weight: bold [object Object]", source: https://test.highloka.com/_next/static/chunks/pages/_app-4e0a347dc425d5bf.js (79)
[21503:21503:0526/171025.734779:INFO:CONSOLE:79] "%c next state color: #4CAF50; font-weight: bold [object Object]", source: https://test.highloka.com/_next/static/chunks/pages/_app-4e0a347dc425d5bf.js (79)
[21503:21503:0526/171025.735151:INFO:CONSOLE:79] "console.groupEnd", source: https://test.highloka.com/_next/static/chunks/pages/_app-4e0a347dc425d5bf.js (79)
[21503:21503:0526/171025.735397:INFO:CONSOLE:67] "Showing Controls. ", source: https://test.highloka.com/_next/static/chunks/pages/_app-4e0a347dc425d5bf.js (67)
[21503:21503:0526/171025.735758:INFO:CONSOLE:67] "Showing Controls. ", source: https://test.highloka.com/_next/static/chunks/pages/_app-4e0a347dc425d5bf.js (67)
[21503:21503:0526/171025.736692:INFO:CONSOLE:1] "ReactHlsPlayerComponent this.props play", source: https://test.highloka.com/_next/static/chunks/pages/concerts/%5Bslug%5D/arena-1595f5991389ce40.js (1)
[21503:21503:0526/171025.751128:INFO:CONSOLE:79] "%c action %cSHOW_AUTO_HIDDEN_ES_VIDEO_PLAYER_CONTROLS %c@ 17:10:25.750 color: gray; font-weight: lighter; color: inherit; color: gray; font-weight: lighter;", source: https://test.highloka.com/_next/static/chunks/pages/_app-4e0a347dc425d5bf.js (79)
[21503:21503:0526/171025.751324:INFO:CONSOLE:79] "%c prev state color: #9E9E9E; font-weight: bold [object Object]", source: https://test.highloka.com/_next/static/chunks/pages/_app-4e0a347dc425d5bf.js (79)
[21503:21503:0526/171025.751869:INFO:CONSOLE:79] "%c action     color: #03A9F4; font-weight: bold [object Object]", source: https://test.highloka.com/_next/static/chunks/pages/_app-4e0a347dc425d5bf.js (79)
[21503:21503:0526/171025.752061:INFO:CONSOLE:79] "%c next state color: #4CAF50; font-weight: bold [object Object]", source: https://test.highloka.com/_next/static/chunks/pages/_app-4e0a347dc425d5bf.js (79)
[21503:21503:0526/171025.752358:INFO:CONSOLE:79] "console.groupEnd", source: https://test.highloka.com/_next/static/chunks/pages/_app-4e0a347dc425d5bf.js (79)
[21503:21503:0526/171025.752843:INFO:CONSOLE:67] "Showing Controls. ", source: https://test.highloka.com/_next/static/chunks/pages/_app-4e0a347dc425d5bf.js (67)
[21503:21503:0526/171025.753351:INFO:CONSOLE:67] "Showing Controls. ", source: https://test.highloka.com/_next/static/chunks/pages/_app-4e0a347dc425d5bf.js (67)
[21503:21503:0526/171025.754360:INFO:CONSOLE:1] "ReactHlsPlayerComponent this.props play", source: https://test.highloka.com/_next/static/chunks/pages/concerts/%5Bslug%5D/arena-1595f5991389ce40.js (1)
[21503:21503:0526/171025.767936:INFO:CONSOLE:79] "%c action %cSHOW_AUTO_HIDDEN_ES_VIDEO_PLAYER_CONTROLS %c@ 17:10:25.767 color: gray; font-weight: lighter; color: inherit; color: gray; font-weight: lighter;", source: https://test.highloka.com/_next/static/chunks/pages/_app-4e0a347dc425d5bf.js (79)
[21503:21503:0526/171025.768172:INFO:CONSOLE:79] "%c prev state color: #9E9E9E; font-weight: bold [object Object]", source: https://test.highloka.com/_next/static/chunks/pages/_app-4e0a347dc425d5bf.js (79)
[21503:21503:0526/171025.768554:INFO:CONSOLE:79] "%c action     color: #03A9F4; font-weight: bold [object Object]", source: https://test.highloka.com/_next/static/chunks/pages/_app-4e0a347dc425d5bf.js (79)
[21503:21503:0526/171025.768935:INFO:CONSOLE:79] "%c next state color: #4CAF50; font-weight: bold [object Object]", source: https://test.highloka.com/_next/static/chunks/pages/_app-4e0a347dc425d5bf.js (79)
[21503:21503:0526/171025.769218:INFO:CONSOLE:79] "console.groupEnd", source: https://test.highloka.com/_next/static/chunks/pages/_app-4e0a347dc425d5bf.js (79)
[21503:21503:0526/171025.769726:INFO:CONSOLE:67] "Showing Controls. ", source: https://test.highloka.com/_next/static/chunks/pages/_app-4e0a347dc425d5bf.js (67)
[21503:21503:0526/171025.770237:INFO:CONSOLE:67] "Showing Controls. ", source: https://test.highloka.com/_next/static/chunks/pages/_app-4e0a347dc425d5bf.js (67)
[21503:21503:0526/171025.771154:INFO:CONSOLE:1] "ReactHlsPlayerComponent this.props play", source: https://test.highloka.com/_next/static/chunks/pages/concerts/%5Bslug%5D/arena-1595f5991389ce40.js (1)
[21503:21503:0526/171025.784222:INFO:CONSOLE:79] "%c action %cSHOW_AUTO_HIDDEN_ES_VIDEO_PLAYER_CONTROLS %c@ 17:10:25.783 color: gray; font-weight: lighter; color: inherit; color: gray; font-weight: lighter;", source: https://test.highloka.com/_next/static/chunks/pages/_app-4e0a347dc425d5bf.js (79)
[21503:21503:0526/171025.784718:INFO:CONSOLE:79] "%c prev state color: #9E9E9E; font-weight: bold [object Object]", source: https://test.highloka.com/_next/static/chunks/pages/_app-4e0a347dc425d5bf.js (79)
[21503:21503:0526/171025.784936:INFO:CONSOLE:79] "%c action     color: #03A9F4; font-weight: bold [object Object]", source: https://test.highloka.com/_next/static/chunks/pages/_app-4e0a347dc425d5bf.js (79)
[21503:21503:0526/171025.785365:INFO:CONSOLE:79] "%c next state color: #4CAF50; font-weight: bold [object Object]", source: https://test.highloka.com/_next/static/chunks/pages/_app-4e0a347dc425d5bf.js (79)
[21503:21503:0526/171025.785652:INFO:CONSOLE:79] "console.groupEnd", source: https://test.highloka.com/_next/static/chunks/pages/_app-4e0a347dc425d5bf.js (79)
[21503:21503:0526/171025.786145:INFO:CONSOLE:67] "Showing Controls. ", source: https://test.highloka.com/_next/static/chunks/pages/_app-4e0a347dc425d5bf.js (67)
[21503:21503:0526/171025.786694:INFO:CONSOLE:67] "Showing Controls. ", source: https://test.highloka.com/_next/static/chunks/pages/_app-4e0a347dc425d5bf.js (67)
[21503:21503:0526/171025.787871:INFO:CONSOLE:1] "ReactHlsPlayerComponent this.props play", source: https://test.highloka.com/_next/static/chunks/pages/concerts/%5Bslug%5D/arena-1595f5991389ce40.js (1)
[21503:21503:0526/171025.800592:INFO:CONSOLE:79] "%c action %cSHOW_AUTO_HIDDEN_ES_VIDEO_PLAYER_CONTROLS %c@ 17:10:25.799 color: gray; font-weight: lighter; color: inherit; color: gray; font-weight: lighter;", source: https://test.highloka.com/_next/static/chunks/pages/_app-4e0a347dc425d5bf.js (79)
[21503:21503:0526/171025.801026:INFO:CONSOLE:79] "%c prev state color: #9E9E9E; font-weight: bold [object Object]", source: https://test.highloka.com/_next/static/chunks/pages/_app-4e0a347dc425d5bf.js (79)
[21503:21503:0526/171025.801579:INFO:CONSOLE:79] "%c action     color: #03A9F4; font-weight: bold [object Object]", source: https://test.highloka.com/_next/static/chunks/pages/_app-4e0a347dc425d5bf.js (79)
[21503:21503:0526/171025.801735:INFO:CONSOLE:79] "%c next state color: #4CAF50; font-weight: bold [object Object]", source: https://test.highloka.com/_next/static/chunks/pages/_app-4e0a347dc425d5bf.js (79)
[21503:21503:0526/171025.801935:INFO:CONSOLE:79] "console.groupEnd", source: https://test.highloka.com/_next/static/chunks/pages/_app-4e0a347dc425d5bf.js (79)
[21503:21503:0526/171025.802409:INFO:CONSOLE:67] "Showing Controls. ", source: https://test.highloka.com/_next/static/chunks/pages/_app-4e0a347dc425d5bf.js (67)
[21503:21503:0526/171025.802825:INFO:CONSOLE:67] "Showing Controls. ", source: https://test.highloka.com/_next/static/chunks/pages/_app-4e0a347dc425d5bf.js (67)
[21503:21503:0526/171025.803715:INFO:CONSOLE:1] "ReactHlsPlayerComponent this.props play", source: https://test.highloka.com/_next/static/chunks/pages/concerts/%5Bslug%5D/arena-1595f5991389ce40.js (1)
[21503:21503:0526/171025.817878:INFO:CONSOLE:79] "%c action %cSHOW_AUTO_HIDDEN_ES_VIDEO_PLAYER_CONTROLS %c@ 17:10:25.816 color: gray; font-weight: lighter; color: inherit; color: gray; font-weight: lighter;", source: https://test.highloka.com/_next/static/chunks/pages/_app-4e0a347dc425d5bf.js (79)
[21503:21503:0526/171025.818054:INFO:CONSOLE:79] "%c prev state color: #9E9E9E; font-weight: bold [object Object]", source: https://test.highloka.com/_next/static/chunks/pages/_app-4e0a347dc425d5bf.js (79)
[21503:21503:0526/171025.818136:INFO:CONSOLE:79] "%c action     color: #03A9F4; font-weight: bold [object Object]", source: https://test.highloka.com/_next/static/chunks/pages/_app-4e0a347dc425d5bf.js (79)
[21503:21503:0526/171025.818738:INFO:CONSOLE:79] "%c next state color: #4CAF50; font-weight: bold [object Object]", source: https://test.highloka.com/_next/static/chunks/pages/_app-4e0a347dc425d5bf.js (79)
[21503:21503:0526/171025.819138:INFO:CONSOLE:79] "console.groupEnd", source: https://test.highloka.com/_next/static/chunks/pages/_app-4e0a347dc425d5bf.js (79)
[21503:21503:0526/171025.819591:INFO:CONSOLE:67] "Showing Controls. ", source: https://test.highloka.com/_next/static/chunks/pages/_app-4e0a347dc425d5bf.js (67)
[21503:21503:0526/171025.819977:INFO:CONSOLE:67] "Showing Controls. ", source: https://test.highloka.com/_next/static/chunks/pages/_app-4e0a347dc425d5bf.js (67)
[21503:21503:0526/171025.821024:INFO:CONSOLE:1] "ReactHlsPlayerComponent this.props play", source: https://test.highloka.com/_next/static/chunks/pages/concerts/%5Bslug%5D/arena-1595f5991389ce40.js (1)
[21503:21503:0526/171025.834638:INFO:CONSOLE:79] "%c action %cSHOW_AUTO_HIDDEN_ES_VIDEO_PLAYER_CONTROLS %c@ 17:10:25.833 color: gray; font-weight: lighter; color: inherit; color: gray; font-weight: lighter;", source: https://test.highloka.com/_next/static/chunks/pages/_app-4e0a347dc425d5bf.js (79)
[21503:21503:0526/171025.834864:INFO:CONSOLE:79] "%c prev state color: #9E9E9E; font-weight: bold [object Object]", source: https://test.highloka.com/_next/static/chunks/pages/_app-4e0a347dc425d5bf.js (79)
[21503:21503:0526/171025.835240:INFO:CONSOLE:79] "%c action     color: #03A9F4; font-weight: bold [object Object]", source: https://test.highloka.com/_next/static/chunks/pages/_app-4e0a347dc425d5bf.js (79)
[21503:21503:0526/171025.835876:INFO:CONSOLE:79] "%c next state color: #4CAF50; font-weight: bold [object Object]", source: https://test.highloka.com/_next/static/chunks/pages/_app-4e0a347dc425d5bf.js (79)
[21503:21503:0526/171025.836207:INFO:CONSOLE:79] "console.groupEnd", source: https://test.highloka.com/_next/static/chunks/pages/_app-4e0a347dc425d5bf.js (79)
[21503:21503:0526/171025.836679:INFO:CONSOLE:67] "Showing Controls. ", source: https://test.highloka.com/_next/static/chunks/pages/_app-4e0a347dc425d5bf.js (67)
[21503:21503:0526/171025.837168:INFO:CONSOLE:67] "Showing Controls. ", source: https://test.highloka.com/_next/static/chunks/pages/_app-4e0a347dc425d5bf.js (67)
[21503:21503:0526/171025.838545:INFO:CONSOLE:1] "ReactHlsPlayerComponent this.props play", source: https://test.highloka.com/_next/static/chunks/pages/concerts/%5Bslug%5D/arena-1595f5991389ce40.js (1)
[21503:21503:0526/171025.851009:INFO:CONSOLE:79] "%c action %cSHOW_AUTO_HIDDEN_ES_VIDEO_PLAYER_CONTROLS %c@ 17:10:25.850 color: gray; font-weight: lighter; color: inherit; color: gray; font-weight: lighter;", source: https://test.highloka.com/_next/static/chunks/pages/_app-4e0a347dc425d5bf.js (79)
[21503:21503:0526/171025.851302:INFO:CONSOLE:79] "%c prev state color: #9E9E9E; font-weight: bold [object Object]", source: https://test.highloka.com/_next/static/chunks/pages/_app-4e0a347dc425d5bf.js (79)
[21503:21503:0526/171025.851634:INFO:CONSOLE:79] "%c action     color: #03A9F4; font-weight: bold [object Object]", source: https://test.highloka.com/_next/static/chunks/pages/_app-4e0a347dc425d5bf.js (79)
[21503:21503:0526/171025.852819:INFO:CONSOLE:79] "%c next state color: #4CAF50; font-weight: bold [object Object]", source: https://test.highloka.com/_next/static/chunks/pages/_app-4e0a347dc425d5bf.js (79)
[21503:21503:0526/171025.853071:INFO:CONSOLE:79] "console.groupEnd", source: https://test.highloka.com/_next/static/chunks/pages/_app-4e0a347dc425d5bf.js (79)
[21503:21503:0526/171025.853612:INFO:CONSOLE:67] "Showing Controls. ", source: https://test.highloka.com/_next/static/chunks/pages/_app-4e0a347dc425d5bf.js (67)
[21503:21503:0526/171025.854086:INFO:CONSOLE:67] "Showing Controls. ", source: https://test.highloka.com/_next/static/chunks/pages/_app-4e0a347dc425d5bf.js (67)
[21503:21503:0526/171025.855327:INFO:CONSOLE:1] "ReactHlsPlayerComponent this.props play", source: https://test.highloka.com/_next/static/chunks/pages/concerts/%5Bslug%5D/arena-1595f5991389ce40.js (1)
[21503:21503:0526/171025.867900:INFO:CONSOLE:79] "%c action %cSHOW_AUTO_HIDDEN_ES_VIDEO_PLAYER_CONTROLS %c@ 17:10:25.866 color: gray; font-weight: lighter; color: inherit; color: gray; font-weight: lighter;", source: https://test.highloka.com/_next/static/chunks/pages/_app-4e0a347dc425d5bf.js (79)
[21503:21503:0526/171025.868062:INFO:CONSOLE:79] "%c prev state color: #9E9E9E; font-weight: bold [object Object]", source: https://test.highloka.com/_next/static/chunks/pages/_app-4e0a347dc425d5bf.js (79)
[21503:21503:0526/171025.868197:INFO:CONSOLE:79] "%c action     color: #03A9F4; font-weight: bold [object Object]", source: https://test.highloka.com/_next/static/chunks/pages/_app-4e0a347dc425d5bf.js (79)
[21503:21503:0526/171025.868338:INFO:CONSOLE:79] "%c next state color: #4CAF50; font-weight: bold [object Object]", source: https://test.highloka.com/_next/static/chunks/pages/_app-4e0a347dc425d5bf.js (79)
[21503:21503:0526/171025.868484:INFO:CONSOLE:79] "console.groupEnd", source: https://test.highloka.com/_next/static/chunks/pages/_app-4e0a347dc425d5bf.js (79)
[21503:21503:0526/171025.868920:INFO:CONSOLE:67] "Showing Controls. ", source: https://test.highloka.com/_next/static/chunks/pages/_app-4e0a347dc425d5bf.js (67)
[21503:21503:0526/171025.869478:INFO:CONSOLE:67] "Showing Controls. ", source: https://test.highloka.com/_next/static/chunks/pages/_app-4e0a347dc425d5bf.js (67)
[21503:21503:0526/171025.870159:INFO:CONSOLE:1] "ReactHlsPlayerComponent this.props play", source: https://test.highloka.com/_next/static/chunks/pages/concerts/%5Bslug%5D/arena-1595f5991389ce40.js (1)
[21503:21503:0526/171025.884126:INFO:CONSOLE:79] "%c action %cSHOW_AUTO_HIDDEN_ES_VIDEO_PLAYER_CONTROLS %c@ 17:10:25.883 color: gray; font-weight: lighter; color: inherit; color: gray; font-weight: lighter;", source: https://test.highloka.com/_next/static/chunks/pages/_app-4e0a347dc425d5bf.js (79)
[21503:21503:0526/171025.884199:INFO:CONSOLE:79] "%c prev state color: #9E9E9E; font-weight: bold [object Object]", source: https://test.highloka.com/_next/static/chunks/pages/_app-4e0a347dc425d5bf.js (79)
[21503:21503:0526/171025.884465:INFO:CONSOLE:79] "%c action     color: #03A9F4; font-weight: bold [object Object]", source: https://test.highloka.com/_next/static/chunks/pages/_app-4e0a347dc425d5bf.js (79)
[21503:21503:0526/171025.884638:INFO:CONSOLE:79] "%c next state color: #4CAF50; font-weight: bold [object Object]", source: https://test.highloka.com/_next/static/chunks/pages/_app-4e0a347dc425d5bf.js (79)
[21503:21503:0526/171025.884718:INFO:CONSOLE:79] "console.groupEnd", source: https://test.highloka.com/_next/static/chunks/pages/_app-4e0a347dc425d5bf.js (79)
[21503:21503:0526/171025.884978:INFO:CONSOLE:67] "Showing Controls. ", source: https://test.highloka.com/_next/static/chunks/pages/_app-4e0a347dc425d5bf.js (67)
[21503:21503:0526/171025.885272:INFO:CONSOLE:67] "Showing Controls. ", source: https://test.highloka.com/_next/static/chunks/pages/_app-4e0a347dc425d5bf.js (67)
[21503:21503:0526/171025.886060:INFO:CONSOLE:1] "ReactHlsPlayerComponent this.props play", source: https://test.highloka.com/_next/static/chunks/pages/concerts/%5Bslug%5D/arena-1595f5991389ce40.js (1)
[21503:21503:0526/171025.900645:INFO:CONSOLE:79] "%c action %cSHOW_AUTO_HIDDEN_ES_VIDEO_PLAYER_CONTROLS %c@ 17:10:25.900 color: gray; font-weight: lighter; color: inherit; color: gray; font-weight: lighter;", source: https://test.highloka.com/_next/static/chunks/pages/_app-4e0a347dc425d5bf.js (79)
[21503:21503:0526/171025.900722:INFO:CONSOLE:79] "%c prev state color: #9E9E9E; font-weight: bold [object Object]", source: https://test.highloka.com/_next/static/chunks/pages/_app-4e0a347dc425d5bf.js (79)
[21503:21503:0526/171025.900775:INFO:CONSOLE:79] "%c action     color: #03A9F4; font-weight: bold [object Object]", source: https://test.highloka.com/_next/static/chunks/pages/_app-4e0a347dc425d5bf.js (79)
[21503:21503:0526/171025.900993:INFO:CONSOLE:79] "%c next state color: #4CAF50; font-weight: bold [object Object]", source: https://test.highloka.com/_next/static/chunks/pages/_app-4e0a347dc425d5bf.js (79)
[21503:21503:0526/171025.901216:INFO:CONSOLE:79] "console.groupEnd", source: https://test.highloka.com/_next/static/chunks/pages/_app-4e0a347dc425d5bf.js (79)
[21503:21503:0526/171025.901529:INFO:CONSOLE:67] "Showing Controls. ", source: https://test.highloka.com/_next/static/chunks/pages/_app-4e0a347dc425d5bf.js (67)
[21503:21503:0526/171025.901871:INFO:CONSOLE:67] "Showing Controls. ", source: https://test.highloka.com/_next/static/chunks/pages/_app-4e0a347dc425d5bf.js (67)
[21503:21503:0526/171025.902371:INFO:CONSOLE:1] "ReactHlsPlayerComponent this.props play", source: https://test.highloka.com/_next/static/chunks/pages/concerts/%5Bslug%5D/arena-1595f5991389ce40.js (1)
[21503:21503:0526/171025.917818:INFO:CONSOLE:79] "%c action %cSHOW_AUTO_HIDDEN_ES_VIDEO_PLAYER_CONTROLS %c@ 17:10:25.917 color: gray; font-weight: lighter; color: inherit; color: gray; font-weight: lighter;", source: https://test.highloka.com/_next/static/chunks/pages/_app-4e0a347dc425d5bf.js (79)
[21503:21503:0526/171025.918088:INFO:CONSOLE:79] "%c prev state color: #9E9E9E; font-weight: bold [object Object]", source: https://test.highloka.com/_next/static/chunks/pages/_app-4e0a347dc425d5bf.js (79)
[21503:21503:0526/171025.918535:INFO:CONSOLE:79] "%c action     color: #03A9F4; font-weight: bold [object Object]", source: https://test.highloka.com/_next/static/chunks/pages/_app-4e0a347dc425d5bf.js (79)
[21503:21503:0526/171025.918718:INFO:CONSOLE:79] "%c next state color: #4CAF50; font-weight: bold [object Object]", source: https://test.highloka.com/_next/static/chunks/pages/_app-4e0a347dc425d5bf.js (79)
[21503:21503:0526/171025.918864:INFO:CONSOLE:79] "console.groupEnd", source: https://test.highloka.com/_next/static/chunks/pages/_app-4e0a347dc425d5bf.js (79)
[21503:21503:0526/171025.919281:INFO:CONSOLE:67] "Showing Controls. ", source: https://test.highloka.com/_next/static/chunks/pages/_app-4e0a347dc425d5bf.js (67)
[21503:21503:0526/171025.919793:INFO:CONSOLE:67] "Showing Controls. ", source: https://test.highloka.com/_next/static/chunks/pages/_app-4e0a347dc425d5bf.js (67)
[21503:21503:0526/171025.920893:INFO:CONSOLE:1] "ReactHlsPlayerComponent this.props play", source: https://test.highloka.com/_next/static/chunks/pages/concerts/%5Bslug%5D/arena-1595f5991389ce40.js (1)
[21503:21503:0526/171025.934442:INFO:CONSOLE:79] "%c action %cSHOW_AUTO_HIDDEN_ES_VIDEO_PLAYER_CONTROLS %c@ 17:10:25.934 color: gray; font-weight: lighter; color: inherit; color: gray; font-weight: lighter;", source: https://test.highloka.com/_next/static/chunks/pages/_app-4e0a347dc425d5bf.js (79)
[21503:21503:0526/171025.934566:INFO:CONSOLE:79] "%c prev state color: #9E9E9E; font-weight: bold [object Object]", source: https://test.highloka.com/_next/static/chunks/pages/_app-4e0a347dc425d5bf.js (79)
[21503:21503:0526/171025.934726:INFO:CONSOLE:79] "%c action     color: #03A9F4; font-weight: bold [object Object]", source: https://test.highloka.com/_next/static/chunks/pages/_app-4e0a347dc425d5bf.js (79)
[21503:21503:0526/171025.934804:INFO:CONSOLE:79] "%c next state color: #4CAF50; font-weight: bold [object Object]", source: https://test.highloka.com/_next/static/chunks/pages/_app-4e0a347dc425d5bf.js (79)
[21503:21503:0526/171025.934979:INFO:CONSOLE:79] "console.groupEnd", source: https://test.highloka.com/_next/static/chunks/pages/_app-4e0a347dc425d5bf.js (79)
[21503:21503:0526/171025.935418:INFO:CONSOLE:67] "Showing Controls. ", source: https://test.highloka.com/_next/static/chunks/pages/_app-4e0a347dc425d5bf.js (67)
[21503:21503:0526/171025.936012:INFO:CONSOLE:67] "Showing Controls. ", source: https://test.highloka.com/_next/static/chunks/pages/_app-4e0a347dc425d5bf.js (67)
[21503:21503:0526/171025.936861:INFO:CONSOLE:1] "ReactHlsPlayerComponent this.props play", source: https://test.highloka.com/_next/static/chunks/pages/concerts/%5Bslug%5D/arena-1595f5991389ce40.js (1)
[21503:21503:0526/171025.950112:INFO:CONSOLE:79] "%c action %cSHOW_AUTO_HIDDEN_ES_VIDEO_PLAYER_CONTROLS %c@ 17:10:25.949 color: gray; font-weight: lighter; color: inherit; color: gray; font-weight: lighter;", source: https://test.highloka.com/_next/static/chunks/pages/_app-4e0a347dc425d5bf.js (79)
[21503:21503:0526/171025.950165:INFO:CONSOLE:79] "%c prev state color: #9E9E9E; font-weight: bold [object Object]", source: https://test.highloka.com/_next/static/chunks/pages/_app-4e0a347dc425d5bf.js (79)
[21503:21503:0526/171025.950233:INFO:CONSOLE:79] "%c action     color: #03A9F4; font-weight: bold [object Object]", source: https://test.highloka.com/_next/static/chunks/pages/_app-4e0a347dc425d5bf.js (79)
[21503:21503:0526/171025.950294:INFO:CONSOLE:79] "%c next state color: #4CAF50; font-weight: bold [object Object]", source: https://test.highloka.com/_next/static/chunks/pages/_app-4e0a347dc425d5bf.js (79)
[21503:21503:0526/171025.950343:INFO:CONSOLE:79] "console.groupEnd", source: https://test.highloka.com/_next/static/chunks/pages/_app-4e0a347dc425d5bf.js (79)
[21503:21503:0526/171025.950485:INFO:CONSOLE:67] "Showing Controls. ", source: https://test.highloka.com/_next/static/chunks/pages/_app-4e0a347dc425d5bf.js (67)
[21503:21503:0526/171025.950615:INFO:CONSOLE:67] "Showing Controls. ", source: https://test.highloka.com/_next/static/chunks/pages/_app-4e0a347dc425d5bf.js (67)
[21503:21503:0526/171025.951112:INFO:CONSOLE:1] "ReactHlsPlayerComponent this.props play", source: https://test.highloka.com/_next/static/chunks/pages/concerts/%5Bslug%5D/arena-1595f5991389ce40.js (1)
[21503:21503:0526/171025.967268:INFO:CONSOLE:79] "%c action %cSHOW_AUTO_HIDDEN_ES_VIDEO_PLAYER_CONTROLS %c@ 17:10:25.966 color: gray; font-weight: lighter; color: inherit; color: gray; font-weight: lighter;", source: https://test.highloka.com/_next/static/chunks/pages/_app-4e0a347dc425d5bf.js (79)
[21503:21503:0526/171025.967361:INFO:CONSOLE:79] "%c prev state color: #9E9E9E; font-weight: bold [object Object]", source: https://test.highloka.com/_next/static/chunks/pages/_app-4e0a347dc425d5bf.js (79)
[21503:21503:0526/171025.967387:INFO:CONSOLE:79] "%c action     color: #03A9F4; font-weight: bold [object Object]", source: https://test.highloka.com/_next/static/chunks/pages/_app-4e0a347dc425d5bf.js (79)
[21503:21503:0526/171025.967419:INFO:CONSOLE:79] "%c next state color: #4CAF50; font-weight: bold [object Object]", source: https://test.highloka.com/_next/static/chunks/pages/_app-4e0a347dc425d5bf.js (79)
[21503:21503:0526/171025.967464:INFO:CONSOLE:79] "console.groupEnd", source: https://test.highloka.com/_next/static/chunks/pages/_app-4e0a347dc425d5bf.js (79)
[21503:21503:0526/171025.967784:INFO:CONSOLE:67] "Showing Controls. ", source: https://test.highloka.com/_next/static/chunks/pages/_app-4e0a347dc425d5bf.js (67)
[21503:21503:0526/171025.968178:INFO:CONSOLE:67] "Showing Controls. ", source: https://test.highloka.com/_next/static/chunks/pages/_app-4e0a347dc425d5bf.js (67)
[21503:21503:0526/171025.968955:INFO:CONSOLE:1] "ReactHlsPlayerComponent this.props play", source: https://test.highloka.com/_next/static/chunks/pages/concerts/%5Bslug%5D/arena-1595f5991389ce40.js (1)
[21503:21503:0526/171025.986762:INFO:CONSOLE:79] "%c action %cSHOW_AUTO_HIDDEN_ES_VIDEO_PLAYER_CONTROLS %c@ 17:10:25.984 color: gray; font-weight: lighter; color: inherit; color: gray; font-weight: lighter;", source: https://test.highloka.com/_next/static/chunks/pages/_app-4e0a347dc425d5bf.js (79)
[21503:21503:0526/171025.987120:INFO:CONSOLE:79] "%c prev state color: #9E9E9E; font-weight: bold [object Object]", source: https://test.highloka.com/_next/static/chunks/pages/_app-4e0a347dc425d5bf.js (79)
[21503:21503:0526/171025.987271:INFO:CONSOLE:79] "%c action     color: #03A9F4; font-weight: bold [object Object]", source: https://test.highloka.com/_next/static/chunks/pages/_app-4e0a347dc425d5bf.js (79)
[21503:21503:0526/171025.987529:INFO:CONSOLE:79] "%c next state color: #4CAF50; font-weight: bold [object Object]", source: https://test.highloka.com/_next/static/chunks/pages/_app-4e0a347dc425d5bf.js (79)
[21503:21503:0526/171025.987607:INFO:CONSOLE:79] "console.groupEnd", source: https://test.highloka.com/_next/static/chunks/pages/_app-4e0a347dc425d5bf.js (79)
[21503:21503:0526/171025.987648:INFO:CONSOLE:67] "Showing Controls. ", source: https://test.highloka.com/_next/static/chunks/pages/_app-4e0a347dc425d5bf.js (67)
[21503:21503:0526/171025.988517:INFO:CONSOLE:67] "Showing Controls. ", source: https://test.highloka.com/_next/static/chunks/pages/_app-4e0a347dc425d5bf.js (67)
[21503:21503:0526/171025.988628:INFO:CONSOLE:1] "ReactHlsPlayerComponent this.props play", source: https://test.highloka.com/_next/static/chunks/pages/concerts/%5Bslug%5D/arena-1595f5991389ce40.js (1)
[21503:21503:0526/171026.000574:INFO:CONSOLE:79] "%c action %cSHOW_AUTO_HIDDEN_ES_VIDEO_PLAYER_CONTROLS %c@ 17:10:26.000 color: gray; font-weight: lighter; color: inherit; color: gray; font-weight: lighter;", source: https://test.highloka.com/_next/static/chunks/pages/_app-4e0a347dc425d5bf.js (79)
[21503:21503:0526/171026.000625:INFO:CONSOLE:79] "%c prev state color: #9E9E9E; font-weight: bold [object Object]", source: https://test.highloka.com/_next/static/chunks/pages/_app-4e0a347dc425d5bf.js (79)
[21503:21503:0526/171026.000680:INFO:CONSOLE:79] "%c action     color: #03A9F4; font-weight: bold [object Object]", source: https://test.highloka.com/_next/static/chunks/pages/_app-4e0a347dc425d5bf.js (79)
[21503:21503:0526/171026.000739:INFO:CONSOLE:79] "%c next state color: #4CAF50; font-weight: bold [object Object]", source: https://test.highloka.com/_next/static/chunks/pages/_app-4e0a347dc425d5bf.js (79)
[21503:21503:0526/171026.000777:INFO:CONSOLE:79] "console.groupEnd", source: https://test.highloka.com/_next/static/chunks/pages/_app-4e0a347dc425d5bf.js (79)
[21503:21503:0526/171026.000873:INFO:CONSOLE:67] "Showing Controls. ", source: https://test.highloka.com/_next/static/chunks/pages/_app-4e0a347dc425d5bf.js (67)
[21503:21503:0526/171026.000970:INFO:CONSOLE:67] "Showing Controls. ", source: https://test.highloka.com/_next/static/chunks/pages/_app-4e0a347dc425d5bf.js (67)
[21503:21503:0526/171026.001239:INFO:CONSOLE:1] "ReactHlsPlayerComponent this.props play", source: https://test.highloka.com/_next/static/chunks/pages/concerts/%5Bslug%5D/arena-1595f5991389ce40.js (1)
[21503:21503:0526/171026.017332:INFO:CONSOLE:79] "%c action %cSHOW_AUTO_HIDDEN_ES_VIDEO_PLAYER_CONTROLS %c@ 17:10:26.016 color: gray; font-weight: lighter; color: inherit; color: gray; font-weight: lighter;", source: https://test.highloka.com/_next/static/chunks/pages/_app-4e0a347dc425d5bf.js (79)
[21503:21503:0526/171026.017433:INFO:CONSOLE:79] "%c prev state color: #9E9E9E; font-weight: bold [object Object]", source: https://test.highloka.com/_next/static/chunks/pages/_app-4e0a347dc425d5bf.js (79)
[21503:21503:0526/171026.017565:INFO:CONSOLE:79] "%c action     color: #03A9F4; font-weight: bold [object Object]", source: https://test.highloka.com/_next/static/chunks/pages/_app-4e0a347dc425d5bf.js (79)
[21503:21503:0526/171026.017696:INFO:CONSOLE:79] "%c next state color: #4CAF50; font-weight: bold [object Object]", source: https://test.highloka.com/_next/static/chunks/pages/_app-4e0a347dc425d5bf.js (79)
[21503:21503:0526/171026.017855:INFO:CONSOLE:79] "console.groupEnd", source: https://test.highloka.com/_next/static/chunks/pages/_app-4e0a347dc425d5bf.js (79)
[21503:21503:0526/171026.018129:INFO:CONSOLE:67] "Showing Controls. ", source: https://test.highloka.com/_next/static/chunks/pages/_app-4e0a347dc425d5bf.js (67)
[21503:21503:0526/171026.018441:INFO:CONSOLE:67] "Showing Controls. ", source: https://test.highloka.com/_next/static/chunks/pages/_app-4e0a347dc425d5bf.js (67)
[21503:21503:0526/171026.019075:INFO:CONSOLE:1] "ReactHlsPlayerComponent this.props play", source: https://test.highloka.com/_next/static/chunks/pages/concerts/%5Bslug%5D/arena-1595f5991389ce40.js (1)
[21503:21503:0526/171026.034550:INFO:CONSOLE:79] "%c action %cSHOW_AUTO_HIDDEN_ES_VIDEO_PLAYER_CONTROLS %c@ 17:10:26.034 color: gray; font-weight: lighter; color: inherit; color: gray; font-weight: lighter;", source: https://test.highloka.com/_next/static/chunks/pages/_app-4e0a347dc425d5bf.js (79)
[21503:21503:0526/171026.034663:INFO:CONSOLE:79] "%c prev state color: #9E9E9E; font-weight: bold [object Object]", source: https://test.highloka.com/_next/static/chunks/pages/_app-4e0a347dc425d5bf.js (79)
[21503:21503:0526/171026.034792:INFO:CONSOLE:79] "%c action     color: #03A9F4; font-weight: bold [object Object]", source: https://test.highloka.com/_next/static/chunks/pages/_app-4e0a347dc425d5bf.js (79)
[21503:21503:0526/171026.035707:INFO:CONSOLE:79] "%c next state color: #4CAF50; font-weight: bold [object Object]", source: https://test.highloka.com/_next/static/chunks/pages/_app-4e0a347dc425d5bf.js (79)
[21503:21503:0526/171026.035839:INFO:CONSOLE:79] "console.groupEnd", source: https://test.highloka.com/_next/static/chunks/pages/_app-4e0a347dc425d5bf.js (79)
[21503:21503:0526/171026.035897:INFO:CONSOLE:67] "Showing Controls. ", source: https://test.highloka.com/_next/static/chunks/pages/_app-4e0a347dc425d5bf.js (67)
[21503:21503:0526/171026.036083:INFO:CONSOLE:67] "Showing Controls. ", source: https://test.highloka.com/_next/static/chunks/pages/_app-4e0a347dc425d5bf.js (67)
[21503:21503:0526/171026.036828:INFO:CONSOLE:1] "ReactHlsPlayerComponent this.props play", source: https://test.highloka.com/_next/static/chunks/pages/concerts/%5Bslug%5D/arena-1595f5991389ce40.js (1)
[21503:21503:0526/171026.050489:INFO:CONSOLE:79] "%c action %cSHOW_AUTO_HIDDEN_ES_VIDEO_PLAYER_CONTROLS %c@ 17:10:26.050 color: gray; font-weight: lighter; color: inherit; color: gray; font-weight: lighter;", source: https://test.highloka.com/_next/static/chunks/pages/_app-4e0a347dc425d5bf.js (79)
[21503:21503:0526/171026.050556:INFO:CONSOLE:79] "%c prev state color: #9E9E9E; font-weight: bold [object Object]", source: https://test.highloka.com/_next/static/chunks/pages/_app-4e0a347dc425d5bf.js (79)
[21503:21503:0526/171026.050585:INFO:CONSOLE:79] "%c action     color: #03A9F4; font-weight: bold [object Object]", source: https://test.highloka.com/_next/static/chunks/pages/_app-4e0a347dc425d5bf.js (79)
[21503:21503:0526/171026.050627:INFO:CONSOLE:79] "%c next state color: #4CAF50; font-weight: bold [object Object]", source: https://test.highloka.com/_next/static/chunks/pages/_app-4e0a347dc425d5bf.js (79)
[21503:21503:0526/171026.050666:INFO:CONSOLE:79] "console.groupEnd", source: https://test.highloka.com/_next/static/chunks/pages/_app-4e0a347dc425d5bf.js (79)
[21503:21503:0526/171026.050783:INFO:CONSOLE:67] "Showing Controls. ", source: https://test.highloka.com/_next/static/chunks/pages/_app-4e0a347dc425d5bf.js (67)
[21503:21503:0526/171026.050888:INFO:CONSOLE:67] "Showing Controls. ", source: https://test.highloka.com/_next/static/chunks/pages/_app-4e0a347dc425d5bf.js (67)
[21503:21503:0526/171026.051126:INFO:CONSOLE:1] "ReactHlsPlayerComponent this.props play", source: https://test.highloka.com/_next/static/chunks/pages/concerts/%5Bslug%5D/arena-1595f5991389ce40.js (1)
[21503:21503:0526/171026.068400:INFO:CONSOLE:79] "%c action %cSHOW_AUTO_HIDDEN_ES_VIDEO_PLAYER_CONTROLS %c@ 17:10:26.067 color: gray; font-weight: lighter; color: inherit; color: gray; font-weight: lighter;", source: https://test.highloka.com/_next/static/chunks/pages/_app-4e0a347dc425d5bf.js (79)
[21503:21503:0526/171026.068571:INFO:CONSOLE:79] "%c prev state color: #9E9E9E; font-weight: bold [object Object]", source: https://test.highloka.com/_next/static/chunks/pages/_app-4e0a347dc425d5bf.js (79)
[21503:21503:0526/171026.068627:INFO:CONSOLE:79] "%c action     color: #03A9F4; font-weight: bold [object Object]", source: https://test.highloka.com/_next/static/chunks/pages/_app-4e0a347dc425d5bf.js (79)
[21503:21503:0526/171026.069060:INFO:CONSOLE:79] "%c next state color: #4CAF50; font-weight: bold [object Object]", source: https://test.highloka.com/_next/static/chunks/pages/_app-4e0a347dc425d5bf.js (79)
[21503:21503:0526/171026.069332:INFO:CONSOLE:79] "console.groupEnd", source: https://test.highloka.com/_next/static/chunks/pages/_app-4e0a347dc425d5bf.js (79)
[21503:21503:0526/171026.069512:INFO:CONSOLE:67] "Showing Controls. ", source: https://test.highloka.com/_next/static/chunks/pages/_app-4e0a347dc425d5bf.js (67)
[21503:21503:0526/171026.069636:INFO:CONSOLE:67] "Showing Controls. ", source: https://test.highloka.com/_next/static/chunks/pages/_app-4e0a347dc425d5bf.js (67)
[21503:21503:0526/171026.070569:INFO:CONSOLE:1] "ReactHlsPlayerComponent this.props play", source: https://test.highloka.com/_next/static/chunks/pages/concerts/%5Bslug%5D/arena-1595f5991389ce40.js (1)
[21503:21503:0526/171026.083783:INFO:CONSOLE:79] "%c action %cSHOW_AUTO_HIDDEN_ES_VIDEO_PLAYER_CONTROLS %c@ 17:10:26.083 color: gray; font-weight: lighter; color: inherit; color: gray; font-weight: lighter;", source: https://test.highloka.com/_next/static/chunks/pages/_app-4e0a347dc425d5bf.js (79)
[21503:21503:0526/171026.083828:INFO:CONSOLE:79] "%c prev state color: #9E9E9E; font-weight: bold [object Object]", source: https://test.highloka.com/_next/static/chunks/pages/_app-4e0a347dc425d5bf.js (79)
[21503:21503:0526/171026.083957:INFO:CONSOLE:79] "%c action     color: #03A9F4; font-weight: bold [object Object]", source: https://test.highloka.com/_next/static/chunks/pages/_app-4e0a347dc425d5bf.js (79)
[21503:21503:0526/171026.084037:INFO:CONSOLE:79] "%c next state color: #4CAF50; font-weight: bold [object Object]", source: https://test.highloka.com/_next/static/chunks/pages/_app-4e0a347dc425d5bf.js (79)
[21503:21503:0526/171026.084085:INFO:CONSOLE:79] "console.groupEnd", source: https://test.highloka.com/_next/static/chunks/pages/_app-4e0a347dc425d5bf.js (79)
[21503:21503:0526/171026.084149:INFO:CONSOLE:67] "Showing Controls. ", source: https://test.highloka.com/_next/static/chunks/pages/_app-4e0a347dc425d5bf.js (67)
[21503:21503:0526/171026.084269:INFO:CONSOLE:67] "Showing Controls. ", source: https://test.highloka.com/_next/static/chunks/pages/_app-4e0a347dc425d5bf.js (67)
[21503:21503:0526/171026.084775:INFO:CONSOLE:1] "ReactHlsPlayerComponent this.props play", source: https://test.highloka.com/_next/static/chunks/pages/concerts/%5Bslug%5D/arena-1595f5991389ce40.js (1)
[21503:21503:0526/171026.101770:INFO:CONSOLE:79] "%c action %cSHOW_AUTO_HIDDEN_ES_VIDEO_PLAYER_CONTROLS %c@ 17:10:26.100 color: gray; font-weight: lighter; color: inherit; color: gray; font-weight: lighter;", source: https://test.highloka.com/_next/static/chunks/pages/_app-4e0a347dc425d5bf.js (79)
[21503:21503:0526/171026.102319:INFO:CONSOLE:79] "%c prev state color: #9E9E9E; font-weight: bold [object Object]", source: https://test.highloka.com/_next/static/chunks/pages/_app-4e0a347dc425d5bf.js (79)
[21503:21503:0526/171026.102484:INFO:CONSOLE:79] "%c action     color: #03A9F4; font-weight: bold [object Object]", source: https://test.highloka.com/_next/static/chunks/pages/_app-4e0a347dc425d5bf.js (79)
[21503:21503:0526/171026.102733:INFO:CONSOLE:79] "%c next state color: #4CAF50; font-weight: bold [object Object]", source: https://test.highloka.com/_next/static/chunks/pages/_app-4e0a347dc425d5bf.js (79)
[21503:21503:0526/171026.103107:INFO:CONSOLE:79] "console.groupEnd", source: https://test.highloka.com/_next/static/chunks/pages/_app-4e0a347dc425d5bf.js (79)
[21503:21503:0526/171026.103542:INFO:CONSOLE:67] "Showing Controls. ", source: https://test.highloka.com/_next/static/chunks/pages/_app-4e0a347dc425d5bf.js (67)
[21503:21503:0526/171026.103881:INFO:CONSOLE:67] "Showing Controls. ", source: https://test.highloka.com/_next/static/chunks/pages/_app-4e0a347dc425d5bf.js (67)
[21503:21503:0526/171026.104742:INFO:CONSOLE:1] "ReactHlsPlayerComponent this.props play", source: https://test.highloka.com/_next/static/chunks/pages/concerts/%5Bslug%5D/arena-1595f5991389ce40.js (1)
[21503:21503:0526/171026.118082:INFO:CONSOLE:79] "%c action %cSHOW_AUTO_HIDDEN_ES_VIDEO_PLAYER_CONTROLS %c@ 17:10:26.117 color: gray; font-weight: lighter; color: inherit; color: gray; font-weight: lighter;", source: https://test.highloka.com/_next/static/chunks/pages/_app-4e0a347dc425d5bf.js (79)
[21503:21503:0526/171026.118291:INFO:CONSOLE:79] "%c prev state color: #9E9E9E; font-weight: bold [object Object]", source: https://test.highloka.com/_next/static/chunks/pages/_app-4e0a347dc425d5bf.js (79)
[21503:21503:0526/171026.118533:INFO:CONSOLE:79] "%c action     color: #03A9F4; font-weight: bold [object Object]", source: https://test.highloka.com/_next/static/chunks/pages/_app-4e0a347dc425d5bf.js (79)
[21503:21503:0526/171026.119035:INFO:CONSOLE:79] "%c next state color: #4CAF50; font-weight: bold [object Object]", source: https://test.highloka.com/_next/static/chunks/pages/_app-4e0a347dc425d5bf.js (79)
[21503:21503:0526/171026.119129:INFO:CONSOLE:79] "console.groupEnd", source: https://test.highloka.com/_next/static/chunks/pages/_app-4e0a347dc425d5bf.js (79)
[21503:21503:0526/171026.119446:INFO:CONSOLE:67] "Showing Controls. ", source: https://test.highloka.com/_next/static/chunks/pages/_app-4e0a347dc425d5bf.js (67)
[21503:21503:0526/171026.120111:INFO:CONSOLE:67] "Showing Controls. ", source: https://test.highloka.com/_next/static/chunks/pages/_app-4e0a347dc425d5bf.js (67)
[21503:21503:0526/171026.120895:INFO:CONSOLE:1] "ReactHlsPlayerComponent this.props play", source: https://test.highloka.com/_next/static/chunks/pages/concerts/%5Bslug%5D/arena-1595f5991389ce40.js (1)
[21503:21503:0526/171026.133996:INFO:CONSOLE:79] "%c action %cSHOW_AUTO_HIDDEN_ES_VIDEO_PLAYER_CONTROLS %c@ 17:10:26.133 color: gray; font-weight: lighter; color: inherit; color: gray; font-weight: lighter;", source: https://test.highloka.com/_next/static/chunks/pages/_app-4e0a347dc425d5bf.js (79)
[21503:21503:0526/171026.134074:INFO:CONSOLE:79] "%c prev state color: #9E9E9E; font-weight: bold [object Object]", source: https://test.highloka.com/_next/static/chunks/pages/_app-4e0a347dc425d5bf.js (79)
[21503:21503:0526/171026.134113:INFO:CONSOLE:79] "%c action     color: #03A9F4; font-weight: bold [object Object]", source: https://test.highloka.com/_next/static/chunks/pages/_app-4e0a347dc425d5bf.js (79)
[21503:21503:0526/171026.134213:INFO:CONSOLE:79] "%c next state color: #4CAF50; font-weight: bold [object Object]", source: https://test.highloka.com/_next/static/chunks/pages/_app-4e0a347dc425d5bf.js (79)
[21503:21503:0526/171026.134336:INFO:CONSOLE:79] "console.groupEnd", source: https://test.highloka.com/_next/static/chunks/pages/_app-4e0a347dc425d5bf.js (79)
[21503:21503:0526/171026.134650:INFO:CONSOLE:67] "Showing Controls. ", source: https://test.highloka.com/_next/static/chunks/pages/_app-4e0a347dc425d5bf.js (67)
[21503:21503:0526/171026.134923:INFO:CONSOLE:67] "Showing Controls. ", source: https://test.highloka.com/_next/static/chunks/pages/_app-4e0a347dc425d5bf.js (67)
[21503:21503:0526/171026.135732:INFO:CONSOLE:1] "ReactHlsPlayerComponent this.props play", source: https://test.highloka.com/_next/static/chunks/pages/concerts/%5Bslug%5D/arena-1595f5991389ce40.js (1)
[21503:21503:0526/171026.151557:INFO:CONSOLE:79] "%c action %cSHOW_AUTO_HIDDEN_ES_VIDEO_PLAYER_CONTROLS %c@ 17:10:26.150 color: gray; font-weight: lighter; color: inherit; color: gray; font-weight: lighter;", source: https://test.highloka.com/_next/static/chunks/pages/_app-4e0a347dc425d5bf.js (79)
[21503:21503:0526/171026.152007:INFO:CONSOLE:79] "%c prev state color: #9E9E9E; font-weight: bold [object Object]", source: https://test.highloka.com/_next/static/chunks/pages/_app-4e0a347dc425d5bf.js (79)
[21503:21503:0526/171026.152114:INFO:CONSOLE:79] "%c action     color: #03A9F4; font-weight: bold [object Object]", source: https://test.highloka.com/_next/static/chunks/pages/_app-4e0a347dc425d5bf.js (79)
[21503:21503:0526/171026.152237:INFO:CONSOLE:79] "%c next state color: #4CAF50; font-weight: bold [object Object]", source: https://test.highloka.com/_next/static/chunks/pages/_app-4e0a347dc425d5bf.js (79)
[21503:21503:0526/171026.152636:INFO:CONSOLE:79] "console.groupEnd", source: https://test.highloka.com/_next/static/chunks/pages/_app-4e0a347dc425d5bf.js (79)
[21503:21503:0526/171026.153100:INFO:CONSOLE:67] "Showing Controls. ", source: https://test.highloka.com/_next/static/chunks/pages/_app-4e0a347dc425d5bf.js (67)
[21503:21503:0526/171026.153632:INFO:CONSOLE:67] "Showing Controls. ", source: https://test.highloka.com/_next/static/chunks/pages/_app-4e0a347dc425d5bf.js (67)
[21503:21503:0526/171026.154966:INFO:CONSOLE:1] "ReactHlsPlayerComponent this.props play", source: https://test.highloka.com/_next/static/chunks/pages/concerts/%5Bslug%5D/arena-1595f5991389ce40.js (1)
[21503:21503:0526/171026.168199:INFO:CONSOLE:79] "%c action %cSHOW_AUTO_HIDDEN_ES_VIDEO_PLAYER_CONTROLS %c@ 17:10:26.167 color: gray; font-weight: lighter; color: inherit; color: gray; font-weight: lighter;", source: https://test.highloka.com/_next/static/chunks/pages/_app-4e0a347dc425d5bf.js (79)
[21503:21503:0526/171026.168447:INFO:CONSOLE:79] "%c prev state color: #9E9E9E; font-weight: bold [object Object]", source: https://test.highloka.com/_next/static/chunks/pages/_app-4e0a347dc425d5bf.js (79)
[21503:21503:0526/171026.169443:INFO:CONSOLE:79] "%c action     color: #03A9F4; font-weight: bold [object Object]", source: https://test.highloka.com/_next/static/chunks/pages/_app-4e0a347dc425d5bf.js (79)
[21503:21503:0526/171026.169648:INFO:CONSOLE:79] "%c next state color: #4CAF50; font-weight: bold [object Object]", source: https://test.highloka.com/_next/static/chunks/pages/_app-4e0a347dc425d5bf.js (79)
[21503:21503:0526/171026.169734:INFO:CONSOLE:79] "console.groupEnd", source: https://test.highloka.com/_next/static/chunks/pages/_app-4e0a347dc425d5bf.js (79)
[21503:21503:0526/171026.170494:INFO:CONSOLE:67] "Showing Controls. ", source: https://test.highloka.com/_next/static/chunks/pages/_app-4e0a347dc425d5bf.js (67)
[21503:21503:0526/171026.170992:INFO:CONSOLE:67] "Showing Controls. ", source: https://test.highloka.com/_next/static/chunks/pages/_app-4e0a347dc425d5bf.js (67)
[21503:21503:0526/171026.172099:INFO:CONSOLE:1] "ReactHlsPlayerComponent this.props play", source: https://test.highloka.com/_next/static/chunks/pages/concerts/%5Bslug%5D/arena-1595f5991389ce40.js (1)
[21503:21503:0526/171026.183833:INFO:CONSOLE:79] "%c action %cSHOW_AUTO_HIDDEN_ES_VIDEO_PLAYER_CONTROLS %c@ 17:10:26.183 color: gray; font-weight: lighter; color: inherit; color: gray; font-weight: lighter;", source: https://test.highloka.com/_next/static/chunks/pages/_app-4e0a347dc425d5bf.js (79)
[21503:21503:0526/171026.183889:INFO:CONSOLE:79] "%c prev state color: #9E9E9E; font-weight: bold [object Object]", source: https://test.highloka.com/_next/static/chunks/pages/_app-4e0a347dc425d5bf.js (79)
[21503:21503:0526/171026.183976:INFO:CONSOLE:79] "%c action     color: #03A9F4; font-weight: bold [object Object]", source: https://test.highloka.com/_next/static/chunks/pages/_app-4e0a347dc425d5bf.js (79)
[21503:21503:0526/171026.184011:INFO:CONSOLE:79] "%c next state color: #4CAF50; font-weight: bold [object Object]", source: https://test.highloka.com/_next/static/chunks/pages/_app-4e0a347dc425d5bf.js (79)
[21503:21503:0526/171026.184087:INFO:CONSOLE:79] "console.groupEnd", source: https://test.highloka.com/_next/static/chunks/pages/_app-4e0a347dc425d5bf.js (79)
[21503:21503:0526/171026.184382:INFO:CONSOLE:67] "Showing Controls. ", source: https://test.highloka.com/_next/static/chunks/pages/_app-4e0a347dc425d5bf.js (67)
[21503:21503:0526/171026.184654:INFO:CONSOLE:67] "Showing Controls. ", source: https://test.highloka.com/_next/static/chunks/pages/_app-4e0a347dc425d5bf.js (67)
[21503:21503:0526/171026.185466:INFO:CONSOLE:1] "ReactHlsPlayerComponent this.props play", source: https://test.highloka.com/_next/static/chunks/pages/concerts/%5Bslug%5D/arena-1595f5991389ce40.js (1)
[21503:21503:0526/171026.201705:INFO:CONSOLE:79] "%c action %cSHOW_AUTO_HIDDEN_ES_VIDEO_PLAYER_CONTROLS %c@ 17:10:26.200 color: gray; font-weight: lighter; color: inherit; color: gray; font-weight: lighter;", source: https://test.highloka.com/_next/static/chunks/pages/_app-4e0a347dc425d5bf.js (79)
[21503:21503:0526/171026.201899:INFO:CONSOLE:79] "%c prev state color: #9E9E9E; font-weight: bold [object Object]", source: https://test.highloka.com/_next/static/chunks/pages/_app-4e0a347dc425d5bf.js (79)
[21503:21503:0526/171026.201963:INFO:CONSOLE:79] "%c action     color: #03A9F4; font-weight: bold [object Object]", source: https://test.highloka.com/_next/static/chunks/pages/_app-4e0a347dc425d5bf.js (79)
[21503:21503:0526/171026.202247:INFO:CONSOLE:79] "%c next state color: #4CAF50; font-weight: bold [object Object]", source: https://test.highloka.com/_next/static/chunks/pages/_app-4e0a347dc425d5bf.js (79)
[21503:21503:0526/171026.202529:INFO:CONSOLE:79] "console.groupEnd", source: https://test.highloka.com/_next/static/chunks/pages/_app-4e0a347dc425d5bf.js (79)
[21503:21503:0526/171026.202928:INFO:CONSOLE:67] "Showing Controls. ", source: https://test.highloka.com/_next/static/chunks/pages/_app-4e0a347dc425d5bf.js (67)
[21503:21503:0526/171026.203212:INFO:CONSOLE:67] "Showing Controls. ", source: https://test.highloka.com/_next/static/chunks/pages/_app-4e0a347dc425d5bf.js (67)
[21503:21503:0526/171026.203985:INFO:CONSOLE:1] "ReactHlsPlayerComponent this.props play", source: https://test.highloka.com/_next/static/chunks/pages/concerts/%5Bslug%5D/arena-1595f5991389ce40.js (1)
[21503:21503:0526/171026.217343:INFO:CONSOLE:79] "%c action %cSHOW_AUTO_HIDDEN_ES_VIDEO_PLAYER_CONTROLS %c@ 17:10:26.216 color: gray; font-weight: lighter; color: inherit; color: gray; font-weight: lighter;", source: https://test.highloka.com/_next/static/chunks/pages/_app-4e0a347dc425d5bf.js (79)
[21503:21503:0526/171026.217410:INFO:CONSOLE:79] "%c prev state color: #9E9E9E; font-weight: bold [object Object]", source: https://test.highloka.com/_next/static/chunks/pages/_app-4e0a347dc425d5bf.js (79)
[21503:21503:0526/171026.217504:INFO:CONSOLE:79] "%c action     color: #03A9F4; font-weight: bold [object Object]", source: https://test.highloka.com/_next/static/chunks/pages/_app-4e0a347dc425d5bf.js (79)
[21503:21503:0526/171026.217561:INFO:CONSOLE:79] "%c next state color: #4CAF50; font-weight: bold [object Object]", source: https://test.highloka.com/_next/static/chunks/pages/_app-4e0a347dc425d5bf.js (79)
[21503:21503:0526/171026.217631:INFO:CONSOLE:79] "console.groupEnd", source: https://test.highloka.com/_next/static/chunks/pages/_app-4e0a347dc425d5bf.js (79)
[21503:21503:0526/171026.217756:INFO:CONSOLE:67] "Showing Controls. ", source: https://test.highloka.com/_next/static/chunks/pages/_app-4e0a347dc425d5bf.js (67)
[21503:21503:0526/171026.217868:INFO:CONSOLE:67] "Showing Controls. ", source: https://test.highloka.com/_next/static/chunks/pages/_app-4e0a347dc425d5bf.js (67)
[21503:21503:0526/171026.218221:INFO:CONSOLE:1] "ReactHlsPlayerComponent this.props play", source: https://test.highloka.com/_next/static/chunks/pages/concerts/%5Bslug%5D/arena-1595f5991389ce40.js (1)
[21503:21503:0526/171026.236137:INFO:CONSOLE:79] "%c action %cSHOW_AUTO_HIDDEN_ES_VIDEO_PLAYER_CONTROLS %c@ 17:10:26.234 color: gray; font-weight: lighter; color: inherit; color: gray; font-weight: lighter;", source: https://test.highloka.com/_next/static/chunks/pages/_app-4e0a347dc425d5bf.js (79)
[21503:21503:0526/171026.236380:INFO:CONSOLE:79] "%c prev state color: #9E9E9E; font-weight: bold [object Object]", source: https://test.highloka.com/_next/static/chunks/pages/_app-4e0a347dc425d5bf.js (79)
[21503:21503:0526/171026.236600:INFO:CONSOLE:79] "%c action     color: #03A9F4; font-weight: bold [object Object]", source: https://test.highloka.com/_next/static/chunks/pages/_app-4e0a347dc425d5bf.js (79)
[21503:21503:0526/171026.236805:INFO:CONSOLE:79] "%c next state color: #4CAF50; font-weight: bold [object Object]", source: https://test.highloka.com/_next/static/chunks/pages/_app-4e0a347dc425d5bf.js (79)
[21503:21503:0526/171026.236928:INFO:CONSOLE:79] "console.groupEnd", source: https://test.highloka.com/_next/static/chunks/pages/_app-4e0a347dc425d5bf.js (79)
[21503:21503:0526/171026.237245:INFO:CONSOLE:67] "Showing Controls. ", source: https://test.highloka.com/_next/static/chunks/pages/_app-4e0a347dc425d5bf.js (67)
[21503:21503:0526/171026.237502:INFO:CONSOLE:67] "Showing Controls. ", source: https://test.highloka.com/_next/static/chunks/pages/_app-4e0a347dc425d5bf.js (67)
[21503:21503:0526/171026.238551:INFO:CONSOLE:1] "ReactHlsPlayerComponent this.props play", source: https://test.highloka.com/_next/static/chunks/pages/concerts/%5Bslug%5D/arena-1595f5991389ce40.js (1)
[21503:21503:0526/171026.250183:INFO:CONSOLE:79] "%c action %cSHOW_AUTO_HIDDEN_ES_VIDEO_PLAYER_CONTROLS %c@ 17:10:26.249 color: gray; font-weight: lighter; color: inherit; color: gray; font-weight: lighter;", source: https://test.highloka.com/_next/static/chunks/pages/_app-4e0a347dc425d5bf.js (79)
[21503:21503:0526/171026.250297:INFO:CONSOLE:79] "%c prev state color: #9E9E9E; font-weight: bold [object Object]", source: https://test.highloka.com/_next/static/chunks/pages/_app-4e0a347dc425d5bf.js (79)
[21503:21503:0526/171026.250642:INFO:CONSOLE:79] "%c action     color: #03A9F4; font-weight: bold [object Object]", source: https://test.highloka.com/_next/static/chunks/pages/_app-4e0a347dc425d5bf.js (79)
[21503:21503:0526/171026.250889:INFO:CONSOLE:79] "%c next state color: #4CAF50; font-weight: bold [object Object]", source: https://test.highloka.com/_next/static/chunks/pages/_app-4e0a347dc425d5bf.js (79)
[21503:21503:0526/171026.251125:INFO:CONSOLE:79] "console.groupEnd", source: https://test.highloka.com/_next/static/chunks/pages/_app-4e0a347dc425d5bf.js (79)
[21503:21503:0526/171026.251452:INFO:CONSOLE:67] "Showing Controls. ", source: https://test.highloka.com/_next/static/chunks/pages/_app-4e0a347dc425d5bf.js (67)
[21503:21503:0526/171026.251812:INFO:CONSOLE:67] "Showing Controls. ", source: https://test.highloka.com/_next/static/chunks/pages/_app-4e0a347dc425d5bf.js (67)
[21503:21503:0526/171026.252724:INFO:CONSOLE:1] "ReactHlsPlayerComponent this.props play", source: https://test.highloka.com/_next/static/chunks/pages/concerts/%5Bslug%5D/arena-1595f5991389ce40.js (1)
[21503:21503:0526/171026.267607:INFO:CONSOLE:79] "%c action %cSHOW_AUTO_HIDDEN_ES_VIDEO_PLAYER_CONTROLS %c@ 17:10:26.266 color: gray; font-weight: lighter; color: inherit; color: gray; font-weight: lighter;", source: https://test.highloka.com/_next/static/chunks/pages/_app-4e0a347dc425d5bf.js (79)
[21503:21503:0526/171026.267913:INFO:CONSOLE:79] "%c prev state color: #9E9E9E; font-weight: bold [object Object]", source: https://test.highloka.com/_next/static/chunks/pages/_app-4e0a347dc425d5bf.js (79)
[21503:21503:0526/171026.268275:INFO:CONSOLE:79] "%c action     color: #03A9F4; font-weight: bold [object Object]", source: https://test.highloka.com/_next/static/chunks/pages/_app-4e0a347dc425d5bf.js (79)
[21503:21503:0526/171026.268613:INFO:CONSOLE:79] "%c next state color: #4CAF50; font-weight: bold [object Object]", source: https://test.highloka.com/_next/static/chunks/pages/_app-4e0a347dc425d5bf.js (79)
[21503:21503:0526/171026.268853:INFO:CONSOLE:79] "console.groupEnd", source: https://test.highloka.com/_next/static/chunks/pages/_app-4e0a347dc425d5bf.js (79)
[21503:21503:0526/171026.269214:INFO:CONSOLE:67] "Showing Controls. ", source: https://test.highloka.com/_next/static/chunks/pages/_app-4e0a347dc425d5bf.js (67)
[21503:21503:0526/171026.269636:INFO:CONSOLE:67] "Showing Controls. ", source: https://test.highloka.com/_next/static/chunks/pages/_app-4e0a347dc425d5bf.js (67)
[21503:21503:0526/171026.270545:INFO:CONSOLE:1] "ReactHlsPlayerComponent this.props play", source: https://test.highloka.com/_next/static/chunks/pages/concerts/%5Bslug%5D/arena-1595f5991389ce40.js (1)
[21503:21503:0526/171026.284161:INFO:CONSOLE:79] "%c action %cSHOW_AUTO_HIDDEN_ES_VIDEO_PLAYER_CONTROLS %c@ 17:10:26.283 color: gray; font-weight: lighter; color: inherit; color: gray; font-weight: lighter;", source: https://test.highloka.com/_next/static/chunks/pages/_app-4e0a347dc425d5bf.js (79)
[21503:21503:0526/171026.284361:INFO:CONSOLE:79] "%c prev state color: #9E9E9E; font-weight: bold [object Object]", source: https://test.highloka.com/_next/static/chunks/pages/_app-4e0a347dc425d5bf.js (79)
[21503:21503:0526/171026.284751:INFO:CONSOLE:79] "%c action     color: #03A9F4; font-weight: bold [object Object]", source: https://test.highloka.com/_next/static/chunks/pages/_app-4e0a347dc425d5bf.js (79)
[21503:21503:0526/171026.285095:INFO:CONSOLE:79] "%c next state color: #4CAF50; font-weight: bold [object Object]", source: https://test.highloka.com/_next/static/chunks/pages/_app-4e0a347dc425d5bf.js (79)
[21503:21503:0526/171026.285390:INFO:CONSOLE:79] "console.groupEnd", source: https://test.highloka.com/_next/static/chunks/pages/_app-4e0a347dc425d5bf.js (79)
[21503:21503:0526/171026.285880:INFO:CONSOLE:67] "Showing Controls. ", source: https://test.highloka.com/_next/static/chunks/pages/_app-4e0a347dc425d5bf.js (67)
[21503:21503:0526/171026.286517:INFO:CONSOLE:67] "Showing Controls. ", source: https://test.highloka.com/_next/static/chunks/pages/_app-4e0a347dc425d5bf.js (67)
[21503:21503:0526/171026.287382:INFO:CONSOLE:1] "ReactHlsPlayerComponent this.props play", source: https://test.highloka.com/_next/static/chunks/pages/concerts/%5Bslug%5D/arena-1595f5991389ce40.js (1)
[21503:21503:0526/171026.300739:INFO:CONSOLE:79] "%c action %cSHOW_AUTO_HIDDEN_ES_VIDEO_PLAYER_CONTROLS %c@ 17:10:26.299 color: gray; font-weight: lighter; color: inherit; color: gray; font-weight: lighter;", source: https://test.highloka.com/_next/static/chunks/pages/_app-4e0a347dc425d5bf.js (79)
[21503:21503:0526/171026.300949:INFO:CONSOLE:79] "%c prev state color: #9E9E9E; font-weight: bold [object Object]", source: https://test.highloka.com/_next/static/chunks/pages/_app-4e0a347dc425d5bf.js (79)
[21503:21503:0526/171026.301326:INFO:CONSOLE:79] "%c action     color: #03A9F4; font-weight: bold [object Object]", source: https://test.highloka.com/_next/static/chunks/pages/_app-4e0a347dc425d5bf.js (79)
[21503:21503:0526/171026.301734:INFO:CONSOLE:79] "%c next state color: #4CAF50; font-weight: bold [object Object]", source: https://test.highloka.com/_next/static/chunks/pages/_app-4e0a347dc425d5bf.js (79)
[21503:21503:0526/171026.301967:INFO:CONSOLE:79] "console.groupEnd", source: https://test.highloka.com/_next/static/chunks/pages/_app-4e0a347dc425d5bf.js (79)
[21503:21503:0526/171026.302432:INFO:CONSOLE:67] "Showing Controls. ", source: https://test.highloka.com/_next/static/chunks/pages/_app-4e0a347dc425d5bf.js (67)
[21503:21503:0526/171026.302997:INFO:CONSOLE:67] "Showing Controls. ", source: https://test.highloka.com/_next/static/chunks/pages/_app-4e0a347dc425d5bf.js (67)
[21503:21503:0526/171026.303720:INFO:CONSOLE:1] "ReactHlsPlayerComponent this.props play", source: https://test.highloka.com/_next/static/chunks/pages/concerts/%5Bslug%5D/arena-1595f5991389ce40.js (1)
[21503:21503:0526/171026.318279:INFO:CONSOLE:79] "%c action %cSHOW_AUTO_HIDDEN_ES_VIDEO_PLAYER_CONTROLS %c@ 17:10:26.317 color: gray; font-weight: lighter; color: inherit; color: gray; font-weight: lighter;", source: https://test.highloka.com/_next/static/chunks/pages/_app-4e0a347dc425d5bf.js (79)
[21503:21503:0526/171026.318517:INFO:CONSOLE:79] "%c prev state color: #9E9E9E; font-weight: bold [object Object]", source: https://test.highloka.com/_next/static/chunks/pages/_app-4e0a347dc425d5bf.js (79)
[21503:21503:0526/171026.319391:INFO:CONSOLE:79] "%c action     color: #03A9F4; font-weight: bold [object Object]", source: https://test.highloka.com/_next/static/chunks/pages/_app-4e0a347dc425d5bf.js (79)
[21503:21503:0526/171026.319604:INFO:CONSOLE:79] "%c next state color: #4CAF50; font-weight: bold [object Object]", source: https://test.highloka.com/_next/static/chunks/pages/_app-4e0a347dc425d5bf.js (79)
[21503:21503:0526/171026.319687:INFO:CONSOLE:79] "console.groupEnd", source: https://test.highloka.com/_next/static/chunks/pages/_app-4e0a347dc425d5bf.js (79)
[21503:21503:0526/171026.319771:INFO:CONSOLE:67] "Showing Controls. ", source: https://test.highloka.com/_next/static/chunks/pages/_app-4e0a347dc425d5bf.js (67)
[21503:21503:0526/171026.320424:INFO:CONSOLE:67] "Showing Controls. ", source: https://test.highloka.com/_next/static/chunks/pages/_app-4e0a347dc425d5bf.js (67)
[21503:21503:0526/171026.321415:INFO:CONSOLE:1] "ReactHlsPlayerComponent this.props play", source: https://test.highloka.com/_next/static/chunks/pages/concerts/%5Bslug%5D/arena-1595f5991389ce40.js (1)
[21503:21503:0526/171026.335163:INFO:CONSOLE:79] "%c action %cSHOW_AUTO_HIDDEN_ES_VIDEO_PLAYER_CONTROLS %c@ 17:10:26.333 color: gray; font-weight: lighter; color: inherit; color: gray; font-weight: lighter;", source: https://test.highloka.com/_next/static/chunks/pages/_app-4e0a347dc425d5bf.js (79)
[21503:21503:0526/171026.335411:INFO:CONSOLE:79] "%c prev state color: #9E9E9E; font-weight: bold [object Object]", source: https://test.highloka.com/_next/static/chunks/pages/_app-4e0a347dc425d5bf.js (79)
[21503:21503:0526/171026.335727:INFO:CONSOLE:79] "%c action     color: #03A9F4; font-weight: bold [object Object]", source: https://test.highloka.com/_next/static/chunks/pages/_app-4e0a347dc425d5bf.js (79)
[21503:21503:0526/171026.335937:INFO:CONSOLE:79] "%c next state color: #4CAF50; font-weight: bold [object Object]", source: https://test.highloka.com/_next/static/chunks/pages/_app-4e0a347dc425d5bf.js (79)
[21503:21503:0526/171026.336256:INFO:CONSOLE:79] "console.groupEnd", source: https://test.highloka.com/_next/static/chunks/pages/_app-4e0a347dc425d5bf.js (79)
[21503:21503:0526/171026.336592:INFO:CONSOLE:67] "Showing Controls. ", source: https://test.highloka.com/_next/static/chunks/pages/_app-4e0a347dc425d5bf.js (67)
[21503:21503:0526/171026.336927:INFO:CONSOLE:67] "Showing Controls. ", source: https://test.highloka.com/_next/static/chunks/pages/_app-4e0a347dc425d5bf.js (67)
[21503:21503:0526/171026.337791:INFO:CONSOLE:1] "ReactHlsPlayerComponent this.props play", source: https://test.highloka.com/_next/static/chunks/pages/concerts/%5Bslug%5D/arena-1595f5991389ce40.js (1)
[21503:21503:0526/171026.351077:INFO:CONSOLE:79] "%c action %cSHOW_AUTO_HIDDEN_ES_VIDEO_PLAYER_CONTROLS %c@ 17:10:26.350 color: gray; font-weight: lighter; color: inherit; color: gray; font-weight: lighter;", source: https://test.highloka.com/_next/static/chunks/pages/_app-4e0a347dc425d5bf.js (79)
[21503:21503:0526/171026.351291:INFO:CONSOLE:79] "%c prev state color: #9E9E9E; font-weight: bold [object Object]", source: https://test.highloka.com/_next/static/chunks/pages/_app-4e0a347dc425d5bf.js (79)
[21503:21503:0526/171026.351485:INFO:CONSOLE:79] "%c action     color: #03A9F4; font-weight: bold [object Object]", source: https://test.highloka.com/_next/static/chunks/pages/_app-4e0a347dc425d5bf.js (79)
[21503:21503:0526/171026.351738:INFO:CONSOLE:79] "%c next state color: #4CAF50; font-weight: bold [object Object]", source: https://test.highloka.com/_next/static/chunks/pages/_app-4e0a347dc425d5bf.js (79)
[21503:21503:0526/171026.351917:INFO:CONSOLE:79] "console.groupEnd", source: https://test.highloka.com/_next/static/chunks/pages/_app-4e0a347dc425d5bf.js (79)
[21503:21503:0526/171026.352265:INFO:CONSOLE:67] "Showing Controls. ", source: https://test.highloka.com/_next/static/chunks/pages/_app-4e0a347dc425d5bf.js (67)
[21503:21503:0526/171026.352617:INFO:CONSOLE:67] "Showing Controls. ", source: https://test.highloka.com/_next/static/chunks/pages/_app-4e0a347dc425d5bf.js (67)
[21503:21503:0526/171026.353481:INFO:CONSOLE:1] "ReactHlsPlayerComponent this.props play", source: https://test.highloka.com/_next/static/chunks/pages/concerts/%5Bslug%5D/arena-1595f5991389ce40.js (1)
[21503:21503:0526/171026.368199:INFO:CONSOLE:79] "%c action %cSHOW_AUTO_HIDDEN_ES_VIDEO_PLAYER_CONTROLS %c@ 17:10:26.367 color: gray; font-weight: lighter; color: inherit; color: gray; font-weight: lighter;", source: https://test.highloka.com/_next/static/chunks/pages/_app-4e0a347dc425d5bf.js (79)
[21503:21503:0526/171026.368469:INFO:CONSOLE:79] "%c prev state color: #9E9E9E; font-weight: bold [object Object]", source: https://test.highloka.com/_next/static/chunks/pages/_app-4e0a347dc425d5bf.js (79)
[21503:21503:0526/171026.368906:INFO:CONSOLE:79] "%c action     color: #03A9F4; font-weight: bold [object Object]", source: https://test.highloka.com/_next/static/chunks/pages/_app-4e0a347dc425d5bf.js (79)
[21503:21503:0526/171026.369143:INFO:CONSOLE:79] "%c next state color: #4CAF50; font-weight: bold [object Object]", source: https://test.highloka.com/_next/static/chunks/pages/_app-4e0a347dc425d5bf.js (79)
[21503:21503:0526/171026.369374:INFO:CONSOLE:79] "console.groupEnd", source: https://test.highloka.com/_next/static/chunks/pages/_app-4e0a347dc425d5bf.js (79)
[21503:21503:0526/171026.369721:INFO:CONSOLE:67] "Showing Controls. ", source: https://test.highloka.com/_next/static/chunks/pages/_app-4e0a347dc425d5bf.js (67)
[21503:21503:0526/171026.370411:INFO:CONSOLE:67] "Showing Controls. ", source: https://test.highloka.com/_next/static/chunks/pages/_app-4e0a347dc425d5bf.js (67)
[21503:21503:0526/171026.370967:INFO:CONSOLE:1] "ReactHlsPlayerComponent this.props play", source: https://test.highloka.com/_next/static/chunks/pages/concerts/%5Bslug%5D/arena-1595f5991389ce40.js (1)
[21503:21503:0526/171026.385063:INFO:CONSOLE:79] "%c action %cSHOW_AUTO_HIDDEN_ES_VIDEO_PLAYER_CONTROLS %c@ 17:10:26.384 color: gray; font-weight: lighter; color: inherit; color: gray; font-weight: lighter;", source: https://test.highloka.com/_next/static/chunks/pages/_app-4e0a347dc425d5bf.js (79)
[21503:21503:0526/171026.385282:INFO:CONSOLE:79] "%c prev state color: #9E9E9E; font-weight: bold [object Object]", source: https://test.highloka.com/_next/static/chunks/pages/_app-4e0a347dc425d5bf.js (79)
[21503:21503:0526/171026.385784:INFO:CONSOLE:79] "%c action     color: #03A9F4; font-weight: bold [object Object]", source: https://test.highloka.com/_next/static/chunks/pages/_app-4e0a347dc425d5bf.js (79)
[21503:21503:0526/171026.385965:INFO:CONSOLE:79] "%c next state color: #4CAF50; font-weight: bold [object Object]", source: https://test.highloka.com/_next/static/chunks/pages/_app-4e0a347dc425d5bf.js (79)
[21503:21503:0526/171026.386262:INFO:CONSOLE:79] "console.groupEnd", source: https://test.highloka.com/_next/static/chunks/pages/_app-4e0a347dc425d5bf.js (79)
[21503:21503:0526/171026.386757:INFO:CONSOLE:67] "Showing Controls. ", source: https://test.highloka.com/_next/static/chunks/pages/_app-4e0a347dc425d5bf.js (67)
[21503:21503:0526/171026.387247:INFO:CONSOLE:67] "Showing Controls. ", source: https://test.highloka.com/_next/static/chunks/pages/_app-4e0a347dc425d5bf.js (67)
[21503:21503:0526/171026.388370:INFO:CONSOLE:1] "ReactHlsPlayerComponent this.props play", source: https://test.highloka.com/_next/static/chunks/pages/concerts/%5Bslug%5D/arena-1595f5991389ce40.js (1)
[21503:21503:0526/171026.401145:INFO:CONSOLE:79] "%c action %cSHOW_AUTO_HIDDEN_ES_VIDEO_PLAYER_CONTROLS %c@ 17:10:26.400 color: gray; font-weight: lighter; color: inherit; color: gray; font-weight: lighter;", source: https://test.highloka.com/_next/static/chunks/pages/_app-4e0a347dc425d5bf.js (79)
[21503:21503:0526/171026.401401:INFO:CONSOLE:79] "%c prev state color: #9E9E9E; font-weight: bold [object Object]", source: https://test.highloka.com/_next/static/chunks/pages/_app-4e0a347dc425d5bf.js (79)
[21503:21503:0526/171026.401750:INFO:CONSOLE:79] "%c action     color: #03A9F4; font-weight: bold [object Object]", source: https://test.highloka.com/_next/static/chunks/pages/_app-4e0a347dc425d5bf.js (79)
[21503:21503:0526/171026.402053:INFO:CONSOLE:79] "%c next state color: #4CAF50; font-weight: bold [object Object]", source: https://test.highloka.com/_next/static/chunks/pages/_app-4e0a347dc425d5bf.js (79)
[21503:21503:0526/171026.402213:INFO:CONSOLE:79] "console.groupEnd", source: https://test.highloka.com/_next/static/chunks/pages/_app-4e0a347dc425d5bf.js (79)
[21503:21503:0526/171026.402558:INFO:CONSOLE:67] "Showing Controls. ", source: https://test.highloka.com/_next/static/chunks/pages/_app-4e0a347dc425d5bf.js (67)
[21503:21503:0526/171026.403048:INFO:CONSOLE:67] "Showing Controls. ", source: https://test.highloka.com/_next/static/chunks/pages/_app-4e0a347dc425d5bf.js (67)
[21503:21503:0526/171026.403773:INFO:CONSOLE:1] "ReactHlsPlayerComponent this.props play", source: https://test.highloka.com/_next/static/chunks/pages/concerts/%5Bslug%5D/arena-1595f5991389ce40.js (1)
[21503:21503:0526/171026.418623:INFO:CONSOLE:79] "%c action %cSHOW_AUTO_HIDDEN_ES_VIDEO_PLAYER_CONTROLS %c@ 17:10:26.417 color: gray; font-weight: lighter; color: inherit; color: gray; font-weight: lighter;", source: https://test.highloka.com/_next/static/chunks/pages/_app-4e0a347dc425d5bf.js (79)
[21503:21503:0526/171026.418828:INFO:CONSOLE:79] "%c prev state color: #9E9E9E; font-weight: bold [object Object]", source: https://test.highloka.com/_next/static/chunks/pages/_app-4e0a347dc425d5bf.js (79)
[21503:21503:0526/171026.419209:INFO:CONSOLE:79] "%c action     color: #03A9F4; font-weight: bold [object Object]", source: https://test.highloka.com/_next/static/chunks/pages/_app-4e0a347dc425d5bf.js (79)
[21503:21503:0526/171026.419695:INFO:CONSOLE:79] "%c next state color: #4CAF50; font-weight: bold [object Object]", source: https://test.highloka.com/_next/static/chunks/pages/_app-4e0a347dc425d5bf.js (79)
[21503:21503:0526/171026.420067:INFO:CONSOLE:79] "console.groupEnd", source: https://test.highloka.com/_next/static/chunks/pages/_app-4e0a347dc425d5bf.js (79)
[21503:21503:0526/171026.420348:INFO:CONSOLE:67] "Showing Controls. ", source: https://test.highloka.com/_next/static/chunks/pages/_app-4e0a347dc425d5bf.js (67)
[21503:21503:0526/171026.420659:INFO:CONSOLE:67] "Showing Controls. ", source: https://test.highloka.com/_next/static/chunks/pages/_app-4e0a347dc425d5bf.js (67)
[21503:21503:0526/171026.421673:INFO:CONSOLE:1] "ReactHlsPlayerComponent this.props play", source: https://test.highloka.com/_next/static/chunks/pages/concerts/%5Bslug%5D/arena-1595f5991389ce40.js (1)
[21503:21503:0526/171026.435548:INFO:CONSOLE:79] "%c action %cSHOW_AUTO_HIDDEN_ES_VIDEO_PLAYER_CONTROLS %c@ 17:10:26.434 color: gray; font-weight: lighter; color: inherit; color: gray; font-weight: lighter;", source: https://test.highloka.com/_next/static/chunks/pages/_app-4e0a347dc425d5bf.js (79)
[21503:21503:0526/171026.435722:INFO:CONSOLE:79] "%c prev state color: #9E9E9E; font-weight: bold [object Object]", source: https://test.highloka.com/_next/static/chunks/pages/_app-4e0a347dc425d5bf.js (79)
[21503:21503:0526/171026.436122:INFO:CONSOLE:79] "%c action     color: #03A9F4; font-weight: bold [object Object]", source: https://test.highloka.com/_next/static/chunks/pages/_app-4e0a347dc425d5bf.js (79)
[21503:21503:0526/171026.436311:INFO:CONSOLE:79] "%c next state color: #4CAF50; font-weight: bold [object Object]", source: https://test.highloka.com/_next/static/chunks/pages/_app-4e0a347dc425d5bf.js (79)
[21503:21503:0526/171026.436397:INFO:CONSOLE:79] "console.groupEnd", source: https://test.highloka.com/_next/static/chunks/pages/_app-4e0a347dc425d5bf.js (79)
[21503:21503:0526/171026.436685:INFO:CONSOLE:67] "Showing Controls. ", source: https://test.highloka.com/_next/static/chunks/pages/_app-4e0a347dc425d5bf.js (67)
[21503:21503:0526/171026.437136:INFO:CONSOLE:67] "Showing Controls. ", source: https://test.highloka.com/_next/static/chunks/pages/_app-4e0a347dc425d5bf.js (67)
[21503:21503:0526/171026.438494:INFO:CONSOLE:1] "ReactHlsPlayerComponent this.props play", source: https://test.highloka.com/_next/static/chunks/pages/concerts/%5Bslug%5D/arena-1595f5991389ce40.js (1)
[21503:21503:0526/171026.451218:INFO:CONSOLE:79] "%c action %cSHOW_AUTO_HIDDEN_ES_VIDEO_PLAYER_CONTROLS %c@ 17:10:26.450 color: gray; font-weight: lighter; color: inherit; color: gray; font-weight: lighter;", source: https://test.highloka.com/_next/static/chunks/pages/_app-4e0a347dc425d5bf.js (79)
[21503:21503:0526/171026.451411:INFO:CONSOLE:79] "%c prev state color: #9E9E9E; font-weight: bold [object Object]", source: https://test.highloka.com/_next/static/chunks/pages/_app-4e0a347dc425d5bf.js (79)
[21503:21503:0526/171026.451767:INFO:CONSOLE:79] "%c action     color: #03A9F4; font-weight: bold [object Object]", source: https://test.highloka.com/_next/static/chunks/pages/_app-4e0a347dc425d5bf.js (79)
[21503:21503:0526/171026.452142:INFO:CONSOLE:79] "%c next state color: #4CAF50; font-weight: bold [object Object]", source: https://test.highloka.com/_next/static/chunks/pages/_app-4e0a347dc425d5bf.js (79)
[21503:21503:0526/171026.452516:INFO:CONSOLE:79] "console.groupEnd", source: https://test.highloka.com/_next/static/chunks/pages/_app-4e0a347dc425d5bf.js (79)
[21503:21503:0526/171026.452876:INFO:CONSOLE:67] "Showing Controls. ", source: https://test.highloka.com/_next/static/chunks/pages/_app-4e0a347dc425d5bf.js (67)
[21503:21503:0526/171026.453407:INFO:CONSOLE:67] "Showing Controls. ", source: https://test.highloka.com/_next/static/chunks/pages/_app-4e0a347dc425d5bf.js (67)
[21503:21503:0526/171026.454605:INFO:CONSOLE:1] "ReactHlsPlayerComponent this.props play", source: https://test.highloka.com/_next/static/chunks/pages/concerts/%5Bslug%5D/arena-1595f5991389ce40.js (1)
[21503:21503:0526/171026.467747:INFO:CONSOLE:79] "%c action %cSHOW_AUTO_HIDDEN_ES_VIDEO_PLAYER_CONTROLS %c@ 17:10:26.466 color: gray; font-weight: lighter; color: inherit; color: gray; font-weight: lighter;", source: https://test.highloka.com/_next/static/chunks/pages/_app-4e0a347dc425d5bf.js (79)
[21503:21503:0526/171026.467974:INFO:CONSOLE:79] "%c prev state color: #9E9E9E; font-weight: bold [object Object]", source: https://test.highloka.com/_next/static/chunks/pages/_app-4e0a347dc425d5bf.js (79)
[21503:21503:0526/171026.468356:INFO:CONSOLE:79] "%c action     color: #03A9F4; font-weight: bold [object Object]", source: https://test.highloka.com/_next/static/chunks/pages/_app-4e0a347dc425d5bf.js (79)
[21503:21503:0526/171026.468688:INFO:CONSOLE:79] "%c next state color: #4CAF50; font-weight: bold [object Object]", source: https://test.highloka.com/_next/static/chunks/pages/_app-4e0a347dc425d5bf.js (79)
[21503:21503:0526/171026.468864:INFO:CONSOLE:79] "console.groupEnd", source: https://test.highloka.com/_next/static/chunks/pages/_app-4e0a347dc425d5bf.js (79)
[21503:21503:0526/171026.469223:INFO:CONSOLE:67] "Showing Controls. ", source: https://test.highloka.com/_next/static/chunks/pages/_app-4e0a347dc425d5bf.js (67)
[21503:21503:0526/171026.469661:INFO:CONSOLE:67] "Showing Controls. ", source: https://test.highloka.com/_next/static/chunks/pages/_app-4e0a347dc425d5bf.js (67)
[21503:21503:0526/171026.470762:INFO:CONSOLE:1] "ReactHlsPlayerComponent this.props play", source: https://test.highloka.com/_next/static/chunks/pages/concerts/%5Bslug%5D/arena-1595f5991389ce40.js (1)
[21503:21503:0526/171026.484870:INFO:CONSOLE:79] "%c action %cSHOW_AUTO_HIDDEN_ES_VIDEO_PLAYER_CONTROLS %c@ 17:10:26.483 color: gray; font-weight: lighter; color: inherit; color: gray; font-weight: lighter;", source: https://test.highloka.com/_next/static/chunks/pages/_app-4e0a347dc425d5bf.js (79)
[21503:21503:0526/171026.485156:INFO:CONSOLE:79] "%c prev state color: #9E9E9E; font-weight: bold [object Object]", source: https://test.highloka.com/_next/static/chunks/pages/_app-4e0a347dc425d5bf.js (79)
[21503:21503:0526/171026.485466:INFO:CONSOLE:79] "%c action     color: #03A9F4; font-weight: bold [object Object]", source: https://test.highloka.com/_next/static/chunks/pages/_app-4e0a347dc425d5bf.js (79)
[21503:21503:0526/171026.485760:INFO:CONSOLE:79] "%c next state color: #4CAF50; font-weight: bold [object Object]", source: https://test.highloka.com/_next/static/chunks/pages/_app-4e0a347dc425d5bf.js (79)
[21503:21503:0526/171026.486395:INFO:CONSOLE:79] "console.groupEnd", source: https://test.highloka.com/_next/static/chunks/pages/_app-4e0a347dc425d5bf.js (79)
[21503:21503:0526/171026.486603:INFO:CONSOLE:67] "Showing Controls. ", source: https://test.highloka.com/_next/static/chunks/pages/_app-4e0a347dc425d5bf.js (67)
[21503:21503:0526/171026.487167:INFO:CONSOLE:67] "Showing Controls. ", source: https://test.highloka.com/_next/static/chunks/pages/_app-4e0a347dc425d5bf.js (67)
[21503:21503:0526/171026.488148:INFO:CONSOLE:1] "ReactHlsPlayerComponent this.props play", source: https://test.highloka.com/_next/static/chunks/pages/concerts/%5Bslug%5D/arena-1595f5991389ce40.js (1)
[21503:21503:0526/171026.534166:INFO:CONSOLE:79] "%c action %cSHOW_AUTO_HIDDEN_ES_VIDEO_PLAYER_CONTROLS %c@ 17:10:26.533 color: gray; font-weight: lighter; color: inherit; color: gray; font-weight: lighter;", source: https://test.highloka.com/_next/static/chunks/pages/_app-4e0a347dc425d5bf.js (79)
[21503:21503:0526/171026.534503:INFO:CONSOLE:79] "%c prev state color: #9E9E9E; font-weight: bold [object Object]", source: https://test.highloka.com/_next/static/chunks/pages/_app-4e0a347dc425d5bf.js (79)
[21503:21503:0526/171026.534965:INFO:CONSOLE:79] "%c action     color: #03A9F4; font-weight: bold [object Object]", source: https://test.highloka.com/_next/static/chunks/pages/_app-4e0a347dc425d5bf.js (79)
[21503:21503:0526/171026.535247:INFO:CONSOLE:79] "%c next state color: #4CAF50; font-weight: bold [object Object]", source: https://test.highloka.com/_next/static/chunks/pages/_app-4e0a347dc425d5bf.js (79)
[21503:21503:0526/171026.535569:INFO:CONSOLE:79] "console.groupEnd", source: https://test.highloka.com/_next/static/chunks/pages/_app-4e0a347dc425d5bf.js (79)
[21503:21503:0526/171026.535996:INFO:CONSOLE:67] "Showing Controls. ", source: https://test.highloka.com/_next/static/chunks/pages/_app-4e0a347dc425d5bf.js (67)
[21503:21503:0526/171026.536495:INFO:CONSOLE:67] "Showing Controls. ", source: https://test.highloka.com/_next/static/chunks/pages/_app-4e0a347dc425d5bf.js (67)
[21503:21503:0526/171026.537455:INFO:CONSOLE:1] "ReactHlsPlayerComponent this.props play", source: https://test.highloka.com/_next/static/chunks/pages/concerts/%5Bslug%5D/arena-1595f5991389ce40.js (1)
[21503:21503:0526/171026.567320:INFO:CONSOLE:79] "%c action %cSHOW_AUTO_HIDDEN_ES_VIDEO_PLAYER_CONTROLS %c@ 17:10:26.566 color: gray; font-weight: lighter; color: inherit; color: gray; font-weight: lighter;", source: https://test.highloka.com/_next/static/chunks/pages/_app-4e0a347dc425d5bf.js (79)
[21503:21503:0526/171026.567621:INFO:CONSOLE:79] "%c prev state color: #9E9E9E; font-weight: bold [object Object]", source: https://test.highloka.com/_next/static/chunks/pages/_app-4e0a347dc425d5bf.js (79)
[21503:21503:0526/171026.567950:INFO:CONSOLE:79] "%c action     color: #03A9F4; font-weight: bold [object Object]", source: https://test.highloka.com/_next/static/chunks/pages/_app-4e0a347dc425d5bf.js (79)
[21503:21503:0526/171026.568359:INFO:CONSOLE:79] "%c next state color: #4CAF50; font-weight: bold [object Object]", source: https://test.highloka.com/_next/static/chunks/pages/_app-4e0a347dc425d5bf.js (79)
[21503:21503:0526/171026.568681:INFO:CONSOLE:79] "console.groupEnd", source: https://test.highloka.com/_next/static/chunks/pages/_app-4e0a347dc425d5bf.js (79)
[21503:21503:0526/171026.569140:INFO:CONSOLE:67] "Showing Controls. ", source: https://test.highloka.com/_next/static/chunks/pages/_app-4e0a347dc425d5bf.js (67)
[21503:21503:0526/171026.569497:INFO:CONSOLE:67] "Showing Controls. ", source: https://test.highloka.com/_next/static/chunks/pages/_app-4e0a347dc425d5bf.js (67)
[21503:21503:0526/171026.570233:INFO:CONSOLE:1] "ReactHlsPlayerComponent this.props play", source: https://test.highloka.com/_next/static/chunks/pages/concerts/%5Bslug%5D/arena-1595f5991389ce40.js (1)
[21503:21503:0526/171026.602106:INFO:CONSOLE:79] "%c action %cSHOW_AUTO_HIDDEN_ES_VIDEO_PLAYER_CONTROLS %c@ 17:10:26.601 color: gray; font-weight: lighter; color: inherit; color: gray; font-weight: lighter;", source: https://test.highloka.com/_next/static/chunks/pages/_app-4e0a347dc425d5bf.js (79)
[21503:21503:0526/171026.602370:INFO:CONSOLE:79] "%c prev state color: #9E9E9E; font-weight: bold [object Object]", source: https://test.highloka.com/_next/static/chunks/pages/_app-4e0a347dc425d5bf.js (79)
[21503:21503:0526/171026.603328:INFO:CONSOLE:79] "%c action     color: #03A9F4; font-weight: bold [object Object]", source: https://test.highloka.com/_next/static/chunks/pages/_app-4e0a347dc425d5bf.js (79)
[21503:21503:0526/171026.603437:INFO:CONSOLE:79] "%c next state color: #4CAF50; font-weight: bold [object Object]", source: https://test.highloka.com/_next/static/chunks/pages/_app-4e0a347dc425d5bf.js (79)
[21503:21503:0526/171026.603502:INFO:CONSOLE:79] "console.groupEnd", source: https://test.highloka.com/_next/static/chunks/pages/_app-4e0a347dc425d5bf.js (79)
[21503:21503:0526/171026.603794:INFO:CONSOLE:67] "Showing Controls. ", source: https://test.highloka.com/_next/static/chunks/pages/_app-4e0a347dc425d5bf.js (67)
[21503:21503:0526/171026.604441:INFO:CONSOLE:67] "Showing Controls. ", source: https://test.highloka.com/_next/static/chunks/pages/_app-4e0a347dc425d5bf.js (67)
[21503:21503:0526/171026.605544:INFO:CONSOLE:1] "ReactHlsPlayerComponent this.props play", source: https://test.highloka.com/_next/static/chunks/pages/concerts/%5Bslug%5D/arena-1595f5991389ce40.js (1)
[21503:21503:0526/171026.617407:INFO:CONSOLE:79] "%c action %cSHOW_AUTO_HIDDEN_ES_VIDEO_PLAYER_CONTROLS %c@ 17:10:26.616 color: gray; font-weight: lighter; color: inherit; color: gray; font-weight: lighter;", source: https://test.highloka.com/_next/static/chunks/pages/_app-4e0a347dc425d5bf.js (79)
[21503:21503:0526/171026.617593:INFO:CONSOLE:79] "%c prev state color: #9E9E9E; font-weight: bold [object Object]", source: https://test.highloka.com/_next/static/chunks/pages/_app-4e0a347dc425d5bf.js (79)
[21503:21503:0526/171026.617853:INFO:CONSOLE:79] "%c action     color: #03A9F4; font-weight: bold [object Object]", source: https://test.highloka.com/_next/static/chunks/pages/_app-4e0a347dc425d5bf.js (79)
[21503:21503:0526/171026.618228:INFO:CONSOLE:79] "%c next state color: #4CAF50; font-weight: bold [object Object]", source: https://test.highloka.com/_next/static/chunks/pages/_app-4e0a347dc425d5bf.js (79)
[21503:21503:0526/171026.618474:INFO:CONSOLE:79] "console.groupEnd", source: https://test.highloka.com/_next/static/chunks/pages/_app-4e0a347dc425d5bf.js (79)
[21503:21503:0526/171026.618934:INFO:CONSOLE:67] "Showing Controls. ", source: https://test.highloka.com/_next/static/chunks/pages/_app-4e0a347dc425d5bf.js (67)
[21503:21503:0526/171026.619424:INFO:CONSOLE:67] "Showing Controls. ", source: https://test.highloka.com/_next/static/chunks/pages/_app-4e0a347dc425d5bf.js (67)
[21503:21503:0526/171026.620162:INFO:CONSOLE:1] "ReactHlsPlayerComponent this.props play", source: https://test.highloka.com/_next/static/chunks/pages/concerts/%5Bslug%5D/arena-1595f5991389ce40.js (1)
[21503:21503:0526/171026.635036:INFO:CONSOLE:79] "%c action %cSHOW_AUTO_HIDDEN_ES_VIDEO_PLAYER_CONTROLS %c@ 17:10:26.634 color: gray; font-weight: lighter; color: inherit; color: gray; font-weight: lighter;", source: https://test.highloka.com/_next/static/chunks/pages/_app-4e0a347dc425d5bf.js (79)
[21503:21503:0526/171026.635387:INFO:CONSOLE:79] "%c prev state color: #9E9E9E; font-weight: bold [object Object]", source: https://test.highloka.com/_next/static/chunks/pages/_app-4e0a347dc425d5bf.js (79)
[21503:21503:0526/171026.635616:INFO:CONSOLE:79] "%c action     color: #03A9F4; font-weight: bold [object Object]", source: https://test.highloka.com/_next/static/chunks/pages/_app-4e0a347dc425d5bf.js (79)
[21503:21503:0526/171026.635872:INFO:CONSOLE:79] "%c next state color: #4CAF50; font-weight: bold [object Object]", source: https://test.highloka.com/_next/static/chunks/pages/_app-4e0a347dc425d5bf.js (79)
[21503:21503:0526/171026.636121:INFO:CONSOLE:79] "console.groupEnd", source: https://test.highloka.com/_next/static/chunks/pages/_app-4e0a347dc425d5bf.js (79)
[21503:21503:0526/171026.636562:INFO:CONSOLE:67] "Showing Controls. ", source: https://test.highloka.com/_next/static/chunks/pages/_app-4e0a347dc425d5bf.js (67)
[21503:21503:0526/171026.637027:INFO:CONSOLE:67] "Showing Controls. ", source: https://test.highloka.com/_next/static/chunks/pages/_app-4e0a347dc425d5bf.js (67)
[21503:21503:0526/171026.638004:INFO:CONSOLE:1] "ReactHlsPlayerComponent this.props play", source: https://test.highloka.com/_next/static/chunks/pages/concerts/%5Bslug%5D/arena-1595f5991389ce40.js (1)
[21503:21503:0526/171026.651759:INFO:CONSOLE:79] "%c action %cSHOW_AUTO_HIDDEN_ES_VIDEO_PLAYER_CONTROLS %c@ 17:10:26.650 color: gray; font-weight: lighter; color: inherit; color: gray; font-weight: lighter;", source: https://test.highloka.com/_next/static/chunks/pages/_app-4e0a347dc425d5bf.js (79)
[21503:21503:0526/171026.651967:INFO:CONSOLE:79] "%c prev state color: #9E9E9E; font-weight: bold [object Object]", source: https://test.highloka.com/_next/static/chunks/pages/_app-4e0a347dc425d5bf.js (79)
[21503:21503:0526/171026.652384:INFO:CONSOLE:79] "%c action     color: #03A9F4; font-weight: bold [object Object]", source: https://test.highloka.com/_next/static/chunks/pages/_app-4e0a347dc425d5bf.js (79)
[21503:21503:0526/171026.652612:INFO:CONSOLE:79] "%c next state color: #4CAF50; font-weight: bold [object Object]", source: https://test.highloka.com/_next/static/chunks/pages/_app-4e0a347dc425d5bf.js (79)
[21503:21503:0526/171026.652974:INFO:CONSOLE:79] "console.groupEnd", source: https://test.highloka.com/_next/static/chunks/pages/_app-4e0a347dc425d5bf.js (79)
[21503:21503:0526/171026.653513:INFO:CONSOLE:67] "Showing Controls. ", source: https://test.highloka.com/_next/static/chunks/pages/_app-4e0a347dc425d5bf.js (67)
[21503:21503:0526/171026.654437:INFO:CONSOLE:67] "Showing Controls. ", source: https://test.highloka.com/_next/static/chunks/pages/_app-4e0a347dc425d5bf.js (67)
[21503:21503:0526/171026.655311:INFO:CONSOLE:1] "ReactHlsPlayerComponent this.props play", source: https://test.highloka.com/_next/static/chunks/pages/concerts/%5Bslug%5D/arena-1595f5991389ce40.js (1)
[21503:21503:0526/171026.667399:INFO:CONSOLE:79] "%c action %cSHOW_AUTO_HIDDEN_ES_VIDEO_PLAYER_CONTROLS %c@ 17:10:26.666 color: gray; font-weight: lighter; color: inherit; color: gray; font-weight: lighter;", source: https://test.highloka.com/_next/static/chunks/pages/_app-4e0a347dc425d5bf.js (79)
[21503:21503:0526/171026.667603:INFO:CONSOLE:79] "%c prev state color: #9E9E9E; font-weight: bold [object Object]", source: https://test.highloka.com/_next/static/chunks/pages/_app-4e0a347dc425d5bf.js (79)
[21503:21503:0526/171026.668005:INFO:CONSOLE:79] "%c action     color: #03A9F4; font-weight: bold [object Object]", source: https://test.highloka.com/_next/static/chunks/pages/_app-4e0a347dc425d5bf.js (79)
[21503:21503:0526/171026.668218:INFO:CONSOLE:79] "%c next state color: #4CAF50; font-weight: bold [object Object]", source: https://test.highloka.com/_next/static/chunks/pages/_app-4e0a347dc425d5bf.js (79)
[21503:21503:0526/171026.668468:INFO:CONSOLE:79] "console.groupEnd", source: https://test.highloka.com/_next/static/chunks/pages/_app-4e0a347dc425d5bf.js (79)
[21503:21503:0526/171026.668821:INFO:CONSOLE:67] "Showing Controls. ", source: https://test.highloka.com/_next/static/chunks/pages/_app-4e0a347dc425d5bf.js (67)
[21503:21503:0526/171026.669295:INFO:CONSOLE:67] "Showing Controls. ", source: https://test.highloka.com/_next/static/chunks/pages/_app-4e0a347dc425d5bf.js (67)
[21503:21503:0526/171026.670063:INFO:CONSOLE:1] "ReactHlsPlayerComponent this.props play", source: https://test.highloka.com/_next/static/chunks/pages/concerts/%5Bslug%5D/arena-1595f5991389ce40.js (1)
[21503:21503:0526/171026.684303:INFO:CONSOLE:79] "%c action %cSHOW_AUTO_HIDDEN_ES_VIDEO_PLAYER_CONTROLS %c@ 17:10:26.683 color: gray; font-weight: lighter; color: inherit; color: gray; font-weight: lighter;", source: https://test.highloka.com/_next/static/chunks/pages/_app-4e0a347dc425d5bf.js (79)
[21503:21503:0526/171026.684462:INFO:CONSOLE:79] "%c prev state color: #9E9E9E; font-weight: bold [object Object]", source: https://test.highloka.com/_next/static/chunks/pages/_app-4e0a347dc425d5bf.js (79)
[21503:21503:0526/171026.684693:INFO:CONSOLE:79] "%c action     color: #03A9F4; font-weight: bold [object Object]", source: https://test.highloka.com/_next/static/chunks/pages/_app-4e0a347dc425d5bf.js (79)
[21503:21503:0526/171026.684964:INFO:CONSOLE:79] "%c next state color: #4CAF50; font-weight: bold [object Object]", source: https://test.highloka.com/_next/static/chunks/pages/_app-4e0a347dc425d5bf.js (79)
[21503:21503:0526/171026.685282:INFO:CONSOLE:79] "console.groupEnd", source: https://test.highloka.com/_next/static/chunks/pages/_app-4e0a347dc425d5bf.js (79)
[21503:21503:0526/171026.686437:INFO:CONSOLE:67] "Showing Controls. ", source: https://test.highloka.com/_next/static/chunks/pages/_app-4e0a347dc425d5bf.js (67)
[21503:21503:0526/171026.686557:INFO:CONSOLE:67] "Showing Controls. ", source: https://test.highloka.com/_next/static/chunks/pages/_app-4e0a347dc425d5bf.js (67)
[21503:21503:0526/171026.688988:INFO:CONSOLE:1] "ReactHlsPlayerComponent this.props play", source: https://test.highloka.com/_next/static/chunks/pages/concerts/%5Bslug%5D/arena-1595f5991389ce40.js (1)
[21503:21503:0526/171026.700125:INFO:CONSOLE:79] "%c action %cSHOW_AUTO_HIDDEN_ES_VIDEO_PLAYER_CONTROLS %c@ 17:10:26.699 color: gray; font-weight: lighter; color: inherit; color: gray; font-weight: lighter;", source: https://test.highloka.com/_next/static/chunks/pages/_app-4e0a347dc425d5bf.js (79)
[21503:21503:0526/171026.700321:INFO:CONSOLE:79] "%c prev state color: #9E9E9E; font-weight: bold [object Object]", source: https://test.highloka.com/_next/static/chunks/pages/_app-4e0a347dc425d5bf.js (79)
[21503:21503:0526/171026.700380:INFO:CONSOLE:79] "%c action     color: #03A9F4; font-weight: bold [object Object]", source: https://test.highloka.com/_next/static/chunks/pages/_app-4e0a347dc425d5bf.js (79)
[21503:21503:0526/171026.700475:INFO:CONSOLE:79] "%c next state color: #4CAF50; font-weight: bold [object Object]", source: https://test.highloka.com/_next/static/chunks/pages/_app-4e0a347dc425d5bf.js (79)
[21503:21503:0526/171026.700608:INFO:CONSOLE:79] "console.groupEnd", source: https://test.highloka.com/_next/static/chunks/pages/_app-4e0a347dc425d5bf.js (79)
[21503:21503:0526/171026.700918:INFO:CONSOLE:67] "Showing Controls. ", source: https://test.highloka.com/_next/static/chunks/pages/_app-4e0a347dc425d5bf.js (67)
[21503:21503:0526/171026.701243:INFO:CONSOLE:67] "Showing Controls. ", source: https://test.highloka.com/_next/static/chunks/pages/_app-4e0a347dc425d5bf.js (67)
[21503:21503:0526/171026.702088:INFO:CONSOLE:1] "ReactHlsPlayerComponent this.props play", source: https://test.highloka.com/_next/static/chunks/pages/concerts/%5Bslug%5D/arena-1595f5991389ce40.js (1)
[21503:21503:0526/171026.717237:INFO:CONSOLE:79] "%c action %cSHOW_AUTO_HIDDEN_ES_VIDEO_PLAYER_CONTROLS %c@ 17:10:26.716 color: gray; font-weight: lighter; color: inherit; color: gray; font-weight: lighter;", source: https://test.highloka.com/_next/static/chunks/pages/_app-4e0a347dc425d5bf.js (79)
[21503:21503:0526/171026.717412:INFO:CONSOLE:79] "%c prev state color: #9E9E9E; font-weight: bold [object Object]", source: https://test.highloka.com/_next/static/chunks/pages/_app-4e0a347dc425d5bf.js (79)
[21503:21503:0526/171026.717756:INFO:CONSOLE:79] "%c action     color: #03A9F4; font-weight: bold [object Object]", source: https://test.highloka.com/_next/static/chunks/pages/_app-4e0a347dc425d5bf.js (79)
[21503:21503:0526/171026.718019:INFO:CONSOLE:79] "%c next state color: #4CAF50; font-weight: bold [object Object]", source: https://test.highloka.com/_next/static/chunks/pages/_app-4e0a347dc425d5bf.js (79)
[21503:21503:0526/171026.718400:INFO:CONSOLE:79] "console.groupEnd", source: https://test.highloka.com/_next/static/chunks/pages/_app-4e0a347dc425d5bf.js (79)
[21503:21503:0526/171026.718944:INFO:CONSOLE:67] "Showing Controls. ", source: https://test.highloka.com/_next/static/chunks/pages/_app-4e0a347dc425d5bf.js (67)
[21503:21503:0526/171026.719330:INFO:CONSOLE:67] "Showing Controls. ", source: https://test.highloka.com/_next/static/chunks/pages/_app-4e0a347dc425d5bf.js (67)
[21503:21503:0526/171026.720336:INFO:CONSOLE:1] "ReactHlsPlayerComponent this.props play", source: https://test.highloka.com/_next/static/chunks/pages/concerts/%5Bslug%5D/arena-1595f5991389ce40.js (1)
[21503:21503:0526/171026.735234:INFO:CONSOLE:79] "%c action %cSHOW_AUTO_HIDDEN_ES_VIDEO_PLAYER_CONTROLS %c@ 17:10:26.733 color: gray; font-weight: lighter; color: inherit; color: gray; font-weight: lighter;", source: https://test.highloka.com/_next/static/chunks/pages/_app-4e0a347dc425d5bf.js (79)
[21503:21503:0526/171026.735473:INFO:CONSOLE:79] "%c prev state color: #9E9E9E; font-weight: bold [object Object]", source: https://test.highloka.com/_next/static/chunks/pages/_app-4e0a347dc425d5bf.js (79)
[21503:21503:0526/171026.735596:INFO:CONSOLE:79] "%c action     color: #03A9F4; font-weight: bold [object Object]", source: https://test.highloka.com/_next/static/chunks/pages/_app-4e0a347dc425d5bf.js (79)
[21503:21503:0526/171026.736111:INFO:CONSOLE:79] "%c next state color: #4CAF50; font-weight: bold [object Object]", source: https://test.highloka.com/_next/static/chunks/pages/_app-4e0a347dc425d5bf.js (79)
[21503:21503:0526/171026.736912:INFO:CONSOLE:79] "console.groupEnd", source: https://test.highloka.com/_next/static/chunks/pages/_app-4e0a347dc425d5bf.js (79)
[21503:21503:0526/171026.737077:INFO:CONSOLE:67] "Showing Controls. ", source: https://test.highloka.com/_next/static/chunks/pages/_app-4e0a347dc425d5bf.js (67)
[21503:21503:0526/171026.737301:INFO:CONSOLE:67] "Showing Controls. ", source: https://test.highloka.com/_next/static/chunks/pages/_app-4e0a347dc425d5bf.js (67)
[21503:21503:0526/171026.738419:INFO:CONSOLE:1] "ReactHlsPlayerComponent this.props play", source: https://test.highloka.com/_next/static/chunks/pages/concerts/%5Bslug%5D/arena-1595f5991389ce40.js (1)
[21503:21503:0526/171026.750780:INFO:CONSOLE:79] "%c action %cSHOW_AUTO_HIDDEN_ES_VIDEO_PLAYER_CONTROLS %c@ 17:10:26.749 color: gray; font-weight: lighter; color: inherit; color: gray; font-weight: lighter;", source: https://test.highloka.com/_next/static/chunks/pages/_app-4e0a347dc425d5bf.js (79)
[21503:21503:0526/171026.751397:INFO:CONSOLE:79] "%c prev state color: #9E9E9E; font-weight: bold [object Object]", source: https://test.highloka.com/_next/static/chunks/pages/_app-4e0a347dc425d5bf.js (79)
[21503:21503:0526/171026.751592:INFO:CONSOLE:79] "%c action     color: #03A9F4; font-weight: bold [object Object]", source: https://test.highloka.com/_next/static/chunks/pages/_app-4e0a347dc425d5bf.js (79)
[21503:21503:0526/171026.751998:INFO:CONSOLE:79] "%c next state color: #4CAF50; font-weight: bold [object Object]", source: https://test.highloka.com/_next/static/chunks/pages/_app-4e0a347dc425d5bf.js (79)
[21503:21503:0526/171026.752092:INFO:CONSOLE:79] "console.groupEnd", source: https://test.highloka.com/_next/static/chunks/pages/_app-4e0a347dc425d5bf.js (79)
[21503:21503:0526/171026.752463:INFO:CONSOLE:67] "Showing Controls. ", source: https://test.highloka.com/_next/static/chunks/pages/_app-4e0a347dc425d5bf.js (67)
[21503:21503:0526/171026.752925:INFO:CONSOLE:67] "Showing Controls. ", source: https://test.highloka.com/_next/static/chunks/pages/_app-4e0a347dc425d5bf.js (67)
[21503:21503:0526/171026.753994:INFO:CONSOLE:1] "ReactHlsPlayerComponent this.props play", source: https://test.highloka.com/_next/static/chunks/pages/concerts/%5Bslug%5D/arena-1595f5991389ce40.js (1)
[21503:21503:0526/171026.767567:INFO:CONSOLE:79] "%c action %cSHOW_AUTO_HIDDEN_ES_VIDEO_PLAYER_CONTROLS %c@ 17:10:26.766 color: gray; font-weight: lighter; color: inherit; color: gray; font-weight: lighter;", source: https://test.highloka.com/_next/static/chunks/pages/_app-4e0a347dc425d5bf.js (79)
[21503:21503:0526/171026.767817:INFO:CONSOLE:79] "%c prev state color: #9E9E9E; font-weight: bold [object Object]", source: https://test.highloka.com/_next/static/chunks/pages/_app-4e0a347dc425d5bf.js (79)
[21503:21503:0526/171026.768223:INFO:CONSOLE:79] "%c action     color: #03A9F4; font-weight: bold [object Object]", source: https://test.highloka.com/_next/static/chunks/pages/_app-4e0a347dc425d5bf.js (79)
[21503:21503:0526/171026.769158:INFO:CONSOLE:79] "%c next state color: #4CAF50; font-weight: bold [object Object]", source: https://test.highloka.com/_next/static/chunks/pages/_app-4e0a347dc425d5bf.js (79)
[21503:21503:0526/171026.769748:INFO:CONSOLE:79] "console.groupEnd", source: https://test.highloka.com/_next/static/chunks/pages/_app-4e0a347dc425d5bf.js (79)
[21503:21503:0526/171026.769865:INFO:CONSOLE:67] "Showing Controls. ", source: https://test.highloka.com/_next/static/chunks/pages/_app-4e0a347dc425d5bf.js (67)
[21503:21503:0526/171026.770379:INFO:CONSOLE:67] "Showing Controls. ", source: https://test.highloka.com/_next/static/chunks/pages/_app-4e0a347dc425d5bf.js (67)
[21503:21503:0526/171026.771108:INFO:CONSOLE:1] "ReactHlsPlayerComponent this.props play", source: https://test.highloka.com/_next/static/chunks/pages/concerts/%5Bslug%5D/arena-1595f5991389ce40.js (1)
[21503:21503:0526/171026.784933:INFO:CONSOLE:79] "%c action %cSHOW_AUTO_HIDDEN_ES_VIDEO_PLAYER_CONTROLS %c@ 17:10:26.784 color: gray; font-weight: lighter; color: inherit; color: gray; font-weight: lighter;", source: https://test.highloka.com/_next/static/chunks/pages/_app-4e0a347dc425d5bf.js (79)
[21503:21503:0526/171026.785302:INFO:CONSOLE:79] "%c prev state color: #9E9E9E; font-weight: bold [object Object]", source: https://test.highloka.com/_next/static/chunks/pages/_app-4e0a347dc425d5bf.js (79)
[21503:21503:0526/171026.785612:INFO:CONSOLE:79] "%c action     color: #03A9F4; font-weight: bold [object Object]", source: https://test.highloka.com/_next/static/chunks/pages/_app-4e0a347dc425d5bf.js (79)
[21503:21503:0526/171026.785870:INFO:CONSOLE:79] "%c next state color: #4CAF50; font-weight: bold [object Object]", source: https://test.highloka.com/_next/static/chunks/pages/_app-4e0a347dc425d5bf.js (79)
[21503:21503:0526/171026.786164:INFO:CONSOLE:79] "console.groupEnd", source: https://test.highloka.com/_next/static/chunks/pages/_app-4e0a347dc425d5bf.js (79)
[21503:21503:0526/171026.786686:INFO:CONSOLE:67] "Showing Controls. ", source: https://test.highloka.com/_next/static/chunks/pages/_app-4e0a347dc425d5bf.js (67)
[21503:21503:0526/171026.787170:INFO:CONSOLE:67] "Showing Controls. ", source: https://test.highloka.com/_next/static/chunks/pages/_app-4e0a347dc425d5bf.js (67)
[21503:21503:0526/171026.788284:INFO:CONSOLE:1] "ReactHlsPlayerComponent this.props play", source: https://test.highloka.com/_next/static/chunks/pages/concerts/%5Bslug%5D/arena-1595f5991389ce40.js (1)
[21503:21503:0526/171026.802152:INFO:CONSOLE:79] "%c action %cSHOW_AUTO_HIDDEN_ES_VIDEO_PLAYER_CONTROLS %c@ 17:10:26.800 color: gray; font-weight: lighter; color: inherit; color: gray; font-weight: lighter;", source: https://test.highloka.com/_next/static/chunks/pages/_app-4e0a347dc425d5bf.js (79)
[21503:21503:0526/171026.802438:INFO:CONSOLE:79] "%c prev state color: #9E9E9E; font-weight: bold [object Object]", source: https://test.highloka.com/_next/static/chunks/pages/_app-4e0a347dc425d5bf.js (79)
[21503:21503:0526/171026.802532:INFO:CONSOLE:79] "%c action     color: #03A9F4; font-weight: bold [object Object]", source: https://test.highloka.com/_next/static/chunks/pages/_app-4e0a347dc425d5bf.js (79)
[21503:21503:0526/171026.803067:INFO:CONSOLE:79] "%c next state color: #4CAF50; font-weight: bold [object Object]", source: https://test.highloka.com/_next/static/chunks/pages/_app-4e0a347dc425d5bf.js (79)
[21503:21503:0526/171026.803203:INFO:CONSOLE:79] "console.groupEnd", source: https://test.highloka.com/_next/static/chunks/pages/_app-4e0a347dc425d5bf.js (79)
[21503:21503:0526/171026.803601:INFO:CONSOLE:67] "Showing Controls. ", source: https://test.highloka.com/_next/static/chunks/pages/_app-4e0a347dc425d5bf.js (67)
[21503:21503:0526/171026.803711:INFO:CONSOLE:67] "Showing Controls. ", source: https://test.highloka.com/_next/static/chunks/pages/_app-4e0a347dc425d5bf.js (67)
[21503:21503:0526/171026.804653:INFO:CONSOLE:1] "ReactHlsPlayerComponent this.props play", source: https://test.highloka.com/_next/static/chunks/pages/concerts/%5Bslug%5D/arena-1595f5991389ce40.js (1)
[21503:21503:0526/171026.817500:INFO:CONSOLE:79] "%c action %cSHOW_AUTO_HIDDEN_ES_VIDEO_PLAYER_CONTROLS %c@ 17:10:26.816 color: gray; font-weight: lighter; color: inherit; color: gray; font-weight: lighter;", source: https://test.highloka.com/_next/static/chunks/pages/_app-4e0a347dc425d5bf.js (79)
[21503:21503:0526/171026.817684:INFO:CONSOLE:79] "%c prev state color: #9E9E9E; font-weight: bold [object Object]", source: https://test.highloka.com/_next/static/chunks/pages/_app-4e0a347dc425d5bf.js (79)
[21503:21503:0526/171026.818034:INFO:CONSOLE:79] "%c action     color: #03A9F4; font-weight: bold [object Object]", source: https://test.highloka.com/_next/static/chunks/pages/_app-4e0a347dc425d5bf.js (79)
[21503:21503:0526/171026.818426:INFO:CONSOLE:79] "%c next state color: #4CAF50; font-weight: bold [object Object]", source: https://test.highloka.com/_next/static/chunks/pages/_app-4e0a347dc425d5bf.js (79)
[21503:21503:0526/171026.818619:INFO:CONSOLE:79] "console.groupEnd", source: https://test.highloka.com/_next/static/chunks/pages/_app-4e0a347dc425d5bf.js (79)
[21503:21503:0526/171026.819055:INFO:CONSOLE:67] "Showing Controls. ", source: https://test.highloka.com/_next/static/chunks/pages/_app-4e0a347dc425d5bf.js (67)
[21503:21503:0526/171026.819402:INFO:CONSOLE:67] "Showing Controls. ", source: https://test.highloka.com/_next/static/chunks/pages/_app-4e0a347dc425d5bf.js (67)
[21503:21503:0526/171026.820299:INFO:CONSOLE:1] "ReactHlsPlayerComponent this.props play", source: https://test.highloka.com/_next/static/chunks/pages/concerts/%5Bslug%5D/arena-1595f5991389ce40.js (1)
[21503:21503:0526/171026.836070:INFO:CONSOLE:79] "%c action %cSHOW_AUTO_HIDDEN_ES_VIDEO_PLAYER_CONTROLS %c@ 17:10:26.834 color: gray; font-weight: lighter; color: inherit; color: gray; font-weight: lighter;", source: https://test.highloka.com/_next/static/chunks/pages/_app-4e0a347dc425d5bf.js (79)
[21503:21503:0526/171026.836297:INFO:CONSOLE:79] "%c prev state color: #9E9E9E; font-weight: bold [object Object]", source: https://test.highloka.com/_next/static/chunks/pages/_app-4e0a347dc425d5bf.js (79)
[21503:21503:0526/171026.836386:INFO:CONSOLE:79] "%c action     color: #03A9F4; font-weight: bold [object Object]", source: https://test.highloka.com/_next/static/chunks/pages/_app-4e0a347dc425d5bf.js (79)
[21503:21503:0526/171026.836506:INFO:CONSOLE:79] "%c next state color: #4CAF50; font-weight: bold [object Object]", source: https://test.highloka.com/_next/static/chunks/pages/_app-4e0a347dc425d5bf.js (79)
[21503:21503:0526/171026.837306:INFO:CONSOLE:79] "console.groupEnd", source: https://test.highloka.com/_next/static/chunks/pages/_app-4e0a347dc425d5bf.js (79)
[21503:21503:0526/171026.837498:INFO:CONSOLE:67] "Showing Controls. ", source: https://test.highloka.com/_next/static/chunks/pages/_app-4e0a347dc425d5bf.js (67)
[21503:21503:0526/171026.837665:INFO:CONSOLE:67] "Showing Controls. ", source: https://test.highloka.com/_next/static/chunks/pages/_app-4e0a347dc425d5bf.js (67)
[21503:21503:0526/171026.839021:INFO:CONSOLE:1] "ReactHlsPlayerComponent this.props play", source: https://test.highloka.com/_next/static/chunks/pages/concerts/%5Bslug%5D/arena-1595f5991389ce40.js (1)
[21503:21503:0526/171026.850679:INFO:CONSOLE:79] "%c action %cSHOW_AUTO_HIDDEN_ES_VIDEO_PLAYER_CONTROLS %c@ 17:10:26.849 color: gray; font-weight: lighter; color: inherit; color: gray; font-weight: lighter;", source: https://test.highloka.com/_next/static/chunks/pages/_app-4e0a347dc425d5bf.js (79)
[21503:21503:0526/171026.850890:INFO:CONSOLE:79] "%c prev state color: #9E9E9E; font-weight: bold [object Object]", source: https://test.highloka.com/_next/static/chunks/pages/_app-4e0a347dc425d5bf.js (79)
[21503:21503:0526/171026.851457:INFO:CONSOLE:79] "%c action     color: #03A9F4; font-weight: bold [object Object]", source: https://test.highloka.com/_next/static/chunks/pages/_app-4e0a347dc425d5bf.js (79)
[21503:21503:0526/171026.852126:INFO:CONSOLE:79] "%c next state color: #4CAF50; font-weight: bold [object Object]", source: https://test.highloka.com/_next/static/chunks/pages/_app-4e0a347dc425d5bf.js (79)
[21503:21503:0526/171026.852252:INFO:CONSOLE:79] "console.groupEnd", source: https://test.highloka.com/_next/static/chunks/pages/_app-4e0a347dc425d5bf.js (79)
[21503:21503:0526/171026.852431:INFO:CONSOLE:67] "Showing Controls. ", source: https://test.highloka.com/_next/static/chunks/pages/_app-4e0a347dc425d5bf.js (67)
[21503:21503:0526/171026.852750:INFO:CONSOLE:67] "Showing Controls. ", source: https://test.highloka.com/_next/static/chunks/pages/_app-4e0a347dc425d5bf.js (67)
[21503:21503:0526/171026.853420:INFO:CONSOLE:1] "ReactHlsPlayerComponent this.props play", source: https://test.highloka.com/_next/static/chunks/pages/concerts/%5Bslug%5D/arena-1595f5991389ce40.js (1)
[21503:21503:0526/171026.867397:INFO:CONSOLE:79] "%c action %cSHOW_AUTO_HIDDEN_ES_VIDEO_PLAYER_CONTROLS %c@ 17:10:26.866 color: gray; font-weight: lighter; color: inherit; color: gray; font-weight: lighter;", source: https://test.highloka.com/_next/static/chunks/pages/_app-4e0a347dc425d5bf.js (79)
[21503:21503:0526/171026.867553:INFO:CONSOLE:79] "%c prev state color: #9E9E9E; font-weight: bold [object Object]", source: https://test.highloka.com/_next/static/chunks/pages/_app-4e0a347dc425d5bf.js (79)
[21503:21503:0526/171026.867926:INFO:CONSOLE:79] "%c action     color: #03A9F4; font-weight: bold [object Object]", source: https://test.highloka.com/_next/static/chunks/pages/_app-4e0a347dc425d5bf.js (79)
[21503:21503:0526/171026.868274:INFO:CONSOLE:79] "%c next state color: #4CAF50; font-weight: bold [object Object]", source: https://test.highloka.com/_next/static/chunks/pages/_app-4e0a347dc425d5bf.js (79)
[21503:21503:0526/171026.868507:INFO:CONSOLE:79] "console.groupEnd", source: https://test.highloka.com/_next/static/chunks/pages/_app-4e0a347dc425d5bf.js (79)
[21503:21503:0526/171026.868842:INFO:CONSOLE:67] "Showing Controls. ", source: https://test.highloka.com/_next/static/chunks/pages/_app-4e0a347dc425d5bf.js (67)
[21503:21503:0526/171026.869175:INFO:CONSOLE:67] "Showing Controls. ", source: https://test.highloka.com/_next/static/chunks/pages/_app-4e0a347dc425d5bf.js (67)
[21503:21503:0526/171026.870058:INFO:CONSOLE:1] "ReactHlsPlayerComponent this.props play", source: https://test.highloka.com/_next/static/chunks/pages/concerts/%5Bslug%5D/arena-1595f5991389ce40.js (1)
[21503:21503:0526/171026.884542:INFO:CONSOLE:79] "%c action %cSHOW_AUTO_HIDDEN_ES_VIDEO_PLAYER_CONTROLS %c@ 17:10:26.883 color: gray; font-weight: lighter; color: inherit; color: gray; font-weight: lighter;", source: https://test.highloka.com/_next/static/chunks/pages/_app-4e0a347dc425d5bf.js (79)
[21503:21503:0526/171026.884751:INFO:CONSOLE:79] "%c prev state color: #9E9E9E; font-weight: bold [object Object]", source: https://test.highloka.com/_next/static/chunks/pages/_app-4e0a347dc425d5bf.js (79)
[21503:21503:0526/171026.885146:INFO:CONSOLE:79] "%c action     color: #03A9F4; font-weight: bold [object Object]", source: https://test.highloka.com/_next/static/chunks/pages/_app-4e0a347dc425d5bf.js (79)
[21503:21503:0526/171026.885577:INFO:CONSOLE:79] "%c next state color: #4CAF50; font-weight: bold [object Object]", source: https://test.highloka.com/_next/static/chunks/pages/_app-4e0a347dc425d5bf.js (79)
[21503:21503:0526/171026.885838:INFO:CONSOLE:79] "console.groupEnd", source: https://test.highloka.com/_next/static/chunks/pages/_app-4e0a347dc425d5bf.js (79)
[21503:21503:0526/171026.886431:INFO:CONSOLE:67] "Showing Controls. ", source: https://test.highloka.com/_next/static/chunks/pages/_app-4e0a347dc425d5bf.js (67)
[21503:21503:0526/171026.886956:INFO:CONSOLE:67] "Showing Controls. ", source: https://test.highloka.com/_next/static/chunks/pages/_app-4e0a347dc425d5bf.js (67)
[21503:21503:0526/171026.889271:INFO:CONSOLE:1] "ReactHlsPlayerComponent this.props play", source: https://test.highloka.com/_next/static/chunks/pages/concerts/%5Bslug%5D/arena-1595f5991389ce40.js (1)
[21503:21503:0526/171026.900136:INFO:CONSOLE:79] "%c action %cSHOW_AUTO_HIDDEN_ES_VIDEO_PLAYER_CONTROLS %c@ 17:10:26.899 color: gray; font-weight: lighter; color: inherit; color: gray; font-weight: lighter;", source: https://test.highloka.com/_next/static/chunks/pages/_app-4e0a347dc425d5bf.js (79)
[21503:21503:0526/171026.900237:INFO:CONSOLE:79] "%c prev state color: #9E9E9E; font-weight: bold [object Object]", source: https://test.highloka.com/_next/static/chunks/pages/_app-4e0a347dc425d5bf.js (79)
[21503:21503:0526/171026.900358:INFO:CONSOLE:79] "%c action     color: #03A9F4; font-weight: bold [object Object]", source: https://test.highloka.com/_next/static/chunks/pages/_app-4e0a347dc425d5bf.js (79)
[21503:21503:0526/171026.900507:INFO:CONSOLE:79] "%c next state color: #4CAF50; font-weight: bold [object Object]", source: https://test.highloka.com/_next/static/chunks/pages/_app-4e0a347dc425d5bf.js (79)
[21503:21503:0526/171026.900580:INFO:CONSOLE:79] "console.groupEnd", source: https://test.highloka.com/_next/static/chunks/pages/_app-4e0a347dc425d5bf.js (79)
[21503:21503:0526/171026.900721:INFO:CONSOLE:67] "Showing Controls. ", source: https://test.highloka.com/_next/static/chunks/pages/_app-4e0a347dc425d5bf.js (67)
[21503:21503:0526/171026.900899:INFO:CONSOLE:67] "Showing Controls. ", source: https://test.highloka.com/_next/static/chunks/pages/_app-4e0a347dc425d5bf.js (67)
[21503:21503:0526/171026.901333:INFO:CONSOLE:1] "ReactHlsPlayerComponent this.props play", source: https://test.highloka.com/_next/static/chunks/pages/concerts/%5Bslug%5D/arena-1595f5991389ce40.js (1)
[21503:21503:0526/171026.918034:INFO:CONSOLE:79] "%c action %cSHOW_AUTO_HIDDEN_ES_VIDEO_PLAYER_CONTROLS %c@ 17:10:26.917 color: gray; font-weight: lighter; color: inherit; color: gray; font-weight: lighter;", source: https://test.highloka.com/_next/static/chunks/pages/_app-4e0a347dc425d5bf.js (79)
[21503:21503:0526/171026.918232:INFO:CONSOLE:79] "%c prev state color: #9E9E9E; font-weight: bold [object Object]", source: https://test.highloka.com/_next/static/chunks/pages/_app-4e0a347dc425d5bf.js (79)
[21503:21503:0526/171026.918536:INFO:CONSOLE:79] "%c action     color: #03A9F4; font-weight: bold [object Object]", source: https://test.highloka.com/_next/static/chunks/pages/_app-4e0a347dc425d5bf.js (79)
[21503:21503:0526/171026.919045:INFO:CONSOLE:79] "%c next state color: #4CAF50; font-weight: bold [object Object]", source: https://test.highloka.com/_next/static/chunks/pages/_app-4e0a347dc425d5bf.js (79)
[21503:21503:0526/171026.919145:INFO:CONSOLE:79] "console.groupEnd", source: https://test.highloka.com/_next/static/chunks/pages/_app-4e0a347dc425d5bf.js (79)
[21503:21503:0526/171026.919626:INFO:CONSOLE:67] "Showing Controls. ", source: https://test.highloka.com/_next/static/chunks/pages/_app-4e0a347dc425d5bf.js (67)
[21503:21503:0526/171026.920074:INFO:CONSOLE:67] "Showing Controls. ", source: https://test.highloka.com/_next/static/chunks/pages/_app-4e0a347dc425d5bf.js (67)
[21503:21503:0526/171026.921097:INFO:CONSOLE:1] "ReactHlsPlayerComponent this.props play", source: https://test.highloka.com/_next/static/chunks/pages/concerts/%5Bslug%5D/arena-1595f5991389ce40.js (1)
[21503:21503:0526/171026.934433:INFO:CONSOLE:79] "%c action %cSHOW_AUTO_HIDDEN_ES_VIDEO_PLAYER_CONTROLS %c@ 17:10:26.933 color: gray; font-weight: lighter; color: inherit; color: gray; font-weight: lighter;", source: https://test.highloka.com/_next/static/chunks/pages/_app-4e0a347dc425d5bf.js (79)
[21503:21503:0526/171026.934670:INFO:CONSOLE:79] "%c prev state color: #9E9E9E; font-weight: bold [object Object]", source: https://test.highloka.com/_next/static/chunks/pages/_app-4e0a347dc425d5bf.js (79)
[21503:21503:0526/171026.935172:INFO:CONSOLE:79] "%c action     color: #03A9F4; font-weight: bold [object Object]", source: https://test.highloka.com/_next/static/chunks/pages/_app-4e0a347dc425d5bf.js (79)
[21503:21503:0526/171026.935427:INFO:CONSOLE:79] "%c next state color: #4CAF50; font-weight: bold [object Object]", source: https://test.highloka.com/_next/static/chunks/pages/_app-4e0a347dc425d5bf.js (79)
[21503:21503:0526/171026.935678:INFO:CONSOLE:79] "console.groupEnd", source: https://test.highloka.com/_next/static/chunks/pages/_app-4e0a347dc425d5bf.js (79)
[21503:21503:0526/171026.936108:INFO:CONSOLE:67] "Showing Controls. ", source: https://test.highloka.com/_next/static/chunks/pages/_app-4e0a347dc425d5bf.js (67)
[21503:21503:0526/171026.936664:INFO:CONSOLE:67] "Showing Controls. ", source: https://test.highloka.com/_next/static/chunks/pages/_app-4e0a347dc425d5bf.js (67)
[21503:21503:0526/171026.937715:INFO:CONSOLE:1] "ReactHlsPlayerComponent this.props play", source: https://test.highloka.com/_next/static/chunks/pages/concerts/%5Bslug%5D/arena-1595f5991389ce40.js (1)
[21503:21503:0526/171026.950635:INFO:CONSOLE:79] "%c action %cSHOW_AUTO_HIDDEN_ES_VIDEO_PLAYER_CONTROLS %c@ 17:10:26.949 color: gray; font-weight: lighter; color: inherit; color: gray; font-weight: lighter;", source: https://test.highloka.com/_next/static/chunks/pages/_app-4e0a347dc425d5bf.js (79)
[21503:21503:0526/171026.950811:INFO:CONSOLE:79] "%c prev state color: #9E9E9E; font-weight: bold [object Object]", source: https://test.highloka.com/_next/static/chunks/pages/_app-4e0a347dc425d5bf.js (79)
[21503:21503:0526/171026.951221:INFO:CONSOLE:79] "%c action     color: #03A9F4; font-weight: bold [object Object]", source: https://test.highloka.com/_next/static/chunks/pages/_app-4e0a347dc425d5bf.js (79)
[21503:21503:0526/171026.951451:INFO:CONSOLE:79] "%c next state color: #4CAF50; font-weight: bold [object Object]", source: https://test.highloka.com/_next/static/chunks/pages/_app-4e0a347dc425d5bf.js (79)
[21503:21503:0526/171026.951661:INFO:CONSOLE:79] "console.groupEnd", source: https://test.highloka.com/_next/static/chunks/pages/_app-4e0a347dc425d5bf.js (79)
[21503:21503:0526/171026.952065:INFO:CONSOLE:67] "Showing Controls. ", source: https://test.highloka.com/_next/static/chunks/pages/_app-4e0a347dc425d5bf.js (67)
[21503:21503:0526/171026.952469:INFO:CONSOLE:67] "Showing Controls. ", source: https://test.highloka.com/_next/static/chunks/pages/_app-4e0a347dc425d5bf.js (67)
[21503:21503:0526/171026.953372:INFO:CONSOLE:1] "ReactHlsPlayerComponent this.props play", source: https://test.highloka.com/_next/static/chunks/pages/concerts/%5Bslug%5D/arena-1595f5991389ce40.js (1)
[21503:21503:0526/171027.385747:INFO:CONSOLE:1] "receivedAudienceUserStrip null", source: https://test.highloka.com/_next/static/chunks/pages/concerts/%5Bslug%5D/arena-1595f5991389ce40.js (1)
[21503:21503:0526/171027.385978:INFO:CONSOLE:1] "receivedAudienceUserStrip null", source: https://test.highloka.com/_next/static/chunks/pages/concerts/%5Bslug%5D/arena-1595f5991389ce40.js (1)
[21503:21503:0526/171028.953677:INFO:CONSOLE:67] "Hiding Controls.", source: https://test.highloka.com/_next/static/chunks/pages/_app-4e0a347dc425d5bf.js (67)
[21503:21503:0526/171028.955131:INFO:CONSOLE:79] "%c action %cHIDE_AUTO_HIDDEN_ES_VIDEO_PLAYER_CONTROLS %c@ 17:10:28.953 color: gray; font-weight: lighter; color: inherit; color: gray; font-weight: lighter;", source: https://test.highloka.com/_next/static/chunks/pages/_app-4e0a347dc425d5bf.js (79)
[21503:21503:0526/171028.955344:INFO:CONSOLE:79] "%c prev state color: #9E9E9E; font-weight: bold [object Object]", source: https://test.highloka.com/_next/static/chunks/pages/_app-4e0a347dc425d5bf.js (79)
[21503:21503:0526/171028.955427:INFO:CONSOLE:79] "%c action     color: #03A9F4; font-weight: bold [object Object]", source: https://test.highloka.com/_next/static/chunks/pages/_app-4e0a347dc425d5bf.js (79)
[21503:21503:0526/171028.955917:INFO:CONSOLE:79] "%c next state color: #4CAF50; font-weight: bold [object Object]", source: https://test.highloka.com/_next/static/chunks/pages/_app-4e0a347dc425d5bf.js (79)
[21503:21503:0526/171028.956038:INFO:CONSOLE:79] "console.groupEnd", source: https://test.highloka.com/_next/static/chunks/pages/_app-4e0a347dc425d5bf.js (79)
[21503:21503:0526/171028.956112:INFO:CONSOLE:1] "ReactHlsPlayerComponent this.props play", source: https://test.highloka.com/_next/static/chunks/pages/concerts/%5Bslug%5D/arena-1595f5991389ce40.js (1)
[21503:21503:0526/171028.956200:INFO:CONSOLE:67] "Hiding Controls.", source: https://test.highloka.com/_next/static/chunks/pages/_app-4e0a347dc425d5bf.js (67)
[21503:21503:0526/171028.956835:INFO:CONSOLE:79] "%c action %cHIDE_AUTO_HIDDEN_ES_VIDEO_PLAYER_CONTROLS %c@ 17:10:28.956 color: gray; font-weight: lighter; color: inherit; color: gray; font-weight: lighter;", source: https://test.highloka.com/_next/static/chunks/pages/_app-4e0a347dc425d5bf.js (79)
[21503:21503:0526/171028.957083:INFO:CONSOLE:79] "%c prev state color: #9E9E9E; font-weight: bold [object Object]", source: https://test.highloka.com/_next/static/chunks/pages/_app-4e0a347dc425d5bf.js (79)
[21503:21503:0526/171028.957589:INFO:CONSOLE:79] "%c action     color: #03A9F4; font-weight: bold [object Object]", source: https://test.highloka.com/_next/static/chunks/pages/_app-4e0a347dc425d5bf.js (79)
[21503:21503:0526/171028.957664:INFO:CONSOLE:79] "%c next state color: #4CAF50; font-weight: bold [object Object]", source: https://test.highloka.com/_next/static/chunks/pages/_app-4e0a347dc425d5bf.js (79)
[21503:21503:0526/171028.957776:INFO:CONSOLE:79] "console.groupEnd", source: https://test.highloka.com/_next/static/chunks/pages/_app-4e0a347dc425d5bf.js (79)
[21503:21503:0526/171028.958550:INFO:CONSOLE:1] "ReactHlsPlayerComponent this.props play", source: https://test.highloka.com/_next/static/chunks/pages/concerts/%5Bslug%5D/arena-1595f5991389ce40.js (1)
[21503:21503:0526/171030.385221:INFO:CONSOLE:1] "receivedAudienceUserStrip null", source: https://test.highloka.com/_next/static/chunks/pages/concerts/%5Bslug%5D/arena-1595f5991389ce40.js (1)
[21503:21503:0526/171030.385910:INFO:CONSOLE:1] "receivedAudienceUserStrip null", source: https://test.highloka.com/_next/static/chunks/pages/concerts/%5Bslug%5D/arena-1595f5991389ce40.js (1)
[21503:21503:0526/171033.386321:INFO:CONSOLE:1] "receivedAudienceUserStrip null", source: https://test.highloka.com/_next/static/chunks/pages/concerts/%5Bslug%5D/arena-1595f5991389ce40.js (1)
[21503:21503:0526/171033.386989:INFO:CONSOLE:1] "receivedAudienceUserStrip null", source: https://test.highloka.com/_next/static/chunks/pages/concerts/%5Bslug%5D/arena-1595f5991389ce40.js (1)
[21503:21503:0526/171036.388532:INFO:CONSOLE:1] "receivedAudienceUserStrip null", source: https://test.highloka.com/_next/static/chunks/pages/concerts/%5Bslug%5D/arena-1595f5991389ce40.js (1)
[21503:21503:0526/171036.389418:INFO:CONSOLE:1] "receivedAudienceUserStrip null", source: https://test.highloka.com/_next/static/chunks/pages/concerts/%5Bslug%5D/arena-1595f5991389ce40.js (1)
[21503:21503:0526/171039.389761:INFO:CONSOLE:1] "receivedAudienceUserStrip null", source: https://test.highloka.com/_next/static/chunks/pages/concerts/%5Bslug%5D/arena-1595f5991389ce40.js (1)
[21503:21503:0526/171039.390522:INFO:CONSOLE:1] "receivedAudienceUserStrip null", source: https://test.highloka.com/_next/static/chunks/pages/concerts/%5Bslug%5D/arena-1595f5991389ce40.js (1)
[21503:21503:0526/171042.391009:INFO:CONSOLE:1] "receivedAudienceUserStrip null", source: https://test.highloka.com/_next/static/chunks/pages/concerts/%5Bslug%5D/arena-1595f5991389ce40.js (1)
[21503:21503:0526/171042.391825:INFO:CONSOLE:1] "receivedAudienceUserStrip null", source: https://test.highloka.com/_next/static/chunks/pages/concerts/%5Bslug%5D/arena-1595f5991389ce40.js (1)
[21503:21503:0526/171045.392248:INFO:CONSOLE:1] "receivedAudienceUserStrip null", source: https://test.highloka.com/_next/static/chunks/pages/concerts/%5Bslug%5D/arena-1595f5991389ce40.js (1)
[21503:21503:0526/171045.393073:INFO:CONSOLE:1] "receivedAudienceUserStrip null", source: https://test.highloka.com/_next/static/chunks/pages/concerts/%5Bslug%5D/arena-1595f5991389ce40.js (1)
[21503:21503:0526/171048.393269:INFO:CONSOLE:1] "receivedAudienceUserStrip null", source: https://test.highloka.com/_next/static/chunks/pages/concerts/%5Bslug%5D/arena-1595f5991389ce40.js (1)
[21503:21503:0526/171048.393931:INFO:CONSOLE:1] "receivedAudienceUserStrip null", source: https://test.highloka.com/_next/static/chunks/pages/concerts/%5Bslug%5D/arena-1595f5991389ce40.js (1)
[21503:21503:0526/171051.394798:INFO:CONSOLE:1] "receivedAudienceUserStrip null", source: https://test.highloka.com/_next/static/chunks/pages/concerts/%5Bslug%5D/arena-1595f5991389ce40.js (1)
[21503:21503:0526/171051.395710:INFO:CONSOLE:1] "receivedAudienceUserStrip null", source: https://test.highloka.com/_next/static/chunks/pages/concerts/%5Bslug%5D/arena-1595f5991389ce40.js (1)
[21503:21503:0526/171054.396205:INFO:CONSOLE:1] "receivedAudienceUserStrip null", source: https://test.highloka.com/_next/static/chunks/pages/concerts/%5Bslug%5D/arena-1595f5991389ce40.js (1)
[21503:21503:0526/171054.397041:INFO:CONSOLE:1] "receivedAudienceUserStrip null", source: https://test.highloka.com/_next/static/chunks/pages/concerts/%5Bslug%5D/arena-1595f5991389ce40.js (1)
[21503:21503:0526/171055.083591:INFO:CONSOLE:79] "%c action %cSHOW_AUTO_HIDDEN_ES_VIDEO_PLAYER_CONTROLS %c@ 17:10:55.082 color: gray; font-weight: lighter; color: inherit; color: gray; font-weight: lighter;", source: https://test.highloka.com/_next/static/chunks/pages/_app-4e0a347dc425d5bf.js (79)
[21503:21503:0526/171055.083808:INFO:CONSOLE:79] "%c prev state color: #9E9E9E; font-weight: bold [object Object]", source: https://test.highloka.com/_next/static/chunks/pages/_app-4e0a347dc425d5bf.js (79)
[21503:21503:0526/171055.084132:INFO:CONSOLE:79] "%c action     color: #03A9F4; font-weight: bold [object Object]", source: https://test.highloka.com/_next/static/chunks/pages/_app-4e0a347dc425d5bf.js (79)
[21503:21503:0526/171055.084484:INFO:CONSOLE:79] "%c next state color: #4CAF50; font-weight: bold [object Object]", source: https://test.highloka.com/_next/static/chunks/pages/_app-4e0a347dc425d5bf.js (79)
[21503:21503:0526/171055.084818:INFO:CONSOLE:79] "console.groupEnd", source: https://test.highloka.com/_next/static/chunks/pages/_app-4e0a347dc425d5bf.js (79)
[21503:21503:0526/171055.085412:INFO:CONSOLE:67] "Showing Controls. ", source: https://test.highloka.com/_next/static/chunks/pages/_app-4e0a347dc425d5bf.js (67)
[21503:21503:0526/171055.085776:INFO:CONSOLE:67] "Showing Controls. ", source: https://test.highloka.com/_next/static/chunks/pages/_app-4e0a347dc425d5bf.js (67)
[21503:21503:0526/171055.087016:INFO:CONSOLE:1] "ReactHlsPlayerComponent this.props play", source: https://test.highloka.com/_next/static/chunks/pages/concerts/%5Bslug%5D/arena-1595f5991389ce40.js (1)
[21503:21503:0526/171055.099714:INFO:CONSOLE:79] "%c action %cSHOW_AUTO_HIDDEN_ES_VIDEO_PLAYER_CONTROLS %c@ 17:10:55.098 color: gray; font-weight: lighter; color: inherit; color: gray; font-weight: lighter;", source: https://test.highloka.com/_next/static/chunks/pages/_app-4e0a347dc425d5bf.js (79)
[21503:21503:0526/171055.099959:INFO:CONSOLE:79] "%c prev state color: #9E9E9E; font-weight: bold [object Object]", source: https://test.highloka.com/_next/static/chunks/pages/_app-4e0a347dc425d5bf.js (79)
[21503:21503:0526/171055.100729:INFO:CONSOLE:79] "%c action     color: #03A9F4; font-weight: bold [object Object]", source: https://test.highloka.com/_next/static/chunks/pages/_app-4e0a347dc425d5bf.js (79)
[21503:21503:0526/171055.100888:INFO:CONSOLE:79] "%c next state color: #4CAF50; font-weight: bold [object Object]", source: https://test.highloka.com/_next/static/chunks/pages/_app-4e0a347dc425d5bf.js (79)
[21503:21503:0526/171055.100958:INFO:CONSOLE:79] "console.groupEnd", source: https://test.highloka.com/_next/static/chunks/pages/_app-4e0a347dc425d5bf.js (79)
[21503:21503:0526/171055.103214:INFO:CONSOLE:67] "Showing Controls. ", source: https://test.highloka.com/_next/static/chunks/pages/_app-4e0a347dc425d5bf.js (67)
[21503:21503:0526/171055.103426:INFO:CONSOLE:67] "Showing Controls. ", source: https://test.highloka.com/_next/static/chunks/pages/_app-4e0a347dc425d5bf.js (67)
[21503:21503:0526/171055.103572:INFO:CONSOLE:1] "ReactHlsPlayerComponent this.props play", source: https://test.highloka.com/_next/static/chunks/pages/concerts/%5Bslug%5D/arena-1595f5991389ce40.js (1)
[21503:21503:0526/171055.115779:INFO:CONSOLE:79] "%c action %cSHOW_AUTO_HIDDEN_ES_VIDEO_PLAYER_CONTROLS %c@ 17:10:55.115 color: gray; font-weight: lighter; color: inherit; color: gray; font-weight: lighter;", source: https://test.highloka.com/_next/static/chunks/pages/_app-4e0a347dc425d5bf.js (79)
[21503:21503:0526/171055.115862:INFO:CONSOLE:79] "%c prev state color: #9E9E9E; font-weight: bold [object Object]", source: https://test.highloka.com/_next/static/chunks/pages/_app-4e0a347dc425d5bf.js (79)
[21503:21503:0526/171055.116271:INFO:CONSOLE:79] "%c action     color: #03A9F4; font-weight: bold [object Object]", source: https://test.highloka.com/_next/static/chunks/pages/_app-4e0a347dc425d5bf.js (79)
[21503:21503:0526/171055.116332:INFO:CONSOLE:79] "%c next state color: #4CAF50; font-weight: bold [object Object]", source: https://test.highloka.com/_next/static/chunks/pages/_app-4e0a347dc425d5bf.js (79)
[21503:21503:0526/171055.116354:INFO:CONSOLE:79] "console.groupEnd", source: https://test.highloka.com/_next/static/chunks/pages/_app-4e0a347dc425d5bf.js (79)
[21503:21503:0526/171055.116371:INFO:CONSOLE:67] "Showing Controls. ", source: https://test.highloka.com/_next/static/chunks/pages/_app-4e0a347dc425d5bf.js (67)
[21503:21503:0526/171055.116498:INFO:CONSOLE:67] "Showing Controls. ", source: https://test.highloka.com/_next/static/chunks/pages/_app-4e0a347dc425d5bf.js (67)
[21503:21503:0526/171055.117092:INFO:CONSOLE:1] "ReactHlsPlayerComponent this.props play", source: https://test.highloka.com/_next/static/chunks/pages/concerts/%5Bslug%5D/arena-1595f5991389ce40.js (1)
[21503:21503:0526/171055.134575:INFO:CONSOLE:79] "%c action %cSHOW_AUTO_HIDDEN_ES_VIDEO_PLAYER_CONTROLS %c@ 17:10:55.133 color: gray; font-weight: lighter; color: inherit; color: gray; font-weight: lighter;", source: https://test.highloka.com/_next/static/chunks/pages/_app-4e0a347dc425d5bf.js (79)
[21503:21503:0526/171055.134947:INFO:CONSOLE:79] "%c prev state color: #9E9E9E; font-weight: bold [object Object]", source: https://test.highloka.com/_next/static/chunks/pages/_app-4e0a347dc425d5bf.js (79)
[21503:21503:0526/171055.135119:INFO:CONSOLE:79] "%c action     color: #03A9F4; font-weight: bold [object Object]", source: https://test.highloka.com/_next/static/chunks/pages/_app-4e0a347dc425d5bf.js (79)
[21503:21503:0526/171055.135250:INFO:CONSOLE:79] "%c next state color: #4CAF50; font-weight: bold [object Object]", source: https://test.highloka.com/_next/static/chunks/pages/_app-4e0a347dc425d5bf.js (79)
[21503:21503:0526/171055.135519:INFO:CONSOLE:79] "console.groupEnd", source: https://test.highloka.com/_next/static/chunks/pages/_app-4e0a347dc425d5bf.js (79)
[21503:21503:0526/171055.135993:INFO:CONSOLE:67] "Showing Controls. ", source: https://test.highloka.com/_next/static/chunks/pages/_app-4e0a347dc425d5bf.js (67)
[21503:21503:0526/171055.136374:INFO:CONSOLE:67] "Showing Controls. ", source: https://test.highloka.com/_next/static/chunks/pages/_app-4e0a347dc425d5bf.js (67)
[21503:21503:0526/171055.137175:INFO:CONSOLE:1] "ReactHlsPlayerComponent this.props play", source: https://test.highloka.com/_next/static/chunks/pages/concerts/%5Bslug%5D/arena-1595f5991389ce40.js (1)
[21503:21503:0526/171055.149449:INFO:CONSOLE:79] "%c action %cSHOW_AUTO_HIDDEN_ES_VIDEO_PLAYER_CONTROLS %c@ 17:10:55.148 color: gray; font-weight: lighter; color: inherit; color: gray; font-weight: lighter;", source: https://test.highloka.com/_next/static/chunks/pages/_app-4e0a347dc425d5bf.js (79)
[21503:21503:0526/171055.149764:INFO:CONSOLE:79] "%c prev state color: #9E9E9E; font-weight: bold [object Object]", source: https://test.highloka.com/_next/static/chunks/pages/_app-4e0a347dc425d5bf.js (79)
[21503:21503:0526/171055.150090:INFO:CONSOLE:79] "%c action     color: #03A9F4; font-weight: bold [object Object]", source: https://test.highloka.com/_next/static/chunks/pages/_app-4e0a347dc425d5bf.js (79)
[21503:21503:0526/171055.150418:INFO:CONSOLE:79] "%c next state color: #4CAF50; font-weight: bold [object Object]", source: https://test.highloka.com/_next/static/chunks/pages/_app-4e0a347dc425d5bf.js (79)
[21503:21503:0526/171055.150752:INFO:CONSOLE:79] "console.groupEnd", source: https://test.highloka.com/_next/static/chunks/pages/_app-4e0a347dc425d5bf.js (79)
[21503:21503:0526/171055.151198:INFO:CONSOLE:67] "Showing Controls. ", source: https://test.highloka.com/_next/static/chunks/pages/_app-4e0a347dc425d5bf.js (67)
[21503:21503:0526/171055.151593:INFO:CONSOLE:67] "Showing Controls. ", source: https://test.highloka.com/_next/static/chunks/pages/_app-4e0a347dc425d5bf.js (67)
[21503:21503:0526/171055.152617:INFO:CONSOLE:1] "ReactHlsPlayerComponent this.props play", source: https://test.highloka.com/_next/static/chunks/pages/concerts/%5Bslug%5D/arena-1595f5991389ce40.js (1)
[21503:21503:0526/171055.166523:INFO:CONSOLE:79] "%c action %cSHOW_AUTO_HIDDEN_ES_VIDEO_PLAYER_CONTROLS %c@ 17:10:55.165 color: gray; font-weight: lighter; color: inherit; color: gray; font-weight: lighter;", source: https://test.highloka.com/_next/static/chunks/pages/_app-4e0a347dc425d5bf.js (79)
[21503:21503:0526/171055.166945:INFO:CONSOLE:79] "%c prev state color: #9E9E9E; font-weight: bold [object Object]", source: https://test.highloka.com/_next/static/chunks/pages/_app-4e0a347dc425d5bf.js (79)
[21503:21503:0526/171055.167529:INFO:CONSOLE:79] "%c action     color: #03A9F4; font-weight: bold [object Object]", source: https://test.highloka.com/_next/static/chunks/pages/_app-4e0a347dc425d5bf.js (79)
[21503:21503:0526/171055.168146:INFO:CONSOLE:79] "%c next state color: #4CAF50; font-weight: bold [object Object]", source: https://test.highloka.com/_next/static/chunks/pages/_app-4e0a347dc425d5bf.js (79)
[21503:21503:0526/171055.168790:INFO:CONSOLE:79] "console.groupEnd", source: https://test.highloka.com/_next/static/chunks/pages/_app-4e0a347dc425d5bf.js (79)
[21503:21503:0526/171055.168905:INFO:CONSOLE:67] "Showing Controls. ", source: https://test.highloka.com/_next/static/chunks/pages/_app-4e0a347dc425d5bf.js (67)
[21503:21503:0526/171055.169439:INFO:CONSOLE:67] "Showing Controls. ", source: https://test.highloka.com/_next/static/chunks/pages/_app-4e0a347dc425d5bf.js (67)
[21503:21503:0526/171055.170367:INFO:CONSOLE:1] "ReactHlsPlayerComponent this.props play", source: https://test.highloka.com/_next/static/chunks/pages/concerts/%5Bslug%5D/arena-1595f5991389ce40.js (1)
[21503:21503:0526/171055.183852:INFO:CONSOLE:79] "%c action %cSHOW_AUTO_HIDDEN_ES_VIDEO_PLAYER_CONTROLS %c@ 17:10:55.182 color: gray; font-weight: lighter; color: inherit; color: gray; font-weight: lighter;", source: https://test.highloka.com/_next/static/chunks/pages/_app-4e0a347dc425d5bf.js (79)
[21503:21503:0526/171055.184386:INFO:CONSOLE:79] "%c prev state color: #9E9E9E; font-weight: bold [object Object]", source: https://test.highloka.com/_next/static/chunks/pages/_app-4e0a347dc425d5bf.js (79)
[21503:21503:0526/171055.184602:INFO:CONSOLE:79] "%c action     color: #03A9F4; font-weight: bold [object Object]", source: https://test.highloka.com/_next/static/chunks/pages/_app-4e0a347dc425d5bf.js (79)
[21503:21503:0526/171055.185049:INFO:CONSOLE:79] "%c next state color: #4CAF50; font-weight: bold [object Object]", source: https://test.highloka.com/_next/static/chunks/pages/_app-4e0a347dc425d5bf.js (79)
[21503:21503:0526/171055.185156:INFO:CONSOLE:79] "console.groupEnd", source: https://test.highloka.com/_next/static/chunks/pages/_app-4e0a347dc425d5bf.js (79)
[21503:21503:0526/171055.185426:INFO:CONSOLE:67] "Showing Controls. ", source: https://test.highloka.com/_next/static/chunks/pages/_app-4e0a347dc425d5bf.js (67)
[21503:21503:0526/171055.185892:INFO:CONSOLE:67] "Showing Controls. ", source: https://test.highloka.com/_next/static/chunks/pages/_app-4e0a347dc425d5bf.js (67)
[21503:21503:0526/171055.187153:INFO:CONSOLE:1] "ReactHlsPlayerComponent this.props play", source: https://test.highloka.com/_next/static/chunks/pages/concerts/%5Bslug%5D/arena-1595f5991389ce40.js (1)
[21503:21503:0526/171055.199835:INFO:CONSOLE:79] "%c action %cSHOW_AUTO_HIDDEN_ES_VIDEO_PLAYER_CONTROLS %c@ 17:10:55.199 color: gray; font-weight: lighter; color: inherit; color: gray; font-weight: lighter;", source: https://test.highloka.com/_next/static/chunks/pages/_app-4e0a347dc425d5bf.js (79)
[21503:21503:0526/171055.200000:INFO:CONSOLE:79] "%c prev state color: #9E9E9E; font-weight: bold [object Object]", source: https://test.highloka.com/_next/static/chunks/pages/_app-4e0a347dc425d5bf.js (79)
[21503:21503:0526/171055.200301:INFO:CONSOLE:79] "%c action     color: #03A9F4; font-weight: bold [object Object]", source: https://test.highloka.com/_next/static/chunks/pages/_app-4e0a347dc425d5bf.js (79)
[21503:21503:0526/171055.200499:INFO:CONSOLE:79] "%c next state color: #4CAF50; font-weight: bold [object Object]", source: https://test.highloka.com/_next/static/chunks/pages/_app-4e0a347dc425d5bf.js (79)
[21503:21503:0526/171055.200837:INFO:CONSOLE:79] "console.groupEnd", source: https://test.highloka.com/_next/static/chunks/pages/_app-4e0a347dc425d5bf.js (79)
[21503:21503:0526/171055.201128:INFO:CONSOLE:67] "Showing Controls. ", source: https://test.highloka.com/_next/static/chunks/pages/_app-4e0a347dc425d5bf.js (67)
[21503:21503:0526/171055.201468:INFO:CONSOLE:67] "Showing Controls. ", source: https://test.highloka.com/_next/static/chunks/pages/_app-4e0a347dc425d5bf.js (67)
[21503:21503:0526/171055.202529:INFO:CONSOLE:1] "ReactHlsPlayerComponent this.props play", source: https://test.highloka.com/_next/static/chunks/pages/concerts/%5Bslug%5D/arena-1595f5991389ce40.js (1)
[21503:21503:0526/171055.217072:INFO:CONSOLE:79] "%c action %cSHOW_AUTO_HIDDEN_ES_VIDEO_PLAYER_CONTROLS %c@ 17:10:55.216 color: gray; font-weight: lighter; color: inherit; color: gray; font-weight: lighter;", source: https://test.highloka.com/_next/static/chunks/pages/_app-4e0a347dc425d5bf.js (79)
[21503:21503:0526/171055.218085:INFO:CONSOLE:79] "%c prev state color: #9E9E9E; font-weight: bold [object Object]", source: https://test.highloka.com/_next/static/chunks/pages/_app-4e0a347dc425d5bf.js (79)
[21503:21503:0526/171055.218710:INFO:CONSOLE:79] "%c action     color: #03A9F4; font-weight: bold [object Object]", source: https://test.highloka.com/_next/static/chunks/pages/_app-4e0a347dc425d5bf.js (79)
[21503:21503:0526/171055.219528:INFO:CONSOLE:79] "%c next state color: #4CAF50; font-weight: bold [object Object]", source: https://test.highloka.com/_next/static/chunks/pages/_app-4e0a347dc425d5bf.js (79)
[21503:21503:0526/171055.219697:INFO:CONSOLE:79] "console.groupEnd", source: https://test.highloka.com/_next/static/chunks/pages/_app-4e0a347dc425d5bf.js (79)
[21503:21503:0526/171055.219777:INFO:CONSOLE:67] "Showing Controls. ", source: https://test.highloka.com/_next/static/chunks/pages/_app-4e0a347dc425d5bf.js (67)
[21503:21503:0526/171055.219845:INFO:CONSOLE:67] "Showing Controls. ", source: https://test.highloka.com/_next/static/chunks/pages/_app-4e0a347dc425d5bf.js (67)
[21503:21503:0526/171055.221239:INFO:CONSOLE:1] "ReactHlsPlayerComponent this.props play", source: https://test.highloka.com/_next/static/chunks/pages/concerts/%5Bslug%5D/arena-1595f5991389ce40.js (1)
[21503:21503:0526/171055.249776:INFO:CONSOLE:79] "%c action %cSHOW_AUTO_HIDDEN_ES_VIDEO_PLAYER_CONTROLS %c@ 17:10:55.249 color: gray; font-weight: lighter; color: inherit; color: gray; font-weight: lighter;", source: https://test.highloka.com/_next/static/chunks/pages/_app-4e0a347dc425d5bf.js (79)
[21503:21503:0526/171055.249971:INFO:CONSOLE:79] "%c prev state color: #9E9E9E; font-weight: bold [object Object]", source: https://test.highloka.com/_next/static/chunks/pages/_app-4e0a347dc425d5bf.js (79)
[21503:21503:0526/171055.250445:INFO:CONSOLE:79] "%c action     color: #03A9F4; font-weight: bold [object Object]", source: https://test.highloka.com/_next/static/chunks/pages/_app-4e0a347dc425d5bf.js (79)
[21503:21503:0526/171055.250603:INFO:CONSOLE:79] "%c next state color: #4CAF50; font-weight: bold [object Object]", source: https://test.highloka.com/_next/static/chunks/pages/_app-4e0a347dc425d5bf.js (79)
[21503:21503:0526/171055.250875:INFO:CONSOLE:79] "console.groupEnd", source: https://test.highloka.com/_next/static/chunks/pages/_app-4e0a347dc425d5bf.js (79)
[21503:21503:0526/171055.251338:INFO:CONSOLE:67] "Showing Controls. ", source: https://test.highloka.com/_next/static/chunks/pages/_app-4e0a347dc425d5bf.js (67)
[21503:21503:0526/171055.251836:INFO:CONSOLE:67] "Showing Controls. ", source: https://test.highloka.com/_next/static/chunks/pages/_app-4e0a347dc425d5bf.js (67)
[21503:21503:0526/171055.252806:INFO:CONSOLE:1] "ReactHlsPlayerComponent this.props play", source: https://test.highloka.com/_next/static/chunks/pages/concerts/%5Bslug%5D/arena-1595f5991389ce40.js (1)
[21503:21503:0526/171055.267060:INFO:CONSOLE:79] "%c action %cSHOW_AUTO_HIDDEN_ES_VIDEO_PLAYER_CONTROLS %c@ 17:10:55.266 color: gray; font-weight: lighter; color: inherit; color: gray; font-weight: lighter;", source: https://test.highloka.com/_next/static/chunks/pages/_app-4e0a347dc425d5bf.js (79)
[21503:21503:0526/171055.267287:INFO:CONSOLE:79] "%c prev state color: #9E9E9E; font-weight: bold [object Object]", source: https://test.highloka.com/_next/static/chunks/pages/_app-4e0a347dc425d5bf.js (79)
[21503:21503:0526/171055.267617:INFO:CONSOLE:79] "%c action     color: #03A9F4; font-weight: bold [object Object]", source: https://test.highloka.com/_next/static/chunks/pages/_app-4e0a347dc425d5bf.js (79)
[21503:21503:0526/171055.267934:INFO:CONSOLE:79] "%c next state color: #4CAF50; font-weight: bold [object Object]", source: https://test.highloka.com/_next/static/chunks/pages/_app-4e0a347dc425d5bf.js (79)
[21503:21503:0526/171055.268236:INFO:CONSOLE:79] "console.groupEnd", source: https://test.highloka.com/_next/static/chunks/pages/_app-4e0a347dc425d5bf.js (79)
[21503:21503:0526/171055.268686:INFO:CONSOLE:67] "Showing Controls. ", source: https://test.highloka.com/_next/static/chunks/pages/_app-4e0a347dc425d5bf.js (67)
[21503:21503:0526/171055.269217:INFO:CONSOLE:67] "Showing Controls. ", source: https://test.highloka.com/_next/static/chunks/pages/_app-4e0a347dc425d5bf.js (67)
[21503:21503:0526/171055.270703:INFO:CONSOLE:1] "ReactHlsPlayerComponent this.props play", source: https://test.highloka.com/_next/static/chunks/pages/concerts/%5Bslug%5D/arena-1595f5991389ce40.js (1)
[21503:21503:0526/171055.282943:INFO:CONSOLE:79] "%c action %cSHOW_AUTO_HIDDEN_ES_VIDEO_PLAYER_CONTROLS %c@ 17:10:55.282 color: gray; font-weight: lighter; color: inherit; color: gray; font-weight: lighter;", source: https://test.highloka.com/_next/static/chunks/pages/_app-4e0a347dc425d5bf.js (79)
[21503:21503:0526/171055.283088:INFO:CONSOLE:79] "%c prev state color: #9E9E9E; font-weight: bold [object Object]", source: https://test.highloka.com/_next/static/chunks/pages/_app-4e0a347dc425d5bf.js (79)
[21503:21503:0526/171055.283233:INFO:CONSOLE:79] "%c action     color: #03A9F4; font-weight: bold [object Object]", source: https://test.highloka.com/_next/static/chunks/pages/_app-4e0a347dc425d5bf.js (79)
[21503:21503:0526/171055.283396:INFO:CONSOLE:79] "%c next state color: #4CAF50; font-weight: bold [object Object]", source: https://test.highloka.com/_next/static/chunks/pages/_app-4e0a347dc425d5bf.js (79)
[21503:21503:0526/171055.283638:INFO:CONSOLE:79] "console.groupEnd", source: https://test.highloka.com/_next/static/chunks/pages/_app-4e0a347dc425d5bf.js (79)
[21503:21503:0526/171055.284054:INFO:CONSOLE:67] "Showing Controls. ", source: https://test.highloka.com/_next/static/chunks/pages/_app-4e0a347dc425d5bf.js (67)
[21503:21503:0526/171055.284530:INFO:CONSOLE:67] "Showing Controls. ", source: https://test.highloka.com/_next/static/chunks/pages/_app-4e0a347dc425d5bf.js (67)
[21503:21503:0526/171055.285566:INFO:CONSOLE:1] "ReactHlsPlayerComponent this.props play", source: https://test.highloka.com/_next/static/chunks/pages/concerts/%5Bslug%5D/arena-1595f5991389ce40.js (1)
[21503:21503:0526/171055.300021:INFO:CONSOLE:79] "%c action %cSHOW_AUTO_HIDDEN_ES_VIDEO_PLAYER_CONTROLS %c@ 17:10:55.299 color: gray; font-weight: lighter; color: inherit; color: gray; font-weight: lighter;", source: https://test.highloka.com/_next/static/chunks/pages/_app-4e0a347dc425d5bf.js (79)
[21503:21503:0526/171055.300480:INFO:CONSOLE:79] "%c prev state color: #9E9E9E; font-weight: bold [object Object]", source: https://test.highloka.com/_next/static/chunks/pages/_app-4e0a347dc425d5bf.js (79)
[21503:21503:0526/171055.300685:INFO:CONSOLE:79] "%c action     color: #03A9F4; font-weight: bold [object Object]", source: https://test.highloka.com/_next/static/chunks/pages/_app-4e0a347dc425d5bf.js (79)
[21503:21503:0526/171055.300935:INFO:CONSOLE:79] "%c next state color: #4CAF50; font-weight: bold [object Object]", source: https://test.highloka.com/_next/static/chunks/pages/_app-4e0a347dc425d5bf.js (79)
[21503:21503:0526/171055.301142:INFO:CONSOLE:79] "console.groupEnd", source: https://test.highloka.com/_next/static/chunks/pages/_app-4e0a347dc425d5bf.js (79)
[21503:21503:0526/171055.301497:INFO:CONSOLE:67] "Showing Controls. ", source: https://test.highloka.com/_next/static/chunks/pages/_app-4e0a347dc425d5bf.js (67)
[21503:21503:0526/171055.301865:INFO:CONSOLE:67] "Showing Controls. ", source: https://test.highloka.com/_next/static/chunks/pages/_app-4e0a347dc425d5bf.js (67)
[21503:21503:0526/171055.302848:INFO:CONSOLE:1] "ReactHlsPlayerComponent this.props play", source: https://test.highloka.com/_next/static/chunks/pages/concerts/%5Bslug%5D/arena-1595f5991389ce40.js (1)
[21503:21503:0526/171055.316546:INFO:CONSOLE:79] "%c action %cSHOW_AUTO_HIDDEN_ES_VIDEO_PLAYER_CONTROLS %c@ 17:10:55.315 color: gray; font-weight: lighter; color: inherit; color: gray; font-weight: lighter;", source: https://test.highloka.com/_next/static/chunks/pages/_app-4e0a347dc425d5bf.js (79)
[21503:21503:0526/171055.317218:INFO:CONSOLE:79] "%c prev state color: #9E9E9E; font-weight: bold [object Object]", source: https://test.highloka.com/_next/static/chunks/pages/_app-4e0a347dc425d5bf.js (79)
[21503:21503:0526/171055.317651:INFO:CONSOLE:79] "%c action     color: #03A9F4; font-weight: bold [object Object]", source: https://test.highloka.com/_next/static/chunks/pages/_app-4e0a347dc425d5bf.js (79)
[21503:21503:0526/171055.317808:INFO:CONSOLE:79] "%c next state color: #4CAF50; font-weight: bold [object Object]", source: https://test.highloka.com/_next/static/chunks/pages/_app-4e0a347dc425d5bf.js (79)
[21503:21503:0526/171055.318049:INFO:CONSOLE:79] "console.groupEnd", source: https://test.highloka.com/_next/static/chunks/pages/_app-4e0a347dc425d5bf.js (79)
[21503:21503:0526/171055.318487:INFO:CONSOLE:67] "Showing Controls. ", source: https://test.highloka.com/_next/static/chunks/pages/_app-4e0a347dc425d5bf.js (67)
[21503:21503:0526/171055.318935:INFO:CONSOLE:67] "Showing Controls. ", source: https://test.highloka.com/_next/static/chunks/pages/_app-4e0a347dc425d5bf.js (67)
[21503:21503:0526/171055.320129:INFO:CONSOLE:1] "ReactHlsPlayerComponent this.props play", source: https://test.highloka.com/_next/static/chunks/pages/concerts/%5Bslug%5D/arena-1595f5991389ce40.js (1)
[21503:21503:0526/171055.333090:INFO:CONSOLE:79] "%c action %cSHOW_AUTO_HIDDEN_ES_VIDEO_PLAYER_CONTROLS %c@ 17:10:55.332 color: gray; font-weight: lighter; color: inherit; color: gray; font-weight: lighter;", source: https://test.highloka.com/_next/static/chunks/pages/_app-4e0a347dc425d5bf.js (79)
[21503:21503:0526/171055.333951:INFO:CONSOLE:79] "%c prev state color: #9E9E9E; font-weight: bold [object Object]", source: https://test.highloka.com/_next/static/chunks/pages/_app-4e0a347dc425d5bf.js (79)
[21503:21503:0526/171055.334329:INFO:CONSOLE:79] "%c action     color: #03A9F4; font-weight: bold [object Object]", source: https://test.highloka.com/_next/static/chunks/pages/_app-4e0a347dc425d5bf.js (79)
[21503:21503:0526/171055.334652:INFO:CONSOLE:79] "%c next state color: #4CAF50; font-weight: bold [object Object]", source: https://test.highloka.com/_next/static/chunks/pages/_app-4e0a347dc425d5bf.js (79)
[21503:21503:0526/171055.334972:INFO:CONSOLE:79] "console.groupEnd", source: https://test.highloka.com/_next/static/chunks/pages/_app-4e0a347dc425d5bf.js (79)
[21503:21503:0526/171055.335465:INFO:CONSOLE:67] "Showing Controls. ", source: https://test.highloka.com/_next/static/chunks/pages/_app-4e0a347dc425d5bf.js (67)
[21503:21503:0526/171055.335960:INFO:CONSOLE:67] "Showing Controls. ", source: https://test.highloka.com/_next/static/chunks/pages/_app-4e0a347dc425d5bf.js (67)
[21503:21503:0526/171055.336862:INFO:CONSOLE:1] "ReactHlsPlayerComponent this.props play", source: https://test.highloka.com/_next/static/chunks/pages/concerts/%5Bslug%5D/arena-1595f5991389ce40.js (1)
[21503:21503:0526/171055.350945:INFO:CONSOLE:79] "%c action %cSHOW_AUTO_HIDDEN_ES_VIDEO_PLAYER_CONTROLS %c@ 17:10:55.349 color: gray; font-weight: lighter; color: inherit; color: gray; font-weight: lighter;", source: https://test.highloka.com/_next/static/chunks/pages/_app-4e0a347dc425d5bf.js (79)
[21503:21503:0526/171055.351130:INFO:CONSOLE:79] "%c prev state color: #9E9E9E; font-weight: bold [object Object]", source: https://test.highloka.com/_next/static/chunks/pages/_app-4e0a347dc425d5bf.js (79)
[21503:21503:0526/171055.351681:INFO:CONSOLE:79] "%c action     color: #03A9F4; font-weight: bold [object Object]", source: https://test.highloka.com/_next/static/chunks/pages/_app-4e0a347dc425d5bf.js (79)
[21503:21503:0526/171055.352162:INFO:CONSOLE:79] "%c next state color: #4CAF50; font-weight: bold [object Object]", source: https://test.highloka.com/_next/static/chunks/pages/_app-4e0a347dc425d5bf.js (79)
[21503:21503:0526/171055.352293:INFO:CONSOLE:79] "console.groupEnd", source: https://test.highloka.com/_next/static/chunks/pages/_app-4e0a347dc425d5bf.js (79)
[21503:21503:0526/171055.352455:INFO:CONSOLE:67] "Showing Controls. ", source: https://test.highloka.com/_next/static/chunks/pages/_app-4e0a347dc425d5bf.js (67)
[21503:21503:0526/171055.352762:INFO:CONSOLE:67] "Showing Controls. ", source: https://test.highloka.com/_next/static/chunks/pages/_app-4e0a347dc425d5bf.js (67)
[21503:21503:0526/171055.353657:INFO:CONSOLE:1] "ReactHlsPlayerComponent this.props play", source: https://test.highloka.com/_next/static/chunks/pages/concerts/%5Bslug%5D/arena-1595f5991389ce40.js (1)
[21503:21503:0526/171055.366903:INFO:CONSOLE:79] "%c action %cSHOW_AUTO_HIDDEN_ES_VIDEO_PLAYER_CONTROLS %c@ 17:10:55.365 color: gray; font-weight: lighter; color: inherit; color: gray; font-weight: lighter;", source: https://test.highloka.com/_next/static/chunks/pages/_app-4e0a347dc425d5bf.js (79)
[21503:21503:0526/171055.367095:INFO:CONSOLE:79] "%c prev state color: #9E9E9E; font-weight: bold [object Object]", source: https://test.highloka.com/_next/static/chunks/pages/_app-4e0a347dc425d5bf.js (79)
[21503:21503:0526/171055.368100:INFO:CONSOLE:79] "%c action     color: #03A9F4; font-weight: bold [object Object]", source: https://test.highloka.com/_next/static/chunks/pages/_app-4e0a347dc425d5bf.js (79)
[21503:21503:0526/171055.368249:INFO:CONSOLE:79] "%c next state color: #4CAF50; font-weight: bold [object Object]", source: https://test.highloka.com/_next/static/chunks/pages/_app-4e0a347dc425d5bf.js (79)
[21503:21503:0526/171055.368415:INFO:CONSOLE:79] "console.groupEnd", source: https://test.highloka.com/_next/static/chunks/pages/_app-4e0a347dc425d5bf.js (79)
[21503:21503:0526/171055.368756:INFO:CONSOLE:67] "Showing Controls. ", source: https://test.highloka.com/_next/static/chunks/pages/_app-4e0a347dc425d5bf.js (67)
[21503:21503:0526/171055.369112:INFO:CONSOLE:67] "Showing Controls. ", source: https://test.highloka.com/_next/static/chunks/pages/_app-4e0a347dc425d5bf.js (67)
[21503:21503:0526/171055.369977:INFO:CONSOLE:1] "ReactHlsPlayerComponent this.props play", source: https://test.highloka.com/_next/static/chunks/pages/concerts/%5Bslug%5D/arena-1595f5991389ce40.js (1)
[21503:21503:0526/171055.383066:INFO:CONSOLE:79] "%c action %cSHOW_AUTO_HIDDEN_ES_VIDEO_PLAYER_CONTROLS %c@ 17:10:55.382 color: gray; font-weight: lighter; color: inherit; color: gray; font-weight: lighter;", source: https://test.highloka.com/_next/static/chunks/pages/_app-4e0a347dc425d5bf.js (79)
[21503:21503:0526/171055.383504:INFO:CONSOLE:79] "%c prev state color: #9E9E9E; font-weight: bold [object Object]", source: https://test.highloka.com/_next/static/chunks/pages/_app-4e0a347dc425d5bf.js (79)
[21503:21503:0526/171055.383705:INFO:CONSOLE:79] "%c action     color: #03A9F4; font-weight: bold [object Object]", source: https://test.highloka.com/_next/static/chunks/pages/_app-4e0a347dc425d5bf.js (79)
[21503:21503:0526/171055.384108:INFO:CONSOLE:79] "%c next state color: #4CAF50; font-weight: bold [object Object]", source: https://test.highloka.com/_next/static/chunks/pages/_app-4e0a347dc425d5bf.js (79)
[21503:21503:0526/171055.384550:INFO:CONSOLE:79] "console.groupEnd", source: https://test.highloka.com/_next/static/chunks/pages/_app-4e0a347dc425d5bf.js (79)
[21503:21503:0526/171055.384876:INFO:CONSOLE:67] "Showing Controls. ", source: https://test.highloka.com/_next/static/chunks/pages/_app-4e0a347dc425d5bf.js (67)
[21503:21503:0526/171055.385658:INFO:CONSOLE:67] "Showing Controls. ", source: https://test.highloka.com/_next/static/chunks/pages/_app-4e0a347dc425d5bf.js (67)
[21503:21503:0526/171055.386827:INFO:CONSOLE:1] "ReactHlsPlayerComponent this.props play", source: https://test.highloka.com/_next/static/chunks/pages/concerts/%5Bslug%5D/arena-1595f5991389ce40.js (1)
[21503:21503:0526/171055.401248:INFO:CONSOLE:79] "%c action %cSHOW_AUTO_HIDDEN_ES_VIDEO_PLAYER_CONTROLS %c@ 17:10:55.400 color: gray; font-weight: lighter; color: inherit; color: gray; font-weight: lighter;", source: https://test.highloka.com/_next/static/chunks/pages/_app-4e0a347dc425d5bf.js (79)
[21503:21503:0526/171055.401490:INFO:CONSOLE:79] "%c prev state color: #9E9E9E; font-weight: bold [object Object]", source: https://test.highloka.com/_next/static/chunks/pages/_app-4e0a347dc425d5bf.js (79)
[21503:21503:0526/171055.401783:INFO:CONSOLE:79] "%c action     color: #03A9F4; font-weight: bold [object Object]", source: https://test.highloka.com/_next/static/chunks/pages/_app-4e0a347dc425d5bf.js (79)
[21503:21503:0526/171055.403391:INFO:CONSOLE:79] "%c next state color: #4CAF50; font-weight: bold [object Object]", source: https://test.highloka.com/_next/static/chunks/pages/_app-4e0a347dc425d5bf.js (79)
[21503:21503:0526/171055.403781:INFO:CONSOLE:79] "console.groupEnd", source: https://test.highloka.com/_next/static/chunks/pages/_app-4e0a347dc425d5bf.js (79)
[21503:21503:0526/171055.404011:INFO:CONSOLE:67] "Showing Controls. ", source: https://test.highloka.com/_next/static/chunks/pages/_app-4e0a347dc425d5bf.js (67)
[21503:21503:0526/171055.404259:INFO:CONSOLE:67] "Showing Controls. ", source: https://test.highloka.com/_next/static/chunks/pages/_app-4e0a347dc425d5bf.js (67)
[21503:21503:0526/171055.404968:INFO:CONSOLE:1] "ReactHlsPlayerComponent this.props play", source: https://test.highloka.com/_next/static/chunks/pages/concerts/%5Bslug%5D/arena-1595f5991389ce40.js (1)
[21503:21503:0526/171055.416472:INFO:CONSOLE:79] "%c action %cSHOW_AUTO_HIDDEN_ES_VIDEO_PLAYER_CONTROLS %c@ 17:10:55.415 color: gray; font-weight: lighter; color: inherit; color: gray; font-weight: lighter;", source: https://test.highloka.com/_next/static/chunks/pages/_app-4e0a347dc425d5bf.js (79)
[21503:21503:0526/171055.416739:INFO:CONSOLE:79] "%c prev state color: #9E9E9E; font-weight: bold [object Object]", source: https://test.highloka.com/_next/static/chunks/pages/_app-4e0a347dc425d5bf.js (79)
[21503:21503:0526/171055.417023:INFO:CONSOLE:79] "%c action     color: #03A9F4; font-weight: bold [object Object]", source: https://test.highloka.com/_next/static/chunks/pages/_app-4e0a347dc425d5bf.js (79)
[21503:21503:0526/171055.417235:INFO:CONSOLE:79] "%c next state color: #4CAF50; font-weight: bold [object Object]", source: https://test.highloka.com/_next/static/chunks/pages/_app-4e0a347dc425d5bf.js (79)
[21503:21503:0526/171055.417415:INFO:CONSOLE:79] "console.groupEnd", source: https://test.highloka.com/_next/static/chunks/pages/_app-4e0a347dc425d5bf.js (79)
[21503:21503:0526/171055.417803:INFO:CONSOLE:67] "Showing Controls. ", source: https://test.highloka.com/_next/static/chunks/pages/_app-4e0a347dc425d5bf.js (67)
[21503:21503:0526/171055.418309:INFO:CONSOLE:67] "Showing Controls. ", source: https://test.highloka.com/_next/static/chunks/pages/_app-4e0a347dc425d5bf.js (67)
[21503:21503:0526/171055.419562:INFO:CONSOLE:1] "ReactHlsPlayerComponent this.props play", source: https://test.highloka.com/_next/static/chunks/pages/concerts/%5Bslug%5D/arena-1595f5991389ce40.js (1)
[21503:21503:0526/171055.433006:INFO:CONSOLE:79] "%c action %cSHOW_AUTO_HIDDEN_ES_VIDEO_PLAYER_CONTROLS %c@ 17:10:55.432 color: gray; font-weight: lighter; color: inherit; color: gray; font-weight: lighter;", source: https://test.highloka.com/_next/static/chunks/pages/_app-4e0a347dc425d5bf.js (79)
[21503:21503:0526/171055.433398:INFO:CONSOLE:79] "%c prev state color: #9E9E9E; font-weight: bold [object Object]", source: https://test.highloka.com/_next/static/chunks/pages/_app-4e0a347dc425d5bf.js (79)
[21503:21503:0526/171055.433685:INFO:CONSOLE:79] "%c action     color: #03A9F4; font-weight: bold [object Object]", source: https://test.highloka.com/_next/static/chunks/pages/_app-4e0a347dc425d5bf.js (79)
[21503:21503:0526/171055.434004:INFO:CONSOLE:79] "%c next state color: #4CAF50; font-weight: bold [object Object]", source: https://test.highloka.com/_next/static/chunks/pages/_app-4e0a347dc425d5bf.js (79)
[21503:21503:0526/171055.434326:INFO:CONSOLE:79] "console.groupEnd", source: https://test.highloka.com/_next/static/chunks/pages/_app-4e0a347dc425d5bf.js (79)
[21503:21503:0526/171055.434767:INFO:CONSOLE:67] "Showing Controls. ", source: https://test.highloka.com/_next/static/chunks/pages/_app-4e0a347dc425d5bf.js (67)
[21503:21503:0526/171055.435683:INFO:CONSOLE:67] "Showing Controls. ", source: https://test.highloka.com/_next/static/chunks/pages/_app-4e0a347dc425d5bf.js (67)
[21503:21503:0526/171055.436539:INFO:CONSOLE:1] "ReactHlsPlayerComponent this.props play", source: https://test.highloka.com/_next/static/chunks/pages/concerts/%5Bslug%5D/arena-1595f5991389ce40.js (1)
[21503:21503:0526/171055.450457:INFO:CONSOLE:79] "%c action %cSHOW_AUTO_HIDDEN_ES_VIDEO_PLAYER_CONTROLS %c@ 17:10:55.449 color: gray; font-weight: lighter; color: inherit; color: gray; font-weight: lighter;", source: https://test.highloka.com/_next/static/chunks/pages/_app-4e0a347dc425d5bf.js (79)
[21503:21503:0526/171055.450828:INFO:CONSOLE:79] "%c prev state color: #9E9E9E; font-weight: bold [object Object]", source: https://test.highloka.com/_next/static/chunks/pages/_app-4e0a347dc425d5bf.js (79)
[21503:21503:0526/171055.451214:INFO:CONSOLE:79] "%c action     color: #03A9F4; font-weight: bold [object Object]", source: https://test.highloka.com/_next/static/chunks/pages/_app-4e0a347dc425d5bf.js (79)
[21503:21503:0526/171055.451465:INFO:CONSOLE:79] "%c next state color: #4CAF50; font-weight: bold [object Object]", source: https://test.highloka.com/_next/static/chunks/pages/_app-4e0a347dc425d5bf.js (79)
[21503:21503:0526/171055.451782:INFO:CONSOLE:79] "console.groupEnd", source: https://test.highloka.com/_next/static/chunks/pages/_app-4e0a347dc425d5bf.js (79)
[21503:21503:0526/171055.452279:INFO:CONSOLE:67] "Showing Controls. ", source: https://test.highloka.com/_next/static/chunks/pages/_app-4e0a347dc425d5bf.js (67)
[21503:21503:0526/171055.452881:INFO:CONSOLE:67] "Showing Controls. ", source: https://test.highloka.com/_next/static/chunks/pages/_app-4e0a347dc425d5bf.js (67)
[21503:21503:0526/171055.454111:INFO:CONSOLE:1] "ReactHlsPlayerComponent this.props play", source: https://test.highloka.com/_next/static/chunks/pages/concerts/%5Bslug%5D/arena-1595f5991389ce40.js (1)
[21503:21503:0526/171055.466240:INFO:CONSOLE:79] "%c action %cSHOW_AUTO_HIDDEN_ES_VIDEO_PLAYER_CONTROLS %c@ 17:10:55.465 color: gray; font-weight: lighter; color: inherit; color: gray; font-weight: lighter;", source: https://test.highloka.com/_next/static/chunks/pages/_app-4e0a347dc425d5bf.js (79)
[21503:21503:0526/171055.466639:INFO:CONSOLE:79] "%c prev state color: #9E9E9E; font-weight: bold [object Object]", source: https://test.highloka.com/_next/static/chunks/pages/_app-4e0a347dc425d5bf.js (79)
[21503:21503:0526/171055.466903:INFO:CONSOLE:79] "%c action     color: #03A9F4; font-weight: bold [object Object]", source: https://test.highloka.com/_next/static/chunks/pages/_app-4e0a347dc425d5bf.js (79)
[21503:21503:0526/171055.467241:INFO:CONSOLE:79] "%c next state color: #4CAF50; font-weight: bold [object Object]", source: https://test.highloka.com/_next/static/chunks/pages/_app-4e0a347dc425d5bf.js (79)
[21503:21503:0526/171055.467522:INFO:CONSOLE:79] "console.groupEnd", source: https://test.highloka.com/_next/static/chunks/pages/_app-4e0a347dc425d5bf.js (79)
[21503:21503:0526/171055.467860:INFO:CONSOLE:67] "Showing Controls. ", source: https://test.highloka.com/_next/static/chunks/pages/_app-4e0a347dc425d5bf.js (67)
[21503:21503:0526/171055.468249:INFO:CONSOLE:67] "Showing Controls. ", source: https://test.highloka.com/_next/static/chunks/pages/_app-4e0a347dc425d5bf.js (67)
[21503:21503:0526/171055.469011:INFO:CONSOLE:1] "ReactHlsPlayerComponent this.props play", source: https://test.highloka.com/_next/static/chunks/pages/concerts/%5Bslug%5D/arena-1595f5991389ce40.js (1)
[21503:21503:0526/171055.483811:INFO:CONSOLE:79] "%c action %cSHOW_AUTO_HIDDEN_ES_VIDEO_PLAYER_CONTROLS %c@ 17:10:55.483 color: gray; font-weight: lighter; color: inherit; color: gray; font-weight: lighter;", source: https://test.highloka.com/_next/static/chunks/pages/_app-4e0a347dc425d5bf.js (79)
[21503:21503:0526/171055.483970:INFO:CONSOLE:79] "%c prev state color: #9E9E9E; font-weight: bold [object Object]", source: https://test.highloka.com/_next/static/chunks/pages/_app-4e0a347dc425d5bf.js (79)
[21503:21503:0526/171055.484319:INFO:CONSOLE:79] "%c action     color: #03A9F4; font-weight: bold [object Object]", source: https://test.highloka.com/_next/static/chunks/pages/_app-4e0a347dc425d5bf.js (79)
[21503:21503:0526/171055.484549:INFO:CONSOLE:79] "%c next state color: #4CAF50; font-weight: bold [object Object]", source: https://test.highloka.com/_next/static/chunks/pages/_app-4e0a347dc425d5bf.js (79)
[21503:21503:0526/171055.484768:INFO:CONSOLE:79] "console.groupEnd", source: https://test.highloka.com/_next/static/chunks/pages/_app-4e0a347dc425d5bf.js (79)
[21503:21503:0526/171055.485114:INFO:CONSOLE:67] "Showing Controls. ", source: https://test.highloka.com/_next/static/chunks/pages/_app-4e0a347dc425d5bf.js (67)
[21503:21503:0526/171055.485502:INFO:CONSOLE:67] "Showing Controls. ", source: https://test.highloka.com/_next/static/chunks/pages/_app-4e0a347dc425d5bf.js (67)
[21503:21503:0526/171055.486595:INFO:CONSOLE:1] "ReactHlsPlayerComponent this.props play", source: https://test.highloka.com/_next/static/chunks/pages/concerts/%5Bslug%5D/arena-1595f5991389ce40.js (1)
[21503:21503:0526/171055.499118:INFO:CONSOLE:79] "%c action %cSHOW_AUTO_HIDDEN_ES_VIDEO_PLAYER_CONTROLS %c@ 17:10:55.498 color: gray; font-weight: lighter; color: inherit; color: gray; font-weight: lighter;", source: https://test.highloka.com/_next/static/chunks/pages/_app-4e0a347dc425d5bf.js (79)
[21503:21503:0526/171055.499231:INFO:CONSOLE:79] "%c prev state color: #9E9E9E; font-weight: bold [object Object]", source: https://test.highloka.com/_next/static/chunks/pages/_app-4e0a347dc425d5bf.js (79)
[21503:21503:0526/171055.499394:INFO:CONSOLE:79] "%c action     color: #03A9F4; font-weight: bold [object Object]", source: https://test.highloka.com/_next/static/chunks/pages/_app-4e0a347dc425d5bf.js (79)
[21503:21503:0526/171055.499525:INFO:CONSOLE:79] "%c next state color: #4CAF50; font-weight: bold [object Object]", source: https://test.highloka.com/_next/static/chunks/pages/_app-4e0a347dc425d5bf.js (79)
[21503:21503:0526/171055.499625:INFO:CONSOLE:79] "console.groupEnd", source: https://test.highloka.com/_next/static/chunks/pages/_app-4e0a347dc425d5bf.js (79)
[21503:21503:0526/171055.499849:INFO:CONSOLE:67] "Showing Controls. ", source: https://test.highloka.com/_next/static/chunks/pages/_app-4e0a347dc425d5bf.js (67)
[21503:21503:0526/171055.500049:INFO:CONSOLE:67] "Showing Controls. ", source: https://test.highloka.com/_next/static/chunks/pages/_app-4e0a347dc425d5bf.js (67)
[21503:21503:0526/171055.500598:INFO:CONSOLE:1] "ReactHlsPlayerComponent this.props play", source: https://test.highloka.com/_next/static/chunks/pages/concerts/%5Bslug%5D/arena-1595f5991389ce40.js (1)
[21503:21503:0526/171055.516561:INFO:CONSOLE:79] "%c action %cSHOW_AUTO_HIDDEN_ES_VIDEO_PLAYER_CONTROLS %c@ 17:10:55.515 color: gray; font-weight: lighter; color: inherit; color: gray; font-weight: lighter;", source: https://test.highloka.com/_next/static/chunks/pages/_app-4e0a347dc425d5bf.js (79)
[21503:21503:0526/171055.516952:INFO:CONSOLE:79] "%c prev state color: #9E9E9E; font-weight: bold [object Object]", source: https://test.highloka.com/_next/static/chunks/pages/_app-4e0a347dc425d5bf.js (79)
[21503:21503:0526/171055.517172:INFO:CONSOLE:79] "%c action     color: #03A9F4; font-weight: bold [object Object]", source: https://test.highloka.com/_next/static/chunks/pages/_app-4e0a347dc425d5bf.js (79)
[21503:21503:0526/171055.517520:INFO:CONSOLE:79] "%c next state color: #4CAF50; font-weight: bold [object Object]", source: https://test.highloka.com/_next/static/chunks/pages/_app-4e0a347dc425d5bf.js (79)
[21503:21503:0526/171055.517737:INFO:CONSOLE:79] "console.groupEnd", source: https://test.highloka.com/_next/static/chunks/pages/_app-4e0a347dc425d5bf.js (79)
[21503:21503:0526/171055.518135:INFO:CONSOLE:67] "Showing Controls. ", source: https://test.highloka.com/_next/static/chunks/pages/_app-4e0a347dc425d5bf.js (67)
[21503:21503:0526/171055.518556:INFO:CONSOLE:67] "Showing Controls. ", source: https://test.highloka.com/_next/static/chunks/pages/_app-4e0a347dc425d5bf.js (67)
[21503:21503:0526/171055.519424:INFO:CONSOLE:1] "ReactHlsPlayerComponent this.props play", source: https://test.highloka.com/_next/static/chunks/pages/concerts/%5Bslug%5D/arena-1595f5991389ce40.js (1)
[21503:21503:0526/171055.532760:INFO:CONSOLE:79] "%c action %cSHOW_AUTO_HIDDEN_ES_VIDEO_PLAYER_CONTROLS %c@ 17:10:55.531 color: gray; font-weight: lighter; color: inherit; color: gray; font-weight: lighter;", source: https://test.highloka.com/_next/static/chunks/pages/_app-4e0a347dc425d5bf.js (79)
[21503:21503:0526/171055.532989:INFO:CONSOLE:79] "%c prev state color: #9E9E9E; font-weight: bold [object Object]", source: https://test.highloka.com/_next/static/chunks/pages/_app-4e0a347dc425d5bf.js (79)
[21503:21503:0526/171055.533163:INFO:CONSOLE:79] "%c action     color: #03A9F4; font-weight: bold [object Object]", source: https://test.highloka.com/_next/static/chunks/pages/_app-4e0a347dc425d5bf.js (79)
[21503:21503:0526/171055.533391:INFO:CONSOLE:79] "%c next state color: #4CAF50; font-weight: bold [object Object]", source: https://test.highloka.com/_next/static/chunks/pages/_app-4e0a347dc425d5bf.js (79)
[21503:21503:0526/171055.533670:INFO:CONSOLE:79] "console.groupEnd", source: https://test.highloka.com/_next/static/chunks/pages/_app-4e0a347dc425d5bf.js (79)
[21503:21503:0526/171055.534046:INFO:CONSOLE:67] "Showing Controls. ", source: https://test.highloka.com/_next/static/chunks/pages/_app-4e0a347dc425d5bf.js (67)
[21503:21503:0526/171055.534494:INFO:CONSOLE:67] "Showing Controls. ", source: https://test.highloka.com/_next/static/chunks/pages/_app-4e0a347dc425d5bf.js (67)
[21503:21503:0526/171055.536625:INFO:CONSOLE:1] "ReactHlsPlayerComponent this.props play", source: https://test.highloka.com/_next/static/chunks/pages/concerts/%5Bslug%5D/arena-1595f5991389ce40.js (1)
[21503:21503:0526/171055.550443:INFO:CONSOLE:79] "%c action %cSHOW_AUTO_HIDDEN_ES_VIDEO_PLAYER_CONTROLS %c@ 17:10:55.549 color: gray; font-weight: lighter; color: inherit; color: gray; font-weight: lighter;", source: https://test.highloka.com/_next/static/chunks/pages/_app-4e0a347dc425d5bf.js (79)
[21503:21503:0526/171055.550748:INFO:CONSOLE:79] "%c prev state color: #9E9E9E; font-weight: bold [object Object]", source: https://test.highloka.com/_next/static/chunks/pages/_app-4e0a347dc425d5bf.js (79)
[21503:21503:0526/171055.552093:INFO:CONSOLE:79] "%c action     color: #03A9F4; font-weight: bold [object Object]", source: https://test.highloka.com/_next/static/chunks/pages/_app-4e0a347dc425d5bf.js (79)
[21503:21503:0526/171055.552264:INFO:CONSOLE:79] "%c next state color: #4CAF50; font-weight: bold [object Object]", source: https://test.highloka.com/_next/static/chunks/pages/_app-4e0a347dc425d5bf.js (79)
[21503:21503:0526/171055.552326:INFO:CONSOLE:79] "console.groupEnd", source: https://test.highloka.com/_next/static/chunks/pages/_app-4e0a347dc425d5bf.js (79)
[21503:21503:0526/171055.552377:INFO:CONSOLE:67] "Showing Controls. ", source: https://test.highloka.com/_next/static/chunks/pages/_app-4e0a347dc425d5bf.js (67)
[21503:21503:0526/171055.552550:INFO:CONSOLE:67] "Showing Controls. ", source: https://test.highloka.com/_next/static/chunks/pages/_app-4e0a347dc425d5bf.js (67)
[21503:21503:0526/171055.553500:INFO:CONSOLE:1] "ReactHlsPlayerComponent this.props play", source: https://test.highloka.com/_next/static/chunks/pages/concerts/%5Bslug%5D/arena-1595f5991389ce40.js (1)
[21503:21503:0526/171057.396976:INFO:CONSOLE:1] "receivedAudienceUserStrip null", source: https://test.highloka.com/_next/static/chunks/pages/concerts/%5Bslug%5D/arena-1595f5991389ce40.js (1)
[21503:21503:0526/171057.397283:INFO:CONSOLE:1] "receivedAudienceUserStrip null", source: https://test.highloka.com/_next/static/chunks/pages/concerts/%5Bslug%5D/arena-1595f5991389ce40.js (1)
[21503:21503:0526/171057.552463:INFO:CONSOLE:67] "Hiding Controls.", source: https://test.highloka.com/_next/static/chunks/pages/_app-4e0a347dc425d5bf.js (67)
[21503:21503:0526/171057.552720:INFO:CONSOLE:79] "%c action %cHIDE_AUTO_HIDDEN_ES_VIDEO_PLAYER_CONTROLS %c@ 17:10:57.552 color: gray; font-weight: lighter; color: inherit; color: gray; font-weight: lighter;", source: https://test.highloka.com/_next/static/chunks/pages/_app-4e0a347dc425d5bf.js (79)
[21503:21503:0526/171057.552803:INFO:CONSOLE:79] "%c prev state color: #9E9E9E; font-weight: bold [object Object]", source: https://test.highloka.com/_next/static/chunks/pages/_app-4e0a347dc425d5bf.js (79)
[21503:21503:0526/171057.552921:INFO:CONSOLE:79] "%c action     color: #03A9F4; font-weight: bold [object Object]", source: https://test.highloka.com/_next/static/chunks/pages/_app-4e0a347dc425d5bf.js (79)
[21503:21503:0526/171057.553014:INFO:CONSOLE:79] "%c next state color: #4CAF50; font-weight: bold [object Object]", source: https://test.highloka.com/_next/static/chunks/pages/_app-4e0a347dc425d5bf.js (79)
[21503:21503:0526/171057.553073:INFO:CONSOLE:79] "console.groupEnd", source: https://test.highloka.com/_next/static/chunks/pages/_app-4e0a347dc425d5bf.js (79)
[21503:21503:0526/171057.553385:INFO:CONSOLE:1] "ReactHlsPlayerComponent this.props play", source: https://test.highloka.com/_next/static/chunks/pages/concerts/%5Bslug%5D/arena-1595f5991389ce40.js (1)
[21503:21503:0526/171057.553468:INFO:CONSOLE:67] "Hiding Controls.", source: https://test.highloka.com/_next/static/chunks/pages/_app-4e0a347dc425d5bf.js (67)
[21503:21503:0526/171057.553630:INFO:CONSOLE:79] "%c action %cHIDE_AUTO_HIDDEN_ES_VIDEO_PLAYER_CONTROLS %c@ 17:10:57.553 color: gray; font-weight: lighter; color: inherit; color: gray; font-weight: lighter;", source: https://test.highloka.com/_next/static/chunks/pages/_app-4e0a347dc425d5bf.js (79)
[21503:21503:0526/171057.553696:INFO:CONSOLE:79] "%c prev state color: #9E9E9E; font-weight: bold [object Object]", source: https://test.highloka.com/_next/static/chunks/pages/_app-4e0a347dc425d5bf.js (79)
[21503:21503:0526/171057.553791:INFO:CONSOLE:79] "%c action     color: #03A9F4; font-weight: bold [object Object]", source: https://test.highloka.com/_next/static/chunks/pages/_app-4e0a347dc425d5bf.js (79)
[21503:21503:0526/171057.553862:INFO:CONSOLE:79] "%c next state color: #4CAF50; font-weight: bold [object Object]", source: https://test.highloka.com/_next/static/chunks/pages/_app-4e0a347dc425d5bf.js (79)
[21503:21503:0526/171057.553931:INFO:CONSOLE:79] "console.groupEnd", source: https://test.highloka.com/_next/static/chunks/pages/_app-4e0a347dc425d5bf.js (79)
[21503:21503:0526/171057.554165:INFO:CONSOLE:1] "ReactHlsPlayerComponent this.props play", source: https://test.highloka.com/_next/static/chunks/pages/concerts/%5Bslug%5D/arena-1595f5991389ce40.js (1)
[21503:21503:0526/171059.603120:INFO:CONSOLE:79] "%c action %cSHOW_AUTO_HIDDEN_ES_VIDEO_PLAYER_CONTROLS %c@ 17:10:59.602 color: gray; font-weight: lighter; color: inherit; color: gray; font-weight: lighter;", source: https://test.highloka.com/_next/static/chunks/pages/_app-4e0a347dc425d5bf.js (79)
[21503:21503:0526/171059.603324:INFO:CONSOLE:79] "%c prev state color: #9E9E9E; font-weight: bold [object Object]", source: https://test.highloka.com/_next/static/chunks/pages/_app-4e0a347dc425d5bf.js (79)
[21503:21503:0526/171059.603715:INFO:CONSOLE:79] "%c action     color: #03A9F4; font-weight: bold [object Object]", source: https://test.highloka.com/_next/static/chunks/pages/_app-4e0a347dc425d5bf.js (79)
[21503:21503:0526/171059.603955:INFO:CONSOLE:79] "%c next state color: #4CAF50; font-weight: bold [object Object]", source: https://test.highloka.com/_next/static/chunks/pages/_app-4e0a347dc425d5bf.js (79)
[21503:21503:0526/171059.604255:INFO:CONSOLE:79] "console.groupEnd", source: https://test.highloka.com/_next/static/chunks/pages/_app-4e0a347dc425d5bf.js (79)
[21503:21503:0526/171059.604669:INFO:CONSOLE:67] "Showing Controls. ", source: https://test.highloka.com/_next/static/chunks/pages/_app-4e0a347dc425d5bf.js (67)
[21503:21503:0526/171059.605084:INFO:CONSOLE:67] "Showing Controls. ", source: https://test.highloka.com/_next/static/chunks/pages/_app-4e0a347dc425d5bf.js (67)
[21503:21503:0526/171059.606092:INFO:CONSOLE:1] "ReactHlsPlayerComponent this.props play", source: https://test.highloka.com/_next/static/chunks/pages/concerts/%5Bslug%5D/arena-1595f5991389ce40.js (1)
[21503:21503:0526/171059.617153:INFO:CONSOLE:79] "%c action %cSHOW_AUTO_HIDDEN_ES_VIDEO_PLAYER_CONTROLS %c@ 17:10:59.616 color: gray; font-weight: lighter; color: inherit; color: gray; font-weight: lighter;", source: https://test.highloka.com/_next/static/chunks/pages/_app-4e0a347dc425d5bf.js (79)
[21503:21503:0526/171059.617333:INFO:CONSOLE:79] "%c prev state color: #9E9E9E; font-weight: bold [object Object]", source: https://test.highloka.com/_next/static/chunks/pages/_app-4e0a347dc425d5bf.js (79)
[21503:21503:0526/171059.617502:INFO:CONSOLE:79] "%c action     color: #03A9F4; font-weight: bold [object Object]", source: https://test.highloka.com/_next/static/chunks/pages/_app-4e0a347dc425d5bf.js (79)
[21503:21503:0526/171059.617643:INFO:CONSOLE:79] "%c next state color: #4CAF50; font-weight: bold [object Object]", source: https://test.highloka.com/_next/static/chunks/pages/_app-4e0a347dc425d5bf.js (79)
[21503:21503:0526/171059.617757:INFO:CONSOLE:79] "console.groupEnd", source: https://test.highloka.com/_next/static/chunks/pages/_app-4e0a347dc425d5bf.js (79)
[21503:21503:0526/171059.617992:INFO:CONSOLE:67] "Showing Controls. ", source: https://test.highloka.com/_next/static/chunks/pages/_app-4e0a347dc425d5bf.js (67)
[21503:21503:0526/171059.618245:INFO:CONSOLE:67] "Showing Controls. ", source: https://test.highloka.com/_next/static/chunks/pages/_app-4e0a347dc425d5bf.js (67)
[21503:21503:0526/171059.618859:INFO:CONSOLE:1] "ReactHlsPlayerComponent this.props play", source: https://test.highloka.com/_next/static/chunks/pages/concerts/%5Bslug%5D/arena-1595f5991389ce40.js (1)
[21503:21503:0526/171100.033794:INFO:CONSOLE:79] "%c action %cSHOW_AUTO_HIDDEN_ES_VIDEO_PLAYER_CONTROLS %c@ 17:11:00.033 color: gray; font-weight: lighter; color: inherit; color: gray; font-weight: lighter;", source: https://test.highloka.com/_next/static/chunks/pages/_app-4e0a347dc425d5bf.js (79)
[21503:21503:0526/171100.033941:INFO:CONSOLE:79] "%c prev state color: #9E9E9E; font-weight: bold [object Object]", source: https://test.highloka.com/_next/static/chunks/pages/_app-4e0a347dc425d5bf.js (79)
[21503:21503:0526/171100.034142:INFO:CONSOLE:79] "%c action     color: #03A9F4; font-weight: bold [object Object]", source: https://test.highloka.com/_next/static/chunks/pages/_app-4e0a347dc425d5bf.js (79)
[21503:21503:0526/171100.034336:INFO:CONSOLE:79] "%c next state color: #4CAF50; font-weight: bold [object Object]", source: https://test.highloka.com/_next/static/chunks/pages/_app-4e0a347dc425d5bf.js (79)
[21503:21503:0526/171100.034470:INFO:CONSOLE:79] "console.groupEnd", source: https://test.highloka.com/_next/static/chunks/pages/_app-4e0a347dc425d5bf.js (79)
[21503:21503:0526/171100.034784:INFO:CONSOLE:67] "Showing Controls. ", source: https://test.highloka.com/_next/static/chunks/pages/_app-4e0a347dc425d5bf.js (67)
[21503:21503:0526/171100.035393:INFO:CONSOLE:67] "Showing Controls. ", source: https://test.highloka.com/_next/static/chunks/pages/_app-4e0a347dc425d5bf.js (67)
[21503:21503:0526/171100.036646:INFO:CONSOLE:1] "ReactHlsPlayerComponent this.props play", source: https://test.highloka.com/_next/static/chunks/pages/concerts/%5Bslug%5D/arena-1595f5991389ce40.js (1)
[21503:21503:0526/171100.050218:INFO:CONSOLE:79] "%c action %cSHOW_AUTO_HIDDEN_ES_VIDEO_PLAYER_CONTROLS %c@ 17:11:00.049 color: gray; font-weight: lighter; color: inherit; color: gray; font-weight: lighter;", source: https://test.highloka.com/_next/static/chunks/pages/_app-4e0a347dc425d5bf.js (79)
[21503:21503:0526/171100.050494:INFO:CONSOLE:79] "%c prev state color: #9E9E9E; font-weight: bold [object Object]", source: https://test.highloka.com/_next/static/chunks/pages/_app-4e0a347dc425d5bf.js (79)
[21503:21503:0526/171100.050651:INFO:CONSOLE:79] "%c action     color: #03A9F4; font-weight: bold [object Object]", source: https://test.highloka.com/_next/static/chunks/pages/_app-4e0a347dc425d5bf.js (79)
[21503:21503:0526/171100.051063:INFO:CONSOLE:79] "%c next state color: #4CAF50; font-weight: bold [object Object]", source: https://test.highloka.com/_next/static/chunks/pages/_app-4e0a347dc425d5bf.js (79)
[21503:21503:0526/171100.051287:INFO:CONSOLE:79] "console.groupEnd", source: https://test.highloka.com/_next/static/chunks/pages/_app-4e0a347dc425d5bf.js (79)
[21503:21503:0526/171100.051631:INFO:CONSOLE:67] "Showing Controls. ", source: https://test.highloka.com/_next/static/chunks/pages/_app-4e0a347dc425d5bf.js (67)
[21503:21503:0526/171100.051987:INFO:CONSOLE:67] "Showing Controls. ", source: https://test.highloka.com/_next/static/chunks/pages/_app-4e0a347dc425d5bf.js (67)
[21503:21503:0526/171100.052889:INFO:CONSOLE:1] "ReactHlsPlayerComponent this.props play", source: https://test.highloka.com/_next/static/chunks/pages/concerts/%5Bslug%5D/arena-1595f5991389ce40.js (1)
[21503:21503:0526/171100.066991:INFO:CONSOLE:79] "%c action %cSHOW_AUTO_HIDDEN_ES_VIDEO_PLAYER_CONTROLS %c@ 17:11:00.066 color: gray; font-weight: lighter; color: inherit; color: gray; font-weight: lighter;", source: https://test.highloka.com/_next/static/chunks/pages/_app-4e0a347dc425d5bf.js (79)
[21503:21503:0526/171100.067216:INFO:CONSOLE:79] "%c prev state color: #9E9E9E; font-weight: bold [object Object]", source: https://test.highloka.com/_next/static/chunks/pages/_app-4e0a347dc425d5bf.js (79)
[21503:21503:0526/171100.067428:INFO:CONSOLE:79] "%c action     color: #03A9F4; font-weight: bold [object Object]", source: https://test.highloka.com/_next/static/chunks/pages/_app-4e0a347dc425d5bf.js (79)
[21503:21503:0526/171100.067781:INFO:CONSOLE:79] "%c next state color: #4CAF50; font-weight: bold [object Object]", source: https://test.highloka.com/_next/static/chunks/pages/_app-4e0a347dc425d5bf.js (79)
[21503:21503:0526/171100.068117:INFO:CONSOLE:79] "console.groupEnd", source: https://test.highloka.com/_next/static/chunks/pages/_app-4e0a347dc425d5bf.js (79)
[21503:21503:0526/171100.068582:INFO:CONSOLE:67] "Showing Controls. ", source: https://test.highloka.com/_next/static/chunks/pages/_app-4e0a347dc425d5bf.js (67)
[21503:21503:0526/171100.069026:INFO:CONSOLE:67] "Showing Controls. ", source: https://test.highloka.com/_next/static/chunks/pages/_app-4e0a347dc425d5bf.js (67)
[21503:21503:0526/171100.070024:INFO:CONSOLE:1] "ReactHlsPlayerComponent this.props play", source: https://test.highloka.com/_next/static/chunks/pages/concerts/%5Bslug%5D/arena-1595f5991389ce40.js (1)
[21503:21503:0526/171100.085316:INFO:CONSOLE:79] "%c action %cSHOW_AUTO_HIDDEN_ES_VIDEO_PLAYER_CONTROLS %c@ 17:11:00.084 color: gray; font-weight: lighter; color: inherit; color: gray; font-weight: lighter;", source: https://test.highloka.com/_next/static/chunks/pages/_app-4e0a347dc425d5bf.js (79)
[21503:21503:0526/171100.085475:INFO:CONSOLE:79] "%c prev state color: #9E9E9E; font-weight: bold [object Object]", source: https://test.highloka.com/_next/static/chunks/pages/_app-4e0a347dc425d5bf.js (79)
[21503:21503:0526/171100.085849:INFO:CONSOLE:79] "%c action     color: #03A9F4; font-weight: bold [object Object]", source: https://test.highloka.com/_next/static/chunks/pages/_app-4e0a347dc425d5bf.js (79)
[21503:21503:0526/171100.086179:INFO:CONSOLE:79] "%c next state color: #4CAF50; font-weight: bold [object Object]", source: https://test.highloka.com/_next/static/chunks/pages/_app-4e0a347dc425d5bf.js (79)
[21503:21503:0526/171100.086535:INFO:CONSOLE:79] "console.groupEnd", source: https://test.highloka.com/_next/static/chunks/pages/_app-4e0a347dc425d5bf.js (79)
[21503:21503:0526/171100.087202:INFO:CONSOLE:67] "Showing Controls. ", source: https://test.highloka.com/_next/static/chunks/pages/_app-4e0a347dc425d5bf.js (67)
[21503:21503:0526/171100.087504:INFO:CONSOLE:67] "Showing Controls. ", source: https://test.highloka.com/_next/static/chunks/pages/_app-4e0a347dc425d5bf.js (67)
[21503:21503:0526/171100.088587:INFO:CONSOLE:1] "ReactHlsPlayerComponent this.props play", source: https://test.highloka.com/_next/static/chunks/pages/concerts/%5Bslug%5D/arena-1595f5991389ce40.js (1)
[21503:21503:0526/171100.106295:INFO:CONSOLE:79] "%c action %cSHOW_AUTO_HIDDEN_ES_VIDEO_PLAYER_CONTROLS %c@ 17:11:00.105 color: gray; font-weight: lighter; color: inherit; color: gray; font-weight: lighter;", source: https://test.highloka.com/_next/static/chunks/pages/_app-4e0a347dc425d5bf.js (79)
[21503:21503:0526/171100.106512:INFO:CONSOLE:79] "%c prev state color: #9E9E9E; font-weight: bold [object Object]", source: https://test.highloka.com/_next/static/chunks/pages/_app-4e0a347dc425d5bf.js (79)
[21503:21503:0526/171100.106864:INFO:CONSOLE:79] "%c action     color: #03A9F4; font-weight: bold [object Object]", source: https://test.highloka.com/_next/static/chunks/pages/_app-4e0a347dc425d5bf.js (79)
[21503:21503:0526/171100.107027:INFO:CONSOLE:79] "%c next state color: #4CAF50; font-weight: bold [object Object]", source: https://test.highloka.com/_next/static/chunks/pages/_app-4e0a347dc425d5bf.js (79)
[21503:21503:0526/171100.107399:INFO:CONSOLE:79] "console.groupEnd", source: https://test.highloka.com/_next/static/chunks/pages/_app-4e0a347dc425d5bf.js (79)
[21503:21503:0526/171100.107725:INFO:CONSOLE:67] "Showing Controls. ", source: https://test.highloka.com/_next/static/chunks/pages/_app-4e0a347dc425d5bf.js (67)
[21503:21503:0526/171100.108034:INFO:CONSOLE:67] "Showing Controls. ", source: https://test.highloka.com/_next/static/chunks/pages/_app-4e0a347dc425d5bf.js (67)
[21503:21503:0526/171100.108929:INFO:CONSOLE:1] "ReactHlsPlayerComponent this.props play", source: https://test.highloka.com/_next/static/chunks/pages/concerts/%5Bslug%5D/arena-1595f5991389ce40.js (1)
[21503:21503:0526/171100.117816:INFO:CONSOLE:79] "%c action %cSHOW_AUTO_HIDDEN_ES_VIDEO_PLAYER_CONTROLS %c@ 17:11:00.116 color: gray; font-weight: lighter; color: inherit; color: gray; font-weight: lighter;", source: https://test.highloka.com/_next/static/chunks/pages/_app-4e0a347dc425d5bf.js (79)
[21503:21503:0526/171100.118137:INFO:CONSOLE:79] "%c prev state color: #9E9E9E; font-weight: bold [object Object]", source: https://test.highloka.com/_next/static/chunks/pages/_app-4e0a347dc425d5bf.js (79)
[21503:21503:0526/171100.118860:INFO:CONSOLE:79] "%c action     color: #03A9F4; font-weight: bold [object Object]", source: https://test.highloka.com/_next/static/chunks/pages/_app-4e0a347dc425d5bf.js (79)
[21503:21503:0526/171100.119029:INFO:CONSOLE:79] "%c next state color: #4CAF50; font-weight: bold [object Object]", source: https://test.highloka.com/_next/static/chunks/pages/_app-4e0a347dc425d5bf.js (79)
[21503:21503:0526/171100.119115:INFO:CONSOLE:79] "console.groupEnd", source: https://test.highloka.com/_next/static/chunks/pages/_app-4e0a347dc425d5bf.js (79)
[21503:21503:0526/171100.119636:INFO:CONSOLE:67] "Showing Controls. ", source: https://test.highloka.com/_next/static/chunks/pages/_app-4e0a347dc425d5bf.js (67)
[21503:21503:0526/171100.120518:INFO:CONSOLE:67] "Showing Controls. ", source: https://test.highloka.com/_next/static/chunks/pages/_app-4e0a347dc425d5bf.js (67)
[21503:21503:0526/171100.121950:INFO:CONSOLE:1] "ReactHlsPlayerComponent this.props play", source: https://test.highloka.com/_next/static/chunks/pages/concerts/%5Bslug%5D/arena-1595f5991389ce40.js (1)
[21503:21503:0526/171100.133445:INFO:CONSOLE:79] "%c action %cSHOW_AUTO_HIDDEN_ES_VIDEO_PLAYER_CONTROLS %c@ 17:11:00.132 color: gray; font-weight: lighter; color: inherit; color: gray; font-weight: lighter;", source: https://test.highloka.com/_next/static/chunks/pages/_app-4e0a347dc425d5bf.js (79)
[21503:21503:0526/171100.133549:INFO:CONSOLE:79] "%c prev state color: #9E9E9E; font-weight: bold [object Object]", source: https://test.highloka.com/_next/static/chunks/pages/_app-4e0a347dc425d5bf.js (79)
[21503:21503:0526/171100.133739:INFO:CONSOLE:79] "%c action     color: #03A9F4; font-weight: bold [object Object]", source: https://test.highloka.com/_next/static/chunks/pages/_app-4e0a347dc425d5bf.js (79)
[21503:21503:0526/171100.133818:INFO:CONSOLE:79] "%c next state color: #4CAF50; font-weight: bold [object Object]", source: https://test.highloka.com/_next/static/chunks/pages/_app-4e0a347dc425d5bf.js (79)
[21503:21503:0526/171100.133900:INFO:CONSOLE:79] "console.groupEnd", source: https://test.highloka.com/_next/static/chunks/pages/_app-4e0a347dc425d5bf.js (79)
[21503:21503:0526/171100.134081:INFO:CONSOLE:67] "Showing Controls. ", source: https://test.highloka.com/_next/static/chunks/pages/_app-4e0a347dc425d5bf.js (67)
[21503:21503:0526/171100.134293:INFO:CONSOLE:67] "Showing Controls. ", source: https://test.highloka.com/_next/static/chunks/pages/_app-4e0a347dc425d5bf.js (67)
[21503:21503:0526/171100.135067:INFO:CONSOLE:1] "ReactHlsPlayerComponent this.props play", source: https://test.highloka.com/_next/static/chunks/pages/concerts/%5Bslug%5D/arena-1595f5991389ce40.js (1)
[21503:21503:0526/171100.284298:INFO:CONSOLE:79] "%c action %cSHOW_AUTO_HIDDEN_ES_VIDEO_PLAYER_CONTROLS %c@ 17:11:00.283 color: gray; font-weight: lighter; color: inherit; color: gray; font-weight: lighter;", source: https://test.highloka.com/_next/static/chunks/pages/_app-4e0a347dc425d5bf.js (79)
[21503:21503:0526/171100.284550:INFO:CONSOLE:79] "%c prev state color: #9E9E9E; font-weight: bold [object Object]", source: https://test.highloka.com/_next/static/chunks/pages/_app-4e0a347dc425d5bf.js (79)
[21503:21503:0526/171100.285387:INFO:CONSOLE:79] "%c action     color: #03A9F4; font-weight: bold [object Object]", source: https://test.highloka.com/_next/static/chunks/pages/_app-4e0a347dc425d5bf.js (79)
[21503:21503:0526/171100.285571:INFO:CONSOLE:79] "%c next state color: #4CAF50; font-weight: bold [object Object]", source: https://test.highloka.com/_next/static/chunks/pages/_app-4e0a347dc425d5bf.js (79)
[21503:21503:0526/171100.285970:INFO:CONSOLE:79] "console.groupEnd", source: https://test.highloka.com/_next/static/chunks/pages/_app-4e0a347dc425d5bf.js (79)
[21503:21503:0526/171100.286161:INFO:CONSOLE:67] "Showing Controls. ", source: https://test.highloka.com/_next/static/chunks/pages/_app-4e0a347dc425d5bf.js (67)
[21503:21503:0526/171100.286779:INFO:CONSOLE:67] "Showing Controls. ", source: https://test.highloka.com/_next/static/chunks/pages/_app-4e0a347dc425d5bf.js (67)
[21503:21503:0526/171100.287986:INFO:CONSOLE:1] "ReactHlsPlayerComponent this.props play", source: https://test.highloka.com/_next/static/chunks/pages/concerts/%5Bslug%5D/arena-1595f5991389ce40.js (1)
[21503:21503:0526/171100.300565:INFO:CONSOLE:79] "%c action %cSHOW_AUTO_HIDDEN_ES_VIDEO_PLAYER_CONTROLS %c@ 17:11:00.299 color: gray; font-weight: lighter; color: inherit; color: gray; font-weight: lighter;", source: https://test.highloka.com/_next/static/chunks/pages/_app-4e0a347dc425d5bf.js (79)
[21503:21503:0526/171100.300711:INFO:CONSOLE:79] "%c prev state color: #9E9E9E; font-weight: bold [object Object]", source: https://test.highloka.com/_next/static/chunks/pages/_app-4e0a347dc425d5bf.js (79)
[21503:21503:0526/171100.300962:INFO:CONSOLE:79] "%c action     color: #03A9F4; font-weight: bold [object Object]", source: https://test.highloka.com/_next/static/chunks/pages/_app-4e0a347dc425d5bf.js (79)
[21503:21503:0526/171100.301285:INFO:CONSOLE:79] "%c next state color: #4CAF50; font-weight: bold [object Object]", source: https://test.highloka.com/_next/static/chunks/pages/_app-4e0a347dc425d5bf.js (79)
[21503:21503:0526/171100.301549:INFO:CONSOLE:79] "console.groupEnd", source: https://test.highloka.com/_next/static/chunks/pages/_app-4e0a347dc425d5bf.js (79)
[21503:21503:0526/171100.301964:INFO:CONSOLE:67] "Showing Controls. ", source: https://test.highloka.com/_next/static/chunks/pages/_app-4e0a347dc425d5bf.js (67)
[21503:21503:0526/171100.302345:INFO:CONSOLE:67] "Showing Controls. ", source: https://test.highloka.com/_next/static/chunks/pages/_app-4e0a347dc425d5bf.js (67)
[21503:21503:0526/171100.303198:INFO:CONSOLE:1] "ReactHlsPlayerComponent this.props play", source: https://test.highloka.com/_next/static/chunks/pages/concerts/%5Bslug%5D/arena-1595f5991389ce40.js (1)
[21503:21503:0526/171100.320009:INFO:CONSOLE:79] "%c action %cSHOW_AUTO_HIDDEN_ES_VIDEO_PLAYER_CONTROLS %c@ 17:11:00.319 color: gray; font-weight: lighter; color: inherit; color: gray; font-weight: lighter;", source: https://test.highloka.com/_next/static/chunks/pages/_app-4e0a347dc425d5bf.js (79)
[21503:21503:0526/171100.320166:INFO:CONSOLE:79] "%c prev state color: #9E9E9E; font-weight: bold [object Object]", source: https://test.highloka.com/_next/static/chunks/pages/_app-4e0a347dc425d5bf.js (79)
[21503:21503:0526/171100.320228:INFO:CONSOLE:79] "%c action     color: #03A9F4; font-weight: bold [object Object]", source: https://test.highloka.com/_next/static/chunks/pages/_app-4e0a347dc425d5bf.js (79)
[21503:21503:0526/171100.320300:INFO:CONSOLE:79] "%c next state color: #4CAF50; font-weight: bold [object Object]", source: https://test.highloka.com/_next/static/chunks/pages/_app-4e0a347dc425d5bf.js (79)
[21503:21503:0526/171100.320420:INFO:CONSOLE:79] "console.groupEnd", source: https://test.highloka.com/_next/static/chunks/pages/_app-4e0a347dc425d5bf.js (79)
[21503:21503:0526/171100.320772:INFO:CONSOLE:67] "Showing Controls. ", source: https://test.highloka.com/_next/static/chunks/pages/_app-4e0a347dc425d5bf.js (67)
[21503:21503:0526/171100.321200:INFO:CONSOLE:67] "Showing Controls. ", source: https://test.highloka.com/_next/static/chunks/pages/_app-4e0a347dc425d5bf.js (67)
[21503:21503:0526/171100.322108:INFO:CONSOLE:1] "ReactHlsPlayerComponent this.props play", source: https://test.highloka.com/_next/static/chunks/pages/concerts/%5Bslug%5D/arena-1595f5991389ce40.js (1)
[21503:21503:0526/171100.398085:INFO:CONSOLE:1] "receivedAudienceUserStrip null", source: https://test.highloka.com/_next/static/chunks/pages/concerts/%5Bslug%5D/arena-1595f5991389ce40.js (1)
[21503:21503:0526/171100.399022:INFO:CONSOLE:1] "receivedAudienceUserStrip null", source: https://test.highloka.com/_next/static/chunks/pages/concerts/%5Bslug%5D/arena-1595f5991389ce40.js (1)
[21503:21503:0526/171102.321219:INFO:CONSOLE:67] "Hiding Controls.", source: https://test.highloka.com/_next/static/chunks/pages/_app-4e0a347dc425d5bf.js (67)
[21503:21503:0526/171102.321588:INFO:CONSOLE:79] "%c action %cHIDE_AUTO_HIDDEN_ES_VIDEO_PLAYER_CONTROLS %c@ 17:11:02.321 color: gray; font-weight: lighter; color: inherit; color: gray; font-weight: lighter;", source: https://test.highloka.com/_next/static/chunks/pages/_app-4e0a347dc425d5bf.js (79)
[21503:21503:0526/171102.321768:INFO:CONSOLE:79] "%c prev state color: #9E9E9E; font-weight: bold [object Object]", source: https://test.highloka.com/_next/static/chunks/pages/_app-4e0a347dc425d5bf.js (79)
[21503:21503:0526/171102.321964:INFO:CONSOLE:79] "%c action     color: #03A9F4; font-weight: bold [object Object]", source: https://test.highloka.com/_next/static/chunks/pages/_app-4e0a347dc425d5bf.js (79)
[21503:21503:0526/171102.322134:INFO:CONSOLE:79] "%c next state color: #4CAF50; font-weight: bold [object Object]", source: https://test.highloka.com/_next/static/chunks/pages/_app-4e0a347dc425d5bf.js (79)
[21503:21503:0526/171102.322314:INFO:CONSOLE:79] "console.groupEnd", source: https://test.highloka.com/_next/static/chunks/pages/_app-4e0a347dc425d5bf.js (79)
[21503:21503:0526/171102.322858:INFO:CONSOLE:1] "ReactHlsPlayerComponent this.props play", source: https://test.highloka.com/_next/static/chunks/pages/concerts/%5Bslug%5D/arena-1595f5991389ce40.js (1)
[21503:21503:0526/171102.323177:INFO:CONSOLE:67] "Hiding Controls.", source: https://test.highloka.com/_next/static/chunks/pages/_app-4e0a347dc425d5bf.js (67)
[21503:21503:0526/171102.323549:INFO:CONSOLE:79] "%c action %cHIDE_AUTO_HIDDEN_ES_VIDEO_PLAYER_CONTROLS %c@ 17:11:02.323 color: gray; font-weight: lighter; color: inherit; color: gray; font-weight: lighter;", source: https://test.highloka.com/_next/static/chunks/pages/_app-4e0a347dc425d5bf.js (79)
[21503:21503:0526/171102.323681:INFO:CONSOLE:79] "%c prev state color: #9E9E9E; font-weight: bold [object Object]", source: https://test.highloka.com/_next/static/chunks/pages/_app-4e0a347dc425d5bf.js (79)
[21503:21503:0526/171102.323849:INFO:CONSOLE:79] "%c action     color: #03A9F4; font-weight: bold [object Object]", source: https://test.highloka.com/_next/static/chunks/pages/_app-4e0a347dc425d5bf.js (79)
[21503:21503:0526/171102.324003:INFO:CONSOLE:79] "%c next state color: #4CAF50; font-weight: bold [object Object]", source: https://test.highloka.com/_next/static/chunks/pages/_app-4e0a347dc425d5bf.js (79)
[21503:21503:0526/171102.324154:INFO:CONSOLE:79] "console.groupEnd", source: https://test.highloka.com/_next/static/chunks/pages/_app-4e0a347dc425d5bf.js (79)
[21503:21503:0526/171102.324741:INFO:CONSOLE:1] "ReactHlsPlayerComponent this.props play", source: https://test.highloka.com/_next/static/chunks/pages/concerts/%5Bslug%5D/arena-1595f5991389ce40.js (1)
[21503:21503:0526/171103.399843:INFO:CONSOLE:1] "receivedAudienceUserStrip null", source: https://test.highloka.com/_next/static/chunks/pages/concerts/%5Bslug%5D/arena-1595f5991389ce40.js (1)
[21503:21503:0526/171103.401137:INFO:CONSOLE:1] "receivedAudienceUserStrip null", source: https://test.highloka.com/_next/static/chunks/pages/concerts/%5Bslug%5D/arena-1595f5991389ce40.js (1)
[21503:21503:0526/171106.401038:INFO:CONSOLE:1] "receivedAudienceUserStrip null", source: https://test.highloka.com/_next/static/chunks/pages/concerts/%5Bslug%5D/arena-1595f5991389ce40.js (1)
[21503:21503:0526/171106.401992:INFO:CONSOLE:1] "receivedAudienceUserStrip null", source: https://test.highloka.com/_next/static/chunks/pages/concerts/%5Bslug%5D/arena-1595f5991389ce40.js (1)
[21503:21503:0526/171109.402275:INFO:CONSOLE:1] "receivedAudienceUserStrip null", source: https://test.highloka.com/_next/static/chunks/pages/concerts/%5Bslug%5D/arena-1595f5991389ce40.js (1)
[21503:21503:0526/171109.403059:INFO:CONSOLE:1] "receivedAudienceUserStrip null", source: https://test.highloka.com/_next/static/chunks/pages/concerts/%5Bslug%5D/arena-1595f5991389ce40.js (1)
[21503:21503:0526/171112.403902:INFO:CONSOLE:1] "receivedAudienceUserStrip null", source: https://test.highloka.com/_next/static/chunks/pages/concerts/%5Bslug%5D/arena-1595f5991389ce40.js (1)
[21503:21503:0526/171112.405116:INFO:CONSOLE:1] "receivedAudienceUserStrip null", source: https://test.highloka.com/_next/static/chunks/pages/concerts/%5Bslug%5D/arena-1595f5991389ce40.js (1)
[21503:21503:0526/171115.405675:INFO:CONSOLE:1] "receivedAudienceUserStrip null", source: https://test.highloka.com/_next/static/chunks/pages/concerts/%5Bslug%5D/arena-1595f5991389ce40.js (1)
[21503:21503:0526/171115.406544:INFO:CONSOLE:1] "receivedAudienceUserStrip null", source: https://test.highloka.com/_next/static/chunks/pages/concerts/%5Bslug%5D/arena-1595f5991389ce40.js (1)
[21503:21503:0526/171118.406989:INFO:CONSOLE:1] "receivedAudienceUserStrip null", source: https://test.highloka.com/_next/static/chunks/pages/concerts/%5Bslug%5D/arena-1595f5991389ce40.js (1)
[21503:21503:0526/171118.407743:INFO:CONSOLE:1] "receivedAudienceUserStrip null", source: https://test.highloka.com/_next/static/chunks/pages/concerts/%5Bslug%5D/arena-1595f5991389ce40.js (1)
[21503:21503:0526/171121.408227:INFO:CONSOLE:1] "receivedAudienceUserStrip null", source: https://test.highloka.com/_next/static/chunks/pages/concerts/%5Bslug%5D/arena-1595f5991389ce40.js (1)
[21503:21503:0526/171121.409335:INFO:CONSOLE:1] "receivedAudienceUserStrip null", source: https://test.highloka.com/_next/static/chunks/pages/concerts/%5Bslug%5D/arena-1595f5991389ce40.js (1)
[21503:21503:0526/171124.409703:INFO:CONSOLE:1] "receivedAudienceUserStrip null", source: https://test.highloka.com/_next/static/chunks/pages/concerts/%5Bslug%5D/arena-1595f5991389ce40.js (1)
[21503:21503:0526/171124.410681:INFO:CONSOLE:1] "receivedAudienceUserStrip null", source: https://test.highloka.com/_next/static/chunks/pages/concerts/%5Bslug%5D/arena-1595f5991389ce40.js (1)
[21503:21503:0526/171127.410945:INFO:CONSOLE:1] "receivedAudienceUserStrip null", source: https://test.highloka.com/_next/static/chunks/pages/concerts/%5Bslug%5D/arena-1595f5991389ce40.js (1)
[21503:21503:0526/171127.411670:INFO:CONSOLE:1] "receivedAudienceUserStrip null", source: https://test.highloka.com/_next/static/chunks/pages/concerts/%5Bslug%5D/arena-1595f5991389ce40.js (1)
[21503:21503:0526/171130.412137:INFO:CONSOLE:1] "receivedAudienceUserStrip null", source: https://test.highloka.com/_next/static/chunks/pages/concerts/%5Bslug%5D/arena-1595f5991389ce40.js (1)
[21503:21503:0526/171130.412929:INFO:CONSOLE:1] "receivedAudienceUserStrip null", source: https://test.highloka.com/_next/static/chunks/pages/concerts/%5Bslug%5D/arena-1595f5991389ce40.js (1)
[21503:21503:0526/171133.413466:INFO:CONSOLE:1] "receivedAudienceUserStrip null", source: https://test.highloka.com/_next/static/chunks/pages/concerts/%5Bslug%5D/arena-1595f5991389ce40.js (1)
[21503:21503:0526/171133.414165:INFO:CONSOLE:1] "receivedAudienceUserStrip null", source: https://test.highloka.com/_next/static/chunks/pages/concerts/%5Bslug%5D/arena-1595f5991389ce40.js (1)
[21503:21503:0526/171134.516876:INFO:CONSOLE:79] "%c action %cSHOW_AUTO_HIDDEN_ES_VIDEO_PLAYER_CONTROLS %c@ 17:11:34.515 color: gray; font-weight: lighter; color: inherit; color: gray; font-weight: lighter;", source: https://test.highloka.com/_next/static/chunks/pages/_app-4e0a347dc425d5bf.js (79)
[21503:21503:0526/171134.517107:INFO:CONSOLE:79] "%c prev state color: #9E9E9E; font-weight: bold [object Object]", source: https://test.highloka.com/_next/static/chunks/pages/_app-4e0a347dc425d5bf.js (79)
[21503:21503:0526/171134.517672:INFO:CONSOLE:79] "%c action     color: #03A9F4; font-weight: bold [object Object]", source: https://test.highloka.com/_next/static/chunks/pages/_app-4e0a347dc425d5bf.js (79)
[21503:21503:0526/171134.517880:INFO:CONSOLE:79] "%c next state color: #4CAF50; font-weight: bold [object Object]", source: https://test.highloka.com/_next/static/chunks/pages/_app-4e0a347dc425d5bf.js (79)
[21503:21503:0526/171134.518327:INFO:CONSOLE:79] "console.groupEnd", source: https://test.highloka.com/_next/static/chunks/pages/_app-4e0a347dc425d5bf.js (79)
[21503:21503:0526/171134.519132:INFO:CONSOLE:67] "Showing Controls. ", source: https://test.highloka.com/_next/static/chunks/pages/_app-4e0a347dc425d5bf.js (67)
[21503:21503:0526/171134.519754:INFO:CONSOLE:67] "Showing Controls. ", source: https://test.highloka.com/_next/static/chunks/pages/_app-4e0a347dc425d5bf.js (67)
[21503:21503:0526/171134.521503:INFO:CONSOLE:1] "ReactHlsPlayerComponent this.props play", source: https://test.highloka.com/_next/static/chunks/pages/concerts/%5Bslug%5D/arena-1595f5991389ce40.js (1)
[21503:21503:0526/171134.535549:INFO:CONSOLE:79] "%c action %cSHOW_AUTO_HIDDEN_ES_VIDEO_PLAYER_CONTROLS %c@ 17:11:34.535 color: gray; font-weight: lighter; color: inherit; color: gray; font-weight: lighter;", source: https://test.highloka.com/_next/static/chunks/pages/_app-4e0a347dc425d5bf.js (79)
[21503:21503:0526/171134.536320:INFO:CONSOLE:79] "%c prev state color: #9E9E9E; font-weight: bold [object Object]", source: https://test.highloka.com/_next/static/chunks/pages/_app-4e0a347dc425d5bf.js (79)
[21503:21503:0526/171134.536392:INFO:CONSOLE:79] "%c action     color: #03A9F4; font-weight: bold [object Object]", source: https://test.highloka.com/_next/static/chunks/pages/_app-4e0a347dc425d5bf.js (79)
[21503:21503:0526/171134.536431:INFO:CONSOLE:79] "%c next state color: #4CAF50; font-weight: bold [object Object]", source: https://test.highloka.com/_next/static/chunks/pages/_app-4e0a347dc425d5bf.js (79)
[21503:21503:0526/171134.536463:INFO:CONSOLE:79] "console.groupEnd", source: https://test.highloka.com/_next/static/chunks/pages/_app-4e0a347dc425d5bf.js (79)
[21503:21503:0526/171134.536493:INFO:CONSOLE:67] "Showing Controls. ", source: https://test.highloka.com/_next/static/chunks/pages/_app-4e0a347dc425d5bf.js (67)
[21503:21503:0526/171134.536535:INFO:CONSOLE:67] "Showing Controls. ", source: https://test.highloka.com/_next/static/chunks/pages/_app-4e0a347dc425d5bf.js (67)
[21503:21503:0526/171134.536846:INFO:CONSOLE:1] "ReactHlsPlayerComponent this.props play", source: https://test.highloka.com/_next/static/chunks/pages/concerts/%5Bslug%5D/arena-1595f5991389ce40.js (1)
[21503:21503:0526/171134.548047:INFO:CONSOLE:79] "%c action %cSHOW_AUTO_HIDDEN_ES_VIDEO_PLAYER_CONTROLS %c@ 17:11:34.547 color: gray; font-weight: lighter; color: inherit; color: gray; font-weight: lighter;", source: https://test.highloka.com/_next/static/chunks/pages/_app-4e0a347dc425d5bf.js (79)
[21503:21503:0526/171134.548244:INFO:CONSOLE:79] "%c prev state color: #9E9E9E; font-weight: bold [object Object]", source: https://test.highloka.com/_next/static/chunks/pages/_app-4e0a347dc425d5bf.js (79)
[21503:21503:0526/171134.548739:INFO:CONSOLE:79] "%c action     color: #03A9F4; font-weight: bold [object Object]", source: https://test.highloka.com/_next/static/chunks/pages/_app-4e0a347dc425d5bf.js (79)
[21503:21503:0526/171134.548950:INFO:CONSOLE:79] "%c next state color: #4CAF50; font-weight: bold [object Object]", source: https://test.highloka.com/_next/static/chunks/pages/_app-4e0a347dc425d5bf.js (79)
[21503:21503:0526/171134.549249:INFO:CONSOLE:79] "console.groupEnd", source: https://test.highloka.com/_next/static/chunks/pages/_app-4e0a347dc425d5bf.js (79)
[21503:21503:0526/171134.549570:INFO:CONSOLE:67] "Showing Controls. ", source: https://test.highloka.com/_next/static/chunks/pages/_app-4e0a347dc425d5bf.js (67)
[21503:21503:0526/171134.550003:INFO:CONSOLE:67] "Showing Controls. ", source: https://test.highloka.com/_next/static/chunks/pages/_app-4e0a347dc425d5bf.js (67)
[21503:21503:0526/171134.550885:INFO:CONSOLE:1] "ReactHlsPlayerComponent this.props play", source: https://test.highloka.com/_next/static/chunks/pages/concerts/%5Bslug%5D/arena-1595f5991389ce40.js (1)
[21503:21503:0526/171134.579049:INFO:CONSOLE:79] "%c action %cSHOW_AUTO_HIDDEN_ES_VIDEO_PLAYER_CONTROLS %c@ 17:11:34.578 color: gray; font-weight: lighter; color: inherit; color: gray; font-weight: lighter;", source: https://test.highloka.com/_next/static/chunks/pages/_app-4e0a347dc425d5bf.js (79)
[21503:21503:0526/171134.579105:INFO:CONSOLE:79] "%c prev state color: #9E9E9E; font-weight: bold [object Object]", source: https://test.highloka.com/_next/static/chunks/pages/_app-4e0a347dc425d5bf.js (79)
[21503:21503:0526/171134.579188:INFO:CONSOLE:79] "%c action     color: #03A9F4; font-weight: bold [object Object]", source: https://test.highloka.com/_next/static/chunks/pages/_app-4e0a347dc425d5bf.js (79)
[21503:21503:0526/171134.579266:INFO:CONSOLE:79] "%c next state color: #4CAF50; font-weight: bold [object Object]", source: https://test.highloka.com/_next/static/chunks/pages/_app-4e0a347dc425d5bf.js (79)
[21503:21503:0526/171134.579353:INFO:CONSOLE:79] "console.groupEnd", source: https://test.highloka.com/_next/static/chunks/pages/_app-4e0a347dc425d5bf.js (79)
[21503:21503:0526/171134.579472:INFO:CONSOLE:67] "Showing Controls. ", source: https://test.highloka.com/_next/static/chunks/pages/_app-4e0a347dc425d5bf.js (67)
[21503:21503:0526/171134.579583:INFO:CONSOLE:67] "Showing Controls. ", source: https://test.highloka.com/_next/static/chunks/pages/_app-4e0a347dc425d5bf.js (67)
[21503:21503:0526/171134.579860:INFO:CONSOLE:1] "ReactHlsPlayerComponent this.props play", source: https://test.highloka.com/_next/static/chunks/pages/concerts/%5Bslug%5D/arena-1595f5991389ce40.js (1)
[21503:21503:0526/171134.599119:INFO:CONSOLE:79] "%c action %cSHOW_AUTO_HIDDEN_ES_VIDEO_PLAYER_CONTROLS %c@ 17:11:34.598 color: gray; font-weight: lighter; color: inherit; color: gray; font-weight: lighter;", source: https://test.highloka.com/_next/static/chunks/pages/_app-4e0a347dc425d5bf.js (79)
[21503:21503:0526/171134.599654:INFO:CONSOLE:79] "%c prev state color: #9E9E9E; font-weight: bold [object Object]", source: https://test.highloka.com/_next/static/chunks/pages/_app-4e0a347dc425d5bf.js (79)
[21503:21503:0526/171134.599727:INFO:CONSOLE:79] "%c action     color: #03A9F4; font-weight: bold [object Object]", source: https://test.highloka.com/_next/static/chunks/pages/_app-4e0a347dc425d5bf.js (79)
[21503:21503:0526/171134.599782:INFO:CONSOLE:79] "%c next state color: #4CAF50; font-weight: bold [object Object]", source: https://test.highloka.com/_next/static/chunks/pages/_app-4e0a347dc425d5bf.js (79)
[21503:21503:0526/171134.599821:INFO:CONSOLE:79] "console.groupEnd", source: https://test.highloka.com/_next/static/chunks/pages/_app-4e0a347dc425d5bf.js (79)
[21503:21503:0526/171134.600027:INFO:CONSOLE:67] "Showing Controls. ", source: https://test.highloka.com/_next/static/chunks/pages/_app-4e0a347dc425d5bf.js (67)
[21503:21503:0526/171134.600252:INFO:CONSOLE:67] "Showing Controls. ", source: https://test.highloka.com/_next/static/chunks/pages/_app-4e0a347dc425d5bf.js (67)
[21503:21503:0526/171134.601036:INFO:CONSOLE:1] "ReactHlsPlayerComponent this.props play", source: https://test.highloka.com/_next/static/chunks/pages/concerts/%5Bslug%5D/arena-1595f5991389ce40.js (1)
[21503:21503:0526/171134.623316:INFO:CONSOLE:79] "%c action %cSHOW_AUTO_HIDDEN_ES_VIDEO_PLAYER_CONTROLS %c@ 17:11:34.622 color: gray; font-weight: lighter; color: inherit; color: gray; font-weight: lighter;", source: https://test.highloka.com/_next/static/chunks/pages/_app-4e0a347dc425d5bf.js (79)
[21503:21503:0526/171134.623510:INFO:CONSOLE:79] "%c prev state color: #9E9E9E; font-weight: bold [object Object]", source: https://test.highloka.com/_next/static/chunks/pages/_app-4e0a347dc425d5bf.js (79)
[21503:21503:0526/171134.623862:INFO:CONSOLE:79] "%c action     color: #03A9F4; font-weight: bold [object Object]", source: https://test.highloka.com/_next/static/chunks/pages/_app-4e0a347dc425d5bf.js (79)
[21503:21503:0526/171134.624161:INFO:CONSOLE:79] "%c next state color: #4CAF50; font-weight: bold [object Object]", source: https://test.highloka.com/_next/static/chunks/pages/_app-4e0a347dc425d5bf.js (79)
[21503:21503:0526/171134.624598:INFO:CONSOLE:79] "console.groupEnd", source: https://test.highloka.com/_next/static/chunks/pages/_app-4e0a347dc425d5bf.js (79)
[21503:21503:0526/171134.624967:INFO:CONSOLE:67] "Showing Controls. ", source: https://test.highloka.com/_next/static/chunks/pages/_app-4e0a347dc425d5bf.js (67)
[21503:21503:0526/171134.625253:INFO:CONSOLE:67] "Showing Controls. ", source: https://test.highloka.com/_next/static/chunks/pages/_app-4e0a347dc425d5bf.js (67)
[21503:21503:0526/171134.626296:INFO:CONSOLE:1] "ReactHlsPlayerComponent this.props play", source: https://test.highloka.com/_next/static/chunks/pages/concerts/%5Bslug%5D/arena-1595f5991389ce40.js (1)
[21503:21503:0526/171134.631659:INFO:CONSOLE:79] "%c action %cSHOW_AUTO_HIDDEN_ES_VIDEO_PLAYER_CONTROLS %c@ 17:11:34.630 color: gray; font-weight: lighter; color: inherit; color: gray; font-weight: lighter;", source: https://test.highloka.com/_next/static/chunks/pages/_app-4e0a347dc425d5bf.js (79)
[21503:21503:0526/171134.631806:INFO:CONSOLE:79] "%c prev state color: #9E9E9E; font-weight: bold [object Object]", source: https://test.highloka.com/_next/static/chunks/pages/_app-4e0a347dc425d5bf.js (79)
[21503:21503:0526/171134.631999:INFO:CONSOLE:79] "%c action     color: #03A9F4; font-weight: bold [object Object]", source: https://test.highloka.com/_next/static/chunks/pages/_app-4e0a347dc425d5bf.js (79)
[21503:21503:0526/171134.632200:INFO:CONSOLE:79] "%c next state color: #4CAF50; font-weight: bold [object Object]", source: https://test.highloka.com/_next/static/chunks/pages/_app-4e0a347dc425d5bf.js (79)
[21503:21503:0526/171134.632358:INFO:CONSOLE:79] "console.groupEnd", source: https://test.highloka.com/_next/static/chunks/pages/_app-4e0a347dc425d5bf.js (79)
[21503:21503:0526/171134.632698:INFO:CONSOLE:67] "Showing Controls. ", source: https://test.highloka.com/_next/static/chunks/pages/_app-4e0a347dc425d5bf.js (67)
[21503:21503:0526/171134.633389:INFO:CONSOLE:67] "Showing Controls. ", source: https://test.highloka.com/_next/static/chunks/pages/_app-4e0a347dc425d5bf.js (67)
[21503:21503:0526/171134.634195:INFO:CONSOLE:1] "ReactHlsPlayerComponent this.props play", source: https://test.highloka.com/_next/static/chunks/pages/concerts/%5Bslug%5D/arena-1595f5991389ce40.js (1)
[21503:21503:0526/171134.655157:INFO:CONSOLE:79] "%c action %cSHOW_AUTO_HIDDEN_ES_VIDEO_PLAYER_CONTROLS %c@ 17:11:34.654 color: gray; font-weight: lighter; color: inherit; color: gray; font-weight: lighter;", source: https://test.highloka.com/_next/static/chunks/pages/_app-4e0a347dc425d5bf.js (79)
[21503:21503:0526/171134.655361:INFO:CONSOLE:79] "%c prev state color: #9E9E9E; font-weight: bold [object Object]", source: https://test.highloka.com/_next/static/chunks/pages/_app-4e0a347dc425d5bf.js (79)
[21503:21503:0526/171134.655782:INFO:CONSOLE:79] "%c action     color: #03A9F4; font-weight: bold [object Object]", source: https://test.highloka.com/_next/static/chunks/pages/_app-4e0a347dc425d5bf.js (79)
[21503:21503:0526/171134.655960:INFO:CONSOLE:79] "%c next state color: #4CAF50; font-weight: bold [object Object]", source: https://test.highloka.com/_next/static/chunks/pages/_app-4e0a347dc425d5bf.js (79)
[21503:21503:0526/171134.656310:INFO:CONSOLE:79] "console.groupEnd", source: https://test.highloka.com/_next/static/chunks/pages/_app-4e0a347dc425d5bf.js (79)
[21503:21503:0526/171134.656636:INFO:CONSOLE:67] "Showing Controls. ", source: https://test.highloka.com/_next/static/chunks/pages/_app-4e0a347dc425d5bf.js (67)
[21503:21503:0526/171134.657303:INFO:CONSOLE:67] "Showing Controls. ", source: https://test.highloka.com/_next/static/chunks/pages/_app-4e0a347dc425d5bf.js (67)
[21503:21503:0526/171134.658683:INFO:CONSOLE:1] "ReactHlsPlayerComponent this.props play", source: https://test.highloka.com/_next/static/chunks/pages/concerts/%5Bslug%5D/arena-1595f5991389ce40.js (1)
[21503:21503:0526/171136.415273:INFO:CONSOLE:1] "receivedAudienceUserStrip null", source: https://test.highloka.com/_next/static/chunks/pages/concerts/%5Bslug%5D/arena-1595f5991389ce40.js (1)
[21503:21503:0526/171136.416155:INFO:CONSOLE:1] "receivedAudienceUserStrip null", source: https://test.highloka.com/_next/static/chunks/pages/concerts/%5Bslug%5D/arena-1595f5991389ce40.js (1)
[21503:21503:0526/171136.657264:INFO:CONSOLE:67] "Hiding Controls.", source: https://test.highloka.com/_next/static/chunks/pages/_app-4e0a347dc425d5bf.js (67)
[21503:21503:0526/171136.657767:INFO:CONSOLE:79] "%c action %cHIDE_AUTO_HIDDEN_ES_VIDEO_PLAYER_CONTROLS %c@ 17:11:36.657 color: gray; font-weight: lighter; color: inherit; color: gray; font-weight: lighter;", source: https://test.highloka.com/_next/static/chunks/pages/_app-4e0a347dc425d5bf.js (79)
[21503:21503:0526/171136.657990:INFO:CONSOLE:79] "%c prev state color: #9E9E9E; font-weight: bold [object Object]", source: https://test.highloka.com/_next/static/chunks/pages/_app-4e0a347dc425d5bf.js (79)
[21503:21503:0526/171136.658461:INFO:CONSOLE:79] "%c action     color: #03A9F4; font-weight: bold [object Object]", source: https://test.highloka.com/_next/static/chunks/pages/_app-4e0a347dc425d5bf.js (79)
[21503:21503:0526/171136.659029:INFO:CONSOLE:79] "%c next state color: #4CAF50; font-weight: bold [object Object]", source: https://test.highloka.com/_next/static/chunks/pages/_app-4e0a347dc425d5bf.js (79)
[21503:21503:0526/171136.659154:INFO:CONSOLE:79] "console.groupEnd", source: https://test.highloka.com/_next/static/chunks/pages/_app-4e0a347dc425d5bf.js (79)
[21503:21503:0526/171136.660264:INFO:CONSOLE:1] "ReactHlsPlayerComponent this.props play", source: https://test.highloka.com/_next/static/chunks/pages/concerts/%5Bslug%5D/arena-1595f5991389ce40.js (1)
[21503:21503:0526/171136.660643:INFO:CONSOLE:67] "Hiding Controls.", source: https://test.highloka.com/_next/static/chunks/pages/_app-4e0a347dc425d5bf.js (67)
[21503:21503:0526/171136.661256:INFO:CONSOLE:79] "%c action %cHIDE_AUTO_HIDDEN_ES_VIDEO_PLAYER_CONTROLS %c@ 17:11:36.660 color: gray; font-weight: lighter; color: inherit; color: gray; font-weight: lighter;", source: https://test.highloka.com/_next/static/chunks/pages/_app-4e0a347dc425d5bf.js (79)
[21503:21503:0526/171136.661503:INFO:CONSOLE:79] "%c prev state color: #9E9E9E; font-weight: bold [object Object]", source: https://test.highloka.com/_next/static/chunks/pages/_app-4e0a347dc425d5bf.js (79)
[21503:21503:0526/171136.661771:INFO:CONSOLE:79] "%c action     color: #03A9F4; font-weight: bold [object Object]", source: https://test.highloka.com/_next/static/chunks/pages/_app-4e0a347dc425d5bf.js (79)
[21503:21503:0526/171136.662015:INFO:CONSOLE:79] "%c next state color: #4CAF50; font-weight: bold [object Object]", source: https://test.highloka.com/_next/static/chunks/pages/_app-4e0a347dc425d5bf.js (79)
[21503:21503:0526/171136.662226:INFO:CONSOLE:79] "console.groupEnd", source: https://test.highloka.com/_next/static/chunks/pages/_app-4e0a347dc425d5bf.js (79)
[21503:21503:0526/171136.662956:INFO:CONSOLE:1] "ReactHlsPlayerComponent this.props play", source: https://test.highloka.com/_next/static/chunks/pages/concerts/%5Bslug%5D/arena-1595f5991389ce40.js (1)
[21503:21503:0526/171139.416570:INFO:CONSOLE:1] "receivedAudienceUserStrip null", source: https://test.highloka.com/_next/static/chunks/pages/concerts/%5Bslug%5D/arena-1595f5991389ce40.js (1)
[21503:21503:0526/171139.417786:INFO:CONSOLE:1] "receivedAudienceUserStrip null", source: https://test.highloka.com/_next/static/chunks/pages/concerts/%5Bslug%5D/arena-1595f5991389ce40.js (1)
[21503:21503:0526/171142.418013:INFO:CONSOLE:1] "receivedAudienceUserStrip null", source: https://test.highloka.com/_next/static/chunks/pages/concerts/%5Bslug%5D/arena-1595f5991389ce40.js (1)
[21503:21503:0526/171142.418915:INFO:CONSOLE:1] "receivedAudienceUserStrip null", source: https://test.highloka.com/_next/static/chunks/pages/concerts/%5Bslug%5D/arena-1595f5991389ce40.js (1)
[21503:21503:0526/171145.419356:INFO:CONSOLE:1] "receivedAudienceUserStrip null", source: https://test.highloka.com/_next/static/chunks/pages/concerts/%5Bslug%5D/arena-1595f5991389ce40.js (1)
[21503:21503:0526/171145.420007:INFO:CONSOLE:1] "receivedAudienceUserStrip null", source: https://test.highloka.com/_next/static/chunks/pages/concerts/%5Bslug%5D/arena-1595f5991389ce40.js (1)
[21503:21503:0526/171148.420596:INFO:CONSOLE:1] "receivedAudienceUserStrip null", source: https://test.highloka.com/_next/static/chunks/pages/concerts/%5Bslug%5D/arena-1595f5991389ce40.js (1)
[21503:21503:0526/171148.421336:INFO:CONSOLE:1] "receivedAudienceUserStrip null", source: https://test.highloka.com/_next/static/chunks/pages/concerts/%5Bslug%5D/arena-1595f5991389ce40.js (1)
[21503:21503:0526/171151.421826:INFO:CONSOLE:1] "receivedAudienceUserStrip null", source: https://test.highloka.com/_next/static/chunks/pages/concerts/%5Bslug%5D/arena-1595f5991389ce40.js (1)
[21503:21503:0526/171151.422597:INFO:CONSOLE:1] "receivedAudienceUserStrip null", source: https://test.highloka.com/_next/static/chunks/pages/concerts/%5Bslug%5D/arena-1595f5991389ce40.js (1)
[21503:21503:0526/171154.423164:INFO:CONSOLE:1] "receivedAudienceUserStrip null", source: https://test.highloka.com/_next/static/chunks/pages/concerts/%5Bslug%5D/arena-1595f5991389ce40.js (1)
[21503:21503:0526/171154.424106:INFO:CONSOLE:1] "receivedAudienceUserStrip null", source: https://test.highloka.com/_next/static/chunks/pages/concerts/%5Bslug%5D/arena-1595f5991389ce40.js (1)
[21503:21503:0526/171157.424645:INFO:CONSOLE:1] "receivedAudienceUserStrip null", source: https://test.highloka.com/_next/static/chunks/pages/concerts/%5Bslug%5D/arena-1595f5991389ce40.js (1)
[21503:21503:0526/171157.425450:INFO:CONSOLE:1] "receivedAudienceUserStrip null", source: https://test.highloka.com/_next/static/chunks/pages/concerts/%5Bslug%5D/arena-1595f5991389ce40.js (1)
[21503:21503:0526/171200.427225:INFO:CONSOLE:1] "receivedAudienceUserStrip null", source: https://test.highloka.com/_next/static/chunks/pages/concerts/%5Bslug%5D/arena-1595f5991389ce40.js (1)
[21503:21503:0526/171200.427431:INFO:CONSOLE:1] "receivedAudienceUserStrip null", source: https://test.highloka.com/_next/static/chunks/pages/concerts/%5Bslug%5D/arena-1595f5991389ce40.js (1)
[21503:21503:0526/171203.427763:INFO:CONSOLE:1] "receivedAudienceUserStrip null", source: https://test.highloka.com/_next/static/chunks/pages/concerts/%5Bslug%5D/arena-1595f5991389ce40.js (1)
[21503:21503:0526/171203.428545:INFO:CONSOLE:1] "receivedAudienceUserStrip null", source: https://test.highloka.com/_next/static/chunks/pages/concerts/%5Bslug%5D/arena-1595f5991389ce40.js (1)
[21503:21503:0526/171206.429405:INFO:CONSOLE:1] "receivedAudienceUserStrip null", source: https://test.highloka.com/_next/static/chunks/pages/concerts/%5Bslug%5D/arena-1595f5991389ce40.js (1)
[21503:21503:0526/171206.430058:INFO:CONSOLE:1] "receivedAudienceUserStrip null", source: https://test.highloka.com/_next/static/chunks/pages/concerts/%5Bslug%5D/arena-1595f5991389ce40.js (1)
[21503:21503:0526/171209.430773:INFO:CONSOLE:1] "receivedAudienceUserStrip null", source: https://test.highloka.com/_next/static/chunks/pages/concerts/%5Bslug%5D/arena-1595f5991389ce40.js (1)
[21503:21503:0526/171209.431691:INFO:CONSOLE:1] "receivedAudienceUserStrip null", source: https://test.highloka.com/_next/static/chunks/pages/concerts/%5Bslug%5D/arena-1595f5991389ce40.js (1)
[21503:21503:0526/171212.432606:INFO:CONSOLE:1] "receivedAudienceUserStrip null", source: https://test.highloka.com/_next/static/chunks/pages/concerts/%5Bslug%5D/arena-1595f5991389ce40.js (1)
[21503:21503:0526/171212.434074:INFO:CONSOLE:1] "receivedAudienceUserStrip null", source: https://test.highloka.com/_next/static/chunks/pages/concerts/%5Bslug%5D/arena-1595f5991389ce40.js (1)
[21503:21503:0526/171215.434050:INFO:CONSOLE:1] "receivedAudienceUserStrip null", source: https://test.highloka.com/_next/static/chunks/pages/concerts/%5Bslug%5D/arena-1595f5991389ce40.js (1)
[21503:21503:0526/171215.434547:INFO:CONSOLE:1] "receivedAudienceUserStrip null", source: https://test.highloka.com/_next/static/chunks/pages/concerts/%5Bslug%5D/arena-1595f5991389ce40.js (1)
[21503:21503:0526/171218.435039:INFO:CONSOLE:1] "receivedAudienceUserStrip null", source: https://test.highloka.com/_next/static/chunks/pages/concerts/%5Bslug%5D/arena-1595f5991389ce40.js (1)
[21503:21503:0526/171218.435670:INFO:CONSOLE:1] "receivedAudienceUserStrip null", source: https://test.highloka.com/_next/static/chunks/pages/concerts/%5Bslug%5D/arena-1595f5991389ce40.js (1)
[21503:21503:0526/171221.436219:INFO:CONSOLE:1] "receivedAudienceUserStrip null", source: https://test.highloka.com/_next/static/chunks/pages/concerts/%5Bslug%5D/arena-1595f5991389ce40.js (1)
[21503:21503:0526/171221.436900:INFO:CONSOLE:1] "receivedAudienceUserStrip null", source: https://test.highloka.com/_next/static/chunks/pages/concerts/%5Bslug%5D/arena-1595f5991389ce40.js (1)
[21503:21503:0526/171224.437440:INFO:CONSOLE:1] "receivedAudienceUserStrip null", source: https://test.highloka.com/_next/static/chunks/pages/concerts/%5Bslug%5D/arena-1595f5991389ce40.js (1)
[21503:21503:0526/171224.438325:INFO:CONSOLE:1] "receivedAudienceUserStrip null", source: https://test.highloka.com/_next/static/chunks/pages/concerts/%5Bslug%5D/arena-1595f5991389ce40.js (1)
[21503:21503:0526/171227.438603:INFO:CONSOLE:1] "receivedAudienceUserStrip null", source: https://test.highloka.com/_next/static/chunks/pages/concerts/%5Bslug%5D/arena-1595f5991389ce40.js (1)
[21503:21503:0526/171227.439151:INFO:CONSOLE:1] "receivedAudienceUserStrip null", source: https://test.highloka.com/_next/static/chunks/pages/concerts/%5Bslug%5D/arena-1595f5991389ce40.js (1)
[21503:21503:0526/171230.439748:INFO:CONSOLE:1] "receivedAudienceUserStrip null", source: https://test.highloka.com/_next/static/chunks/pages/concerts/%5Bslug%5D/arena-1595f5991389ce40.js (1)
[21503:21503:0526/171230.440434:INFO:CONSOLE:1] "receivedAudienceUserStrip null", source: https://test.highloka.com/_next/static/chunks/pages/concerts/%5Bslug%5D/arena-1595f5991389ce40.js (1)
[21503:21503:0526/171233.440954:INFO:CONSOLE:1] "receivedAudienceUserStrip null", source: https://test.highloka.com/_next/static/chunks/pages/concerts/%5Bslug%5D/arena-1595f5991389ce40.js (1)
[21503:21503:0526/171233.441787:INFO:CONSOLE:1] "receivedAudienceUserStrip null", source: https://test.highloka.com/_next/static/chunks/pages/concerts/%5Bslug%5D/arena-1595f5991389ce40.js (1)
[21503:21503:0526/171236.442395:INFO:CONSOLE:1] "receivedAudienceUserStrip null", source: https://test.highloka.com/_next/static/chunks/pages/concerts/%5Bslug%5D/arena-1595f5991389ce40.js (1)
[21503:21503:0526/171236.443188:INFO:CONSOLE:1] "receivedAudienceUserStrip null", source: https://test.highloka.com/_next/static/chunks/pages/concerts/%5Bslug%5D/arena-1595f5991389ce40.js (1)
[21503:21503:0526/171239.444082:INFO:CONSOLE:1] "receivedAudienceUserStrip null", source: https://test.highloka.com/_next/static/chunks/pages/concerts/%5Bslug%5D/arena-1595f5991389ce40.js (1)
[21503:21503:0526/171239.445322:INFO:CONSOLE:1] "receivedAudienceUserStrip null", source: https://test.highloka.com/_next/static/chunks/pages/concerts/%5Bslug%5D/arena-1595f5991389ce40.js (1)
[21503:21503:0526/171242.445835:INFO:CONSOLE:1] "receivedAudienceUserStrip null", source: https://test.highloka.com/_next/static/chunks/pages/concerts/%5Bslug%5D/arena-1595f5991389ce40.js (1)
[21503:21503:0526/171242.446692:INFO:CONSOLE:1] "receivedAudienceUserStrip null", source: https://test.highloka.com/_next/static/chunks/pages/concerts/%5Bslug%5D/arena-1595f5991389ce40.js (1)
[21503:21503:0526/171245.447107:INFO:CONSOLE:1] "receivedAudienceUserStrip null", source: https://test.highloka.com/_next/static/chunks/pages/concerts/%5Bslug%5D/arena-1595f5991389ce40.js (1)
[21503:21503:0526/171245.447851:INFO:CONSOLE:1] "receivedAudienceUserStrip null", source: https://test.highloka.com/_next/static/chunks/pages/concerts/%5Bslug%5D/arena-1595f5991389ce40.js (1)
[21503:21503:0526/171248.448439:INFO:CONSOLE:1] "receivedAudienceUserStrip null", source: https://test.highloka.com/_next/static/chunks/pages/concerts/%5Bslug%5D/arena-1595f5991389ce40.js (1)
[21503:21503:0526/171248.449299:INFO:CONSOLE:1] "receivedAudienceUserStrip null", source: https://test.highloka.com/_next/static/chunks/pages/concerts/%5Bslug%5D/arena-1595f5991389ce40.js (1)
[21503:21503:0526/171251.449871:INFO:CONSOLE:1] "receivedAudienceUserStrip null", source: https://test.highloka.com/_next/static/chunks/pages/concerts/%5Bslug%5D/arena-1595f5991389ce40.js (1)
[21503:21503:0526/171251.450756:INFO:CONSOLE:1] "receivedAudienceUserStrip null", source: https://test.highloka.com/_next/static/chunks/pages/concerts/%5Bslug%5D/arena-1595f5991389ce40.js (1)
[21503:21503:0526/171254.451431:INFO:CONSOLE:1] "receivedAudienceUserStrip null", source: https://test.highloka.com/_next/static/chunks/pages/concerts/%5Bslug%5D/arena-1595f5991389ce40.js (1)
[21503:21503:0526/171254.452299:INFO:CONSOLE:1] "receivedAudienceUserStrip null", source: https://test.highloka.com/_next/static/chunks/pages/concerts/%5Bslug%5D/arena-1595f5991389ce40.js (1)
[21503:21503:0526/171257.452693:INFO:CONSOLE:1] "receivedAudienceUserStrip null", source: https://test.highloka.com/_next/static/chunks/pages/concerts/%5Bslug%5D/arena-1595f5991389ce40.js (1)
[21503:21503:0526/171257.453405:INFO:CONSOLE:1] "receivedAudienceUserStrip null", source: https://test.highloka.com/_next/static/chunks/pages/concerts/%5Bslug%5D/arena-1595f5991389ce40.js (1)
[21503:21503:0526/171300.453936:INFO:CONSOLE:1] "receivedAudienceUserStrip null", source: https://test.highloka.com/_next/static/chunks/pages/concerts/%5Bslug%5D/arena-1595f5991389ce40.js (1)
[21503:21503:0526/171300.454779:INFO:CONSOLE:1] "receivedAudienceUserStrip null", source: https://test.highloka.com/_next/static/chunks/pages/concerts/%5Bslug%5D/arena-1595f5991389ce40.js (1)
[21503:21503:0526/171300.997516:INFO:CONSOLE:79] "%c action %cSHOW_AUTO_HIDDEN_ES_VIDEO_PLAYER_CONTROLS %c@ 17:13:00.996 color: gray; font-weight: lighter; color: inherit; color: gray; font-weight: lighter;", source: https://test.highloka.com/_next/static/chunks/pages/_app-4e0a347dc425d5bf.js (79)
[21503:21503:0526/171300.997619:INFO:CONSOLE:79] "%c prev state color: #9E9E9E; font-weight: bold [object Object]", source: https://test.highloka.com/_next/static/chunks/pages/_app-4e0a347dc425d5bf.js (79)
[21503:21503:0526/171300.997759:INFO:CONSOLE:79] "%c action     color: #03A9F4; font-weight: bold [object Object]", source: https://test.highloka.com/_next/static/chunks/pages/_app-4e0a347dc425d5bf.js (79)
[21503:21503:0526/171300.997857:INFO:CONSOLE:79] "%c next state color: #4CAF50; font-weight: bold [object Object]", source: https://test.highloka.com/_next/static/chunks/pages/_app-4e0a347dc425d5bf.js (79)
[21503:21503:0526/171300.997983:INFO:CONSOLE:79] "console.groupEnd", source: https://test.highloka.com/_next/static/chunks/pages/_app-4e0a347dc425d5bf.js (79)
[21503:21503:0526/171300.998232:INFO:CONSOLE:67] "Showing Controls. ", source: https://test.highloka.com/_next/static/chunks/pages/_app-4e0a347dc425d5bf.js (67)
[21503:21503:0526/171300.998460:INFO:CONSOLE:67] "Showing Controls. ", source: https://test.highloka.com/_next/static/chunks/pages/_app-4e0a347dc425d5bf.js (67)
[21503:21503:0526/171300.999147:INFO:CONSOLE:1] "ReactHlsPlayerComponent this.props play", source: https://test.highloka.com/_next/static/chunks/pages/concerts/%5Bslug%5D/arena-1595f5991389ce40.js (1)
[21503:21503:0526/171301.011531:INFO:CONSOLE:79] "%c action %cSHOW_AUTO_HIDDEN_ES_VIDEO_PLAYER_CONTROLS %c@ 17:13:01.011 color: gray; font-weight: lighter; color: inherit; color: gray; font-weight: lighter;", source: https://test.highloka.com/_next/static/chunks/pages/_app-4e0a347dc425d5bf.js (79)
[21503:21503:0526/171301.011658:INFO:CONSOLE:79] "%c prev state color: #9E9E9E; font-weight: bold [object Object]", source: https://test.highloka.com/_next/static/chunks/pages/_app-4e0a347dc425d5bf.js (79)
[21503:21503:0526/171301.011702:INFO:CONSOLE:79] "%c action     color: #03A9F4; font-weight: bold [object Object]", source: https://test.highloka.com/_next/static/chunks/pages/_app-4e0a347dc425d5bf.js (79)
[21503:21503:0526/171301.011771:INFO:CONSOLE:79] "%c next state color: #4CAF50; font-weight: bold [object Object]", source: https://test.highloka.com/_next/static/chunks/pages/_app-4e0a347dc425d5bf.js (79)
[21503:21503:0526/171301.011812:INFO:CONSOLE:79] "console.groupEnd", source: https://test.highloka.com/_next/static/chunks/pages/_app-4e0a347dc425d5bf.js (79)
[21503:21503:0526/171301.011970:INFO:CONSOLE:67] "Showing Controls. ", source: https://test.highloka.com/_next/static/chunks/pages/_app-4e0a347dc425d5bf.js (67)
[21503:21503:0526/171301.012105:INFO:CONSOLE:67] "Showing Controls. ", source: https://test.highloka.com/_next/static/chunks/pages/_app-4e0a347dc425d5bf.js (67)
[21503:21503:0526/171301.012524:INFO:CONSOLE:1] "ReactHlsPlayerComponent this.props play", source: https://test.highloka.com/_next/static/chunks/pages/concerts/%5Bslug%5D/arena-1595f5991389ce40.js (1)
[21503:21503:0526/171301.027748:INFO:CONSOLE:79] "%c action %cSHOW_AUTO_HIDDEN_ES_VIDEO_PLAYER_CONTROLS %c@ 17:13:01.027 color: gray; font-weight: lighter; color: inherit; color: gray; font-weight: lighter;", source: https://test.highloka.com/_next/static/chunks/pages/_app-4e0a347dc425d5bf.js (79)
[21503:21503:0526/171301.027876:INFO:CONSOLE:79] "%c prev state color: #9E9E9E; font-weight: bold [object Object]", source: https://test.highloka.com/_next/static/chunks/pages/_app-4e0a347dc425d5bf.js (79)
[21503:21503:0526/171301.027897:INFO:CONSOLE:79] "%c action     color: #03A9F4; font-weight: bold [object Object]", source: https://test.highloka.com/_next/static/chunks/pages/_app-4e0a347dc425d5bf.js (79)
[21503:21503:0526/171301.027942:INFO:CONSOLE:79] "%c next state color: #4CAF50; font-weight: bold [object Object]", source: https://test.highloka.com/_next/static/chunks/pages/_app-4e0a347dc425d5bf.js (79)
[21503:21503:0526/171301.027984:INFO:CONSOLE:79] "console.groupEnd", source: https://test.highloka.com/_next/static/chunks/pages/_app-4e0a347dc425d5bf.js (79)
[21503:21503:0526/171301.028084:INFO:CONSOLE:67] "Showing Controls. ", source: https://test.highloka.com/_next/static/chunks/pages/_app-4e0a347dc425d5bf.js (67)
[21503:21503:0526/171301.028163:INFO:CONSOLE:67] "Showing Controls. ", source: https://test.highloka.com/_next/static/chunks/pages/_app-4e0a347dc425d5bf.js (67)
[21503:21503:0526/171301.028423:INFO:CONSOLE:1] "ReactHlsPlayerComponent this.props play", source: https://test.highloka.com/_next/static/chunks/pages/concerts/%5Bslug%5D/arena-1595f5991389ce40.js (1)
[21503:21503:0526/171301.044062:INFO:CONSOLE:79] "%c action %cSHOW_AUTO_HIDDEN_ES_VIDEO_PLAYER_CONTROLS %c@ 17:13:01.043 color: gray; font-weight: lighter; color: inherit; color: gray; font-weight: lighter;", source: https://test.highloka.com/_next/static/chunks/pages/_app-4e0a347dc425d5bf.js (79)
[21503:21503:0526/171301.044119:INFO:CONSOLE:79] "%c prev state color: #9E9E9E; font-weight: bold [object Object]", source: https://test.highloka.com/_next/static/chunks/pages/_app-4e0a347dc425d5bf.js (79)
[21503:21503:0526/171301.044238:INFO:CONSOLE:79] "%c action     color: #03A9F4; font-weight: bold [object Object]", source: https://test.highloka.com/_next/static/chunks/pages/_app-4e0a347dc425d5bf.js (79)
[21503:21503:0526/171301.044400:INFO:CONSOLE:79] "%c next state color: #4CAF50; font-weight: bold [object Object]", source: https://test.highloka.com/_next/static/chunks/pages/_app-4e0a347dc425d5bf.js (79)
[21503:21503:0526/171301.044597:INFO:CONSOLE:79] "console.groupEnd", source: https://test.highloka.com/_next/static/chunks/pages/_app-4e0a347dc425d5bf.js (79)
[21503:21503:0526/171301.044925:INFO:CONSOLE:67] "Showing Controls. ", source: https://test.highloka.com/_next/static/chunks/pages/_app-4e0a347dc425d5bf.js (67)
[21503:21503:0526/171301.045245:INFO:CONSOLE:67] "Showing Controls. ", source: https://test.highloka.com/_next/static/chunks/pages/_app-4e0a347dc425d5bf.js (67)
[21503:21503:0526/171301.046028:INFO:CONSOLE:1] "ReactHlsPlayerComponent this.props play", source: https://test.highloka.com/_next/static/chunks/pages/concerts/%5Bslug%5D/arena-1595f5991389ce40.js (1)
[21503:21503:0526/171301.061018:INFO:CONSOLE:79] "%c action %cSHOW_AUTO_HIDDEN_ES_VIDEO_PLAYER_CONTROLS %c@ 17:13:01.060 color: gray; font-weight: lighter; color: inherit; color: gray; font-weight: lighter;", source: https://test.highloka.com/_next/static/chunks/pages/_app-4e0a347dc425d5bf.js (79)
[21503:21503:0526/171301.061145:INFO:CONSOLE:79] "%c prev state color: #9E9E9E; font-weight: bold [object Object]", source: https://test.highloka.com/_next/static/chunks/pages/_app-4e0a347dc425d5bf.js (79)
[21503:21503:0526/171301.061333:INFO:CONSOLE:79] "%c action     color: #03A9F4; font-weight: bold [object Object]", source: https://test.highloka.com/_next/static/chunks/pages/_app-4e0a347dc425d5bf.js (79)
[21503:21503:0526/171301.061477:INFO:CONSOLE:79] "%c next state color: #4CAF50; font-weight: bold [object Object]", source: https://test.highloka.com/_next/static/chunks/pages/_app-4e0a347dc425d5bf.js (79)
[21503:21503:0526/171301.061545:INFO:CONSOLE:79] "console.groupEnd", source: https://test.highloka.com/_next/static/chunks/pages/_app-4e0a347dc425d5bf.js (79)
[21503:21503:0526/171301.061673:INFO:CONSOLE:67] "Showing Controls. ", source: https://test.highloka.com/_next/static/chunks/pages/_app-4e0a347dc425d5bf.js (67)
[21503:21503:0526/171301.061781:INFO:CONSOLE:67] "Showing Controls. ", source: https://test.highloka.com/_next/static/chunks/pages/_app-4e0a347dc425d5bf.js (67)
[21503:21503:0526/171301.062168:INFO:CONSOLE:1] "ReactHlsPlayerComponent this.props play", source: https://test.highloka.com/_next/static/chunks/pages/concerts/%5Bslug%5D/arena-1595f5991389ce40.js (1)
[21503:21503:0526/171301.078148:INFO:CONSOLE:79] "%c action %cSHOW_AUTO_HIDDEN_ES_VIDEO_PLAYER_CONTROLS %c@ 17:13:01.077 color: gray; font-weight: lighter; color: inherit; color: gray; font-weight: lighter;", source: https://test.highloka.com/_next/static/chunks/pages/_app-4e0a347dc425d5bf.js (79)
[21503:21503:0526/171301.078417:INFO:CONSOLE:79] "%c prev state color: #9E9E9E; font-weight: bold [object Object]", source: https://test.highloka.com/_next/static/chunks/pages/_app-4e0a347dc425d5bf.js (79)
[21503:21503:0526/171301.078655:INFO:CONSOLE:79] "%c action     color: #03A9F4; font-weight: bold [object Object]", source: https://test.highloka.com/_next/static/chunks/pages/_app-4e0a347dc425d5bf.js (79)
[21503:21503:0526/171301.078785:INFO:CONSOLE:79] "%c next state color: #4CAF50; font-weight: bold [object Object]", source: https://test.highloka.com/_next/static/chunks/pages/_app-4e0a347dc425d5bf.js (79)
[21503:21503:0526/171301.079017:INFO:CONSOLE:79] "console.groupEnd", source: https://test.highloka.com/_next/static/chunks/pages/_app-4e0a347dc425d5bf.js (79)
[21503:21503:0526/171301.079498:INFO:CONSOLE:67] "Showing Controls. ", source: https://test.highloka.com/_next/static/chunks/pages/_app-4e0a347dc425d5bf.js (67)
[21503:21503:0526/171301.079750:INFO:CONSOLE:67] "Showing Controls. ", source: https://test.highloka.com/_next/static/chunks/pages/_app-4e0a347dc425d5bf.js (67)
[21503:21503:0526/171301.080538:INFO:CONSOLE:1] "ReactHlsPlayerComponent this.props play", source: https://test.highloka.com/_next/static/chunks/pages/concerts/%5Bslug%5D/arena-1595f5991389ce40.js (1)
[21503:21503:0526/171301.095356:INFO:CONSOLE:79] "%c action %cSHOW_AUTO_HIDDEN_ES_VIDEO_PLAYER_CONTROLS %c@ 17:13:01.094 color: gray; font-weight: lighter; color: inherit; color: gray; font-weight: lighter;", source: https://test.highloka.com/_next/static/chunks/pages/_app-4e0a347dc425d5bf.js (79)
[21503:21503:0526/171301.095511:INFO:CONSOLE:79] "%c prev state color: #9E9E9E; font-weight: bold [object Object]", source: https://test.highloka.com/_next/static/chunks/pages/_app-4e0a347dc425d5bf.js (79)
[21503:21503:0526/171301.095763:INFO:CONSOLE:79] "%c action     color: #03A9F4; font-weight: bold [object Object]", source: https://test.highloka.com/_next/static/chunks/pages/_app-4e0a347dc425d5bf.js (79)
[21503:21503:0526/171301.095974:INFO:CONSOLE:79] "%c next state color: #4CAF50; font-weight: bold [object Object]", source: https://test.highloka.com/_next/static/chunks/pages/_app-4e0a347dc425d5bf.js (79)
[21503:21503:0526/171301.096278:INFO:CONSOLE:79] "console.groupEnd", source: https://test.highloka.com/_next/static/chunks/pages/_app-4e0a347dc425d5bf.js (79)
[21503:21503:0526/171301.096808:INFO:CONSOLE:67] "Showing Controls. ", source: https://test.highloka.com/_next/static/chunks/pages/_app-4e0a347dc425d5bf.js (67)
[21503:21503:0526/171301.097338:INFO:CONSOLE:67] "Showing Controls. ", source: https://test.highloka.com/_next/static/chunks/pages/_app-4e0a347dc425d5bf.js (67)
[21503:21503:0526/171301.098681:INFO:CONSOLE:1] "ReactHlsPlayerComponent this.props play", source: https://test.highloka.com/_next/static/chunks/pages/concerts/%5Bslug%5D/arena-1595f5991389ce40.js (1)
[21503:21503:0526/171301.112337:INFO:CONSOLE:79] "%c action %cSHOW_AUTO_HIDDEN_ES_VIDEO_PLAYER_CONTROLS %c@ 17:13:01.111 color: gray; font-weight: lighter; color: inherit; color: gray; font-weight: lighter;", source: https://test.highloka.com/_next/static/chunks/pages/_app-4e0a347dc425d5bf.js (79)
[21503:21503:0526/171301.112494:INFO:CONSOLE:79] "%c prev state color: #9E9E9E; font-weight: bold [object Object]", source: https://test.highloka.com/_next/static/chunks/pages/_app-4e0a347dc425d5bf.js (79)
[21503:21503:0526/171301.112679:INFO:CONSOLE:79] "%c action     color: #03A9F4; font-weight: bold [object Object]", source: https://test.highloka.com/_next/static/chunks/pages/_app-4e0a347dc425d5bf.js (79)
[21503:21503:0526/171301.112819:INFO:CONSOLE:79] "%c next state color: #4CAF50; font-weight: bold [object Object]", source: https://test.highloka.com/_next/static/chunks/pages/_app-4e0a347dc425d5bf.js (79)
[21503:21503:0526/171301.112954:INFO:CONSOLE:79] "console.groupEnd", source: https://test.highloka.com/_next/static/chunks/pages/_app-4e0a347dc425d5bf.js (79)
[21503:21503:0526/171301.113221:INFO:CONSOLE:67] "Showing Controls. ", source: https://test.highloka.com/_next/static/chunks/pages/_app-4e0a347dc425d5bf.js (67)
[21503:21503:0526/171301.113551:INFO:CONSOLE:67] "Showing Controls. ", source: https://test.highloka.com/_next/static/chunks/pages/_app-4e0a347dc425d5bf.js (67)
[21503:21503:0526/171301.114206:INFO:CONSOLE:1] "ReactHlsPlayerComponent this.props play", source: https://test.highloka.com/_next/static/chunks/pages/concerts/%5Bslug%5D/arena-1595f5991389ce40.js (1)
[21503:21503:0526/171301.128675:INFO:CONSOLE:79] "%c action %cSHOW_AUTO_HIDDEN_ES_VIDEO_PLAYER_CONTROLS %c@ 17:13:01.127 color: gray; font-weight: lighter; color: inherit; color: gray; font-weight: lighter;", source: https://test.highloka.com/_next/static/chunks/pages/_app-4e0a347dc425d5bf.js (79)
[21503:21503:0526/171301.128853:INFO:CONSOLE:79] "%c prev state color: #9E9E9E; font-weight: bold [object Object]", source: https://test.highloka.com/_next/static/chunks/pages/_app-4e0a347dc425d5bf.js (79)
[21503:21503:0526/171301.129164:INFO:CONSOLE:79] "%c action     color: #03A9F4; font-weight: bold [object Object]", source: https://test.highloka.com/_next/static/chunks/pages/_app-4e0a347dc425d5bf.js (79)
[21503:21503:0526/171301.129539:INFO:CONSOLE:79] "%c next state color: #4CAF50; font-weight: bold [object Object]", source: https://test.highloka.com/_next/static/chunks/pages/_app-4e0a347dc425d5bf.js (79)
[21503:21503:0526/171301.129775:INFO:CONSOLE:79] "console.groupEnd", source: https://test.highloka.com/_next/static/chunks/pages/_app-4e0a347dc425d5bf.js (79)
[21503:21503:0526/171301.130268:INFO:CONSOLE:67] "Showing Controls. ", source: https://test.highloka.com/_next/static/chunks/pages/_app-4e0a347dc425d5bf.js (67)
[21503:21503:0526/171301.130672:INFO:CONSOLE:67] "Showing Controls. ", source: https://test.highloka.com/_next/static/chunks/pages/_app-4e0a347dc425d5bf.js (67)
[21503:21503:0526/171301.131892:INFO:CONSOLE:1] "ReactHlsPlayerComponent this.props play", source: https://test.highloka.com/_next/static/chunks/pages/concerts/%5Bslug%5D/arena-1595f5991389ce40.js (1)
[21503:21503:0526/171301.146447:INFO:CONSOLE:79] "%c action %cSHOW_AUTO_HIDDEN_ES_VIDEO_PLAYER_CONTROLS %c@ 17:13:01.145 color: gray; font-weight: lighter; color: inherit; color: gray; font-weight: lighter;", source: https://test.highloka.com/_next/static/chunks/pages/_app-4e0a347dc425d5bf.js (79)
[21503:21503:0526/171301.147080:INFO:CONSOLE:79] "%c prev state color: #9E9E9E; font-weight: bold [object Object]", source: https://test.highloka.com/_next/static/chunks/pages/_app-4e0a347dc425d5bf.js (79)
[21503:21503:0526/171301.147324:INFO:CONSOLE:79] "%c action     color: #03A9F4; font-weight: bold [object Object]", source: https://test.highloka.com/_next/static/chunks/pages/_app-4e0a347dc425d5bf.js (79)
[21503:21503:0526/171301.147886:INFO:CONSOLE:79] "%c next state color: #4CAF50; font-weight: bold [object Object]", source: https://test.highloka.com/_next/static/chunks/pages/_app-4e0a347dc425d5bf.js (79)
[21503:21503:0526/171301.148527:INFO:CONSOLE:79] "console.groupEnd", source: https://test.highloka.com/_next/static/chunks/pages/_app-4e0a347dc425d5bf.js (79)
[21503:21503:0526/171301.148682:INFO:CONSOLE:67] "Showing Controls. ", source: https://test.highloka.com/_next/static/chunks/pages/_app-4e0a347dc425d5bf.js (67)
[21503:21503:0526/171301.149167:INFO:CONSOLE:67] "Showing Controls. ", source: https://test.highloka.com/_next/static/chunks/pages/_app-4e0a347dc425d5bf.js (67)
[21503:21503:0526/171301.150203:INFO:CONSOLE:1] "ReactHlsPlayerComponent this.props play", source: https://test.highloka.com/_next/static/chunks/pages/concerts/%5Bslug%5D/arena-1595f5991389ce40.js (1)
[21503:21503:0526/171301.162043:INFO:CONSOLE:79] "%c action %cSHOW_AUTO_HIDDEN_ES_VIDEO_PLAYER_CONTROLS %c@ 17:13:01.161 color: gray; font-weight: lighter; color: inherit; color: gray; font-weight: lighter;", source: https://test.highloka.com/_next/static/chunks/pages/_app-4e0a347dc425d5bf.js (79)
[21503:21503:0526/171301.162314:INFO:CONSOLE:79] "%c prev state color: #9E9E9E; font-weight: bold [object Object]", source: https://test.highloka.com/_next/static/chunks/pages/_app-4e0a347dc425d5bf.js (79)
[21503:21503:0526/171301.162635:INFO:CONSOLE:79] "%c action     color: #03A9F4; font-weight: bold [object Object]", source: https://test.highloka.com/_next/static/chunks/pages/_app-4e0a347dc425d5bf.js (79)
[21503:21503:0526/171301.162994:INFO:CONSOLE:79] "%c next state color: #4CAF50; font-weight: bold [object Object]", source: https://test.highloka.com/_next/static/chunks/pages/_app-4e0a347dc425d5bf.js (79)
[21503:21503:0526/171301.163247:INFO:CONSOLE:79] "console.groupEnd", source: https://test.highloka.com/_next/static/chunks/pages/_app-4e0a347dc425d5bf.js (79)
[21503:21503:0526/171301.163659:INFO:CONSOLE:67] "Showing Controls. ", source: https://test.highloka.com/_next/static/chunks/pages/_app-4e0a347dc425d5bf.js (67)
[21503:21503:0526/171301.164328:INFO:CONSOLE:67] "Showing Controls. ", source: https://test.highloka.com/_next/static/chunks/pages/_app-4e0a347dc425d5bf.js (67)
[21503:21503:0526/171301.164872:INFO:CONSOLE:1] "ReactHlsPlayerComponent this.props play", source: https://test.highloka.com/_next/static/chunks/pages/concerts/%5Bslug%5D/arena-1595f5991389ce40.js (1)
[21503:21503:0526/171301.178666:INFO:CONSOLE:79] "%c action %cSHOW_AUTO_HIDDEN_ES_VIDEO_PLAYER_CONTROLS %c@ 17:13:01.177 color: gray; font-weight: lighter; color: inherit; color: gray; font-weight: lighter;", source: https://test.highloka.com/_next/static/chunks/pages/_app-4e0a347dc425d5bf.js (79)
[21503:21503:0526/171301.178850:INFO:CONSOLE:79] "%c prev state color: #9E9E9E; font-weight: bold [object Object]", source: https://test.highloka.com/_next/static/chunks/pages/_app-4e0a347dc425d5bf.js (79)
[21503:21503:0526/171301.179199:INFO:CONSOLE:79] "%c action     color: #03A9F4; font-weight: bold [object Object]", source: https://test.highloka.com/_next/static/chunks/pages/_app-4e0a347dc425d5bf.js (79)
[21503:21503:0526/171301.179482:INFO:CONSOLE:79] "%c next state color: #4CAF50; font-weight: bold [object Object]", source: https://test.highloka.com/_next/static/chunks/pages/_app-4e0a347dc425d5bf.js (79)
[21503:21503:0526/171301.179726:INFO:CONSOLE:79] "console.groupEnd", source: https://test.highloka.com/_next/static/chunks/pages/_app-4e0a347dc425d5bf.js (79)
[21503:21503:0526/171301.180200:INFO:CONSOLE:67] "Showing Controls. ", source: https://test.highloka.com/_next/static/chunks/pages/_app-4e0a347dc425d5bf.js (67)
[21503:21503:0526/171301.180642:INFO:CONSOLE:67] "Showing Controls. ", source: https://test.highloka.com/_next/static/chunks/pages/_app-4e0a347dc425d5bf.js (67)
[21503:21503:0526/171301.181696:INFO:CONSOLE:1] "ReactHlsPlayerComponent this.props play", source: https://test.highloka.com/_next/static/chunks/pages/concerts/%5Bslug%5D/arena-1595f5991389ce40.js (1)
[21503:21503:0526/171301.198876:INFO:CONSOLE:79] "%c action %cSHOW_AUTO_HIDDEN_ES_VIDEO_PLAYER_CONTROLS %c@ 17:13:01.195 color: gray; font-weight: lighter; color: inherit; color: gray; font-weight: lighter;", source: https://test.highloka.com/_next/static/chunks/pages/_app-4e0a347dc425d5bf.js (79)
[21503:21503:0526/171301.200219:INFO:CONSOLE:79] "%c prev state color: #9E9E9E; font-weight: bold [object Object]", source: https://test.highloka.com/_next/static/chunks/pages/_app-4e0a347dc425d5bf.js (79)
[21503:21503:0526/171301.200579:INFO:CONSOLE:79] "%c action     color: #03A9F4; font-weight: bold [object Object]", source: https://test.highloka.com/_next/static/chunks/pages/_app-4e0a347dc425d5bf.js (79)
[21503:21503:0526/171301.200811:INFO:CONSOLE:79] "%c next state color: #4CAF50; font-weight: bold [object Object]", source: https://test.highloka.com/_next/static/chunks/pages/_app-4e0a347dc425d5bf.js (79)
[21503:21503:0526/171301.201033:INFO:CONSOLE:79] "console.groupEnd", source: https://test.highloka.com/_next/static/chunks/pages/_app-4e0a347dc425d5bf.js (79)
[21503:21503:0526/171301.201136:INFO:CONSOLE:67] "Showing Controls. ", source: https://test.highloka.com/_next/static/chunks/pages/_app-4e0a347dc425d5bf.js (67)
[21503:21503:0526/171301.201389:INFO:CONSOLE:67] "Showing Controls. ", source: https://test.highloka.com/_next/static/chunks/pages/_app-4e0a347dc425d5bf.js (67)
[21503:21503:0526/171301.201501:INFO:CONSOLE:1] "ReactHlsPlayerComponent this.props play", source: https://test.highloka.com/_next/static/chunks/pages/concerts/%5Bslug%5D/arena-1595f5991389ce40.js (1)
[21503:21503:0526/171301.211104:INFO:CONSOLE:79] "%c action %cSHOW_AUTO_HIDDEN_ES_VIDEO_PLAYER_CONTROLS %c@ 17:13:01.210 color: gray; font-weight: lighter; color: inherit; color: gray; font-weight: lighter;", source: https://test.highloka.com/_next/static/chunks/pages/_app-4e0a347dc425d5bf.js (79)
[21503:21503:0526/171301.211262:INFO:CONSOLE:79] "%c prev state color: #9E9E9E; font-weight: bold [object Object]", source: https://test.highloka.com/_next/static/chunks/pages/_app-4e0a347dc425d5bf.js (79)
[21503:21503:0526/171301.211550:INFO:CONSOLE:79] "%c action     color: #03A9F4; font-weight: bold [object Object]", source: https://test.highloka.com/_next/static/chunks/pages/_app-4e0a347dc425d5bf.js (79)
[21503:21503:0526/171301.211933:INFO:CONSOLE:79] "%c next state color: #4CAF50; font-weight: bold [object Object]", source: https://test.highloka.com/_next/static/chunks/pages/_app-4e0a347dc425d5bf.js (79)
[21503:21503:0526/171301.212115:INFO:CONSOLE:79] "console.groupEnd", source: https://test.highloka.com/_next/static/chunks/pages/_app-4e0a347dc425d5bf.js (79)
[21503:21503:0526/171301.212513:INFO:CONSOLE:67] "Showing Controls. ", source: https://test.highloka.com/_next/static/chunks/pages/_app-4e0a347dc425d5bf.js (67)
[21503:21503:0526/171301.212924:INFO:CONSOLE:67] "Showing Controls. ", source: https://test.highloka.com/_next/static/chunks/pages/_app-4e0a347dc425d5bf.js (67)
[21503:21503:0526/171301.213697:INFO:CONSOLE:1] "ReactHlsPlayerComponent this.props play", source: https://test.highloka.com/_next/static/chunks/pages/concerts/%5Bslug%5D/arena-1595f5991389ce40.js (1)
[21503:21503:0526/171301.228552:INFO:CONSOLE:79] "%c action %cSHOW_AUTO_HIDDEN_ES_VIDEO_PLAYER_CONTROLS %c@ 17:13:01.227 color: gray; font-weight: lighter; color: inherit; color: gray; font-weight: lighter;", source: https://test.highloka.com/_next/static/chunks/pages/_app-4e0a347dc425d5bf.js (79)
[21503:21503:0526/171301.228743:INFO:CONSOLE:79] "%c prev state color: #9E9E9E; font-weight: bold [object Object]", source: https://test.highloka.com/_next/static/chunks/pages/_app-4e0a347dc425d5bf.js (79)
[21503:21503:0526/171301.229040:INFO:CONSOLE:79] "%c action     color: #03A9F4; font-weight: bold [object Object]", source: https://test.highloka.com/_next/static/chunks/pages/_app-4e0a347dc425d5bf.js (79)
[21503:21503:0526/171301.229299:INFO:CONSOLE:79] "%c next state color: #4CAF50; font-weight: bold [object Object]", source: https://test.highloka.com/_next/static/chunks/pages/_app-4e0a347dc425d5bf.js (79)
[21503:21503:0526/171301.229502:INFO:CONSOLE:79] "console.groupEnd", source: https://test.highloka.com/_next/static/chunks/pages/_app-4e0a347dc425d5bf.js (79)
[21503:21503:0526/171301.229849:INFO:CONSOLE:67] "Showing Controls. ", source: https://test.highloka.com/_next/static/chunks/pages/_app-4e0a347dc425d5bf.js (67)
[21503:21503:0526/171301.230224:INFO:CONSOLE:67] "Showing Controls. ", source: https://test.highloka.com/_next/static/chunks/pages/_app-4e0a347dc425d5bf.js (67)
[21503:21503:0526/171301.231305:INFO:CONSOLE:1] "ReactHlsPlayerComponent this.props play", source: https://test.highloka.com/_next/static/chunks/pages/concerts/%5Bslug%5D/arena-1595f5991389ce40.js (1)
[21503:21503:0526/171301.245168:INFO:CONSOLE:79] "%c action %cSHOW_AUTO_HIDDEN_ES_VIDEO_PLAYER_CONTROLS %c@ 17:13:01.244 color: gray; font-weight: lighter; color: inherit; color: gray; font-weight: lighter;", source: https://test.highloka.com/_next/static/chunks/pages/_app-4e0a347dc425d5bf.js (79)
[21503:21503:0526/171301.245258:INFO:CONSOLE:79] "%c prev state color: #9E9E9E; font-weight: bold [object Object]", source: https://test.highloka.com/_next/static/chunks/pages/_app-4e0a347dc425d5bf.js (79)
[21503:21503:0526/171301.245370:INFO:CONSOLE:79] "%c action     color: #03A9F4; font-weight: bold [object Object]", source: https://test.highloka.com/_next/static/chunks/pages/_app-4e0a347dc425d5bf.js (79)
[21503:21503:0526/171301.245461:INFO:CONSOLE:79] "%c next state color: #4CAF50; font-weight: bold [object Object]", source: https://test.highloka.com/_next/static/chunks/pages/_app-4e0a347dc425d5bf.js (79)
[21503:21503:0526/171301.245534:INFO:CONSOLE:79] "console.groupEnd", source: https://test.highloka.com/_next/static/chunks/pages/_app-4e0a347dc425d5bf.js (79)
[21503:21503:0526/171301.245708:INFO:CONSOLE:67] "Showing Controls. ", source: https://test.highloka.com/_next/static/chunks/pages/_app-4e0a347dc425d5bf.js (67)
[21503:21503:0526/171301.245995:INFO:CONSOLE:67] "Showing Controls. ", source: https://test.highloka.com/_next/static/chunks/pages/_app-4e0a347dc425d5bf.js (67)
[21503:21503:0526/171301.246814:INFO:CONSOLE:1] "ReactHlsPlayerComponent this.props play", source: https://test.highloka.com/_next/static/chunks/pages/concerts/%5Bslug%5D/arena-1595f5991389ce40.js (1)
[21503:21503:0526/171301.261994:INFO:CONSOLE:79] "%c action %cSHOW_AUTO_HIDDEN_ES_VIDEO_PLAYER_CONTROLS %c@ 17:13:01.261 color: gray; font-weight: lighter; color: inherit; color: gray; font-weight: lighter;", source: https://test.highloka.com/_next/static/chunks/pages/_app-4e0a347dc425d5bf.js (79)
[21503:21503:0526/171301.262307:INFO:CONSOLE:79] "%c prev state color: #9E9E9E; font-weight: bold [object Object]", source: https://test.highloka.com/_next/static/chunks/pages/_app-4e0a347dc425d5bf.js (79)
[21503:21503:0526/171301.262480:INFO:CONSOLE:79] "%c action     color: #03A9F4; font-weight: bold [object Object]", source: https://test.highloka.com/_next/static/chunks/pages/_app-4e0a347dc425d5bf.js (79)
[21503:21503:0526/171301.262670:INFO:CONSOLE:79] "%c next state color: #4CAF50; font-weight: bold [object Object]", source: https://test.highloka.com/_next/static/chunks/pages/_app-4e0a347dc425d5bf.js (79)
[21503:21503:0526/171301.262828:INFO:CONSOLE:79] "console.groupEnd", source: https://test.highloka.com/_next/static/chunks/pages/_app-4e0a347dc425d5bf.js (79)
[21503:21503:0526/171301.263313:INFO:CONSOLE:67] "Showing Controls. ", source: https://test.highloka.com/_next/static/chunks/pages/_app-4e0a347dc425d5bf.js (67)
[21503:21503:0526/171301.263854:INFO:CONSOLE:67] "Showing Controls. ", source: https://test.highloka.com/_next/static/chunks/pages/_app-4e0a347dc425d5bf.js (67)
[21503:21503:0526/171301.264945:INFO:CONSOLE:1] "ReactHlsPlayerComponent this.props play", source: https://test.highloka.com/_next/static/chunks/pages/concerts/%5Bslug%5D/arena-1595f5991389ce40.js (1)
[21503:21503:0526/171301.280625:INFO:CONSOLE:79] "%c action %cSHOW_AUTO_HIDDEN_ES_VIDEO_PLAYER_CONTROLS %c@ 17:13:01.279 color: gray; font-weight: lighter; color: inherit; color: gray; font-weight: lighter;", source: https://test.highloka.com/_next/static/chunks/pages/_app-4e0a347dc425d5bf.js (79)
[21503:21503:0526/171301.280894:INFO:CONSOLE:79] "%c prev state color: #9E9E9E; font-weight: bold [object Object]", source: https://test.highloka.com/_next/static/chunks/pages/_app-4e0a347dc425d5bf.js (79)
[21503:21503:0526/171301.281474:INFO:CONSOLE:79] "%c action     color: #03A9F4; font-weight: bold [object Object]", source: https://test.highloka.com/_next/static/chunks/pages/_app-4e0a347dc425d5bf.js (79)
[21503:21503:0526/171301.283263:INFO:CONSOLE:79] "%c next state color: #4CAF50; font-weight: bold [object Object]", source: https://test.highloka.com/_next/static/chunks/pages/_app-4e0a347dc425d5bf.js (79)
[21503:21503:0526/171301.283479:INFO:CONSOLE:79] "console.groupEnd", source: https://test.highloka.com/_next/static/chunks/pages/_app-4e0a347dc425d5bf.js (79)
[21503:21503:0526/171301.283768:INFO:CONSOLE:67] "Showing Controls. ", source: https://test.highloka.com/_next/static/chunks/pages/_app-4e0a347dc425d5bf.js (67)
[21503:21503:0526/171301.283928:INFO:CONSOLE:67] "Showing Controls. ", source: https://test.highloka.com/_next/static/chunks/pages/_app-4e0a347dc425d5bf.js (67)
[21503:21503:0526/171301.284774:INFO:CONSOLE:1] "ReactHlsPlayerComponent this.props play", source: https://test.highloka.com/_next/static/chunks/pages/concerts/%5Bslug%5D/arena-1595f5991389ce40.js (1)
[21503:21503:0526/171303.283390:INFO:CONSOLE:67] "Hiding Controls.", source: https://test.highloka.com/_next/static/chunks/pages/_app-4e0a347dc425d5bf.js (67)
[21503:21503:0526/171303.284087:INFO:CONSOLE:79] "%c action %cHIDE_AUTO_HIDDEN_ES_VIDEO_PLAYER_CONTROLS %c@ 17:13:03.283 color: gray; font-weight: lighter; color: inherit; color: gray; font-weight: lighter;", source: https://test.highloka.com/_next/static/chunks/pages/_app-4e0a347dc425d5bf.js (79)
[21503:21503:0526/171303.284373:INFO:CONSOLE:79] "%c prev state color: #9E9E9E; font-weight: bold [object Object]", source: https://test.highloka.com/_next/static/chunks/pages/_app-4e0a347dc425d5bf.js (79)
[21503:21503:0526/171303.284800:INFO:CONSOLE:79] "%c action     color: #03A9F4; font-weight: bold [object Object]", source: https://test.highloka.com/_next/static/chunks/pages/_app-4e0a347dc425d5bf.js (79)
[21503:21503:0526/171303.285164:INFO:CONSOLE:79] "%c next state color: #4CAF50; font-weight: bold [object Object]", source: https://test.highloka.com/_next/static/chunks/pages/_app-4e0a347dc425d5bf.js (79)
[21503:21503:0526/171303.285549:INFO:CONSOLE:79] "console.groupEnd", source: https://test.highloka.com/_next/static/chunks/pages/_app-4e0a347dc425d5bf.js (79)
[21503:21503:0526/171303.286768:INFO:CONSOLE:1] "ReactHlsPlayerComponent this.props play", source: https://test.highloka.com/_next/static/chunks/pages/concerts/%5Bslug%5D/arena-1595f5991389ce40.js (1)
[21503:21503:0526/171303.287052:INFO:CONSOLE:67] "Hiding Controls.", source: https://test.highloka.com/_next/static/chunks/pages/_app-4e0a347dc425d5bf.js (67)
[21503:21503:0526/171303.287735:INFO:CONSOLE:79] "%c action %cHIDE_AUTO_HIDDEN_ES_VIDEO_PLAYER_CONTROLS %c@ 17:13:03.287 color: gray; font-weight: lighter; color: inherit; color: gray; font-weight: lighter;", source: https://test.highloka.com/_next/static/chunks/pages/_app-4e0a347dc425d5bf.js (79)
[21503:21503:0526/171303.287910:INFO:CONSOLE:79] "%c prev state color: #9E9E9E; font-weight: bold [object Object]", source: https://test.highloka.com/_next/static/chunks/pages/_app-4e0a347dc425d5bf.js (79)
[21503:21503:0526/171303.288314:INFO:CONSOLE:79] "%c action     color: #03A9F4; font-weight: bold [object Object]", source: https://test.highloka.com/_next/static/chunks/pages/_app-4e0a347dc425d5bf.js (79)
[21503:21503:0526/171303.288746:INFO:CONSOLE:79] "%c next state color: #4CAF50; font-weight: bold [object Object]", source: https://test.highloka.com/_next/static/chunks/pages/_app-4e0a347dc425d5bf.js (79)
[21503:21503:0526/171303.289023:INFO:CONSOLE:79] "console.groupEnd", source: https://test.highloka.com/_next/static/chunks/pages/_app-4e0a347dc425d5bf.js (79)
[21503:21503:0526/171303.289923:INFO:CONSOLE:1] "ReactHlsPlayerComponent this.props play", source: https://test.highloka.com/_next/static/chunks/pages/concerts/%5Bslug%5D/arena-1595f5991389ce40.js (1)
[21503:21503:0526/171303.454779:INFO:CONSOLE:1] "receivedAudienceUserStrip null", source: https://test.highloka.com/_next/static/chunks/pages/concerts/%5Bslug%5D/arena-1595f5991389ce40.js (1)
[21503:21503:0526/171303.455037:INFO:CONSOLE:1] "receivedAudienceUserStrip null", source: https://test.highloka.com/_next/static/chunks/pages/concerts/%5Bslug%5D/arena-1595f5991389ce40.js (1)
[21503:21503:0526/171303.962314:INFO:CONSOLE:79] "%c action %cSHOW_AUTO_HIDDEN_ES_VIDEO_PLAYER_CONTROLS %c@ 17:13:03.961 color: gray; font-weight: lighter; color: inherit; color: gray; font-weight: lighter;", source: https://test.highloka.com/_next/static/chunks/pages/_app-4e0a347dc425d5bf.js (79)
[21503:21503:0526/171303.962510:INFO:CONSOLE:79] "%c prev state color: #9E9E9E; font-weight: bold [object Object]", source: https://test.highloka.com/_next/static/chunks/pages/_app-4e0a347dc425d5bf.js (79)
[21503:21503:0526/171303.962692:INFO:CONSOLE:79] "%c action     color: #03A9F4; font-weight: bold [object Object]", source: https://test.highloka.com/_next/static/chunks/pages/_app-4e0a347dc425d5bf.js (79)
[21503:21503:0526/171303.962897:INFO:CONSOLE:79] "%c next state color: #4CAF50; font-weight: bold [object Object]", source: https://test.highloka.com/_next/static/chunks/pages/_app-4e0a347dc425d5bf.js (79)
[21503:21503:0526/171303.963090:INFO:CONSOLE:79] "console.groupEnd", source: https://test.highloka.com/_next/static/chunks/pages/_app-4e0a347dc425d5bf.js (79)
[21503:21503:0526/171303.963481:INFO:CONSOLE:67] "Showing Controls. ", source: https://test.highloka.com/_next/static/chunks/pages/_app-4e0a347dc425d5bf.js (67)
[21503:21503:0526/171303.963935:INFO:CONSOLE:67] "Showing Controls. ", source: https://test.highloka.com/_next/static/chunks/pages/_app-4e0a347dc425d5bf.js (67)
[21503:21503:0526/171303.965050:INFO:CONSOLE:1] "ReactHlsPlayerComponent this.props play", source: https://test.highloka.com/_next/static/chunks/pages/concerts/%5Bslug%5D/arena-1595f5991389ce40.js (1)
[21503:21503:0526/171303.978397:INFO:CONSOLE:79] "%c action %cSHOW_AUTO_HIDDEN_ES_VIDEO_PLAYER_CONTROLS %c@ 17:13:03.977 color: gray; font-weight: lighter; color: inherit; color: gray; font-weight: lighter;", source: https://test.highloka.com/_next/static/chunks/pages/_app-4e0a347dc425d5bf.js (79)
[21503:21503:0526/171303.978565:INFO:CONSOLE:79] "%c prev state color: #9E9E9E; font-weight: bold [object Object]", source: https://test.highloka.com/_next/static/chunks/pages/_app-4e0a347dc425d5bf.js (79)
[21503:21503:0526/171303.978943:INFO:CONSOLE:79] "%c action     color: #03A9F4; font-weight: bold [object Object]", source: https://test.highloka.com/_next/static/chunks/pages/_app-4e0a347dc425d5bf.js (79)
[21503:21503:0526/171303.979296:INFO:CONSOLE:79] "%c next state color: #4CAF50; font-weight: bold [object Object]", source: https://test.highloka.com/_next/static/chunks/pages/_app-4e0a347dc425d5bf.js (79)
[21503:21503:0526/171303.979586:INFO:CONSOLE:79] "console.groupEnd", source: https://test.highloka.com/_next/static/chunks/pages/_app-4e0a347dc425d5bf.js (79)
[21503:21503:0526/171303.980278:INFO:CONSOLE:67] "Showing Controls. ", source: https://test.highloka.com/_next/static/chunks/pages/_app-4e0a347dc425d5bf.js (67)
[21503:21503:0526/171303.980586:INFO:CONSOLE:67] "Showing Controls. ", source: https://test.highloka.com/_next/static/chunks/pages/_app-4e0a347dc425d5bf.js (67)
[21503:21503:0526/171303.981599:INFO:CONSOLE:1] "ReactHlsPlayerComponent this.props play", source: https://test.highloka.com/_next/static/chunks/pages/concerts/%5Bslug%5D/arena-1595f5991389ce40.js (1)
[21503:21503:0526/171303.996035:INFO:CONSOLE:79] "%c action %cSHOW_AUTO_HIDDEN_ES_VIDEO_PLAYER_CONTROLS %c@ 17:13:03.994 color: gray; font-weight: lighter; color: inherit; color: gray; font-weight: lighter;", source: https://test.highloka.com/_next/static/chunks/pages/_app-4e0a347dc425d5bf.js (79)
[21503:21503:0526/171303.996322:INFO:CONSOLE:79] "%c prev state color: #9E9E9E; font-weight: bold [object Object]", source: https://test.highloka.com/_next/static/chunks/pages/_app-4e0a347dc425d5bf.js (79)
[21503:21503:0526/171303.996554:INFO:CONSOLE:79] "%c action     color: #03A9F4; font-weight: bold [object Object]", source: https://test.highloka.com/_next/static/chunks/pages/_app-4e0a347dc425d5bf.js (79)
[21503:21503:0526/171303.997355:INFO:CONSOLE:79] "%c next state color: #4CAF50; font-weight: bold [object Object]", source: https://test.highloka.com/_next/static/chunks/pages/_app-4e0a347dc425d5bf.js (79)
[21503:21503:0526/171303.997638:INFO:CONSOLE:79] "console.groupEnd", source: https://test.highloka.com/_next/static/chunks/pages/_app-4e0a347dc425d5bf.js (79)
[21503:21503:0526/171303.998122:INFO:CONSOLE:67] "Showing Controls. ", source: https://test.highloka.com/_next/static/chunks/pages/_app-4e0a347dc425d5bf.js (67)
[21503:21503:0526/171303.998993:INFO:CONSOLE:67] "Showing Controls. ", source: https://test.highloka.com/_next/static/chunks/pages/_app-4e0a347dc425d5bf.js (67)
[21503:21503:0526/171304.000639:INFO:CONSOLE:1] "ReactHlsPlayerComponent this.props play", source: https://test.highloka.com/_next/static/chunks/pages/concerts/%5Bslug%5D/arena-1595f5991389ce40.js (1)
[21503:21503:0526/171304.012064:INFO:CONSOLE:79] "%c action %cSHOW_AUTO_HIDDEN_ES_VIDEO_PLAYER_CONTROLS %c@ 17:13:04.011 color: gray; font-weight: lighter; color: inherit; color: gray; font-weight: lighter;", source: https://test.highloka.com/_next/static/chunks/pages/_app-4e0a347dc425d5bf.js (79)
[21503:21503:0526/171304.012240:INFO:CONSOLE:79] "%c prev state color: #9E9E9E; font-weight: bold [object Object]", source: https://test.highloka.com/_next/static/chunks/pages/_app-4e0a347dc425d5bf.js (79)
[21503:21503:0526/171304.012589:INFO:CONSOLE:79] "%c action     color: #03A9F4; font-weight: bold [object Object]", source: https://test.highloka.com/_next/static/chunks/pages/_app-4e0a347dc425d5bf.js (79)
[21503:21503:0526/171304.012863:INFO:CONSOLE:79] "%c next state color: #4CAF50; font-weight: bold [object Object]", source: https://test.highloka.com/_next/static/chunks/pages/_app-4e0a347dc425d5bf.js (79)
[21503:21503:0526/171304.013026:INFO:CONSOLE:79] "console.groupEnd", source: https://test.highloka.com/_next/static/chunks/pages/_app-4e0a347dc425d5bf.js (79)
[21503:21503:0526/171304.013600:INFO:CONSOLE:67] "Showing Controls. ", source: https://test.highloka.com/_next/static/chunks/pages/_app-4e0a347dc425d5bf.js (67)
[21503:21503:0526/171304.014238:INFO:CONSOLE:67] "Showing Controls. ", source: https://test.highloka.com/_next/static/chunks/pages/_app-4e0a347dc425d5bf.js (67)
[21503:21503:0526/171304.015176:INFO:CONSOLE:1] "ReactHlsPlayerComponent this.props play", source: https://test.highloka.com/_next/static/chunks/pages/concerts/%5Bslug%5D/arena-1595f5991389ce40.js (1)
[21503:21503:0526/171304.244829:INFO:CONSOLE:79] "%c action %cSHOW_AUTO_HIDDEN_ES_VIDEO_PLAYER_CONTROLS %c@ 17:13:04.243 color: gray; font-weight: lighter; color: inherit; color: gray; font-weight: lighter;", source: https://test.highloka.com/_next/static/chunks/pages/_app-4e0a347dc425d5bf.js (79)
[21503:21503:0526/171304.245035:INFO:CONSOLE:79] "%c prev state color: #9E9E9E; font-weight: bold [object Object]", source: https://test.highloka.com/_next/static/chunks/pages/_app-4e0a347dc425d5bf.js (79)
[21503:21503:0526/171304.245447:INFO:CONSOLE:79] "%c action     color: #03A9F4; font-weight: bold [object Object]", source: https://test.highloka.com/_next/static/chunks/pages/_app-4e0a347dc425d5bf.js (79)
[21503:21503:0526/171304.245825:INFO:CONSOLE:79] "%c next state color: #4CAF50; font-weight: bold [object Object]", source: https://test.highloka.com/_next/static/chunks/pages/_app-4e0a347dc425d5bf.js (79)
[21503:21503:0526/171304.245994:INFO:CONSOLE:79] "console.groupEnd", source: https://test.highloka.com/_next/static/chunks/pages/_app-4e0a347dc425d5bf.js (79)
[21503:21503:0526/171304.247054:INFO:CONSOLE:67] "Showing Controls. ", source: https://test.highloka.com/_next/static/chunks/pages/_app-4e0a347dc425d5bf.js (67)
[21503:21503:0526/171304.248022:INFO:CONSOLE:67] "Showing Controls. ", source: https://test.highloka.com/_next/static/chunks/pages/_app-4e0a347dc425d5bf.js (67)
[21503:21503:0526/171304.249507:INFO:CONSOLE:1] "ReactHlsPlayerComponent this.props play", source: https://test.highloka.com/_next/static/chunks/pages/concerts/%5Bslug%5D/arena-1595f5991389ce40.js (1)
[21503:21503:0526/171304.262114:INFO:CONSOLE:79] "%c action %cSHOW_AUTO_HIDDEN_ES_VIDEO_PLAYER_CONTROLS %c@ 17:13:04.261 color: gray; font-weight: lighter; color: inherit; color: gray; font-weight: lighter;", source: https://test.highloka.com/_next/static/chunks/pages/_app-4e0a347dc425d5bf.js (79)
[21503:21503:0526/171304.262335:INFO:CONSOLE:79] "%c prev state color: #9E9E9E; font-weight: bold [object Object]", source: https://test.highloka.com/_next/static/chunks/pages/_app-4e0a347dc425d5bf.js (79)
[21503:21503:0526/171304.262759:INFO:CONSOLE:79] "%c action     color: #03A9F4; font-weight: bold [object Object]", source: https://test.highloka.com/_next/static/chunks/pages/_app-4e0a347dc425d5bf.js (79)
[21503:21503:0526/171304.264889:INFO:CONSOLE:79] "%c next state color: #4CAF50; font-weight: bold [object Object]", source: https://test.highloka.com/_next/static/chunks/pages/_app-4e0a347dc425d5bf.js (79)
[21503:21503:0526/171304.265363:INFO:CONSOLE:79] "console.groupEnd", source: https://test.highloka.com/_next/static/chunks/pages/_app-4e0a347dc425d5bf.js (79)
[21503:21503:0526/171304.265453:INFO:CONSOLE:67] "Showing Controls. ", source: https://test.highloka.com/_next/static/chunks/pages/_app-4e0a347dc425d5bf.js (67)
[21503:21503:0526/171304.265565:INFO:CONSOLE:67] "Showing Controls. ", source: https://test.highloka.com/_next/static/chunks/pages/_app-4e0a347dc425d5bf.js (67)
[21503:21503:0526/171304.266456:INFO:CONSOLE:1] "ReactHlsPlayerComponent this.props play", source: https://test.highloka.com/_next/static/chunks/pages/concerts/%5Bslug%5D/arena-1595f5991389ce40.js (1)
[21503:21503:0526/171304.278939:INFO:CONSOLE:79] "%c action %cSHOW_AUTO_HIDDEN_ES_VIDEO_PLAYER_CONTROLS %c@ 17:13:04.277 color: gray; font-weight: lighter; color: inherit; color: gray; font-weight: lighter;", source: https://test.highloka.com/_next/static/chunks/pages/_app-4e0a347dc425d5bf.js (79)
[21503:21503:0526/171304.279240:INFO:CONSOLE:79] "%c prev state color: #9E9E9E; font-weight: bold [object Object]", source: https://test.highloka.com/_next/static/chunks/pages/_app-4e0a347dc425d5bf.js (79)
[21503:21503:0526/171304.279968:INFO:CONSOLE:79] "%c action     color: #03A9F4; font-weight: bold [object Object]", source: https://test.highloka.com/_next/static/chunks/pages/_app-4e0a347dc425d5bf.js (79)
[21503:21503:0526/171304.280106:INFO:CONSOLE:79] "%c next state color: #4CAF50; font-weight: bold [object Object]", source: https://test.highloka.com/_next/static/chunks/pages/_app-4e0a347dc425d5bf.js (79)
[21503:21503:0526/171304.280492:INFO:CONSOLE:79] "console.groupEnd", source: https://test.highloka.com/_next/static/chunks/pages/_app-4e0a347dc425d5bf.js (79)
[21503:21503:0526/171304.281006:INFO:CONSOLE:67] "Showing Controls. ", source: https://test.highloka.com/_next/static/chunks/pages/_app-4e0a347dc425d5bf.js (67)
[21503:21503:0526/171304.282214:INFO:CONSOLE:67] "Showing Controls. ", source: https://test.highloka.com/_next/static/chunks/pages/_app-4e0a347dc425d5bf.js (67)
[21503:21503:0526/171304.283354:INFO:CONSOLE:1] "ReactHlsPlayerComponent this.props play", source: https://test.highloka.com/_next/static/chunks/pages/concerts/%5Bslug%5D/arena-1595f5991389ce40.js (1)
[21503:21503:0526/171304.294906:INFO:CONSOLE:79] "%c action %cSHOW_AUTO_HIDDEN_ES_VIDEO_PLAYER_CONTROLS %c@ 17:13:04.294 color: gray; font-weight: lighter; color: inherit; color: gray; font-weight: lighter;", source: https://test.highloka.com/_next/static/chunks/pages/_app-4e0a347dc425d5bf.js (79)
[21503:21503:0526/171304.295101:INFO:CONSOLE:79] "%c prev state color: #9E9E9E; font-weight: bold [object Object]", source: https://test.highloka.com/_next/static/chunks/pages/_app-4e0a347dc425d5bf.js (79)
[21503:21503:0526/171304.295581:INFO:CONSOLE:79] "%c action     color: #03A9F4; font-weight: bold [object Object]", source: https://test.highloka.com/_next/static/chunks/pages/_app-4e0a347dc425d5bf.js (79)
[21503:21503:0526/171304.295957:INFO:CONSOLE:79] "%c next state color: #4CAF50; font-weight: bold [object Object]", source: https://test.highloka.com/_next/static/chunks/pages/_app-4e0a347dc425d5bf.js (79)
[21503:21503:0526/171304.296161:INFO:CONSOLE:79] "console.groupEnd", source: https://test.highloka.com/_next/static/chunks/pages/_app-4e0a347dc425d5bf.js (79)
[21503:21503:0526/171304.296483:INFO:CONSOLE:67] "Showing Controls. ", source: https://test.highloka.com/_next/static/chunks/pages/_app-4e0a347dc425d5bf.js (67)
[21503:21503:0526/171304.296795:INFO:CONSOLE:67] "Showing Controls. ", source: https://test.highloka.com/_next/static/chunks/pages/_app-4e0a347dc425d5bf.js (67)
[21503:21503:0526/171304.297692:INFO:CONSOLE:1] "ReactHlsPlayerComponent this.props play", source: https://test.highloka.com/_next/static/chunks/pages/concerts/%5Bslug%5D/arena-1595f5991389ce40.js (1)
[21503:21503:0526/171304.312220:INFO:CONSOLE:79] "%c action %cSHOW_AUTO_HIDDEN_ES_VIDEO_PLAYER_CONTROLS %c@ 17:13:04.310 color: gray; font-weight: lighter; color: inherit; color: gray; font-weight: lighter;", source: https://test.highloka.com/_next/static/chunks/pages/_app-4e0a347dc425d5bf.js (79)
[21503:21503:0526/171304.312463:INFO:CONSOLE:79] "%c prev state color: #9E9E9E; font-weight: bold [object Object]", source: https://test.highloka.com/_next/static/chunks/pages/_app-4e0a347dc425d5bf.js (79)
[21503:21503:0526/171304.312680:INFO:CONSOLE:79] "%c action     color: #03A9F4; font-weight: bold [object Object]", source: https://test.highloka.com/_next/static/chunks/pages/_app-4e0a347dc425d5bf.js (79)
[21503:21503:0526/171304.312964:INFO:CONSOLE:79] "%c next state color: #4CAF50; font-weight: bold [object Object]", source: https://test.highloka.com/_next/static/chunks/pages/_app-4e0a347dc425d5bf.js (79)
[21503:21503:0526/171304.313261:INFO:CONSOLE:79] "console.groupEnd", source: https://test.highloka.com/_next/static/chunks/pages/_app-4e0a347dc425d5bf.js (79)
[21503:21503:0526/171304.314046:INFO:CONSOLE:67] "Showing Controls. ", source: https://test.highloka.com/_next/static/chunks/pages/_app-4e0a347dc425d5bf.js (67)
[21503:21503:0526/171304.315622:INFO:CONSOLE:67] "Showing Controls. ", source: https://test.highloka.com/_next/static/chunks/pages/_app-4e0a347dc425d5bf.js (67)
[21503:21503:0526/171304.316809:INFO:CONSOLE:1] "ReactHlsPlayerComponent this.props play", source: https://test.highloka.com/_next/static/chunks/pages/concerts/%5Bslug%5D/arena-1595f5991389ce40.js (1)
[21503:21503:0526/171304.328285:INFO:CONSOLE:79] "%c action %cSHOW_AUTO_HIDDEN_ES_VIDEO_PLAYER_CONTROLS %c@ 17:13:04.327 color: gray; font-weight: lighter; color: inherit; color: gray; font-weight: lighter;", source: https://test.highloka.com/_next/static/chunks/pages/_app-4e0a347dc425d5bf.js (79)
[21503:21503:0526/171304.328605:INFO:CONSOLE:79] "%c prev state color: #9E9E9E; font-weight: bold [object Object]", source: https://test.highloka.com/_next/static/chunks/pages/_app-4e0a347dc425d5bf.js (79)
[21503:21503:0526/171304.328797:INFO:CONSOLE:79] "%c action     color: #03A9F4; font-weight: bold [object Object]", source: https://test.highloka.com/_next/static/chunks/pages/_app-4e0a347dc425d5bf.js (79)
[21503:21503:0526/171304.329019:INFO:CONSOLE:79] "%c next state color: #4CAF50; font-weight: bold [object Object]", source: https://test.highloka.com/_next/static/chunks/pages/_app-4e0a347dc425d5bf.js (79)
[21503:21503:0526/171304.329256:INFO:CONSOLE:79] "console.groupEnd", source: https://test.highloka.com/_next/static/chunks/pages/_app-4e0a347dc425d5bf.js (79)
[21503:21503:0526/171304.329600:INFO:CONSOLE:67] "Showing Controls. ", source: https://test.highloka.com/_next/static/chunks/pages/_app-4e0a347dc425d5bf.js (67)
[21503:21503:0526/171304.330005:INFO:CONSOLE:67] "Showing Controls. ", source: https://test.highloka.com/_next/static/chunks/pages/_app-4e0a347dc425d5bf.js (67)
[21503:21503:0526/171304.330790:INFO:CONSOLE:1] "ReactHlsPlayerComponent this.props play", source: https://test.highloka.com/_next/static/chunks/pages/concerts/%5Bslug%5D/arena-1595f5991389ce40.js (1)
[21503:21503:0526/171304.344646:INFO:CONSOLE:79] "%c action %cSHOW_AUTO_HIDDEN_ES_VIDEO_PLAYER_CONTROLS %c@ 17:13:04.343 color: gray; font-weight: lighter; color: inherit; color: gray; font-weight: lighter;", source: https://test.highloka.com/_next/static/chunks/pages/_app-4e0a347dc425d5bf.js (79)
[21503:21503:0526/171304.344832:INFO:CONSOLE:79] "%c prev state color: #9E9E9E; font-weight: bold [object Object]", source: https://test.highloka.com/_next/static/chunks/pages/_app-4e0a347dc425d5bf.js (79)
[21503:21503:0526/171304.345242:INFO:CONSOLE:79] "%c action     color: #03A9F4; font-weight: bold [object Object]", source: https://test.highloka.com/_next/static/chunks/pages/_app-4e0a347dc425d5bf.js (79)
[21503:21503:0526/171304.345432:INFO:CONSOLE:79] "%c next state color: #4CAF50; font-weight: bold [object Object]", source: https://test.highloka.com/_next/static/chunks/pages/_app-4e0a347dc425d5bf.js (79)
[21503:21503:0526/171304.345879:INFO:CONSOLE:79] "console.groupEnd", source: https://test.highloka.com/_next/static/chunks/pages/_app-4e0a347dc425d5bf.js (79)
[21503:21503:0526/171304.346248:INFO:CONSOLE:67] "Showing Controls. ", source: https://test.highloka.com/_next/static/chunks/pages/_app-4e0a347dc425d5bf.js (67)
[21503:21503:0526/171304.346626:INFO:CONSOLE:67] "Showing Controls. ", source: https://test.highloka.com/_next/static/chunks/pages/_app-4e0a347dc425d5bf.js (67)
[21503:21503:0526/171304.347558:INFO:CONSOLE:1] "ReactHlsPlayerComponent this.props play", source: https://test.highloka.com/_next/static/chunks/pages/concerts/%5Bslug%5D/arena-1595f5991389ce40.js (1)
[21503:21503:0526/171304.361859:INFO:CONSOLE:79] "%c action %cSHOW_AUTO_HIDDEN_ES_VIDEO_PLAYER_CONTROLS %c@ 17:13:04.360 color: gray; font-weight: lighter; color: inherit; color: gray; font-weight: lighter;", source: https://test.highloka.com/_next/static/chunks/pages/_app-4e0a347dc425d5bf.js (79)
[21503:21503:0526/171304.362028:INFO:CONSOLE:79] "%c prev state color: #9E9E9E; font-weight: bold [object Object]", source: https://test.highloka.com/_next/static/chunks/pages/_app-4e0a347dc425d5bf.js (79)
[21503:21503:0526/171304.362369:INFO:CONSOLE:79] "%c action     color: #03A9F4; font-weight: bold [object Object]", source: https://test.highloka.com/_next/static/chunks/pages/_app-4e0a347dc425d5bf.js (79)
[21503:21503:0526/171304.362601:INFO:CONSOLE:79] "%c next state color: #4CAF50; font-weight: bold [object Object]", source: https://test.highloka.com/_next/static/chunks/pages/_app-4e0a347dc425d5bf.js (79)
[21503:21503:0526/171304.362795:INFO:CONSOLE:79] "console.groupEnd", source: https://test.highloka.com/_next/static/chunks/pages/_app-4e0a347dc425d5bf.js (79)
[21503:21503:0526/171304.363170:INFO:CONSOLE:67] "Showing Controls. ", source: https://test.highloka.com/_next/static/chunks/pages/_app-4e0a347dc425d5bf.js (67)
[21503:21503:0526/171304.363553:INFO:CONSOLE:67] "Showing Controls. ", source: https://test.highloka.com/_next/static/chunks/pages/_app-4e0a347dc425d5bf.js (67)
[21503:21503:0526/171304.364357:INFO:CONSOLE:1] "ReactHlsPlayerComponent this.props play", source: https://test.highloka.com/_next/static/chunks/pages/concerts/%5Bslug%5D/arena-1595f5991389ce40.js (1)
[21503:21503:0526/171306.372641:INFO:CONSOLE:67] "Hiding Controls.", source: https://test.highloka.com/_next/static/chunks/pages/_app-4e0a347dc425d5bf.js (67)
[21503:21503:0526/171306.373302:INFO:CONSOLE:79] "%c action %cHIDE_AUTO_HIDDEN_ES_VIDEO_PLAYER_CONTROLS %c@ 17:13:06.372 color: gray; font-weight: lighter; color: inherit; color: gray; font-weight: lighter;", source: https://test.highloka.com/_next/static/chunks/pages/_app-4e0a347dc425d5bf.js (79)
[21503:21503:0526/171306.375616:INFO:CONSOLE:79] "%c prev state color: #9E9E9E; font-weight: bold [object Object]", source: https://test.highloka.com/_next/static/chunks/pages/_app-4e0a347dc425d5bf.js (79)
[21503:21503:0526/171306.375817:INFO:CONSOLE:79] "%c action     color: #03A9F4; font-weight: bold [object Object]", source: https://test.highloka.com/_next/static/chunks/pages/_app-4e0a347dc425d5bf.js (79)
[21503:21503:0526/171306.375886:INFO:CONSOLE:79] "%c next state color: #4CAF50; font-weight: bold [object Object]", source: https://test.highloka.com/_next/static/chunks/pages/_app-4e0a347dc425d5bf.js (79)
[21503:21503:0526/171306.375963:INFO:CONSOLE:79] "console.groupEnd", source: https://test.highloka.com/_next/static/chunks/pages/_app-4e0a347dc425d5bf.js (79)
[21503:21503:0526/171306.376847:INFO:CONSOLE:1] "ReactHlsPlayerComponent this.props play", source: https://test.highloka.com/_next/static/chunks/pages/concerts/%5Bslug%5D/arena-1595f5991389ce40.js (1)
[21503:21503:0526/171306.377940:INFO:CONSOLE:67] "Hiding Controls.", source: https://test.highloka.com/_next/static/chunks/pages/_app-4e0a347dc425d5bf.js (67)
[21503:21503:0526/171306.378970:INFO:CONSOLE:79] "%c action %cHIDE_AUTO_HIDDEN_ES_VIDEO_PLAYER_CONTROLS %c@ 17:13:06.377 color: gray; font-weight: lighter; color: inherit; color: gray; font-weight: lighter;", source: https://test.highloka.com/_next/static/chunks/pages/_app-4e0a347dc425d5bf.js (79)
[21503:21503:0526/171306.379133:INFO:CONSOLE:79] "%c prev state color: #9E9E9E; font-weight: bold [object Object]", source: https://test.highloka.com/_next/static/chunks/pages/_app-4e0a347dc425d5bf.js (79)
[21503:21503:0526/171306.379252:INFO:CONSOLE:79] "%c action     color: #03A9F4; font-weight: bold [object Object]", source: https://test.highloka.com/_next/static/chunks/pages/_app-4e0a347dc425d5bf.js (79)
[21503:21503:0526/171306.379371:INFO:CONSOLE:79] "%c next state color: #4CAF50; font-weight: bold [object Object]", source: https://test.highloka.com/_next/static/chunks/pages/_app-4e0a347dc425d5bf.js (79)
[21503:21503:0526/171306.379659:INFO:CONSOLE:79] "console.groupEnd", source: https://test.highloka.com/_next/static/chunks/pages/_app-4e0a347dc425d5bf.js (79)
[21503:21503:0526/171306.380601:INFO:CONSOLE:1] "ReactHlsPlayerComponent this.props play", source: https://test.highloka.com/_next/static/chunks/pages/concerts/%5Bslug%5D/arena-1595f5991389ce40.js (1)
[21503:21503:0526/171306.455862:INFO:CONSOLE:1] "receivedAudienceUserStrip null", source: https://test.highloka.com/_next/static/chunks/pages/concerts/%5Bslug%5D/arena-1595f5991389ce40.js (1)
[21503:21503:0526/171306.456617:INFO:CONSOLE:1] "receivedAudienceUserStrip null", source: https://test.highloka.com/_next/static/chunks/pages/concerts/%5Bslug%5D/arena-1595f5991389ce40.js (1)
