[21510:21510:0526/170940.281386:INFO:components/enterprise/browser/controller/chrome_browser_cloud_management_controller.cc:202] No machine level policy manager exists.
[21611:21611:0526/170940.461739:WARNING:media/gpu/vaapi/vaapi_wrapper.cc:125] Should skip nVidia device named: nvidia-drm
[21611:21611:0526/170940.463396:WARNING:ui/gfx/linux/gpu_memory_buffer_support_x11.cc:49] dri3 extension not supported.
[21510:21510:0526/170945.315669:INFO:CONSOLE:67] "This is dev custom params", source: https://test.highloka.com/_next/static/chunks/pages/_app-4e0a347dc425d5bf.js (67)
[21510:21510:0526/170945.315748:INFO:CONSOLE:67] "[object Object]", source: https://test.highloka.com/_next/static/chunks/pages/_app-4e0a347dc425d5bf.js (67)
[21510:21510:0526/170945.315872:INFO:CONSOLE:67] "This is dev custom params", source: https://test.highloka.com/_next/static/chunks/pages/_app-4e0a347dc425d5bf.js (67)
[21510:21510:0526/170945.327391:INFO:CONSOLE:67] "This is process env Here ===>", source: https://test.highloka.com/_next/static/chunks/pages/_app-4e0a347dc425d5bf.js (67)
[21510:21510:0526/170945.327444:INFO:CONSOLE:67] "[object Object]", source: https://test.highloka.com/_next/static/chunks/pages/_app-4e0a347dc425d5bf.js (67)
[21510:21510:0526/170945.327471:INFO:CONSOLE:67] "This is process env Here ===>", source: https://test.highloka.com/_next/static/chunks/pages/_app-4e0a347dc425d5bf.js (67)
[21510:21510:0526/170945.327489:INFO:CONSOLE:67] "[object Object]", source: https://test.highloka.com/_next/static/chunks/pages/_app-4e0a347dc425d5bf.js (67)
[21510:21510:0526/170945.338665:INFO:CONSOLE:67] "knowhere", source: https://test.highloka.com/_next/static/chunks/pages/_app-4e0a347dc425d5bf.js (67)
[21510:21510:0526/170945.339325:INFO:CONSOLE:79] "%c action %cpersist/PERSIST %c@ 17:09:45.338 color: gray; font-weight: lighter; color: inherit; color: gray; font-weight: lighter;", source: https://test.highloka.com/_next/static/chunks/pages/_app-4e0a347dc425d5bf.js (79)
[21510:21510:0526/170945.339409:INFO:CONSOLE:79] "%c prev state color: #9E9E9E; font-weight: bold [object Object]", source: https://test.highloka.com/_next/static/chunks/pages/_app-4e0a347dc425d5bf.js (79)
[21510:21510:0526/170945.339465:INFO:CONSOLE:79] "%c action     color: #03A9F4; font-weight: bold [object Object]", source: https://test.highloka.com/_next/static/chunks/pages/_app-4e0a347dc425d5bf.js (79)
[21510:21510:0526/170945.339535:INFO:CONSOLE:79] "%c next state color: #4CAF50; font-weight: bold [object Object]", source: https://test.highloka.com/_next/static/chunks/pages/_app-4e0a347dc425d5bf.js (79)
[21510:21510:0526/170945.339592:INFO:CONSOLE:79] "console.groupEnd", source: https://test.highloka.com/_next/static/chunks/pages/_app-4e0a347dc425d5bf.js (79)
[21510:21510:0526/170945.342585:INFO:CONSOLE:79] "%c action %cLOAD_WINDOW_SIZE %c@ 17:09:45.342 color: gray; font-weight: lighter; color: inherit; color: gray; font-weight: lighter;", source: https://test.highloka.com/_next/static/chunks/pages/_app-4e0a347dc425d5bf.js (79)
[21510:21510:0526/170945.342625:INFO:CONSOLE:79] "%c prev state color: #9E9E9E; font-weight: bold [object Object]", source: https://test.highloka.com/_next/static/chunks/pages/_app-4e0a347dc425d5bf.js (79)
[21510:21510:0526/170945.342718:INFO:CONSOLE:79] "%c action     color: #03A9F4; font-weight: bold [object Object]", source: https://test.highloka.com/_next/static/chunks/pages/_app-4e0a347dc425d5bf.js (79)
[21510:21510:0526/170945.342762:INFO:CONSOLE:79] "%c next state color: #4CAF50; font-weight: bold [object Object]", source: https://test.highloka.com/_next/static/chunks/pages/_app-4e0a347dc425d5bf.js (79)
[21510:21510:0526/170945.342842:INFO:CONSOLE:79] "console.groupEnd", source: https://test.highloka.com/_next/static/chunks/pages/_app-4e0a347dc425d5bf.js (79)
[21510:21510:0526/170945.343127:INFO:CONSOLE:79] "%c action %cSET_WINDOW_SIZE %c@ 17:09:45.342 color: gray; font-weight: lighter; color: inherit; color: gray; font-weight: lighter;", source: https://test.highloka.com/_next/static/chunks/pages/_app-4e0a347dc425d5bf.js (79)
[21510:21510:0526/170945.343219:INFO:CONSOLE:79] "%c prev state color: #9E9E9E; font-weight: bold [object Object]", source: https://test.highloka.com/_next/static/chunks/pages/_app-4e0a347dc425d5bf.js (79)
[21510:21510:0526/170945.343301:INFO:CONSOLE:79] "%c action     color: #03A9F4; font-weight: bold [object Object]", source: https://test.highloka.com/_next/static/chunks/pages/_app-4e0a347dc425d5bf.js (79)
[21510:21510:0526/170945.343382:INFO:CONSOLE:79] "%c next state color: #4CAF50; font-weight: bold [object Object]", source: https://test.highloka.com/_next/static/chunks/pages/_app-4e0a347dc425d5bf.js (79)
[21510:21510:0526/170945.343456:INFO:CONSOLE:79] "console.groupEnd", source: https://test.highloka.com/_next/static/chunks/pages/_app-4e0a347dc425d5bf.js (79)
[21510:21510:0526/170945.349813:INFO:CONSOLE:79] "%c action %cpersist/REHYDRATE %c@ 17:09:45.349 color: gray; font-weight: lighter; color: inherit; color: gray; font-weight: lighter;", source: https://test.highloka.com/_next/static/chunks/pages/_app-4e0a347dc425d5bf.js (79)
[21510:21510:0526/170945.349871:INFO:CONSOLE:79] "%c prev state color: #9E9E9E; font-weight: bold [object Object]", source: https://test.highloka.com/_next/static/chunks/pages/_app-4e0a347dc425d5bf.js (79)
[21510:21510:0526/170945.349940:INFO:CONSOLE:79] "%c action     color: #03A9F4; font-weight: bold [object Object]", source: https://test.highloka.com/_next/static/chunks/pages/_app-4e0a347dc425d5bf.js (79)
[21510:21510:0526/170945.349998:INFO:CONSOLE:79] "%c next state color: #4CAF50; font-weight: bold [object Object]", source: https://test.highloka.com/_next/static/chunks/pages/_app-4e0a347dc425d5bf.js (79)
[21510:21510:0526/170945.350047:INFO:CONSOLE:79] "console.groupEnd", source: https://test.highloka.com/_next/static/chunks/pages/_app-4e0a347dc425d5bf.js (79)
[21510:21510:0526/170945.379944:INFO:CONSOLE:1] "pageObject [object Object]", source: https://test.highloka.com/_next/static/chunks/794-7aa005332a3078f7.js (1)
[21510:21510:0526/170945.380029:INFO:CONSOLE:1] "pageObject Home", source: https://test.highloka.com/_next/static/chunks/794-7aa005332a3078f7.js (1)
[21510:21510:0526/170945.380096:INFO:CONSOLE:1] "Setting Scroll scrollTrackingEl [object Object]", source: https://test.highloka.com/_next/static/chunks/794-7aa005332a3078f7.js (1)
[21510:21510:0526/170945.380146:INFO:CONSOLE:1] "scrollTrackingEl [object HTMLElement]", source: https://test.highloka.com/_next/static/chunks/794-7aa005332a3078f7.js (1)
[21510:21510:0526/170945.383727:INFO:CONSOLE:1] "userLoginState showLogin false otpConfirmedSuccessfully [object Object] [object Object]", source: https://test.highloka.com/_next/static/chunks/794-7aa005332a3078f7.js (1)
[21510:21510:0526/170945.383887:INFO:CONSOLE:1] "windowHeight 0 0 [object Window]", source: https://test.highloka.com/_next/static/chunks/pages/index-ab6d088fbeefd623.js (1)
[21510:21510:0526/170945.385196:INFO:CONSOLE:1] "Resetting", source: https://test.highloka.com/_next/static/chunks/46-08188a3faabe9b73.js (1)
[21510:21510:0526/170945.385229:INFO:CONSOLE:1] "Current Parent Width: 0", source: https://test.highloka.com/_next/static/chunks/46-08188a3faabe9b73.js (1)
[21510:21510:0526/170945.385245:INFO:CONSOLE:1] "This is final image container style.", source: https://test.highloka.com/_next/static/chunks/46-08188a3faabe9b73.js (1)
[21510:21510:0526/170945.385262:INFO:CONSOLE:1] "[object Object]", source: https://test.highloka.com/_next/static/chunks/46-08188a3faabe9b73.js (1)
[21510:21510:0526/170945.385277:INFO:CONSOLE:1] "Resetting", source: https://test.highloka.com/_next/static/chunks/46-08188a3faabe9b73.js (1)
[21510:21510:0526/170945.385372:INFO:CONSOLE:1] "Current Parent Width: 0", source: https://test.highloka.com/_next/static/chunks/46-08188a3faabe9b73.js (1)
[21510:21510:0526/170945.385387:INFO:CONSOLE:1] "This is final image container style.", source: https://test.highloka.com/_next/static/chunks/46-08188a3faabe9b73.js (1)
[21510:21510:0526/170945.385403:INFO:CONSOLE:1] "[object Object]", source: https://test.highloka.com/_next/static/chunks/46-08188a3faabe9b73.js (1)
[21510:21510:0526/170945.385430:INFO:CONSOLE:1] "Resetting", source: https://test.highloka.com/_next/static/chunks/46-08188a3faabe9b73.js (1)
[21510:21510:0526/170945.385445:INFO:CONSOLE:1] "Current Parent Width: 0", source: https://test.highloka.com/_next/static/chunks/46-08188a3faabe9b73.js (1)
[21510:21510:0526/170945.385473:INFO:CONSOLE:1] "This is final image container style.", source: https://test.highloka.com/_next/static/chunks/46-08188a3faabe9b73.js (1)
[21510:21510:0526/170945.385504:INFO:CONSOLE:1] "[object Object]", source: https://test.highloka.com/_next/static/chunks/46-08188a3faabe9b73.js (1)
[21510:21510:0526/170945.385520:INFO:CONSOLE:1] "Resetting", source: https://test.highloka.com/_next/static/chunks/46-08188a3faabe9b73.js (1)
[21510:21510:0526/170945.385536:INFO:CONSOLE:1] "Current Parent Width: 0", source: https://test.highloka.com/_next/static/chunks/46-08188a3faabe9b73.js (1)
[21510:21510:0526/170945.385551:INFO:CONSOLE:1] "This is final image container style.", source: https://test.highloka.com/_next/static/chunks/46-08188a3faabe9b73.js (1)
[21510:21510:0526/170945.385570:INFO:CONSOLE:1] "[object Object]", source: https://test.highloka.com/_next/static/chunks/46-08188a3faabe9b73.js (1)
[21510:21510:0526/170945.385587:INFO:CONSOLE:1] "Resetting", source: https://test.highloka.com/_next/static/chunks/46-08188a3faabe9b73.js (1)
[21510:21510:0526/170945.385614:INFO:CONSOLE:1] "Current Parent Width: 0", source: https://test.highloka.com/_next/static/chunks/46-08188a3faabe9b73.js (1)
[21510:21510:0526/170945.385635:INFO:CONSOLE:1] "This is final image container style.", source: https://test.highloka.com/_next/static/chunks/46-08188a3faabe9b73.js (1)
[21510:21510:0526/170945.385655:INFO:CONSOLE:1] "[object Object]", source: https://test.highloka.com/_next/static/chunks/46-08188a3faabe9b73.js (1)
[21510:21510:0526/170945.385715:INFO:CONSOLE:1] "Resetting", source: https://test.highloka.com/_next/static/chunks/46-08188a3faabe9b73.js (1)
[21510:21510:0526/170945.385732:INFO:CONSOLE:1] "Current Parent Width: 0", source: https://test.highloka.com/_next/static/chunks/46-08188a3faabe9b73.js (1)
[21510:21510:0526/170945.385761:INFO:CONSOLE:1] "This is final image container style.", source: https://test.highloka.com/_next/static/chunks/46-08188a3faabe9b73.js (1)
[21510:21510:0526/170945.385787:INFO:CONSOLE:1] "[object Object]", source: https://test.highloka.com/_next/static/chunks/46-08188a3faabe9b73.js (1)
[21510:21510:0526/170945.385827:INFO:CONSOLE:1] "Resetting", source: https://test.highloka.com/_next/static/chunks/46-08188a3faabe9b73.js (1)
[21510:21510:0526/170945.385853:INFO:CONSOLE:1] "Current Parent Width: 0", source: https://test.highloka.com/_next/static/chunks/46-08188a3faabe9b73.js (1)
[21510:21510:0526/170945.385883:INFO:CONSOLE:1] "This is final image container style.", source: https://test.highloka.com/_next/static/chunks/46-08188a3faabe9b73.js (1)
[21510:21510:0526/170945.385907:INFO:CONSOLE:1] "[object Object]", source: https://test.highloka.com/_next/static/chunks/46-08188a3faabe9b73.js (1)
[21510:21510:0526/170945.385944:INFO:CONSOLE:1] "Resetting", source: https://test.highloka.com/_next/static/chunks/46-08188a3faabe9b73.js (1)
[21510:21510:0526/170945.385972:INFO:CONSOLE:1] "Current Parent Width: 0", source: https://test.highloka.com/_next/static/chunks/46-08188a3faabe9b73.js (1)
[21510:21510:0526/170945.385990:INFO:CONSOLE:1] "This is final image container style.", source: https://test.highloka.com/_next/static/chunks/46-08188a3faabe9b73.js (1)
[21510:21510:0526/170945.386016:INFO:CONSOLE:1] "[object Object]", source: https://test.highloka.com/_next/static/chunks/46-08188a3faabe9b73.js (1)
[21510:21510:0526/170945.386057:INFO:CONSOLE:1] "Resetting", source: https://test.highloka.com/_next/static/chunks/46-08188a3faabe9b73.js (1)
[21510:21510:0526/170945.386084:INFO:CONSOLE:1] "Current Parent Width: 0", source: https://test.highloka.com/_next/static/chunks/46-08188a3faabe9b73.js (1)
[21510:21510:0526/170945.386107:INFO:CONSOLE:1] "This is final image container style.", source: https://test.highloka.com/_next/static/chunks/46-08188a3faabe9b73.js (1)
[21510:21510:0526/170945.386127:INFO:CONSOLE:1] "[object Object]", source: https://test.highloka.com/_next/static/chunks/46-08188a3faabe9b73.js (1)
[21510:21510:0526/170945.386184:INFO:CONSOLE:1] "Resetting", source: https://test.highloka.com/_next/static/chunks/46-08188a3faabe9b73.js (1)
[21510:21510:0526/170945.386208:INFO:CONSOLE:1] "Current Parent Width: 0", source: https://test.highloka.com/_next/static/chunks/46-08188a3faabe9b73.js (1)
[21510:21510:0526/170945.386234:INFO:CONSOLE:1] "This is final image container style.", source: https://test.highloka.com/_next/static/chunks/46-08188a3faabe9b73.js (1)
[21510:21510:0526/170945.386260:INFO:CONSOLE:1] "[object Object]", source: https://test.highloka.com/_next/static/chunks/46-08188a3faabe9b73.js (1)
[21510:21510:0526/170945.386306:INFO:CONSOLE:1] "Resetting", source: https://test.highloka.com/_next/static/chunks/46-08188a3faabe9b73.js (1)
[21510:21510:0526/170945.386330:INFO:CONSOLE:1] "Current Parent Width: 0", source: https://test.highloka.com/_next/static/chunks/46-08188a3faabe9b73.js (1)
[21510:21510:0526/170945.386360:INFO:CONSOLE:1] "This is final image container style.", source: https://test.highloka.com/_next/static/chunks/46-08188a3faabe9b73.js (1)
[21510:21510:0526/170945.386381:INFO:CONSOLE:1] "[object Object]", source: https://test.highloka.com/_next/static/chunks/46-08188a3faabe9b73.js (1)
[21510:21510:0526/170945.386422:INFO:CONSOLE:1] "Resetting", source: https://test.highloka.com/_next/static/chunks/46-08188a3faabe9b73.js (1)
[21510:21510:0526/170945.386444:INFO:CONSOLE:1] "Current Parent Width: 0", source: https://test.highloka.com/_next/static/chunks/46-08188a3faabe9b73.js (1)
[21510:21510:0526/170945.386465:INFO:CONSOLE:1] "This is final image container style.", source: https://test.highloka.com/_next/static/chunks/46-08188a3faabe9b73.js (1)
[21510:21510:0526/170945.386491:INFO:CONSOLE:1] "[object Object]", source: https://test.highloka.com/_next/static/chunks/46-08188a3faabe9b73.js (1)
[21510:21510:0526/170945.386528:INFO:CONSOLE:1] "Resetting", source: https://test.highloka.com/_next/static/chunks/46-08188a3faabe9b73.js (1)
[21510:21510:0526/170945.386554:INFO:CONSOLE:1] "Current Parent Width: 0", source: https://test.highloka.com/_next/static/chunks/46-08188a3faabe9b73.js (1)
[21510:21510:0526/170945.386573:INFO:CONSOLE:1] "This is final image container style.", source: https://test.highloka.com/_next/static/chunks/46-08188a3faabe9b73.js (1)
[21510:21510:0526/170945.386595:INFO:CONSOLE:1] "[object Object]", source: https://test.highloka.com/_next/static/chunks/46-08188a3faabe9b73.js (1)
[21510:21510:0526/170945.386636:INFO:CONSOLE:1] "Resetting", source: https://test.highloka.com/_next/static/chunks/46-08188a3faabe9b73.js (1)
[21510:21510:0526/170945.386657:INFO:CONSOLE:1] "Current Parent Width: 0", source: https://test.highloka.com/_next/static/chunks/46-08188a3faabe9b73.js (1)
[21510:21510:0526/170945.386683:INFO:CONSOLE:1] "This is final image container style.", source: https://test.highloka.com/_next/static/chunks/46-08188a3faabe9b73.js (1)
[21510:21510:0526/170945.386707:INFO:CONSOLE:1] "[object Object]", source: https://test.highloka.com/_next/static/chunks/46-08188a3faabe9b73.js (1)
[21510:21510:0526/170945.386749:INFO:CONSOLE:1] "Resetting", source: https://test.highloka.com/_next/static/chunks/46-08188a3faabe9b73.js (1)
[21510:21510:0526/170945.386770:INFO:CONSOLE:1] "Current Parent Width: 0", source: https://test.highloka.com/_next/static/chunks/46-08188a3faabe9b73.js (1)
[21510:21510:0526/170945.386792:INFO:CONSOLE:1] "This is final image container style.", source: https://test.highloka.com/_next/static/chunks/46-08188a3faabe9b73.js (1)
[21510:21510:0526/170945.386817:INFO:CONSOLE:1] "[object Object]", source: https://test.highloka.com/_next/static/chunks/46-08188a3faabe9b73.js (1)
[21510:21510:0526/170945.386923:INFO:CONSOLE:1] "[object Object]", source: https://test.highloka.com/_next/static/chunks/pages/index-ab6d088fbeefd623.js (1)
[21510:21510:0526/170945.386977:INFO:CONSOLE:1] "[object Object]", source: https://test.highloka.com/_next/static/chunks/pages/index-ab6d088fbeefd623.js (1)
[21510:21510:0526/170945.387016:INFO:CONSOLE:1] "true", source: https://test.highloka.com/_next/static/chunks/pages/index-ab6d088fbeefd623.js (1)
[21510:21510:0526/170945.387037:INFO:CONSOLE:1] "Redirecting", source: https://test.highloka.com/_next/static/chunks/pages/index-ab6d088fbeefd623.js (1)
[21510:21510:0526/170945.387058:INFO:CONSOLE:1] "true", source: https://test.highloka.com/_next/static/chunks/pages/index-ab6d088fbeefd623.js (1)
[21510:21510:0526/170945.387765:INFO:CONSOLE:1] "cookies [object Object]", source: https://test.highloka.com/_next/static/chunks/pages/index-ab6d088fbeefd623.js (1)
[21510:21510:0526/170945.387831:INFO:CONSOLE:1] "Is Scrolling Paused: false", source: https://test.highloka.com/_next/static/chunks/pages/index-ab6d088fbeefd623.js (1)
[21510:21510:0526/170945.387883:INFO:CONSOLE:1] "isLoaded if false 0", source: https://test.highloka.com/_next/static/chunks/pages/index-ab6d088fbeefd623.js (1)
[21510:21510:0526/170945.387913:INFO:CONSOLE:1] "isLoaded else false", source: https://test.highloka.com/_next/static/chunks/pages/index-ab6d088fbeefd623.js (1)
[21510:21510:0526/170945.388053:INFO:CONSOLE:79] "%c action %cGET_ACTIVE_ES_CONCERTS %c@ 17:09:45.387 color: gray; font-weight: lighter; color: inherit; color: gray; font-weight: lighter;", source: https://test.highloka.com/_next/static/chunks/pages/_app-4e0a347dc425d5bf.js (79)
[21510:21510:0526/170945.388100:INFO:CONSOLE:79] "%c prev state color: #9E9E9E; font-weight: bold [object Object]", source: https://test.highloka.com/_next/static/chunks/pages/_app-4e0a347dc425d5bf.js (79)
[21510:21510:0526/170945.388160:INFO:CONSOLE:79] "%c action     color: #03A9F4; font-weight: bold [object Object]", source: https://test.highloka.com/_next/static/chunks/pages/_app-4e0a347dc425d5bf.js (79)
[21510:21510:0526/170945.388231:INFO:CONSOLE:79] "%c next state color: #4CAF50; font-weight: bold [object Object]", source: https://test.highloka.com/_next/static/chunks/pages/_app-4e0a347dc425d5bf.js (79)
[21510:21510:0526/170945.388278:INFO:CONSOLE:79] "console.groupEnd", source: https://test.highloka.com/_next/static/chunks/pages/_app-4e0a347dc425d5bf.js (79)
[21510:21510:0526/170945.388755:INFO:CONSOLE:1] "windowHeight 0 0 [object Window]", source: https://test.highloka.com/_next/static/chunks/pages/index-ab6d088fbeefd623.js (1)
[21510:21510:0526/170945.388955:INFO:CONSOLE:1] "The Parallax Heights are contentRef[object HTMLDivElement] 0", source: https://test.highloka.com/_next/static/chunks/pages/index-ab6d088fbeefd623.js (1)
[21510:21510:0526/170945.397569:INFO:CONSOLE:1] "windowHeight 966 1866 [object Window]", source: https://test.highloka.com/_next/static/chunks/pages/index-ab6d088fbeefd623.js (1)
[21510:21510:0526/170945.397711:INFO:CONSOLE:1] "Current Parent Width: 480", source: https://test.highloka.com/_next/static/chunks/46-08188a3faabe9b73.js (1)
[21510:21510:0526/170945.397768:INFO:CONSOLE:1] "Changing the Image Container Style", source: https://test.highloka.com/_next/static/chunks/46-08188a3faabe9b73.js (1)
[21510:21510:0526/170945.397806:INFO:CONSOLE:1] "[object Object]", source: https://test.highloka.com/_next/static/chunks/46-08188a3faabe9b73.js (1)
[21510:21510:0526/170945.397865:INFO:CONSOLE:1] "This is final image container style.", source: https://test.highloka.com/_next/static/chunks/46-08188a3faabe9b73.js (1)
[21510:21510:0526/170945.397882:INFO:CONSOLE:1] "[object Object]", source: https://test.highloka.com/_next/static/chunks/46-08188a3faabe9b73.js (1)
[21510:21510:0526/170945.397919:INFO:CONSOLE:1] "Current Parent Width: 480", source: https://test.highloka.com/_next/static/chunks/46-08188a3faabe9b73.js (1)
[21510:21510:0526/170945.397940:INFO:CONSOLE:1] "Changing the Image Container Style", source: https://test.highloka.com/_next/static/chunks/46-08188a3faabe9b73.js (1)
[21510:21510:0526/170945.397960:INFO:CONSOLE:1] "[object Object]", source: https://test.highloka.com/_next/static/chunks/46-08188a3faabe9b73.js (1)
[21510:21510:0526/170945.397992:INFO:CONSOLE:1] "This is final image container style.", source: https://test.highloka.com/_next/static/chunks/46-08188a3faabe9b73.js (1)
[21510:21510:0526/170945.398009:INFO:CONSOLE:1] "[object Object]", source: https://test.highloka.com/_next/static/chunks/46-08188a3faabe9b73.js (1)
[21510:21510:0526/170945.398045:INFO:CONSOLE:1] "Current Parent Width: 480", source: https://test.highloka.com/_next/static/chunks/46-08188a3faabe9b73.js (1)
[21510:21510:0526/170945.398063:INFO:CONSOLE:1] "Changing the Image Container Style", source: https://test.highloka.com/_next/static/chunks/46-08188a3faabe9b73.js (1)
[21510:21510:0526/170945.398080:INFO:CONSOLE:1] "[object Object]", source: https://test.highloka.com/_next/static/chunks/46-08188a3faabe9b73.js (1)
[21510:21510:0526/170945.398118:INFO:CONSOLE:1] "This is final image container style.", source: https://test.highloka.com/_next/static/chunks/46-08188a3faabe9b73.js (1)
[21510:21510:0526/170945.398135:INFO:CONSOLE:1] "[object Object]", source: https://test.highloka.com/_next/static/chunks/46-08188a3faabe9b73.js (1)
[21510:21510:0526/170945.398160:INFO:CONSOLE:1] "Current Parent Width: 480", source: https://test.highloka.com/_next/static/chunks/46-08188a3faabe9b73.js (1)
[21510:21510:0526/170945.398190:INFO:CONSOLE:1] "Changing the Image Container Style", source: https://test.highloka.com/_next/static/chunks/46-08188a3faabe9b73.js (1)
[21510:21510:0526/170945.398214:INFO:CONSOLE:1] "[object Object]", source: https://test.highloka.com/_next/static/chunks/46-08188a3faabe9b73.js (1)
[21510:21510:0526/170945.398246:INFO:CONSOLE:1] "This is final image container style.", source: https://test.highloka.com/_next/static/chunks/46-08188a3faabe9b73.js (1)
[21510:21510:0526/170945.398265:INFO:CONSOLE:1] "[object Object]", source: https://test.highloka.com/_next/static/chunks/46-08188a3faabe9b73.js (1)
[21510:21510:0526/170945.398296:INFO:CONSOLE:1] "Current Parent Width: 60", source: https://test.highloka.com/_next/static/chunks/46-08188a3faabe9b73.js (1)
[21510:21510:0526/170945.398312:INFO:CONSOLE:1] "Changing the Image Container Style", source: https://test.highloka.com/_next/static/chunks/46-08188a3faabe9b73.js (1)
[21510:21510:0526/170945.398330:INFO:CONSOLE:1] "[object Object]", source: https://test.highloka.com/_next/static/chunks/46-08188a3faabe9b73.js (1)
[21510:21510:0526/170945.398365:INFO:CONSOLE:1] "This is final image container style.", source: https://test.highloka.com/_next/static/chunks/46-08188a3faabe9b73.js (1)
[21510:21510:0526/170945.398381:INFO:CONSOLE:1] "[object Object]", source: https://test.highloka.com/_next/static/chunks/46-08188a3faabe9b73.js (1)
[21510:21510:0526/170945.398408:INFO:CONSOLE:1] "Current Parent Width: 60", source: https://test.highloka.com/_next/static/chunks/46-08188a3faabe9b73.js (1)
[21510:21510:0526/170945.398429:INFO:CONSOLE:1] "Changing the Image Container Style", source: https://test.highloka.com/_next/static/chunks/46-08188a3faabe9b73.js (1)
[21510:21510:0526/170945.398446:INFO:CONSOLE:1] "[object Object]", source: https://test.highloka.com/_next/static/chunks/46-08188a3faabe9b73.js (1)
[21510:21510:0526/170945.398476:INFO:CONSOLE:1] "This is final image container style.", source: https://test.highloka.com/_next/static/chunks/46-08188a3faabe9b73.js (1)
[21510:21510:0526/170945.398496:INFO:CONSOLE:1] "[object Object]", source: https://test.highloka.com/_next/static/chunks/46-08188a3faabe9b73.js (1)
[21510:21510:0526/170945.398526:INFO:CONSOLE:1] "Current Parent Width: 60", source: https://test.highloka.com/_next/static/chunks/46-08188a3faabe9b73.js (1)
[21510:21510:0526/170945.398542:INFO:CONSOLE:1] "Changing the Image Container Style", source: https://test.highloka.com/_next/static/chunks/46-08188a3faabe9b73.js (1)
[21510:21510:0526/170945.398562:INFO:CONSOLE:1] "[object Object]", source: https://test.highloka.com/_next/static/chunks/46-08188a3faabe9b73.js (1)
[21510:21510:0526/170945.398589:INFO:CONSOLE:1] "This is final image container style.", source: https://test.highloka.com/_next/static/chunks/46-08188a3faabe9b73.js (1)
[21510:21510:0526/170945.398611:INFO:CONSOLE:1] "[object Object]", source: https://test.highloka.com/_next/static/chunks/46-08188a3faabe9b73.js (1)
[21510:21510:0526/170945.398635:INFO:CONSOLE:1] "Current Parent Width: 60", source: https://test.highloka.com/_next/static/chunks/46-08188a3faabe9b73.js (1)
[21510:21510:0526/170945.398652:INFO:CONSOLE:1] "Changing the Image Container Style", source: https://test.highloka.com/_next/static/chunks/46-08188a3faabe9b73.js (1)
[21510:21510:0526/170945.398669:INFO:CONSOLE:1] "[object Object]", source: https://test.highloka.com/_next/static/chunks/46-08188a3faabe9b73.js (1)
[21510:21510:0526/170945.398701:INFO:CONSOLE:1] "This is final image container style.", source: https://test.highloka.com/_next/static/chunks/46-08188a3faabe9b73.js (1)
[21510:21510:0526/170945.398717:INFO:CONSOLE:1] "[object Object]", source: https://test.highloka.com/_next/static/chunks/46-08188a3faabe9b73.js (1)
[21510:21510:0526/170945.398748:INFO:CONSOLE:1] "Current Parent Width: 60", source: https://test.highloka.com/_next/static/chunks/46-08188a3faabe9b73.js (1)
[21510:21510:0526/170945.398764:INFO:CONSOLE:1] "Changing the Image Container Style", source: https://test.highloka.com/_next/static/chunks/46-08188a3faabe9b73.js (1)
[21510:21510:0526/170945.398780:INFO:CONSOLE:1] "[object Object]", source: https://test.highloka.com/_next/static/chunks/46-08188a3faabe9b73.js (1)
[21510:21510:0526/170945.398810:INFO:CONSOLE:1] "This is final image container style.", source: https://test.highloka.com/_next/static/chunks/46-08188a3faabe9b73.js (1)
[21510:21510:0526/170945.398827:INFO:CONSOLE:1] "[object Object]", source: https://test.highloka.com/_next/static/chunks/46-08188a3faabe9b73.js (1)
[21510:21510:0526/170945.398855:INFO:CONSOLE:1] "Current Parent Width: 60", source: https://test.highloka.com/_next/static/chunks/46-08188a3faabe9b73.js (1)
[21510:21510:0526/170945.398872:INFO:CONSOLE:1] "Changing the Image Container Style", source: https://test.highloka.com/_next/static/chunks/46-08188a3faabe9b73.js (1)
[21510:21510:0526/170945.398889:INFO:CONSOLE:1] "[object Object]", source: https://test.highloka.com/_next/static/chunks/46-08188a3faabe9b73.js (1)
[21510:21510:0526/170945.398924:INFO:CONSOLE:1] "This is final image container style.", source: https://test.highloka.com/_next/static/chunks/46-08188a3faabe9b73.js (1)
[21510:21510:0526/170945.398942:INFO:CONSOLE:1] "[object Object]", source: https://test.highloka.com/_next/static/chunks/46-08188a3faabe9b73.js (1)
[21510:21510:0526/170945.398968:INFO:CONSOLE:1] "Current Parent Width: 48", source: https://test.highloka.com/_next/static/chunks/46-08188a3faabe9b73.js (1)
[21510:21510:0526/170945.398985:INFO:CONSOLE:1] "Changing the Image Container Style", source: https://test.highloka.com/_next/static/chunks/46-08188a3faabe9b73.js (1)
[21510:21510:0526/170945.399006:INFO:CONSOLE:1] "[object Object]", source: https://test.highloka.com/_next/static/chunks/46-08188a3faabe9b73.js (1)
[21510:21510:0526/170945.399036:INFO:CONSOLE:1] "This is final image container style.", source: https://test.highloka.com/_next/static/chunks/46-08188a3faabe9b73.js (1)
[21510:21510:0526/170945.399052:INFO:CONSOLE:1] "[object Object]", source: https://test.highloka.com/_next/static/chunks/46-08188a3faabe9b73.js (1)
[21510:21510:0526/170945.399078:INFO:CONSOLE:1] "Current Parent Width: 48", source: https://test.highloka.com/_next/static/chunks/46-08188a3faabe9b73.js (1)
[21510:21510:0526/170945.399099:INFO:CONSOLE:1] "Changing the Image Container Style", source: https://test.highloka.com/_next/static/chunks/46-08188a3faabe9b73.js (1)
[21510:21510:0526/170945.399115:INFO:CONSOLE:1] "[object Object]", source: https://test.highloka.com/_next/static/chunks/46-08188a3faabe9b73.js (1)
[21510:21510:0526/170945.399145:INFO:CONSOLE:1] "This is final image container style.", source: https://test.highloka.com/_next/static/chunks/46-08188a3faabe9b73.js (1)
[21510:21510:0526/170945.399161:INFO:CONSOLE:1] "[object Object]", source: https://test.highloka.com/_next/static/chunks/46-08188a3faabe9b73.js (1)
[21510:21510:0526/170945.399199:INFO:CONSOLE:1] "Current Parent Width: 48", source: https://test.highloka.com/_next/static/chunks/46-08188a3faabe9b73.js (1)
[21510:21510:0526/170945.399217:INFO:CONSOLE:1] "Changing the Image Container Style", source: https://test.highloka.com/_next/static/chunks/46-08188a3faabe9b73.js (1)
[21510:21510:0526/170945.399233:INFO:CONSOLE:1] "[object Object]", source: https://test.highloka.com/_next/static/chunks/46-08188a3faabe9b73.js (1)
[21510:21510:0526/170945.399258:INFO:CONSOLE:1] "This is final image container style.", source: https://test.highloka.com/_next/static/chunks/46-08188a3faabe9b73.js (1)
[21510:21510:0526/170945.399274:INFO:CONSOLE:1] "[object Object]", source: https://test.highloka.com/_next/static/chunks/46-08188a3faabe9b73.js (1)
[21510:21510:0526/170945.399301:INFO:CONSOLE:1] "Current Parent Width: 245", source: https://test.highloka.com/_next/static/chunks/46-08188a3faabe9b73.js (1)
[21510:21510:0526/170945.399322:INFO:CONSOLE:1] "Changing the Image Container Style", source: https://test.highloka.com/_next/static/chunks/46-08188a3faabe9b73.js (1)
[21510:21510:0526/170945.399339:INFO:CONSOLE:1] "[object Object]", source: https://test.highloka.com/_next/static/chunks/46-08188a3faabe9b73.js (1)
[21510:21510:0526/170945.399369:INFO:CONSOLE:1] "This is final image container style.", source: https://test.highloka.com/_next/static/chunks/46-08188a3faabe9b73.js (1)
[21510:21510:0526/170945.399385:INFO:CONSOLE:1] "[object Object]", source: https://test.highloka.com/_next/static/chunks/46-08188a3faabe9b73.js (1)
[21510:21510:0526/170945.399413:INFO:CONSOLE:1] "Current Parent Width: 221", source: https://test.highloka.com/_next/static/chunks/46-08188a3faabe9b73.js (1)
[21510:21510:0526/170945.399431:INFO:CONSOLE:1] "Changing the Image Container Style", source: https://test.highloka.com/_next/static/chunks/46-08188a3faabe9b73.js (1)
[21510:21510:0526/170945.399447:INFO:CONSOLE:1] "[object Object]", source: https://test.highloka.com/_next/static/chunks/46-08188a3faabe9b73.js (1)
[21510:21510:0526/170945.399480:INFO:CONSOLE:1] "This is final image container style.", source: https://test.highloka.com/_next/static/chunks/46-08188a3faabe9b73.js (1)
[21510:21510:0526/170945.399497:INFO:CONSOLE:1] "[object Object]", source: https://test.highloka.com/_next/static/chunks/46-08188a3faabe9b73.js (1)
[21510:21510:0526/170945.399546:INFO:CONSOLE:1] "isLoaded if true 0", source: https://test.highloka.com/_next/static/chunks/pages/index-ab6d088fbeefd623.js (1)
[21510:21510:0526/170945.399571:INFO:CONSOLE:1] "windowHeight 966 1866 [object Window]", source: https://test.highloka.com/_next/static/chunks/pages/index-ab6d088fbeefd623.js (1)
[21510:21510:0526/170945.399696:INFO:CONSOLE:1] "The Parallax Heights are contentRef[object HTMLDivElement] 966", source: https://test.highloka.com/_next/static/chunks/pages/index-ab6d088fbeefd623.js (1)
[21510:21510:0526/170945.403685:INFO:CONSOLE:1] "Changing the Image Container Style", source: https://test.highloka.com/_next/static/chunks/46-08188a3faabe9b73.js (1)
[21510:21510:0526/170945.403763:INFO:CONSOLE:1] "[object Object]", source: https://test.highloka.com/_next/static/chunks/46-08188a3faabe9b73.js (1)
[21510:21510:0526/170945.407233:INFO:CONSOLE:1] "This is final image container style.", source: https://test.highloka.com/_next/static/chunks/46-08188a3faabe9b73.js (1)
[21510:21510:0526/170945.407287:INFO:CONSOLE:1] "[object Object]", source: https://test.highloka.com/_next/static/chunks/46-08188a3faabe9b73.js (1)
[21510:21510:0526/170945.407299:INFO:CONSOLE:1] "Changing the Image Container Style", source: https://test.highloka.com/_next/static/chunks/46-08188a3faabe9b73.js (1)
[21510:21510:0526/170945.407309:INFO:CONSOLE:1] "[object Object]", source: https://test.highloka.com/_next/static/chunks/46-08188a3faabe9b73.js (1)
[21510:21510:0526/170945.407363:INFO:CONSOLE:1] "This is final image container style.", source: https://test.highloka.com/_next/static/chunks/46-08188a3faabe9b73.js (1)
[21510:21510:0526/170945.407387:INFO:CONSOLE:1] "[object Object]", source: https://test.highloka.com/_next/static/chunks/46-08188a3faabe9b73.js (1)
[21510:21510:0526/170945.407414:INFO:CONSOLE:1] "Changing the Image Container Style", source: https://test.highloka.com/_next/static/chunks/46-08188a3faabe9b73.js (1)
[21510:21510:0526/170945.407431:INFO:CONSOLE:1] "[object Object]", source: https://test.highloka.com/_next/static/chunks/46-08188a3faabe9b73.js (1)
[21510:21510:0526/170945.407463:INFO:CONSOLE:1] "This is final image container style.", source: https://test.highloka.com/_next/static/chunks/46-08188a3faabe9b73.js (1)
[21510:21510:0526/170945.407480:INFO:CONSOLE:1] "[object Object]", source: https://test.highloka.com/_next/static/chunks/46-08188a3faabe9b73.js (1)
[21510:21510:0526/170945.407519:INFO:CONSOLE:1] "Changing the Image Container Style", source: https://test.highloka.com/_next/static/chunks/46-08188a3faabe9b73.js (1)
[21510:21510:0526/170945.407530:INFO:CONSOLE:1] "[object Object]", source: https://test.highloka.com/_next/static/chunks/46-08188a3faabe9b73.js (1)
[21510:21510:0526/170945.407562:INFO:CONSOLE:1] "This is final image container style.", source: https://test.highloka.com/_next/static/chunks/46-08188a3faabe9b73.js (1)
[21510:21510:0526/170945.407584:INFO:CONSOLE:1] "[object Object]", source: https://test.highloka.com/_next/static/chunks/46-08188a3faabe9b73.js (1)
[21510:21510:0526/170945.407611:INFO:CONSOLE:1] "Changing the Image Container Style", source: https://test.highloka.com/_next/static/chunks/46-08188a3faabe9b73.js (1)
[21510:21510:0526/170945.407631:INFO:CONSOLE:1] "[object Object]", source: https://test.highloka.com/_next/static/chunks/46-08188a3faabe9b73.js (1)
[21510:21510:0526/170945.407662:INFO:CONSOLE:1] "This is final image container style.", source: https://test.highloka.com/_next/static/chunks/46-08188a3faabe9b73.js (1)
[21510:21510:0526/170945.407681:INFO:CONSOLE:1] "[object Object]", source: https://test.highloka.com/_next/static/chunks/46-08188a3faabe9b73.js (1)
[21510:21510:0526/170945.407710:INFO:CONSOLE:1] "Changing the Image Container Style", source: https://test.highloka.com/_next/static/chunks/46-08188a3faabe9b73.js (1)
[21510:21510:0526/170945.407731:INFO:CONSOLE:1] "[object Object]", source: https://test.highloka.com/_next/static/chunks/46-08188a3faabe9b73.js (1)
[21510:21510:0526/170945.407760:INFO:CONSOLE:1] "This is final image container style.", source: https://test.highloka.com/_next/static/chunks/46-08188a3faabe9b73.js (1)
[21510:21510:0526/170945.407778:INFO:CONSOLE:1] "[object Object]", source: https://test.highloka.com/_next/static/chunks/46-08188a3faabe9b73.js (1)
[21510:21510:0526/170945.407803:INFO:CONSOLE:1] "Changing the Image Container Style", source: https://test.highloka.com/_next/static/chunks/46-08188a3faabe9b73.js (1)
[21510:21510:0526/170945.407820:INFO:CONSOLE:1] "[object Object]", source: https://test.highloka.com/_next/static/chunks/46-08188a3faabe9b73.js (1)
[21510:21510:0526/170945.407852:INFO:CONSOLE:1] "This is final image container style.", source: https://test.highloka.com/_next/static/chunks/46-08188a3faabe9b73.js (1)
[21510:21510:0526/170945.407871:INFO:CONSOLE:1] "[object Object]", source: https://test.highloka.com/_next/static/chunks/46-08188a3faabe9b73.js (1)
[21510:21510:0526/170945.407913:INFO:CONSOLE:1] "Changing the Image Container Style", source: https://test.highloka.com/_next/static/chunks/46-08188a3faabe9b73.js (1)
[21510:21510:0526/170945.407935:INFO:CONSOLE:1] "[object Object]", source: https://test.highloka.com/_next/static/chunks/46-08188a3faabe9b73.js (1)
[21510:21510:0526/170945.407965:INFO:CONSOLE:1] "This is final image container style.", source: https://test.highloka.com/_next/static/chunks/46-08188a3faabe9b73.js (1)
[21510:21510:0526/170945.407986:INFO:CONSOLE:1] "[object Object]", source: https://test.highloka.com/_next/static/chunks/46-08188a3faabe9b73.js (1)
[21510:21510:0526/170945.408025:INFO:CONSOLE:1] "Changing the Image Container Style", source: https://test.highloka.com/_next/static/chunks/46-08188a3faabe9b73.js (1)
[21510:21510:0526/170945.408047:INFO:CONSOLE:1] "[object Object]", source: https://test.highloka.com/_next/static/chunks/46-08188a3faabe9b73.js (1)
[21510:21510:0526/170945.408075:INFO:CONSOLE:1] "This is final image container style.", source: https://test.highloka.com/_next/static/chunks/46-08188a3faabe9b73.js (1)
[21510:21510:0526/170945.408095:INFO:CONSOLE:1] "[object Object]", source: https://test.highloka.com/_next/static/chunks/46-08188a3faabe9b73.js (1)
[21510:21510:0526/170945.408124:INFO:CONSOLE:1] "Changing the Image Container Style", source: https://test.highloka.com/_next/static/chunks/46-08188a3faabe9b73.js (1)
[21510:21510:0526/170945.408136:INFO:CONSOLE:1] "[object Object]", source: https://test.highloka.com/_next/static/chunks/46-08188a3faabe9b73.js (1)
[21510:21510:0526/170945.408170:INFO:CONSOLE:1] "This is final image container style.", source: https://test.highloka.com/_next/static/chunks/46-08188a3faabe9b73.js (1)
[21510:21510:0526/170945.408194:INFO:CONSOLE:1] "[object Object]", source: https://test.highloka.com/_next/static/chunks/46-08188a3faabe9b73.js (1)
[21510:21510:0526/170945.408228:INFO:CONSOLE:1] "Changing the Image Container Style", source: https://test.highloka.com/_next/static/chunks/46-08188a3faabe9b73.js (1)
[21510:21510:0526/170945.408245:INFO:CONSOLE:1] "[object Object]", source: https://test.highloka.com/_next/static/chunks/46-08188a3faabe9b73.js (1)
[21510:21510:0526/170945.408278:INFO:CONSOLE:1] "This is final image container style.", source: https://test.highloka.com/_next/static/chunks/46-08188a3faabe9b73.js (1)
[21510:21510:0526/170945.408294:INFO:CONSOLE:1] "[object Object]", source: https://test.highloka.com/_next/static/chunks/46-08188a3faabe9b73.js (1)
[21510:21510:0526/170945.408329:INFO:CONSOLE:1] "Changing the Image Container Style", source: https://test.highloka.com/_next/static/chunks/46-08188a3faabe9b73.js (1)
[21510:21510:0526/170945.408346:INFO:CONSOLE:1] "[object Object]", source: https://test.highloka.com/_next/static/chunks/46-08188a3faabe9b73.js (1)
[21510:21510:0526/170945.408390:INFO:CONSOLE:1] "This is final image container style.", source: https://test.highloka.com/_next/static/chunks/46-08188a3faabe9b73.js (1)
[21510:21510:0526/170945.408409:INFO:CONSOLE:1] "[object Object]", source: https://test.highloka.com/_next/static/chunks/46-08188a3faabe9b73.js (1)
[21510:21510:0526/170945.408435:INFO:CONSOLE:1] "Changing the Image Container Style", source: https://test.highloka.com/_next/static/chunks/46-08188a3faabe9b73.js (1)
[21510:21510:0526/170945.408455:INFO:CONSOLE:1] "[object Object]", source: https://test.highloka.com/_next/static/chunks/46-08188a3faabe9b73.js (1)
[21510:21510:0526/170945.408483:INFO:CONSOLE:1] "This is final image container style.", source: https://test.highloka.com/_next/static/chunks/46-08188a3faabe9b73.js (1)
[21510:21510:0526/170945.408496:INFO:CONSOLE:1] "[object Object]", source: https://test.highloka.com/_next/static/chunks/46-08188a3faabe9b73.js (1)
[21510:21510:0526/170945.408528:INFO:CONSOLE:1] "Changing the Image Container Style", source: https://test.highloka.com/_next/static/chunks/46-08188a3faabe9b73.js (1)
[21510:21510:0526/170945.408549:INFO:CONSOLE:1] "[object Object]", source: https://test.highloka.com/_next/static/chunks/46-08188a3faabe9b73.js (1)
[21510:21510:0526/170945.408578:INFO:CONSOLE:1] "This is final image container style.", source: https://test.highloka.com/_next/static/chunks/46-08188a3faabe9b73.js (1)
[21510:21510:0526/170945.408601:INFO:CONSOLE:1] "[object Object]", source: https://test.highloka.com/_next/static/chunks/46-08188a3faabe9b73.js (1)
[21510:21510:0526/170945.408634:INFO:CONSOLE:1] "Changing the Image Container Style", source: https://test.highloka.com/_next/static/chunks/46-08188a3faabe9b73.js (1)
[21510:21510:0526/170945.408644:INFO:CONSOLE:1] "[object Object]", source: https://test.highloka.com/_next/static/chunks/46-08188a3faabe9b73.js (1)
[21510:21510:0526/170945.408679:INFO:CONSOLE:1] "This is final image container style.", source: https://test.highloka.com/_next/static/chunks/46-08188a3faabe9b73.js (1)
[21510:21510:0526/170945.408696:INFO:CONSOLE:1] "[object Object]", source: https://test.highloka.com/_next/static/chunks/46-08188a3faabe9b73.js (1)
[21510:21510:0526/170945.412990:INFO:CONSOLE:1] "This is final image container style.", source: https://test.highloka.com/_next/static/chunks/46-08188a3faabe9b73.js (1)
[21510:21510:0526/170945.413024:INFO:CONSOLE:1] "[object Object]", source: https://test.highloka.com/_next/static/chunks/46-08188a3faabe9b73.js (1)
[21510:21510:0526/170945.413080:INFO:CONSOLE:1] "This is final image container style.", source: https://test.highloka.com/_next/static/chunks/46-08188a3faabe9b73.js (1)
[21510:21510:0526/170945.413104:INFO:CONSOLE:1] "[object Object]", source: https://test.highloka.com/_next/static/chunks/46-08188a3faabe9b73.js (1)
[21510:21510:0526/170945.413149:INFO:CONSOLE:1] "This is final image container style.", source: https://test.highloka.com/_next/static/chunks/46-08188a3faabe9b73.js (1)
[21510:21510:0526/170945.413186:INFO:CONSOLE:1] "[object Object]", source: https://test.highloka.com/_next/static/chunks/46-08188a3faabe9b73.js (1)
[21510:21510:0526/170945.413239:INFO:CONSOLE:1] "This is final image container style.", source: https://test.highloka.com/_next/static/chunks/46-08188a3faabe9b73.js (1)
[21510:21510:0526/170945.413259:INFO:CONSOLE:1] "[object Object]", source: https://test.highloka.com/_next/static/chunks/46-08188a3faabe9b73.js (1)
[21510:21510:0526/170945.413294:INFO:CONSOLE:1] "This is final image container style.", source: https://test.highloka.com/_next/static/chunks/46-08188a3faabe9b73.js (1)
[21510:21510:0526/170945.413324:INFO:CONSOLE:1] "[object Object]", source: https://test.highloka.com/_next/static/chunks/46-08188a3faabe9b73.js (1)
[21510:21510:0526/170945.413355:INFO:CONSOLE:1] "This is final image container style.", source: https://test.highloka.com/_next/static/chunks/46-08188a3faabe9b73.js (1)
[21510:21510:0526/170945.413381:INFO:CONSOLE:1] "[object Object]", source: https://test.highloka.com/_next/static/chunks/46-08188a3faabe9b73.js (1)
[21510:21510:0526/170945.413413:INFO:CONSOLE:1] "This is final image container style.", source: https://test.highloka.com/_next/static/chunks/46-08188a3faabe9b73.js (1)
[21510:21510:0526/170945.413440:INFO:CONSOLE:1] "[object Object]", source: https://test.highloka.com/_next/static/chunks/46-08188a3faabe9b73.js (1)
[21510:21510:0526/170945.413473:INFO:CONSOLE:1] "This is final image container style.", source: https://test.highloka.com/_next/static/chunks/46-08188a3faabe9b73.js (1)
[21510:21510:0526/170945.413498:INFO:CONSOLE:1] "[object Object]", source: https://test.highloka.com/_next/static/chunks/46-08188a3faabe9b73.js (1)
[21510:21510:0526/170945.413532:INFO:CONSOLE:1] "This is final image container style.", source: https://test.highloka.com/_next/static/chunks/46-08188a3faabe9b73.js (1)
[21510:21510:0526/170945.413553:INFO:CONSOLE:1] "[object Object]", source: https://test.highloka.com/_next/static/chunks/46-08188a3faabe9b73.js (1)
[21510:21510:0526/170945.413585:INFO:CONSOLE:1] "This is final image container style.", source: https://test.highloka.com/_next/static/chunks/46-08188a3faabe9b73.js (1)
[21510:21510:0526/170945.413606:INFO:CONSOLE:1] "[object Object]", source: https://test.highloka.com/_next/static/chunks/46-08188a3faabe9b73.js (1)
[21510:21510:0526/170945.413639:INFO:CONSOLE:1] "This is final image container style.", source: https://test.highloka.com/_next/static/chunks/46-08188a3faabe9b73.js (1)
[21510:21510:0526/170945.413658:INFO:CONSOLE:1] "[object Object]", source: https://test.highloka.com/_next/static/chunks/46-08188a3faabe9b73.js (1)
[21510:21510:0526/170945.413691:INFO:CONSOLE:1] "This is final image container style.", source: https://test.highloka.com/_next/static/chunks/46-08188a3faabe9b73.js (1)
[21510:21510:0526/170945.413712:INFO:CONSOLE:1] "[object Object]", source: https://test.highloka.com/_next/static/chunks/46-08188a3faabe9b73.js (1)
[21510:21510:0526/170945.413742:INFO:CONSOLE:1] "This is final image container style.", source: https://test.highloka.com/_next/static/chunks/46-08188a3faabe9b73.js (1)
[21510:21510:0526/170945.413769:INFO:CONSOLE:1] "[object Object]", source: https://test.highloka.com/_next/static/chunks/46-08188a3faabe9b73.js (1)
[21510:21510:0526/170945.413799:INFO:CONSOLE:1] "This is final image container style.", source: https://test.highloka.com/_next/static/chunks/46-08188a3faabe9b73.js (1)
[21510:21510:0526/170945.413822:INFO:CONSOLE:1] "[object Object]", source: https://test.highloka.com/_next/static/chunks/46-08188a3faabe9b73.js (1)
[21510:21510:0526/170945.413853:INFO:CONSOLE:1] "This is final image container style.", source: https://test.highloka.com/_next/static/chunks/46-08188a3faabe9b73.js (1)
[21510:21510:0526/170945.413878:INFO:CONSOLE:1] "[object Object]", source: https://test.highloka.com/_next/static/chunks/46-08188a3faabe9b73.js (1)
[21510:21510:0526/170945.443385:INFO:CONSOLE:1] "pageObject [object Object]", source: https://test.highloka.com/_next/static/chunks/794-7aa005332a3078f7.js (1)
[21510:21510:0526/170945.443455:INFO:CONSOLE:1] "pageObject AppHome", source: https://test.highloka.com/_next/static/chunks/794-7aa005332a3078f7.js (1)
[21510:21510:0526/170945.443477:INFO:CONSOLE:1] "Setting Scroll scrollTrackingEl [object Object]", source: https://test.highloka.com/_next/static/chunks/794-7aa005332a3078f7.js (1)
[21510:21510:0526/170945.443496:INFO:CONSOLE:1] "scrollTrackingEl [object HTMLElement]", source: https://test.highloka.com/_next/static/chunks/794-7aa005332a3078f7.js (1)
[21510:21510:0526/170945.443515:INFO:CONSOLE:1] "userLoginState showLogin false otpConfirmedSuccessfully [object Object] [object Object]", source: https://test.highloka.com/_next/static/chunks/794-7aa005332a3078f7.js (1)
[21510:21510:0526/170945.443538:INFO:CONSOLE:1] "Resetting", source: https://test.highloka.com/_next/static/chunks/46-08188a3faabe9b73.js (1)
[21510:21510:0526/170945.443556:INFO:CONSOLE:1] "Current Parent Width: 0", source: https://test.highloka.com/_next/static/chunks/46-08188a3faabe9b73.js (1)
[21510:21510:0526/170945.443573:INFO:CONSOLE:1] "This is final image container style.", source: https://test.highloka.com/_next/static/chunks/46-08188a3faabe9b73.js (1)
[21510:21510:0526/170945.443591:INFO:CONSOLE:1] "[object Object]", source: https://test.highloka.com/_next/static/chunks/46-08188a3faabe9b73.js (1)
[21510:21510:0526/170945.443723:INFO:CONSOLE:79] "%c action %cGET_ACTIVE_ES_CONCERTS %c@ 17:09:45.443 color: gray; font-weight: lighter; color: inherit; color: gray; font-weight: lighter;", source: https://test.highloka.com/_next/static/chunks/pages/_app-4e0a347dc425d5bf.js (79)
[21510:21510:0526/170945.443753:INFO:CONSOLE:79] "%c prev state color: #9E9E9E; font-weight: bold [object Object]", source: https://test.highloka.com/_next/static/chunks/pages/_app-4e0a347dc425d5bf.js (79)
[21510:21510:0526/170945.443838:INFO:CONSOLE:79] "%c action     color: #03A9F4; font-weight: bold [object Object]", source: https://test.highloka.com/_next/static/chunks/pages/_app-4e0a347dc425d5bf.js (79)
[21510:21510:0526/170945.443871:INFO:CONSOLE:79] "%c next state color: #4CAF50; font-weight: bold [object Object]", source: https://test.highloka.com/_next/static/chunks/pages/_app-4e0a347dc425d5bf.js (79)
[21510:21510:0526/170945.443892:INFO:CONSOLE:79] "console.groupEnd", source: https://test.highloka.com/_next/static/chunks/pages/_app-4e0a347dc425d5bf.js (79)
[21510:21510:0526/170945.444719:INFO:CONSOLE:79] "%c action %cGET_USER_ACCESS_GRANTED_CONCERTS %c@ 17:09:45.444 color: gray; font-weight: lighter; color: inherit; color: gray; font-weight: lighter;", source: https://test.highloka.com/_next/static/chunks/pages/_app-4e0a347dc425d5bf.js (79)
[21510:21510:0526/170945.444774:INFO:CONSOLE:79] "%c prev state color: #9E9E9E; font-weight: bold [object Object]", source: https://test.highloka.com/_next/static/chunks/pages/_app-4e0a347dc425d5bf.js (79)
[21510:21510:0526/170945.444849:INFO:CONSOLE:79] "%c action     color: #03A9F4; font-weight: bold [object Object]", source: https://test.highloka.com/_next/static/chunks/pages/_app-4e0a347dc425d5bf.js (79)
[21510:21510:0526/170945.444912:INFO:CONSOLE:79] "%c next state color: #4CAF50; font-weight: bold [object Object]", source: https://test.highloka.com/_next/static/chunks/pages/_app-4e0a347dc425d5bf.js (79)
[21510:21510:0526/170945.444967:INFO:CONSOLE:79] "console.groupEnd", source: https://test.highloka.com/_next/static/chunks/pages/_app-4e0a347dc425d5bf.js (79)
[21510:21510:0526/170945.450889:INFO:CONSOLE:1] "pageObject [object Object]", source: https://test.highloka.com/_next/static/chunks/794-7aa005332a3078f7.js (1)
[21510:21510:0526/170945.450975:INFO:CONSOLE:1] "pageObject AppHome", source: https://test.highloka.com/_next/static/chunks/794-7aa005332a3078f7.js (1)
[21510:21510:0526/170945.451003:INFO:CONSOLE:1] "Setting Scroll scrollTrackingEl [object Object]", source: https://test.highloka.com/_next/static/chunks/794-7aa005332a3078f7.js (1)
[21510:21510:0526/170945.451072:INFO:CONSOLE:1] "scrollTrackingEl [object HTMLElement]", source: https://test.highloka.com/_next/static/chunks/794-7aa005332a3078f7.js (1)
[21510:21510:0526/170945.452052:INFO:CONSOLE:1] "Current Parent Width: 221", source: https://test.highloka.com/_next/static/chunks/46-08188a3faabe9b73.js (1)
[21510:21510:0526/170945.452082:INFO:CONSOLE:1] "Changing the Image Container Style", source: https://test.highloka.com/_next/static/chunks/46-08188a3faabe9b73.js (1)
[21510:21510:0526/170945.452099:INFO:CONSOLE:1] "[object Object]", source: https://test.highloka.com/_next/static/chunks/46-08188a3faabe9b73.js (1)
[21510:21510:0526/170945.452152:INFO:CONSOLE:1] "This is final image container style.", source: https://test.highloka.com/_next/static/chunks/46-08188a3faabe9b73.js (1)
[21510:21510:0526/170945.452172:INFO:CONSOLE:1] "[object Object]", source: https://test.highloka.com/_next/static/chunks/46-08188a3faabe9b73.js (1)
[21510:21510:0526/170945.452941:INFO:CONSOLE:1] "Changing the Image Container Style", source: https://test.highloka.com/_next/static/chunks/46-08188a3faabe9b73.js (1)
[21510:21510:0526/170945.452975:INFO:CONSOLE:1] "[object Object]", source: https://test.highloka.com/_next/static/chunks/46-08188a3faabe9b73.js (1)
[21510:21510:0526/170945.453066:INFO:CONSOLE:1] "This is final image container style.", source: https://test.highloka.com/_next/static/chunks/46-08188a3faabe9b73.js (1)
[21510:21510:0526/170945.453109:INFO:CONSOLE:1] "[object Object]", source: https://test.highloka.com/_next/static/chunks/46-08188a3faabe9b73.js (1)
[21510:21510:0526/170945.453303:INFO:CONSOLE:1] "This is final image container style.", source: https://test.highloka.com/_next/static/chunks/46-08188a3faabe9b73.js (1)
[21510:21510:0526/170945.453337:INFO:CONSOLE:1] "[object Object]", source: https://test.highloka.com/_next/static/chunks/46-08188a3faabe9b73.js (1)
[21510:21510:0526/170946.072549:INFO:CONSOLE:67] "[object Object]", source: https://test.highloka.com/_next/static/chunks/pages/_app-4e0a347dc425d5bf.js (67)
[21510:21510:0526/170946.073028:INFO:CONSOLE:79] "%c action %cREFRESH_LOGIN_DATA_FROM_BACKEND %c@ 17:09:46.072 color: gray; font-weight: lighter; color: inherit; color: gray; font-weight: lighter;", source: https://test.highloka.com/_next/static/chunks/pages/_app-4e0a347dc425d5bf.js (79)
[21510:21510:0526/170946.073102:INFO:CONSOLE:79] "%c prev state color: #9E9E9E; font-weight: bold [object Object]", source: https://test.highloka.com/_next/static/chunks/pages/_app-4e0a347dc425d5bf.js (79)
[21510:21510:0526/170946.073279:INFO:CONSOLE:79] "%c action     color: #03A9F4; font-weight: bold [object Object]", source: https://test.highloka.com/_next/static/chunks/pages/_app-4e0a347dc425d5bf.js (79)
[21510:21510:0526/170946.073426:INFO:CONSOLE:79] "%c next state color: #4CAF50; font-weight: bold [object Object]", source: https://test.highloka.com/_next/static/chunks/pages/_app-4e0a347dc425d5bf.js (79)
[21510:21510:0526/170946.073558:INFO:CONSOLE:79] "console.groupEnd", source: https://test.highloka.com/_next/static/chunks/pages/_app-4e0a347dc425d5bf.js (79)
[21510:21510:0526/170946.073856:INFO:CONSOLE:67] "object", source: https://test.highloka.com/_next/static/chunks/pages/_app-4e0a347dc425d5bf.js (67)
[21510:21510:0526/170946.074134:INFO:CONSOLE:79] "%c action %cGET_USER_ACCESS_GRANTED_CONCERTS_SUCCESS %c@ 17:09:46.073 color: gray; font-weight: lighter; color: inherit; color: gray; font-weight: lighter;", source: https://test.highloka.com/_next/static/chunks/pages/_app-4e0a347dc425d5bf.js (79)
[21510:21510:0526/170946.074221:INFO:CONSOLE:79] "%c prev state color: #9E9E9E; font-weight: bold [object Object]", source: https://test.highloka.com/_next/static/chunks/pages/_app-4e0a347dc425d5bf.js (79)
[21510:21510:0526/170946.074359:INFO:CONSOLE:79] "%c action     color: #03A9F4; font-weight: bold [object Object]", source: https://test.highloka.com/_next/static/chunks/pages/_app-4e0a347dc425d5bf.js (79)
[21510:21510:0526/170946.074493:INFO:CONSOLE:79] "%c next state color: #4CAF50; font-weight: bold [object Object]", source: https://test.highloka.com/_next/static/chunks/pages/_app-4e0a347dc425d5bf.js (79)
[21510:21510:0526/170946.074604:INFO:CONSOLE:79] "console.groupEnd", source: https://test.highloka.com/_next/static/chunks/pages/_app-4e0a347dc425d5bf.js (79)
[21510:21510:0526/170946.074699:INFO:CONSOLE:67] "sagasagasagasagasagasagasagasagasagasagasaga", source: https://test.highloka.com/_next/static/chunks/pages/_app-4e0a347dc425d5bf.js (67)
[21510:21510:0526/170946.076619:INFO:CONSOLE:1] "^^^^^^^^^^^^^^^^^^^^^^^^^^^^", source: https://test.highloka.com/_next/static/chunks/pages/index-ab6d088fbeefd623.js (1)
[21510:21510:0526/170946.076654:INFO:CONSOLE:1] "[object Object]", source: https://test.highloka.com/_next/static/chunks/pages/index-ab6d088fbeefd623.js (1)
[21510:21510:0526/170946.076756:INFO:CONSOLE:1] "^^^^^^^^^^^^^^^^^^^^^^^^^^^^", source: https://test.highloka.com/_next/static/chunks/pages/index-ab6d088fbeefd623.js (1)
[21510:21510:0526/170946.434829:INFO:CONSOLE:67] "[object Object]", source: https://test.highloka.com/_next/static/chunks/pages/_app-4e0a347dc425d5bf.js (67)
[21510:21510:0526/170946.435086:INFO:CONSOLE:67] "object", source: https://test.highloka.com/_next/static/chunks/pages/_app-4e0a347dc425d5bf.js (67)
[21510:21510:0526/170946.435702:INFO:CONSOLE:79] "%c action %cREFRESH_LOGIN_DATA_FROM_BACKEND %c@ 17:09:46.435 color: gray; font-weight: lighter; color: inherit; color: gray; font-weight: lighter;", source: https://test.highloka.com/_next/static/chunks/pages/_app-4e0a347dc425d5bf.js (79)
[21510:21510:0526/170946.435911:INFO:CONSOLE:79] "%c prev state color: #9E9E9E; font-weight: bold [object Object]", source: https://test.highloka.com/_next/static/chunks/pages/_app-4e0a347dc425d5bf.js (79)
[21510:21510:0526/170946.436400:INFO:CONSOLE:79] "%c action     color: #03A9F4; font-weight: bold [object Object]", source: https://test.highloka.com/_next/static/chunks/pages/_app-4e0a347dc425d5bf.js (79)
[21510:21510:0526/170946.436709:INFO:CONSOLE:79] "%c next state color: #4CAF50; font-weight: bold [object Object]", source: https://test.highloka.com/_next/static/chunks/pages/_app-4e0a347dc425d5bf.js (79)
[21510:21510:0526/170946.436945:INFO:CONSOLE:79] "console.groupEnd", source: https://test.highloka.com/_next/static/chunks/pages/_app-4e0a347dc425d5bf.js (79)
[21510:21510:0526/170946.437768:INFO:CONSOLE:79] "%c action %cGET_ACTIVE_ES_CONCERTS_SUCCESS %c@ 17:09:46.437 color: gray; font-weight: lighter; color: inherit; color: gray; font-weight: lighter;", source: https://test.highloka.com/_next/static/chunks/pages/_app-4e0a347dc425d5bf.js (79)
[21510:21510:0526/170946.437929:INFO:CONSOLE:79] "%c prev state color: #9E9E9E; font-weight: bold [object Object]", source: https://test.highloka.com/_next/static/chunks/pages/_app-4e0a347dc425d5bf.js (79)
[21510:21510:0526/170946.438218:INFO:CONSOLE:79] "%c action     color: #03A9F4; font-weight: bold [object Object]", source: https://test.highloka.com/_next/static/chunks/pages/_app-4e0a347dc425d5bf.js (79)
[21510:21510:0526/170946.438400:INFO:CONSOLE:79] "%c next state color: #4CAF50; font-weight: bold [object Object]", source: https://test.highloka.com/_next/static/chunks/pages/_app-4e0a347dc425d5bf.js (79)
[21510:21510:0526/170946.438640:INFO:CONSOLE:79] "console.groupEnd", source: https://test.highloka.com/_next/static/chunks/pages/_app-4e0a347dc425d5bf.js (79)
[21510:21510:0526/170946.438791:INFO:CONSOLE:67] "sagasagasagasagasagasagasagasagasagasagasaga", source: https://test.highloka.com/_next/static/chunks/pages/_app-4e0a347dc425d5bf.js (67)
[21510:21510:0526/170946.442638:INFO:CONSOLE:1] "This is final active es concerts set. finalActiveEsConcertSet userAccessGrantedConcertSet [object Object]", source: https://test.highloka.com/_next/static/chunks/pages/home-3f9bf9a389f588a4.js (1)
[21510:21510:0526/170946.442940:INFO:CONSOLE:1] "finalActiveEsConcertSet activeESConcertsSet [object Object],[object Object],[object Object],[object Object],[object Object],[object Object],[object Object],[object Object],[object Object],[object Object],[object Object],[object Object],[object Object],[object Object]", source: https://test.highloka.com/_next/static/chunks/pages/home-3f9bf9a389f588a4.js (1)
[21510:21510:0526/170948.895965:INFO:CONSOLE:79] "%c action %cGET_COMPLETE_EVENT_DETAILS %c@ 17:09:48.895 color: gray; font-weight: lighter; color: inherit; color: gray; font-weight: lighter;", source: https://test.highloka.com/_next/static/chunks/pages/_app-4e0a347dc425d5bf.js (79)
[21510:21510:0526/170948.896052:INFO:CONSOLE:79] "%c prev state color: #9E9E9E; font-weight: bold [object Object]", source: https://test.highloka.com/_next/static/chunks/pages/_app-4e0a347dc425d5bf.js (79)
[21510:21510:0526/170948.896137:INFO:CONSOLE:79] "%c action     color: #03A9F4; font-weight: bold [object Object]", source: https://test.highloka.com/_next/static/chunks/pages/_app-4e0a347dc425d5bf.js (79)
[21510:21510:0526/170948.896439:INFO:CONSOLE:79] "%c next state color: #4CAF50; font-weight: bold [object Object]", source: https://test.highloka.com/_next/static/chunks/pages/_app-4e0a347dc425d5bf.js (79)
[21510:21510:0526/170948.896476:INFO:CONSOLE:79] "console.groupEnd", source: https://test.highloka.com/_next/static/chunks/pages/_app-4e0a347dc425d5bf.js (79)
[21510:21510:0526/170948.897117:INFO:CONSOLE:67] "Starting fetch complete saga.", source: https://test.highloka.com/_next/static/chunks/pages/_app-4e0a347dc425d5bf.js (67)
[21510:21510:0526/170948.897331:INFO:CONSOLE:67] "[object Object]", source: https://test.highloka.com/_next/static/chunks/pages/_app-4e0a347dc425d5bf.js (67)
[21510:21510:0526/170948.897453:INFO:CONSOLE:67] "basic", source: https://test.highloka.com/_next/static/chunks/pages/_app-4e0a347dc425d5bf.js (67)
[21510:21510:0526/170948.897567:INFO:CONSOLE:67] "may-ondemand", source: https://test.highloka.com/_next/static/chunks/pages/_app-4e0a347dc425d5bf.js (67)
[21510:21510:0526/170948.897701:INFO:CONSOLE:67] "[object Object]", source: https://test.highloka.com/_next/static/chunks/pages/_app-4e0a347dc425d5bf.js (67)
[21510:21510:0526/170948.897816:INFO:CONSOLE:67] "[object Object]", source: https://test.highloka.com/_next/static/chunks/pages/_app-4e0a347dc425d5bf.js (67)
[21510:21510:0526/170948.897947:INFO:CONSOLE:67] "fetch_start", source: https://test.highloka.com/_next/static/chunks/pages/_app-4e0a347dc425d5bf.js (67)
[21510:21510:0526/170948.898040:INFO:CONSOLE:67] "Checkout Login Data", source: https://test.highloka.com/_next/static/chunks/pages/_app-4e0a347dc425d5bf.js (67)
[21510:21510:0526/170948.898157:INFO:CONSOLE:67] "[object Object]", source: https://test.highloka.com/_next/static/chunks/pages/_app-4e0a347dc425d5bf.js (67)
[21510:21510:0526/170948.898296:INFO:CONSOLE:67] "I'm inside fetch_start", source: https://test.highloka.com/_next/static/chunks/pages/_app-4e0a347dc425d5bf.js (67)
[21510:21510:0526/170948.898599:INFO:CONSOLE:79] "%c action %cSET_COMPLETE_EVENT_DETAILS_FETCH_STATUS %c@ 17:09:48.898 color: gray; font-weight: lighter; color: inherit; color: gray; font-weight: lighter;", source: https://test.highloka.com/_next/static/chunks/pages/_app-4e0a347dc425d5bf.js (79)
[21510:21510:0526/170948.898684:INFO:CONSOLE:79] "%c prev state color: #9E9E9E; font-weight: bold [object Object]", source: https://test.highloka.com/_next/static/chunks/pages/_app-4e0a347dc425d5bf.js (79)
[21510:21510:0526/170948.898804:INFO:CONSOLE:79] "%c action     color: #03A9F4; font-weight: bold [object Object]", source: https://test.highloka.com/_next/static/chunks/pages/_app-4e0a347dc425d5bf.js (79)
[21510:21510:0526/170948.898937:INFO:CONSOLE:79] "%c next state color: #4CAF50; font-weight: bold [object Object]", source: https://test.highloka.com/_next/static/chunks/pages/_app-4e0a347dc425d5bf.js (79)
[21510:21510:0526/170948.899034:INFO:CONSOLE:79] "console.groupEnd", source: https://test.highloka.com/_next/static/chunks/pages/_app-4e0a347dc425d5bf.js (79)
[21510:21510:0526/170948.899148:INFO:CONSOLE:67] "setting fetch state done.", source: https://test.highloka.com/_next/static/chunks/pages/_app-4e0a347dc425d5bf.js (67)
[21510:21510:0526/170948.899227:INFO:CONSOLE:67] "postLoginBasic", source: https://test.highloka.com/_next/static/chunks/pages/_app-4e0a347dc425d5bf.js (67)
[21510:21510:0526/170948.899301:INFO:CONSOLE:67] "https://testconnect.eventsthal.com/concerts/connect/getpostloginbasicconcertdetails", source: https://test.highloka.com/_next/static/chunks/pages/_app-4e0a347dc425d5bf.js (67)
[21510:21510:0526/170948.899390:INFO:CONSOLE:67] "[object Object]", source: https://test.highloka.com/_next/static/chunks/pages/_app-4e0a347dc425d5bf.js (67)
[21510:21510:0526/170948.899493:INFO:CONSOLE:67] "Making the axios call", source: https://test.highloka.com/_next/static/chunks/pages/_app-4e0a347dc425d5bf.js (67)
[21510:21510:0526/170948.901385:INFO:CONSOLE:1] "[object Object]", source: https://test.highloka.com/_next/static/chunks/pages/concerts/%5Bslug%5D/lobby-32f602ef45c96964.js (1)
[21510:21510:0526/170948.901555:INFO:CONSOLE:1] "This is the Complete Event Details Fetch Status", source: https://test.highloka.com/_next/static/chunks/pages/concerts/%5Bslug%5D/lobby-32f602ef45c96964.js (1)
[21510:21510:0526/170948.901601:INFO:CONSOLE:1] "fetching_in-progress", source: https://test.highloka.com/_next/static/chunks/pages/concerts/%5Bslug%5D/lobby-32f602ef45c96964.js (1)
[21510:21510:0526/170948.901712:INFO:CONSOLE:1] "This is current Concert Details.##############################", source: https://test.highloka.com/_next/static/chunks/pages/concerts/%5Bslug%5D/lobby-32f602ef45c96964.js (1)
[21510:21510:0526/170948.901745:INFO:CONSOLE:1] "null", source: https://test.highloka.com/_next/static/chunks/pages/concerts/%5Bslug%5D/lobby-32f602ef45c96964.js (1)
[21510:21510:0526/170948.901790:INFO:CONSOLE:1] "null", source: https://test.highloka.com/_next/static/chunks/pages/concerts/%5Bslug%5D/lobby-32f602ef45c96964.js (1)
[21510:21510:0526/170948.901838:INFO:CONSOLE:1] "[DONE] This is current Concert Details.##############################", source: https://test.highloka.com/_next/static/chunks/pages/concerts/%5Bslug%5D/lobby-32f602ef45c96964.js (1)
[21510:21510:0526/170948.902364:INFO:CONSOLE:1] "[object Object]", source: https://test.highloka.com/_next/static/chunks/pages/concerts/%5Bslug%5D/lobby-32f602ef45c96964.js (1)
[21510:21510:0526/170948.902443:INFO:CONSOLE:1] "This is current Concert Details.##############################", source: https://test.highloka.com/_next/static/chunks/pages/concerts/%5Bslug%5D/lobby-32f602ef45c96964.js (1)
[21510:21510:0526/170948.902494:INFO:CONSOLE:1] "null", source: https://test.highloka.com/_next/static/chunks/pages/concerts/%5Bslug%5D/lobby-32f602ef45c96964.js (1)
[21510:21510:0526/170948.902531:INFO:CONSOLE:1] "not_even_initiated", source: https://test.highloka.com/_next/static/chunks/pages/concerts/%5Bslug%5D/lobby-32f602ef45c96964.js (1)
[21510:21510:0526/170948.902566:INFO:CONSOLE:1] "[DONE] This is current Concert Details.##############################", source: https://test.highloka.com/_next/static/chunks/pages/concerts/%5Bslug%5D/lobby-32f602ef45c96964.js (1)
[21510:21510:0526/170949.266475:INFO:CONSOLE:67] "[object Object]", source: https://test.highloka.com/_next/static/chunks/pages/_app-4e0a347dc425d5bf.js (67)
[21510:21510:0526/170949.266799:INFO:CONSOLE:67] "object", source: https://test.highloka.com/_next/static/chunks/pages/_app-4e0a347dc425d5bf.js (67)
[21510:21510:0526/170949.267480:INFO:CONSOLE:79] "%c action %cREFRESH_LOGIN_DATA_FROM_BACKEND %c@ 17:09:49.266 color: gray; font-weight: lighter; color: inherit; color: gray; font-weight: lighter;", source: https://test.highloka.com/_next/static/chunks/pages/_app-4e0a347dc425d5bf.js (79)
[21510:21510:0526/170949.267669:INFO:CONSOLE:79] "%c prev state color: #9E9E9E; font-weight: bold [object Object]", source: https://test.highloka.com/_next/static/chunks/pages/_app-4e0a347dc425d5bf.js (79)
[21510:21510:0526/170949.268029:INFO:CONSOLE:79] "%c action     color: #03A9F4; font-weight: bold [object Object]", source: https://test.highloka.com/_next/static/chunks/pages/_app-4e0a347dc425d5bf.js (79)
[21510:21510:0526/170949.268281:INFO:CONSOLE:79] "%c next state color: #4CAF50; font-weight: bold [object Object]", source: https://test.highloka.com/_next/static/chunks/pages/_app-4e0a347dc425d5bf.js (79)
[21510:21510:0526/170949.268889:INFO:CONSOLE:79] "console.groupEnd", source: https://test.highloka.com/_next/static/chunks/pages/_app-4e0a347dc425d5bf.js (79)
[21510:21510:0526/170949.269760:INFO:CONSOLE:79] "%c action %cSET_COMPLETE_EVENT_DETAILS %c@ 17:09:49.269 color: gray; font-weight: lighter; color: inherit; color: gray; font-weight: lighter;", source: https://test.highloka.com/_next/static/chunks/pages/_app-4e0a347dc425d5bf.js (79)
[21510:21510:0526/170949.269948:INFO:CONSOLE:79] "%c prev state color: #9E9E9E; font-weight: bold [object Object]", source: https://test.highloka.com/_next/static/chunks/pages/_app-4e0a347dc425d5bf.js (79)
[21510:21510:0526/170949.270262:INFO:CONSOLE:79] "%c action     color: #03A9F4; font-weight: bold [object Object]", source: https://test.highloka.com/_next/static/chunks/pages/_app-4e0a347dc425d5bf.js (79)
[21510:21510:0526/170949.270550:INFO:CONSOLE:79] "%c next state color: #4CAF50; font-weight: bold [object Object]", source: https://test.highloka.com/_next/static/chunks/pages/_app-4e0a347dc425d5bf.js (79)
[21510:21510:0526/170949.270877:INFO:CONSOLE:79] "console.groupEnd", source: https://test.highloka.com/_next/static/chunks/pages/_app-4e0a347dc425d5bf.js (79)
[21510:21510:0526/170949.271520:INFO:CONSOLE:79] "%c action %cGET_COMPLETE_EVENT_DETAILS_SUCCESS %c@ 17:09:49.271 color: gray; font-weight: lighter; color: inherit; color: gray; font-weight: lighter;", source: https://test.highloka.com/_next/static/chunks/pages/_app-4e0a347dc425d5bf.js (79)
[21510:21510:0526/170949.271647:INFO:CONSOLE:79] "%c prev state color: #9E9E9E; font-weight: bold [object Object]", source: https://test.highloka.com/_next/static/chunks/pages/_app-4e0a347dc425d5bf.js (79)
[21510:21510:0526/170949.271916:INFO:CONSOLE:79] "%c action     color: #03A9F4; font-weight: bold [object Object]", source: https://test.highloka.com/_next/static/chunks/pages/_app-4e0a347dc425d5bf.js (79)
[21510:21510:0526/170949.272153:INFO:CONSOLE:79] "%c next state color: #4CAF50; font-weight: bold [object Object]", source: https://test.highloka.com/_next/static/chunks/pages/_app-4e0a347dc425d5bf.js (79)
[21510:21510:0526/170949.272396:INFO:CONSOLE:79] "console.groupEnd", source: https://test.highloka.com/_next/static/chunks/pages/_app-4e0a347dc425d5bf.js (79)
[21510:21510:0526/170949.272676:INFO:CONSOLE:67] "sagasagasagasagasagasagasagasagasagasagasaga", source: https://test.highloka.com/_next/static/chunks/pages/_app-4e0a347dc425d5bf.js (67)
[21510:21510:0526/170949.274825:INFO:CONSOLE:1] "[object Object]", source: https://test.highloka.com/_next/static/chunks/pages/concerts/%5Bslug%5D/lobby-32f602ef45c96964.js (1)
[21510:21510:0526/170949.275076:INFO:CONSOLE:1] "This is the Complete Event Details Fetch Status", source: https://test.highloka.com/_next/static/chunks/pages/concerts/%5Bslug%5D/lobby-32f602ef45c96964.js (1)
[21510:21510:0526/170949.275249:INFO:CONSOLE:1] "fetched", source: https://test.highloka.com/_next/static/chunks/pages/concerts/%5Bslug%5D/lobby-32f602ef45c96964.js (1)
[21510:21510:0526/170949.277448:INFO:CONSOLE:1] "[object Object]", source: https://test.highloka.com/_next/static/chunks/pages/concerts/%5Bslug%5D/lobby-32f602ef45c96964.js (1)
[21510:21510:0526/170949.277752:INFO:CONSOLE:1] "[object Object]", source: https://test.highloka.com/_next/static/chunks/pages/concerts/%5Bslug%5D/lobby-32f602ef45c96964.js (1)
[21510:21510:0526/170949.278905:INFO:CONSOLE:79] "%c action %cSET_COMPLETE_EVENT_DETAILS_FETCH_STATUS %c@ 17:09:49.278 color: gray; font-weight: lighter; color: inherit; color: gray; font-weight: lighter;", source: https://test.highloka.com/_next/static/chunks/pages/_app-4e0a347dc425d5bf.js (79)
[21510:21510:0526/170949.279082:INFO:CONSOLE:79] "%c prev state color: #9E9E9E; font-weight: bold [object Object]", source: https://test.highloka.com/_next/static/chunks/pages/_app-4e0a347dc425d5bf.js (79)
[21510:21510:0526/170949.279334:INFO:CONSOLE:79] "%c action     color: #03A9F4; font-weight: bold [object Object]", source: https://test.highloka.com/_next/static/chunks/pages/_app-4e0a347dc425d5bf.js (79)
[21510:21510:0526/170949.279575:INFO:CONSOLE:79] "%c next state color: #4CAF50; font-weight: bold [object Object]", source: https://test.highloka.com/_next/static/chunks/pages/_app-4e0a347dc425d5bf.js (79)
[21510:21510:0526/170949.279769:INFO:CONSOLE:79] "console.groupEnd", source: https://test.highloka.com/_next/static/chunks/pages/_app-4e0a347dc425d5bf.js (79)
[21510:21510:0526/170949.280006:INFO:CONSOLE:1] "This is current Concert Details.##############################", source: https://test.highloka.com/_next/static/chunks/pages/concerts/%5Bslug%5D/lobby-32f602ef45c96964.js (1)
[21510:21510:0526/170949.280109:INFO:CONSOLE:1] "null", source: https://test.highloka.com/_next/static/chunks/pages/concerts/%5Bslug%5D/lobby-32f602ef45c96964.js (1)
[21510:21510:0526/170949.280246:INFO:CONSOLE:1] "successful", source: https://test.highloka.com/_next/static/chunks/pages/concerts/%5Bslug%5D/lobby-32f602ef45c96964.js (1)
[21510:21510:0526/170949.280385:INFO:CONSOLE:1] "[DONE] This is current Concert Details.##############################", source: https://test.highloka.com/_next/static/chunks/pages/concerts/%5Bslug%5D/lobby-32f602ef45c96964.js (1)
[21510:21510:0526/170949.281850:INFO:CONSOLE:1] "This is the Complete Event Details Fetch Status", source: https://test.highloka.com/_next/static/chunks/pages/concerts/%5Bslug%5D/lobby-32f602ef45c96964.js (1)
[21510:21510:0526/170949.282336:INFO:CONSOLE:1] "fetching_not_initiated", source: https://test.highloka.com/_next/static/chunks/pages/concerts/%5Bslug%5D/lobby-32f602ef45c96964.js (1)
[21510:21510:0526/170949.286193:INFO:CONSOLE:1] "LobbyStopwatchComponent props [object Object]", source: https://test.highloka.com/_next/static/chunks/pages/concerts/%5Bslug%5D/lobby-32f602ef45c96964.js (1)
[21510:21510:0526/170949.292350:INFO:CONSOLE:1] "pageObject [object Object]", source: https://test.highloka.com/_next/static/chunks/794-7aa005332a3078f7.js (1)
[21510:21510:0526/170949.292423:INFO:CONSOLE:1] "pageObject concertLobbyPage", source: https://test.highloka.com/_next/static/chunks/794-7aa005332a3078f7.js (1)
[21510:21510:0526/170949.292485:INFO:CONSOLE:1] "Setting Scroll scrollTrackingEl [object Object]", source: https://test.highloka.com/_next/static/chunks/794-7aa005332a3078f7.js (1)
[21510:21510:0526/170949.292549:INFO:CONSOLE:1] "scrollTrackingEl [object HTMLDivElement]", source: https://test.highloka.com/_next/static/chunks/794-7aa005332a3078f7.js (1)
[21510:21510:0526/170949.293418:INFO:CONSOLE:1] "userLoginState showLogin false otpConfirmedSuccessfully [object Object] [object Object]", source: https://test.highloka.com/_next/static/chunks/794-7aa005332a3078f7.js (1)
[21510:21510:0526/170949.293532:INFO:CONSOLE:1] "This is current Concert Details.##############################", source: https://test.highloka.com/_next/static/chunks/pages/concerts/%5Bslug%5D/lobby-32f602ef45c96964.js (1)
[21510:21510:0526/170949.293561:INFO:CONSOLE:1] "[object Object]", source: https://test.highloka.com/_next/static/chunks/pages/concerts/%5Bslug%5D/lobby-32f602ef45c96964.js (1)
[21510:21510:0526/170949.293609:INFO:CONSOLE:1] "successful", source: https://test.highloka.com/_next/static/chunks/pages/concerts/%5Bslug%5D/lobby-32f602ef45c96964.js (1)
[21510:21510:0526/170949.293641:INFO:CONSOLE:1] "[DONE] This is current Concert Details.##############################", source: https://test.highloka.com/_next/static/chunks/pages/concerts/%5Bslug%5D/lobby-32f602ef45c96964.js (1)
[21510:21510:0526/170949.294963:INFO:CONSOLE:1] "LobbyStopwatchComponent props [object Object]", source: https://test.highloka.com/_next/static/chunks/pages/concerts/%5Bslug%5D/lobby-32f602ef45c96964.js (1)
[21510:21510:0526/170949.295306:INFO:CONSOLE:1] "pageObject [object Object]", source: https://test.highloka.com/_next/static/chunks/794-7aa005332a3078f7.js (1)
[21510:21510:0526/170949.295357:INFO:CONSOLE:1] "pageObject concertLobbyPage", source: https://test.highloka.com/_next/static/chunks/794-7aa005332a3078f7.js (1)
[21510:21510:0526/170949.295383:INFO:CONSOLE:1] "Setting Scroll scrollTrackingEl [object Object]", source: https://test.highloka.com/_next/static/chunks/794-7aa005332a3078f7.js (1)
[21510:21510:0526/170949.295428:INFO:CONSOLE:1] "scrollTrackingEl [object HTMLDivElement]", source: https://test.highloka.com/_next/static/chunks/794-7aa005332a3078f7.js (1)
[21510:21510:0526/170949.296034:INFO:CONSOLE:1] "LobbyStopwatchComponent props [object Object]", source: https://test.highloka.com/_next/static/chunks/pages/concerts/%5Bslug%5D/lobby-32f602ef45c96964.js (1)
[21510:21510:0526/170949.411102:INFO:CONSOLE:1] "Entering Arena", source: https://test.highloka.com/_next/static/chunks/pages/concerts/%5Bslug%5D/lobby-32f602ef45c96964.js (1)
[21510:21510:0526/170949.431721:INFO:CONSOLE:1] "slugggg may-ondemand undefined", source: https://test.highloka.com/_next/static/chunks/pages/concerts/%5Bslug%5D/arena-1595f5991389ce40.js (1)
[21510:21510:0526/170949.435833:INFO:CONSOLE:79] "%c action %cGET_COMPLETE_EVENT_DETAILS %c@ 17:09:49.435 color: gray; font-weight: lighter; color: inherit; color: gray; font-weight: lighter;", source: https://test.highloka.com/_next/static/chunks/pages/_app-4e0a347dc425d5bf.js (79)
[21510:21510:0526/170949.435875:INFO:CONSOLE:79] "%c prev state color: #9E9E9E; font-weight: bold [object Object]", source: https://test.highloka.com/_next/static/chunks/pages/_app-4e0a347dc425d5bf.js (79)
[21510:21510:0526/170949.435943:INFO:CONSOLE:79] "%c action     color: #03A9F4; font-weight: bold [object Object]", source: https://test.highloka.com/_next/static/chunks/pages/_app-4e0a347dc425d5bf.js (79)
[21510:21510:0526/170949.435985:INFO:CONSOLE:79] "%c next state color: #4CAF50; font-weight: bold [object Object]", source: https://test.highloka.com/_next/static/chunks/pages/_app-4e0a347dc425d5bf.js (79)
[21510:21510:0526/170949.436025:INFO:CONSOLE:79] "console.groupEnd", source: https://test.highloka.com/_next/static/chunks/pages/_app-4e0a347dc425d5bf.js (79)
[21510:21510:0526/170949.436156:INFO:CONSOLE:67] "Starting fetch complete saga.", source: https://test.highloka.com/_next/static/chunks/pages/_app-4e0a347dc425d5bf.js (67)
[21510:21510:0526/170949.436238:INFO:CONSOLE:67] "[object Object]", source: https://test.highloka.com/_next/static/chunks/pages/_app-4e0a347dc425d5bf.js (67)
[21510:21510:0526/170949.436331:INFO:CONSOLE:67] "concert", source: https://test.highloka.com/_next/static/chunks/pages/_app-4e0a347dc425d5bf.js (67)
[21510:21510:0526/170949.436385:INFO:CONSOLE:67] "may-ondemand", source: https://test.highloka.com/_next/static/chunks/pages/_app-4e0a347dc425d5bf.js (67)
[21510:21510:0526/170949.436440:INFO:CONSOLE:67] "[object Object]", source: https://test.highloka.com/_next/static/chunks/pages/_app-4e0a347dc425d5bf.js (67)
[21510:21510:0526/170949.436511:INFO:CONSOLE:67] "[object Object]", source: https://test.highloka.com/_next/static/chunks/pages/_app-4e0a347dc425d5bf.js (67)
[21510:21510:0526/170949.436582:INFO:CONSOLE:67] "fetch_start", source: https://test.highloka.com/_next/static/chunks/pages/_app-4e0a347dc425d5bf.js (67)
[21510:21510:0526/170949.436642:INFO:CONSOLE:67] "Checkout Login Data", source: https://test.highloka.com/_next/static/chunks/pages/_app-4e0a347dc425d5bf.js (67)
[21510:21510:0526/170949.436696:INFO:CONSOLE:67] "[object Object]", source: https://test.highloka.com/_next/static/chunks/pages/_app-4e0a347dc425d5bf.js (67)
[21510:21510:0526/170949.436767:INFO:CONSOLE:67] "I'm inside fetch_start", source: https://test.highloka.com/_next/static/chunks/pages/_app-4e0a347dc425d5bf.js (67)
[21510:21510:0526/170949.436884:INFO:CONSOLE:79] "%c action %cSET_COMPLETE_EVENT_DETAILS_FETCH_STATUS %c@ 17:09:49.436 color: gray; font-weight: lighter; color: inherit; color: gray; font-weight: lighter;", source: https://test.highloka.com/_next/static/chunks/pages/_app-4e0a347dc425d5bf.js (79)
[21510:21510:0526/170949.436922:INFO:CONSOLE:79] "%c prev state color: #9E9E9E; font-weight: bold [object Object]", source: https://test.highloka.com/_next/static/chunks/pages/_app-4e0a347dc425d5bf.js (79)
[21510:21510:0526/170949.436972:INFO:CONSOLE:79] "%c action     color: #03A9F4; font-weight: bold [object Object]", source: https://test.highloka.com/_next/static/chunks/pages/_app-4e0a347dc425d5bf.js (79)
[21510:21510:0526/170949.437017:INFO:CONSOLE:79] "%c next state color: #4CAF50; font-weight: bold [object Object]", source: https://test.highloka.com/_next/static/chunks/pages/_app-4e0a347dc425d5bf.js (79)
[21510:21510:0526/170949.437061:INFO:CONSOLE:79] "console.groupEnd", source: https://test.highloka.com/_next/static/chunks/pages/_app-4e0a347dc425d5bf.js (79)
[21510:21510:0526/170949.437095:INFO:CONSOLE:67] "setting fetch state done.", source: https://test.highloka.com/_next/static/chunks/pages/_app-4e0a347dc425d5bf.js (67)
[21510:21510:0526/170949.437124:INFO:CONSOLE:67] "complete", source: https://test.highloka.com/_next/static/chunks/pages/_app-4e0a347dc425d5bf.js (67)
[21510:21510:0526/170949.437150:INFO:CONSOLE:67] "https://testconnect.eventsthal.com/concerts/connect/getcompleteconcertdetails", source: https://test.highloka.com/_next/static/chunks/pages/_app-4e0a347dc425d5bf.js (67)
[21510:21510:0526/170949.437178:INFO:CONSOLE:67] "[object Object]", source: https://test.highloka.com/_next/static/chunks/pages/_app-4e0a347dc425d5bf.js (67)
[21510:21510:0526/170949.437222:INFO:CONSOLE:67] "Making the axios call", source: https://test.highloka.com/_next/static/chunks/pages/_app-4e0a347dc425d5bf.js (67)
[21510:21510:0526/170949.437616:INFO:CONSOLE:1] "This is the Complete Event Details Fetch Status", source: https://test.highloka.com/_next/static/chunks/pages/concerts/%5Bslug%5D/arena-1595f5991389ce40.js (1)
[21510:21510:0526/170949.437639:INFO:CONSOLE:1] "fetching_not_initiated", source: https://test.highloka.com/_next/static/chunks/pages/concerts/%5Bslug%5D/arena-1595f5991389ce40.js (1)
[21510:21510:0526/170949.437658:INFO:CONSOLE:1] "null", source: https://test.highloka.com/_next/static/chunks/pages/concerts/%5Bslug%5D/arena-1595f5991389ce40.js (1)
[21510:21510:0526/170949.437704:INFO:CONSOLE:1] "null", source: https://test.highloka.com/_next/static/chunks/pages/concerts/%5Bslug%5D/arena-1595f5991389ce40.js (1)
[21510:21510:0526/170949.437719:INFO:CONSOLE:1] "[object Object]", source: https://test.highloka.com/_next/static/chunks/pages/concerts/%5Bslug%5D/arena-1595f5991389ce40.js (1)
[21510:21510:0526/170949.437761:INFO:CONSOLE:1] "As per Page Load Status, data not ready yet.. Hence returning", source: https://test.highloka.com/_next/static/chunks/pages/concerts/%5Bslug%5D/arena-1595f5991389ce40.js (1)
[21510:21510:0526/170949.437821:INFO:CONSOLE:1] "This is current Concert Details.##############################", source: https://test.highloka.com/_next/static/chunks/pages/concerts/%5Bslug%5D/arena-1595f5991389ce40.js (1)
[21510:21510:0526/170949.437850:INFO:CONSOLE:1] "null", source: https://test.highloka.com/_next/static/chunks/pages/concerts/%5Bslug%5D/arena-1595f5991389ce40.js (1)
[21510:21510:0526/170949.437862:INFO:CONSOLE:1] "null", source: https://test.highloka.com/_next/static/chunks/pages/concerts/%5Bslug%5D/arena-1595f5991389ce40.js (1)
[21510:21510:0526/170949.437876:INFO:CONSOLE:1] "false", source: https://test.highloka.com/_next/static/chunks/pages/concerts/%5Bslug%5D/arena-1595f5991389ce40.js (1)
[21510:21510:0526/170949.437898:INFO:CONSOLE:1] "[DONE] This is current Concert Details.##############################", source: https://test.highloka.com/_next/static/chunks/pages/concerts/%5Bslug%5D/arena-1595f5991389ce40.js (1)
[21510:21510:0526/170949.437972:INFO:CONSOLE:1] "slugggg may-ondemand undefined", source: https://test.highloka.com/_next/static/chunks/pages/concerts/%5Bslug%5D/arena-1595f5991389ce40.js (1)
[21510:21510:0526/170949.438326:INFO:CONSOLE:1] "This is the Complete Event Details Fetch Status", source: https://test.highloka.com/_next/static/chunks/pages/concerts/%5Bslug%5D/arena-1595f5991389ce40.js (1)
[21510:21510:0526/170949.438358:INFO:CONSOLE:1] "fetching_in-progress", source: https://test.highloka.com/_next/static/chunks/pages/concerts/%5Bslug%5D/arena-1595f5991389ce40.js (1)
[21510:21510:0526/170949.438382:INFO:CONSOLE:1] "null", source: https://test.highloka.com/_next/static/chunks/pages/concerts/%5Bslug%5D/arena-1595f5991389ce40.js (1)
[21510:21510:0526/170949.438411:INFO:CONSOLE:1] "Setting page load status to in_progress", source: https://test.highloka.com/_next/static/chunks/pages/concerts/%5Bslug%5D/arena-1595f5991389ce40.js (1)
[21510:21510:0526/170949.438458:INFO:CONSOLE:1] "slugggg may-ondemand undefined", source: https://test.highloka.com/_next/static/chunks/pages/concerts/%5Bslug%5D/arena-1595f5991389ce40.js (1)
[21510:21510:0526/170949.438707:INFO:CONSOLE:1] "in_progress", source: https://test.highloka.com/_next/static/chunks/pages/concerts/%5Bslug%5D/arena-1595f5991389ce40.js (1)
[21510:21510:0526/170949.438726:INFO:CONSOLE:1] "[object Object]", source: https://test.highloka.com/_next/static/chunks/pages/concerts/%5Bslug%5D/arena-1595f5991389ce40.js (1)
[21510:21510:0526/170949.438773:INFO:CONSOLE:1] "As per Page Load Status, data not ready yet.. Hence returning", source: https://test.highloka.com/_next/static/chunks/pages/concerts/%5Bslug%5D/arena-1595f5991389ce40.js (1)
[21510:21510:0526/170949.438791:INFO:CONSOLE:1] "This is current Concert Details.##############################", source: https://test.highloka.com/_next/static/chunks/pages/concerts/%5Bslug%5D/arena-1595f5991389ce40.js (1)
[21510:21510:0526/170949.438809:INFO:CONSOLE:1] "null", source: https://test.highloka.com/_next/static/chunks/pages/concerts/%5Bslug%5D/arena-1595f5991389ce40.js (1)
[21510:21510:0526/170949.438832:INFO:CONSOLE:1] "in_progress", source: https://test.highloka.com/_next/static/chunks/pages/concerts/%5Bslug%5D/arena-1595f5991389ce40.js (1)
[21510:21510:0526/170949.438851:INFO:CONSOLE:1] "false", source: https://test.highloka.com/_next/static/chunks/pages/concerts/%5Bslug%5D/arena-1595f5991389ce40.js (1)
[21510:21510:0526/170949.438870:INFO:CONSOLE:1] "[DONE] This is current Concert Details.##############################", source: https://test.highloka.com/_next/static/chunks/pages/concerts/%5Bslug%5D/arena-1595f5991389ce40.js (1)
[21510:21510:0526/170949.824036:INFO:CONSOLE:67] "[object Object]", source: https://test.highloka.com/_next/static/chunks/pages/_app-4e0a347dc425d5bf.js (67)
[21510:21510:0526/170949.824423:INFO:CONSOLE:67] "object", source: https://test.highloka.com/_next/static/chunks/pages/_app-4e0a347dc425d5bf.js (67)
[21510:21510:0526/170949.824974:INFO:CONSOLE:79] "%c action %cREFRESH_LOGIN_DATA_FROM_BACKEND %c@ 17:09:49.824 color: gray; font-weight: lighter; color: inherit; color: gray; font-weight: lighter;", source: https://test.highloka.com/_next/static/chunks/pages/_app-4e0a347dc425d5bf.js (79)
[21510:21510:0526/170949.825125:INFO:CONSOLE:79] "%c prev state color: #9E9E9E; font-weight: bold [object Object]", source: https://test.highloka.com/_next/static/chunks/pages/_app-4e0a347dc425d5bf.js (79)
[21510:21510:0526/170949.825449:INFO:CONSOLE:79] "%c action     color: #03A9F4; font-weight: bold [object Object]", source: https://test.highloka.com/_next/static/chunks/pages/_app-4e0a347dc425d5bf.js (79)
[21510:21510:0526/170949.825671:INFO:CONSOLE:79] "%c next state color: #4CAF50; font-weight: bold [object Object]", source: https://test.highloka.com/_next/static/chunks/pages/_app-4e0a347dc425d5bf.js (79)
[21510:21510:0526/170949.825862:INFO:CONSOLE:79] "console.groupEnd", source: https://test.highloka.com/_next/static/chunks/pages/_app-4e0a347dc425d5bf.js (79)
[21510:21510:0526/170949.826803:INFO:CONSOLE:79] "%c action %cSET_COMPLETE_EVENT_DETAILS %c@ 17:09:49.826 color: gray; font-weight: lighter; color: inherit; color: gray; font-weight: lighter;", source: https://test.highloka.com/_next/static/chunks/pages/_app-4e0a347dc425d5bf.js (79)
[21510:21510:0526/170949.827016:INFO:CONSOLE:79] "%c prev state color: #9E9E9E; font-weight: bold [object Object]", source: https://test.highloka.com/_next/static/chunks/pages/_app-4e0a347dc425d5bf.js (79)
[21510:21510:0526/170949.827340:INFO:CONSOLE:79] "%c action     color: #03A9F4; font-weight: bold [object Object]", source: https://test.highloka.com/_next/static/chunks/pages/_app-4e0a347dc425d5bf.js (79)
[21510:21510:0526/170949.827595:INFO:CONSOLE:79] "%c next state color: #4CAF50; font-weight: bold [object Object]", source: https://test.highloka.com/_next/static/chunks/pages/_app-4e0a347dc425d5bf.js (79)
[21510:21510:0526/170949.827873:INFO:CONSOLE:79] "console.groupEnd", source: https://test.highloka.com/_next/static/chunks/pages/_app-4e0a347dc425d5bf.js (79)
[21510:21510:0526/170949.828448:INFO:CONSOLE:79] "%c action %cGET_COMPLETE_EVENT_DETAILS_SUCCESS %c@ 17:09:49.827 color: gray; font-weight: lighter; color: inherit; color: gray; font-weight: lighter;", source: https://test.highloka.com/_next/static/chunks/pages/_app-4e0a347dc425d5bf.js (79)
[21510:21510:0526/170949.828666:INFO:CONSOLE:79] "%c prev state color: #9E9E9E; font-weight: bold [object Object]", source: https://test.highloka.com/_next/static/chunks/pages/_app-4e0a347dc425d5bf.js (79)
[21510:21510:0526/170949.829040:INFO:CONSOLE:79] "%c action     color: #03A9F4; font-weight: bold [object Object]", source: https://test.highloka.com/_next/static/chunks/pages/_app-4e0a347dc425d5bf.js (79)
[21510:21510:0526/170949.829405:INFO:CONSOLE:79] "%c next state color: #4CAF50; font-weight: bold [object Object]", source: https://test.highloka.com/_next/static/chunks/pages/_app-4e0a347dc425d5bf.js (79)
[21510:21510:0526/170949.829709:INFO:CONSOLE:79] "console.groupEnd", source: https://test.highloka.com/_next/static/chunks/pages/_app-4e0a347dc425d5bf.js (79)
[21510:21510:0526/170949.829946:INFO:CONSOLE:67] "sagasagasagasagasagasagasagasagasagasagasaga", source: https://test.highloka.com/_next/static/chunks/pages/_app-4e0a347dc425d5bf.js (67)
[21510:21510:0526/170949.830244:INFO:CONSOLE:1] "slugggg may-ondemand undefined", source: https://test.highloka.com/_next/static/chunks/pages/concerts/%5Bslug%5D/arena-1595f5991389ce40.js (1)
[21510:21510:0526/170949.831575:INFO:CONSOLE:1] "This is the Complete Event Details Fetch Status", source: https://test.highloka.com/_next/static/chunks/pages/concerts/%5Bslug%5D/arena-1595f5991389ce40.js (1)
[21510:21510:0526/170949.831868:INFO:CONSOLE:1] "fetched", source: https://test.highloka.com/_next/static/chunks/pages/concerts/%5Bslug%5D/arena-1595f5991389ce40.js (1)
[21510:21510:0526/170949.831956:INFO:CONSOLE:1] "in_progress", source: https://test.highloka.com/_next/static/chunks/pages/concerts/%5Bslug%5D/arena-1595f5991389ce40.js (1)
[21510:21510:0526/170949.832156:INFO:CONSOLE:1] "Finally, setting page load status to successfull.", source: https://test.highloka.com/_next/static/chunks/pages/concerts/%5Bslug%5D/arena-1595f5991389ce40.js (1)
[21510:21510:0526/170949.832329:INFO:CONSOLE:1] "in_progress", source: https://test.highloka.com/_next/static/chunks/pages/concerts/%5Bslug%5D/arena-1595f5991389ce40.js (1)
[21510:21510:0526/170949.832419:INFO:CONSOLE:1] "[object Object]", source: https://test.highloka.com/_next/static/chunks/pages/concerts/%5Bslug%5D/arena-1595f5991389ce40.js (1)
[21510:21510:0526/170949.832682:INFO:CONSOLE:1] "As per Page Load Status, data not ready yet.. Hence returning", source: https://test.highloka.com/_next/static/chunks/pages/concerts/%5Bslug%5D/arena-1595f5991389ce40.js (1)
[21510:21510:0526/170949.834722:INFO:CONSOLE:1] "slugggg may-ondemand undefined", source: https://test.highloka.com/_next/static/chunks/pages/concerts/%5Bslug%5D/arena-1595f5991389ce40.js (1)
[21510:21510:0526/170949.836796:INFO:CONSOLE:1] "successful", source: https://test.highloka.com/_next/static/chunks/pages/concerts/%5Bslug%5D/arena-1595f5991389ce40.js (1)
[21510:21510:0526/170949.836889:INFO:CONSOLE:1] "[object Object]", source: https://test.highloka.com/_next/static/chunks/pages/concerts/%5Bslug%5D/arena-1595f5991389ce40.js (1)
[21510:21510:0526/170949.837159:INFO:CONSOLE:1] "Moving Onnnn", source: https://test.highloka.com/_next/static/chunks/pages/concerts/%5Bslug%5D/arena-1595f5991389ce40.js (1)
[21510:21510:0526/170949.837221:INFO:CONSOLE:1] "Moving Onnnn", source: https://test.highloka.com/_next/static/chunks/pages/concerts/%5Bslug%5D/arena-1595f5991389ce40.js (1)
[21510:21510:0526/170949.837318:INFO:CONSOLE:1] "[object Object]", source: https://test.highloka.com/_next/static/chunks/pages/concerts/%5Bslug%5D/arena-1595f5991389ce40.js (1)
[21510:21510:0526/170949.837793:INFO:CONSOLE:1] "Dispatching Fetching Not Initiated", source: https://test.highloka.com/_next/static/chunks/pages/concerts/%5Bslug%5D/arena-1595f5991389ce40.js (1)
[21510:21510:0526/170949.838072:INFO:CONSOLE:79] "%c action %cSET_COMPLETE_EVENT_DETAILS_FETCH_STATUS %c@ 17:09:49.837 color: gray; font-weight: lighter; color: inherit; color: gray; font-weight: lighter;", source: https://test.highloka.com/_next/static/chunks/pages/_app-4e0a347dc425d5bf.js (79)
[21510:21510:0526/170949.838262:INFO:CONSOLE:79] "%c prev state color: #9E9E9E; font-weight: bold [object Object]", source: https://test.highloka.com/_next/static/chunks/pages/_app-4e0a347dc425d5bf.js (79)
[21510:21510:0526/170949.838484:INFO:CONSOLE:79] "%c action     color: #03A9F4; font-weight: bold [object Object]", source: https://test.highloka.com/_next/static/chunks/pages/_app-4e0a347dc425d5bf.js (79)
[21510:21510:0526/170949.838709:INFO:CONSOLE:79] "%c next state color: #4CAF50; font-weight: bold [object Object]", source: https://test.highloka.com/_next/static/chunks/pages/_app-4e0a347dc425d5bf.js (79)
[21510:21510:0526/170949.838905:INFO:CONSOLE:79] "console.groupEnd", source: https://test.highloka.com/_next/static/chunks/pages/_app-4e0a347dc425d5bf.js (79)
[21510:21510:0526/170949.839039:INFO:CONSOLE:1] "This is current Concert Details.##############################", source: https://test.highloka.com/_next/static/chunks/pages/concerts/%5Bslug%5D/arena-1595f5991389ce40.js (1)
[21510:21510:0526/170949.839143:INFO:CONSOLE:1] "null", source: https://test.highloka.com/_next/static/chunks/pages/concerts/%5Bslug%5D/arena-1595f5991389ce40.js (1)
[21510:21510:0526/170949.839259:INFO:CONSOLE:1] "successful", source: https://test.highloka.com/_next/static/chunks/pages/concerts/%5Bslug%5D/arena-1595f5991389ce40.js (1)
[21510:21510:0526/170949.839487:INFO:CONSOLE:1] "false", source: https://test.highloka.com/_next/static/chunks/pages/concerts/%5Bslug%5D/arena-1595f5991389ce40.js (1)
[21510:21510:0526/170949.839629:INFO:CONSOLE:1] "[DONE] This is current Concert Details.##############################", source: https://test.highloka.com/_next/static/chunks/pages/concerts/%5Bslug%5D/arena-1595f5991389ce40.js (1)
[21510:21510:0526/170949.839877:INFO:CONSOLE:1] "slugggg may-ondemand undefined", source: https://test.highloka.com/_next/static/chunks/pages/concerts/%5Bslug%5D/arena-1595f5991389ce40.js (1)
[21510:21510:0526/170949.840983:INFO:CONSOLE:1] "This is the Complete Event Details Fetch Status", source: https://test.highloka.com/_next/static/chunks/pages/concerts/%5Bslug%5D/arena-1595f5991389ce40.js (1)
[21510:21510:0526/170949.841196:INFO:CONSOLE:1] "fetching_not_initiated", source: https://test.highloka.com/_next/static/chunks/pages/concerts/%5Bslug%5D/arena-1595f5991389ce40.js (1)
[21510:21510:0526/170949.841306:INFO:CONSOLE:1] "successful", source: https://test.highloka.com/_next/static/chunks/pages/concerts/%5Bslug%5D/arena-1595f5991389ce40.js (1)
[21510:21510:0526/170949.841475:INFO:CONSOLE:1] "Page already loaded", source: https://test.highloka.com/_next/static/chunks/pages/concerts/%5Bslug%5D/arena-1595f5991389ce40.js (1)
[21510:21510:0526/170949.842438:INFO:CONSOLE:1] "slugggg may-ondemand undefined", source: https://test.highloka.com/_next/static/chunks/pages/concerts/%5Bslug%5D/arena-1595f5991389ce40.js (1)
[21510:21510:0526/170949.844508:INFO:CONSOLE:1] "This is current Concert Details.##############################", source: https://test.highloka.com/_next/static/chunks/pages/concerts/%5Bslug%5D/arena-1595f5991389ce40.js (1)
[21510:21510:0526/170949.844650:INFO:CONSOLE:1] "[object Object]", source: https://test.highloka.com/_next/static/chunks/pages/concerts/%5Bslug%5D/arena-1595f5991389ce40.js (1)
[21510:21510:0526/170949.844954:INFO:CONSOLE:1] "successful", source: https://test.highloka.com/_next/static/chunks/pages/concerts/%5Bslug%5D/arena-1595f5991389ce40.js (1)
[21510:21510:0526/170949.845154:INFO:CONSOLE:1] "false", source: https://test.highloka.com/_next/static/chunks/pages/concerts/%5Bslug%5D/arena-1595f5991389ce40.js (1)
[21510:21510:0526/170949.845382:INFO:CONSOLE:1] "Yup there is current concert details.", source: https://test.highloka.com/_next/static/chunks/pages/concerts/%5Bslug%5D/arena-1595f5991389ce40.js (1)
[21510:21510:0526/170949.845652:INFO:CONSOLE:1] "[object Object]", source: https://test.highloka.com/_next/static/chunks/pages/concerts/%5Bslug%5D/arena-1595f5991389ce40.js (1)
[21510:21510:0526/170949.845755:INFO:CONSOLE:1] "########################ES USER HERE#################", source: https://test.highloka.com/_next/static/chunks/pages/concerts/%5Bslug%5D/arena-1595f5991389ce40.js (1)
[21510:21510:0526/170949.845996:INFO:CONSOLE:1] "[object Object]", source: https://test.highloka.com/_next/static/chunks/pages/concerts/%5Bslug%5D/arena-1595f5991389ce40.js (1)
[21510:21510:0526/170949.846161:INFO:CONSOLE:1] "[DONE] This is current Concert Details.##############################", source: https://test.highloka.com/_next/static/chunks/pages/concerts/%5Bslug%5D/arena-1595f5991389ce40.js (1)
[21510:21510:0526/170949.846471:INFO:CONSOLE:1] "slugggg may-ondemand undefined", source: https://test.highloka.com/_next/static/chunks/pages/concerts/%5Bslug%5D/arena-1595f5991389ce40.js (1)
[21510:21510:0526/170949.850068:INFO:CONSOLE:1] "selectJwVideoPlayerPlayState stop", source: https://test.highloka.com/_next/static/chunks/pages/concerts/%5Bslug%5D/arena-1595f5991389ce40.js (1)
[21510:21510:0526/170949.850593:INFO:CONSOLE:1] "selectJwVideoPlayerPlayState backendStreamState not_started", source: https://test.highloka.com/_next/static/chunks/pages/concerts/%5Bslug%5D/arena-1595f5991389ce40.js (1)
[21510:21510:0526/170949.850699:INFO:CONSOLE:1] "selectAudienceExpressionBaseData null", source: https://test.highloka.com/_next/static/chunks/pages/concerts/%5Bslug%5D/arena-1595f5991389ce40.js (1)
[21510:21510:0526/170949.850890:INFO:CONSOLE:1] "if responsive isdesktop [object Window]", source: https://test.highloka.com/_next/static/chunks/pages/concerts/%5Bslug%5D/arena-1595f5991389ce40.js (1)
[21510:21510:0526/170949.853432:INFO:CONSOLE:1] "receivedAudienceUserStrip null", source: https://test.highloka.com/_next/static/chunks/pages/concerts/%5Bslug%5D/arena-1595f5991389ce40.js (1)
[21510:21510:0526/170949.853880:INFO:CONSOLE:1] "Props=>[object Object]", source: https://test.highloka.com/_next/static/chunks/pages/concerts/%5Bslug%5D/arena-1595f5991389ce40.js (1)
[21510:21510:0526/170949.854235:INFO:CONSOLE:1] "^^^^^^^^^^^^^^^^^^^^^^^^^^^^^^^^^^^^^^^^^^^^^ mobileResponsive undefined", source: https://test.highloka.com/_next/static/chunks/pages/concerts/%5Bslug%5D/arena-1595f5991389ce40.js (1)
[21510:21510:0526/170949.854696:INFO:CONSOLE:1] "Props=>[object Object]", source: https://test.highloka.com/_next/static/chunks/pages/concerts/%5Bslug%5D/arena-1595f5991389ce40.js (1)
[21510:21510:0526/170949.855362:INFO:CONSOLE:1] "Printing Reaction Data List mobileResponsive. undefined", source: https://test.highloka.com/_next/static/chunks/pages/concerts/%5Bslug%5D/arena-1595f5991389ce40.js (1)
[21510:21510:0526/170949.855411:INFO:CONSOLE:1] "ReactionDataList [object Object],[object Object],[object Object],[object Object],[object Object],[object Object]", source: https://test.highloka.com/_next/static/chunks/pages/concerts/%5Bslug%5D/arena-1595f5991389ce40.js (1)
[21510:21510:0526/170949.861377:INFO:CONSOLE:1] "pageObject [object Object]", source: https://test.highloka.com/_next/static/chunks/794-7aa005332a3078f7.js (1)
[21510:21510:0526/170949.861422:INFO:CONSOLE:1] "pageObject arenaPage", source: https://test.highloka.com/_next/static/chunks/794-7aa005332a3078f7.js (1)
[21510:21510:0526/170949.861440:INFO:CONSOLE:1] "Setting Scroll scrollTrackingEl null", source: https://test.highloka.com/_next/static/chunks/794-7aa005332a3078f7.js (1)
[21510:21510:0526/170949.861458:INFO:CONSOLE:1] "scrollTrackingEl [object Window]", source: https://test.highloka.com/_next/static/chunks/794-7aa005332a3078f7.js (1)
[21510:21510:0526/170949.864854:INFO:CONSOLE:1] "userLoginState showLogin false otpConfirmedSuccessfully [object Object] [object Object]", source: https://test.highloka.com/_next/static/chunks/794-7aa005332a3078f7.js (1)
[21510:21510:0526/170949.865170:INFO:CONSOLE:1] "Running INitialization", source: https://test.highloka.com/_next/static/chunks/pages/concerts/%5Bslug%5D/arena-1595f5991389ce40.js (1)
[21510:21510:0526/170949.865838:INFO:CONSOLE:1] "Reached needed cubes", source: https://test.highloka.com/_next/static/chunks/739-a894a9e307ef68ff.js (1)
[21510:21510:0526/170949.865894:INFO:CONSOLE:1] "Building cube set", source: https://test.highloka.com/_next/static/chunks/739-a894a9e307ef68ff.js (1)
[21510:21510:0526/170949.865924:INFO:CONSOLE:1] "Cubeset built.", source: https://test.highloka.com/_next/static/chunks/739-a894a9e307ef68ff.js (1)
[21510:21510:0526/170949.865953:INFO:CONSOLE:1] "Final CubeSet is now set. Going for trigger change.", source: https://test.highloka.com/_next/static/chunks/739-a894a9e307ef68ff.js (1)
[21510:21510:0526/170949.866015:INFO:CONSOLE:1] "Setting up the cubes and their color glows. Cube Count: 0", source: https://test.highloka.com/_next/static/chunks/739-a894a9e307ef68ff.js (1)
[21510:21510:0526/170949.866302:INFO:CONSOLE:1] "Trying to render cubeset.", source: https://test.highloka.com/_next/static/chunks/739-a894a9e307ef68ff.js (1)
[21510:21510:0526/170949.866506:INFO:CONSOLE:79] "%c action %cSET_AUDIENCE_EXPRESSION_BASE_DATA %c@ 17:09:49.866 color: gray; font-weight: lighter; color: inherit; color: gray; font-weight: lighter;", source: https://test.highloka.com/_next/static/chunks/pages/_app-4e0a347dc425d5bf.js (79)
[21510:21510:0526/170949.866557:INFO:CONSOLE:79] "%c prev state color: #9E9E9E; font-weight: bold [object Object]", source: https://test.highloka.com/_next/static/chunks/pages/_app-4e0a347dc425d5bf.js (79)
[21510:21510:0526/170949.866963:INFO:CONSOLE:79] "%c action     color: #03A9F4; font-weight: bold [object Object]", source: https://test.highloka.com/_next/static/chunks/pages/_app-4e0a347dc425d5bf.js (79)
[21510:21510:0526/170949.867016:INFO:CONSOLE:79] "%c next state color: #4CAF50; font-weight: bold [object Object]", source: https://test.highloka.com/_next/static/chunks/pages/_app-4e0a347dc425d5bf.js (79)
[21510:21510:0526/170949.867065:INFO:CONSOLE:79] "console.groupEnd", source: https://test.highloka.com/_next/static/chunks/pages/_app-4e0a347dc425d5bf.js (79)
[21510:21510:0526/170949.867203:INFO:CONSOLE:1] "initialLoadStatus ==> false", source: https://test.highloka.com/_next/static/chunks/pages/concerts/%5Bslug%5D/arena-1595f5991389ce40.js (1)
[21510:21510:0526/170949.867305:INFO:CONSOLE:79] "%c action %cLOAD_CONCERT_PAGE %c@ 17:09:49.867 color: gray; font-weight: lighter; color: inherit; color: gray; font-weight: lighter;", source: https://test.highloka.com/_next/static/chunks/pages/_app-4e0a347dc425d5bf.js (79)
[21510:21510:0526/170949.867342:INFO:CONSOLE:79] "%c prev state color: #9E9E9E; font-weight: bold [object Object]", source: https://test.highloka.com/_next/static/chunks/pages/_app-4e0a347dc425d5bf.js (79)
[21510:21510:0526/170949.867401:INFO:CONSOLE:79] "%c action     color: #03A9F4; font-weight: bold [object Object]", source: https://test.highloka.com/_next/static/chunks/pages/_app-4e0a347dc425d5bf.js (79)
[21510:21510:0526/170949.867447:INFO:CONSOLE:79] "%c next state color: #4CAF50; font-weight: bold [object Object]", source: https://test.highloka.com/_next/static/chunks/pages/_app-4e0a347dc425d5bf.js (79)
[21510:21510:0526/170949.867491:INFO:CONSOLE:79] "console.groupEnd", source: https://test.highloka.com/_next/static/chunks/pages/_app-4e0a347dc425d5bf.js (79)
[21510:21510:0526/170949.867661:INFO:CONSOLE:79] "%c action %cLOAD_CHAT_APP_START %c@ 17:09:49.867 color: gray; font-weight: lighter; color: inherit; color: gray; font-weight: lighter;", source: https://test.highloka.com/_next/static/chunks/pages/_app-4e0a347dc425d5bf.js (79)
[21510:21510:0526/170949.867714:INFO:CONSOLE:79] "%c prev state color: #9E9E9E; font-weight: bold [object Object]", source: https://test.highloka.com/_next/static/chunks/pages/_app-4e0a347dc425d5bf.js (79)
[21510:21510:0526/170949.867773:INFO:CONSOLE:79] "%c action     color: #03A9F4; font-weight: bold [object Object]", source: https://test.highloka.com/_next/static/chunks/pages/_app-4e0a347dc425d5bf.js (79)
[21510:21510:0526/170949.867848:INFO:CONSOLE:79] "%c next state color: #4CAF50; font-weight: bold [object Object]", source: https://test.highloka.com/_next/static/chunks/pages/_app-4e0a347dc425d5bf.js (79)
[21510:21510:0526/170949.867904:INFO:CONSOLE:79] "console.groupEnd", source: https://test.highloka.com/_next/static/chunks/pages/_app-4e0a347dc425d5bf.js (79)
[21510:21510:0526/170949.868524:INFO:CONSOLE:67] "loading App Started", source: https://test.highloka.com/_next/static/chunks/pages/_app-4e0a347dc425d5bf.js (67)
[21510:21510:0526/170949.868591:INFO:CONSOLE:67] "[object Object]", source: https://test.highloka.com/_next/static/chunks/pages/_app-4e0a347dc425d5bf.js (67)
[21510:21510:0526/170949.868671:INFO:CONSOLE:67] "[object Object]", source: https://test.highloka.com/_next/static/chunks/pages/_app-4e0a347dc425d5bf.js (67)
[21510:21510:0526/170949.868730:INFO:CONSOLE:67] "[object Object]", source: https://test.highloka.com/_next/static/chunks/pages/_app-4e0a347dc425d5bf.js (67)
[21510:21510:0526/170949.868920:INFO:CONSOLE:79] "%c action %cGET_SET_CONVERSATION_START %c@ 17:09:49.868 color: gray; font-weight: lighter; color: inherit; color: gray; font-weight: lighter;", source: https://test.highloka.com/_next/static/chunks/pages/_app-4e0a347dc425d5bf.js (79)
[21510:21510:0526/170949.868968:INFO:CONSOLE:79] "%c prev state color: #9E9E9E; font-weight: bold [object Object]", source: https://test.highloka.com/_next/static/chunks/pages/_app-4e0a347dc425d5bf.js (79)
[21510:21510:0526/170949.869028:INFO:CONSOLE:79] "%c action     color: #03A9F4; font-weight: bold [object Object]", source: https://test.highloka.com/_next/static/chunks/pages/_app-4e0a347dc425d5bf.js (79)
[21510:21510:0526/170949.869081:INFO:CONSOLE:79] "%c next state color: #4CAF50; font-weight: bold [object Object]", source: https://test.highloka.com/_next/static/chunks/pages/_app-4e0a347dc425d5bf.js (79)
[21510:21510:0526/170949.869130:INFO:CONSOLE:79] "console.groupEnd", source: https://test.highloka.com/_next/static/chunks/pages/_app-4e0a347dc425d5bf.js (79)
[21510:21510:0526/170949.869170:INFO:CONSOLE:67] "d8f8444c-263d-4d48-8cc6-b8bbf890838f", source: https://test.highloka.com/_next/static/chunks/pages/_app-4e0a347dc425d5bf.js (67)
[21510:21510:0526/170949.870358:INFO:CONSOLE:79] "%c action %cSET_APP_LOADING_SUCESS %c@ 17:09:49.870 color: gray; font-weight: lighter; color: inherit; color: gray; font-weight: lighter;", source: https://test.highloka.com/_next/static/chunks/pages/_app-4e0a347dc425d5bf.js (79)
[21510:21510:0526/170949.870429:INFO:CONSOLE:79] "%c prev state color: #9E9E9E; font-weight: bold [object Object]", source: https://test.highloka.com/_next/static/chunks/pages/_app-4e0a347dc425d5bf.js (79)
[21510:21510:0526/170949.870497:INFO:CONSOLE:79] "%c action     color: #03A9F4; font-weight: bold [object Object]", source: https://test.highloka.com/_next/static/chunks/pages/_app-4e0a347dc425d5bf.js (79)
[21510:21510:0526/170949.870554:INFO:CONSOLE:79] "%c next state color: #4CAF50; font-weight: bold [object Object]", source: https://test.highloka.com/_next/static/chunks/pages/_app-4e0a347dc425d5bf.js (79)
[21510:21510:0526/170949.870607:INFO:CONSOLE:79] "console.groupEnd", source: https://test.highloka.com/_next/static/chunks/pages/_app-4e0a347dc425d5bf.js (79)
[21510:21510:0526/170949.870842:INFO:CONSOLE:1] "selectJwVideoPlayerPlayState stop", source: https://test.highloka.com/_next/static/chunks/pages/concerts/%5Bslug%5D/arena-1595f5991389ce40.js (1)
[21510:21510:0526/170949.870874:INFO:CONSOLE:1] "selectJwVideoPlayerPlayState backendStreamState not_started", source: https://test.highloka.com/_next/static/chunks/pages/concerts/%5Bslug%5D/arena-1595f5991389ce40.js (1)
[21510:21510:0526/170949.870911:INFO:CONSOLE:1] "selectAudienceExpressionBaseData null", source: https://test.highloka.com/_next/static/chunks/pages/concerts/%5Bslug%5D/arena-1595f5991389ce40.js (1)
[21510:21510:0526/170949.870958:INFO:CONSOLE:1] "if responsive isdesktop [object Window]", source: https://test.highloka.com/_next/static/chunks/pages/concerts/%5Bslug%5D/arena-1595f5991389ce40.js (1)
[21510:21510:0526/170949.871725:INFO:CONSOLE:1] "Printing Reaction Data List mobileResponsive. undefined", source: https://test.highloka.com/_next/static/chunks/pages/concerts/%5Bslug%5D/arena-1595f5991389ce40.js (1)
[21510:21510:0526/170949.871772:INFO:CONSOLE:1] "ReactionDataList [object Object],[object Object],[object Object],[object Object],[object Object],[object Object]", source: https://test.highloka.com/_next/static/chunks/pages/concerts/%5Bslug%5D/arena-1595f5991389ce40.js (1)
[21510:21510:0526/170949.933229:INFO:CONSOLE:1] "selectJwVideoPlayerPlayState stop", source: https://test.highloka.com/_next/static/chunks/pages/concerts/%5Bslug%5D/arena-1595f5991389ce40.js (1)
[21510:21510:0526/170949.933304:INFO:CONSOLE:1] "selectJwVideoPlayerPlayState backendStreamState not_started", source: https://test.highloka.com/_next/static/chunks/pages/concerts/%5Bslug%5D/arena-1595f5991389ce40.js (1)
[21510:21510:0526/170949.933323:INFO:CONSOLE:1] "selectAudienceExpressionBaseData null", source: https://test.highloka.com/_next/static/chunks/pages/concerts/%5Bslug%5D/arena-1595f5991389ce40.js (1)
[21510:21510:0526/170949.933369:INFO:CONSOLE:1] "if responsive isdesktop [object Window]", source: https://test.highloka.com/_next/static/chunks/pages/concerts/%5Bslug%5D/arena-1595f5991389ce40.js (1)
[21510:21510:0526/170949.934815:INFO:CONSOLE:1] "receivedAudienceUserStrip null", source: https://test.highloka.com/_next/static/chunks/pages/concerts/%5Bslug%5D/arena-1595f5991389ce40.js (1)
[21510:21510:0526/170949.935210:INFO:CONSOLE:1] "this.props [object Object]", source: https://test.highloka.com/_next/static/chunks/pages/concerts/%5Bslug%5D/arena-1595f5991389ce40.js (1)
[21510:21510:0526/170949.935561:INFO:CONSOLE:1] "^^^^^^^^^^^^^^^^^^^^^^^^^^^^^^^^^^^^^^^^^^^^^ mobileResponsive undefined", source: https://test.highloka.com/_next/static/chunks/pages/concerts/%5Bslug%5D/arena-1595f5991389ce40.js (1)
[21510:21510:0526/170949.936011:INFO:CONSOLE:1] "Printing Reaction Data List mobileResponsive. undefined", source: https://test.highloka.com/_next/static/chunks/pages/concerts/%5Bslug%5D/arena-1595f5991389ce40.js (1)
[21510:21510:0526/170949.936092:INFO:CONSOLE:1] "ReactionDataList [object Object],[object Object],[object Object],[object Object],[object Object],[object Object]", source: https://test.highloka.com/_next/static/chunks/pages/concerts/%5Bslug%5D/arena-1595f5991389ce40.js (1)
[21510:21510:0526/170949.939719:INFO:CONSOLE:1] "pageObject [object Object]", source: https://test.highloka.com/_next/static/chunks/794-7aa005332a3078f7.js (1)
[21510:21510:0526/170949.939803:INFO:CONSOLE:1] "pageObject arenaPage", source: https://test.highloka.com/_next/static/chunks/794-7aa005332a3078f7.js (1)
[21510:21510:0526/170949.940647:INFO:CONSOLE:1] "Setting up the cubes and their color glows. Cube Count: 0", source: https://test.highloka.com/_next/static/chunks/739-a894a9e307ef68ff.js (1)
[21510:21510:0526/170949.940693:INFO:CONSOLE:1] "Trying to render cubeset.", source: https://test.highloka.com/_next/static/chunks/739-a894a9e307ef68ff.js (1)
[21510:21510:0526/170949.940741:INFO:CONSOLE:1] "Rendering Canvas", source: https://test.highloka.com/_next/static/chunks/739-a894a9e307ef68ff.js (1)
[21510:21510:0526/170949.940925:INFO:CONSOLE:1] "initialLoadStatus ==> true", source: https://test.highloka.com/_next/static/chunks/pages/concerts/%5Bslug%5D/arena-1595f5991389ce40.js (1)
[21510:21510:0526/170950.282985:INFO:CONSOLE:79] "%c action %cSET_JW_VIDEO_PLAYER_ID %c@ 17:09:50.281 color: gray; font-weight: lighter; color: inherit; color: gray; font-weight: lighter;", source: https://test.highloka.com/_next/static/chunks/pages/_app-4e0a347dc425d5bf.js (79)
[21510:21510:0526/170950.283051:INFO:CONSOLE:79] "%c prev state color: #9E9E9E; font-weight: bold [object Object]", source: https://test.highloka.com/_next/static/chunks/pages/_app-4e0a347dc425d5bf.js (79)
[21510:21510:0526/170950.283127:INFO:CONSOLE:79] "%c action     color: #03A9F4; font-weight: bold [object Object]", source: https://test.highloka.com/_next/static/chunks/pages/_app-4e0a347dc425d5bf.js (79)
[21510:21510:0526/170950.283188:INFO:CONSOLE:79] "%c next state color: #4CAF50; font-weight: bold [object Object]", source: https://test.highloka.com/_next/static/chunks/pages/_app-4e0a347dc425d5bf.js (79)
[21510:21510:0526/170950.283252:INFO:CONSOLE:79] "console.groupEnd", source: https://test.highloka.com/_next/static/chunks/pages/_app-4e0a347dc425d5bf.js (79)
[21510:21510:0526/170950.283506:INFO:CONSOLE:79] "%c action %cSET_JW_VIDEO_PLAYER_CLASS %c@ 17:09:50.283 color: gray; font-weight: lighter; color: inherit; color: gray; font-weight: lighter;", source: https://test.highloka.com/_next/static/chunks/pages/_app-4e0a347dc425d5bf.js (79)
[21510:21510:0526/170950.283546:INFO:CONSOLE:79] "%c prev state color: #9E9E9E; font-weight: bold [object Object]", source: https://test.highloka.com/_next/static/chunks/pages/_app-4e0a347dc425d5bf.js (79)
[21510:21510:0526/170950.283640:INFO:CONSOLE:79] "%c action     color: #03A9F4; font-weight: bold [object Object]", source: https://test.highloka.com/_next/static/chunks/pages/_app-4e0a347dc425d5bf.js (79)
[21510:21510:0526/170950.283732:INFO:CONSOLE:79] "%c next state color: #4CAF50; font-weight: bold [object Object]", source: https://test.highloka.com/_next/static/chunks/pages/_app-4e0a347dc425d5bf.js (79)
[21510:21510:0526/170950.283822:INFO:CONSOLE:79] "console.groupEnd", source: https://test.highloka.com/_next/static/chunks/pages/_app-4e0a347dc425d5bf.js (79)
[21510:21510:0526/170950.284142:INFO:CONSOLE:79] "%c action %cSET_JW_VIDEO_PLAYERVOLUME %c@ 17:09:50.283 color: gray; font-weight: lighter; color: inherit; color: gray; font-weight: lighter;", source: https://test.highloka.com/_next/static/chunks/pages/_app-4e0a347dc425d5bf.js (79)
[21510:21510:0526/170950.284190:INFO:CONSOLE:79] "%c prev state color: #9E9E9E; font-weight: bold [object Object]", source: https://test.highloka.com/_next/static/chunks/pages/_app-4e0a347dc425d5bf.js (79)
[21510:21510:0526/170950.284280:INFO:CONSOLE:79] "%c action     color: #03A9F4; font-weight: bold [object Object]", source: https://test.highloka.com/_next/static/chunks/pages/_app-4e0a347dc425d5bf.js (79)
[21510:21510:0526/170950.284382:INFO:CONSOLE:79] "%c next state color: #4CAF50; font-weight: bold [object Object]", source: https://test.highloka.com/_next/static/chunks/pages/_app-4e0a347dc425d5bf.js (79)
[21510:21510:0526/170950.284454:INFO:CONSOLE:79] "console.groupEnd", source: https://test.highloka.com/_next/static/chunks/pages/_app-4e0a347dc425d5bf.js (79)
[21510:21510:0526/170950.284652:INFO:CONSOLE:79] "%c action %cSET_JW_VIDEO_PLAYER_LOAD_STATUS %c@ 17:09:50.284 color: gray; font-weight: lighter; color: inherit; color: gray; font-weight: lighter;", source: https://test.highloka.com/_next/static/chunks/pages/_app-4e0a347dc425d5bf.js (79)
[21510:21510:0526/170950.284707:INFO:CONSOLE:79] "%c prev state color: #9E9E9E; font-weight: bold [object Object]", source: https://test.highloka.com/_next/static/chunks/pages/_app-4e0a347dc425d5bf.js (79)
[21510:21510:0526/170950.284799:INFO:CONSOLE:79] "%c action     color: #03A9F4; font-weight: bold [object Object]", source: https://test.highloka.com/_next/static/chunks/pages/_app-4e0a347dc425d5bf.js (79)
[21510:21510:0526/170950.284895:INFO:CONSOLE:79] "%c next state color: #4CAF50; font-weight: bold [object Object]", source: https://test.highloka.com/_next/static/chunks/pages/_app-4e0a347dc425d5bf.js (79)
[21510:21510:0526/170950.284981:INFO:CONSOLE:79] "console.groupEnd", source: https://test.highloka.com/_next/static/chunks/pages/_app-4e0a347dc425d5bf.js (79)
[21510:21510:0526/170950.287038:INFO:CONSOLE:1] "JW PLAYER OBJECT [object Object]", source: https://test.highloka.com/_next/static/chunks/pages/concerts/%5Bslug%5D/arena-1595f5991389ce40.js (1)
[21510:21510:0526/170950.288809:INFO:CONSOLE:1] "ReactHlsPlayerComponent this.props stop", source: https://test.highloka.com/_next/static/chunks/pages/concerts/%5Bslug%5D/arena-1595f5991389ce40.js (1)
[21510:21510:0526/170950.299909:INFO:CONSOLE:79] "%c action %cSET_JW_VIDEO_PLAYER_PLAY_STATE %c@ 17:09:50.299 color: gray; font-weight: lighter; color: inherit; color: gray; font-weight: lighter;", source: https://test.highloka.com/_next/static/chunks/pages/_app-4e0a347dc425d5bf.js (79)
[21510:21510:0526/170950.299998:INFO:CONSOLE:79] "%c prev state color: #9E9E9E; font-weight: bold [object Object]", source: https://test.highloka.com/_next/static/chunks/pages/_app-4e0a347dc425d5bf.js (79)
[21510:21510:0526/170950.300075:INFO:CONSOLE:79] "%c action     color: #03A9F4; font-weight: bold [object Object]", source: https://test.highloka.com/_next/static/chunks/pages/_app-4e0a347dc425d5bf.js (79)
[21510:21510:0526/170950.300131:INFO:CONSOLE:79] "%c next state color: #4CAF50; font-weight: bold [object Object]", source: https://test.highloka.com/_next/static/chunks/pages/_app-4e0a347dc425d5bf.js (79)
[21510:21510:0526/170950.300190:INFO:CONSOLE:79] "console.groupEnd", source: https://test.highloka.com/_next/static/chunks/pages/_app-4e0a347dc425d5bf.js (79)
[21510:21510:0526/170950.300408:INFO:CONSOLE:79] "%c action %cBACKEND_STREAM_STATE %c@ 17:09:50.300 color: gray; font-weight: lighter; color: inherit; color: gray; font-weight: lighter;", source: https://test.highloka.com/_next/static/chunks/pages/_app-4e0a347dc425d5bf.js (79)
[21510:21510:0526/170950.300477:INFO:CONSOLE:79] "%c prev state color: #9E9E9E; font-weight: bold [object Object]", source: https://test.highloka.com/_next/static/chunks/pages/_app-4e0a347dc425d5bf.js (79)
[21510:21510:0526/170950.300541:INFO:CONSOLE:79] "%c action     color: #03A9F4; font-weight: bold [object Object]", source: https://test.highloka.com/_next/static/chunks/pages/_app-4e0a347dc425d5bf.js (79)
[21510:21510:0526/170950.300592:INFO:CONSOLE:79] "%c next state color: #4CAF50; font-weight: bold [object Object]", source: https://test.highloka.com/_next/static/chunks/pages/_app-4e0a347dc425d5bf.js (79)
[21510:21510:0526/170950.300637:INFO:CONSOLE:79] "console.groupEnd", source: https://test.highloka.com/_next/static/chunks/pages/_app-4e0a347dc425d5bf.js (79)
[21510:21510:0526/170950.300771:INFO:CONSOLE:79] "%c action %cSHOW_AUTO_HIDDEN_ES_VIDEO_PLAYER_CONTROLS %c@ 17:09:50.300 color: gray; font-weight: lighter; color: inherit; color: gray; font-weight: lighter;", source: https://test.highloka.com/_next/static/chunks/pages/_app-4e0a347dc425d5bf.js (79)
[21510:21510:0526/170950.300814:INFO:CONSOLE:79] "%c prev state color: #9E9E9E; font-weight: bold [object Object]", source: https://test.highloka.com/_next/static/chunks/pages/_app-4e0a347dc425d5bf.js (79)
[21510:21510:0526/170950.300864:INFO:CONSOLE:79] "%c action     color: #03A9F4; font-weight: bold [object Object]", source: https://test.highloka.com/_next/static/chunks/pages/_app-4e0a347dc425d5bf.js (79)
[21510:21510:0526/170950.300911:INFO:CONSOLE:79] "%c next state color: #4CAF50; font-weight: bold [object Object]", source: https://test.highloka.com/_next/static/chunks/pages/_app-4e0a347dc425d5bf.js (79)
[21510:21510:0526/170950.300976:INFO:CONSOLE:79] "console.groupEnd", source: https://test.highloka.com/_next/static/chunks/pages/_app-4e0a347dc425d5bf.js (79)
[21510:21510:0526/170950.301171:INFO:CONSOLE:67] "Showing Controls. ", source: https://test.highloka.com/_next/static/chunks/pages/_app-4e0a347dc425d5bf.js (67)
[21510:21510:0526/170950.301550:INFO:CONSOLE:67] "Showing Controls. ", source: https://test.highloka.com/_next/static/chunks/pages/_app-4e0a347dc425d5bf.js (67)
[21510:21510:0526/170950.303611:INFO:CONSOLE:1] "selectJwVideoPlayerPlayState play", source: https://test.highloka.com/_next/static/chunks/pages/concerts/%5Bslug%5D/arena-1595f5991389ce40.js (1)
[21510:21510:0526/170950.303704:INFO:CONSOLE:1] "selectJwVideoPlayerPlayState backendStreamState started", source: https://test.highloka.com/_next/static/chunks/pages/concerts/%5Bslug%5D/arena-1595f5991389ce40.js (1)
[21510:21510:0526/170950.303784:INFO:CONSOLE:1] "selectAudienceExpressionBaseData null", source: https://test.highloka.com/_next/static/chunks/pages/concerts/%5Bslug%5D/arena-1595f5991389ce40.js (1)
[21510:21510:0526/170950.303890:INFO:CONSOLE:1] "if responsive isdesktop [object Window]", source: https://test.highloka.com/_next/static/chunks/pages/concerts/%5Bslug%5D/arena-1595f5991389ce40.js (1)
[21510:21510:0526/170950.305713:INFO:CONSOLE:1] "Printing Reaction Data List mobileResponsive. undefined", source: https://test.highloka.com/_next/static/chunks/pages/concerts/%5Bslug%5D/arena-1595f5991389ce40.js (1)
[21510:21510:0526/170950.305760:INFO:CONSOLE:1] "ReactionDataList [object Object],[object Object],[object Object],[object Object],[object Object],[object Object]", source: https://test.highloka.com/_next/static/chunks/pages/concerts/%5Bslug%5D/arena-1595f5991389ce40.js (1)
[21510:21510:0526/170950.309743:INFO:CONSOLE:1] "ReactHlsPlayerComponent this.props play", source: https://test.highloka.com/_next/static/chunks/pages/concerts/%5Bslug%5D/arena-1595f5991389ce40.js (1)
[21510:21510:0526/170950.427391:INFO:CONSOLE:67] "[object Object]", source: https://test.highloka.com/_next/static/chunks/pages/_app-4e0a347dc425d5bf.js (67)
[21510:21510:0526/170950.428492:INFO:CONSOLE:79] "%c action %cGET_SET_CONVERSATION_SUCCESS %c@ 17:09:50.427 color: gray; font-weight: lighter; color: inherit; color: gray; font-weight: lighter;", source: https://test.highloka.com/_next/static/chunks/pages/_app-4e0a347dc425d5bf.js (79)
[21510:21510:0526/170950.428663:INFO:CONSOLE:79] "%c prev state color: #9E9E9E; font-weight: bold [object Object]", source: https://test.highloka.com/_next/static/chunks/pages/_app-4e0a347dc425d5bf.js (79)
[21510:21510:0526/170950.429043:INFO:CONSOLE:79] "%c action     color: #03A9F4; font-weight: bold [object Object]", source: https://test.highloka.com/_next/static/chunks/pages/_app-4e0a347dc425d5bf.js (79)
[21510:21510:0526/170950.429208:INFO:CONSOLE:79] "%c next state color: #4CAF50; font-weight: bold [object Object]", source: https://test.highloka.com/_next/static/chunks/pages/_app-4e0a347dc425d5bf.js (79)
[21510:21510:0526/170950.429489:INFO:CONSOLE:79] "console.groupEnd", source: https://test.highloka.com/_next/static/chunks/pages/_app-4e0a347dc425d5bf.js (79)
[21510:21510:0526/170950.430173:INFO:CONSOLE:79] "%c action %cGET_SET_CHAT_USER_START %c@ 17:09:50.429 color: gray; font-weight: lighter; color: inherit; color: gray; font-weight: lighter;", source: https://test.highloka.com/_next/static/chunks/pages/_app-4e0a347dc425d5bf.js (79)
[21510:21510:0526/170950.430375:INFO:CONSOLE:79] "%c prev state color: #9E9E9E; font-weight: bold [object Object]", source: https://test.highloka.com/_next/static/chunks/pages/_app-4e0a347dc425d5bf.js (79)
[21510:21510:0526/170950.430792:INFO:CONSOLE:79] "%c action     color: #03A9F4; font-weight: bold [object Object]", source: https://test.highloka.com/_next/static/chunks/pages/_app-4e0a347dc425d5bf.js (79)
[21510:21510:0526/170950.431086:INFO:CONSOLE:79] "%c next state color: #4CAF50; font-weight: bold [object Object]", source: https://test.highloka.com/_next/static/chunks/pages/_app-4e0a347dc425d5bf.js (79)
[21510:21510:0526/170950.431459:INFO:CONSOLE:79] "console.groupEnd", source: https://test.highloka.com/_next/static/chunks/pages/_app-4e0a347dc425d5bf.js (79)
[21510:21510:0526/170950.431583:INFO:CONSOLE:67] "T5282", source: https://test.highloka.com/_next/static/chunks/pages/_app-4e0a347dc425d5bf.js (67)
[21510:21510:0526/170950.431701:INFO:CONSOLE:67] "Fetching User", source: https://test.highloka.com/_next/static/chunks/pages/_app-4e0a347dc425d5bf.js (67)
[21510:21510:0526/170950.640545:INFO:CONSOLE:67] "[object Object]", source: https://test.highloka.com/_next/static/chunks/pages/_app-4e0a347dc425d5bf.js (67)
[21510:21510:0526/170950.640819:INFO:CONSOLE:67] "[object Object]", source: https://test.highloka.com/_next/static/chunks/pages/_app-4e0a347dc425d5bf.js (67)
[21510:21510:0526/170950.641014:INFO:CONSOLE:67] "There's something here.", source: https://test.highloka.com/_next/static/chunks/pages/_app-4e0a347dc425d5bf.js (67)
[21510:21510:0526/170950.641100:INFO:CONSOLE:67] "[object Object]", source: https://test.highloka.com/_next/static/chunks/pages/_app-4e0a347dc425d5bf.js (67)
[21510:21510:0526/170950.641905:INFO:CONSOLE:79] "%c action %cGET_SET_CHAT_USER_SUCCESS %c@ 17:09:50.641 color: gray; font-weight: lighter; color: inherit; color: gray; font-weight: lighter;", source: https://test.highloka.com/_next/static/chunks/pages/_app-4e0a347dc425d5bf.js (79)
[21510:21510:0526/170950.642113:INFO:CONSOLE:79] "%c prev state color: #9E9E9E; font-weight: bold [object Object]", source: https://test.highloka.com/_next/static/chunks/pages/_app-4e0a347dc425d5bf.js (79)
[21510:21510:0526/170950.642399:INFO:CONSOLE:79] "%c action     color: #03A9F4; font-weight: bold [object Object]", source: https://test.highloka.com/_next/static/chunks/pages/_app-4e0a347dc425d5bf.js (79)
[21510:21510:0526/170950.642618:INFO:CONSOLE:79] "%c next state color: #4CAF50; font-weight: bold [object Object]", source: https://test.highloka.com/_next/static/chunks/pages/_app-4e0a347dc425d5bf.js (79)
[21510:21510:0526/170950.642820:INFO:CONSOLE:79] "console.groupEnd", source: https://test.highloka.com/_next/static/chunks/pages/_app-4e0a347dc425d5bf.js (79)
[21510:21510:0526/170950.643002:INFO:CONSOLE:67] "Yield Done Here.", source: https://test.highloka.com/_next/static/chunks/pages/_app-4e0a347dc425d5bf.js (67)
[21510:21510:0526/170950.643464:INFO:CONSOLE:79] "%c action %cGET_SET_USER_CONVERSATION_START %c@ 17:09:50.643 color: gray; font-weight: lighter; color: inherit; color: gray; font-weight: lighter;", source: https://test.highloka.com/_next/static/chunks/pages/_app-4e0a347dc425d5bf.js (79)
[21510:21510:0526/170950.643650:INFO:CONSOLE:79] "%c prev state color: #9E9E9E; font-weight: bold [object Object]", source: https://test.highloka.com/_next/static/chunks/pages/_app-4e0a347dc425d5bf.js (79)
[21510:21510:0526/170950.643880:INFO:CONSOLE:79] "%c action     color: #03A9F4; font-weight: bold [object Object]", source: https://test.highloka.com/_next/static/chunks/pages/_app-4e0a347dc425d5bf.js (79)
[21510:21510:0526/170950.644165:INFO:CONSOLE:79] "%c next state color: #4CAF50; font-weight: bold [object Object]", source: https://test.highloka.com/_next/static/chunks/pages/_app-4e0a347dc425d5bf.js (79)
[21510:21510:0526/170950.644365:INFO:CONSOLE:79] "console.groupEnd", source: https://test.highloka.com/_next/static/chunks/pages/_app-4e0a347dc425d5bf.js (79)
[21510:21510:0526/170950.644552:INFO:CONSOLE:67] "chatRoomAppSyncObj => d8f8444c-263d-4d48-8cc6-b8bbf890838f", source: https://test.highloka.com/_next/static/chunks/pages/_app-4e0a347dc425d5bf.js (67)
[21510:21510:0526/170950.644927:INFO:CONSOLE:67] "chatUserAppSyncObj => fda20ed1-7daf-4b01-927d-ab6ea562025c", source: https://test.highloka.com/_next/static/chunks/pages/_app-4e0a347dc425d5bf.js (67)
[21510:21510:0526/170950.898542:INFO:CONSOLE:67] "[object Object]", source: https://test.highloka.com/_next/static/chunks/pages/_app-4e0a347dc425d5bf.js (67)
[21510:21510:0526/170950.899619:INFO:CONSOLE:79] "%c action %cGET_SET_USER_CONVERSATION_SUCCESS %c@ 17:09:50.898 color: gray; font-weight: lighter; color: inherit; color: gray; font-weight: lighter;", source: https://test.highloka.com/_next/static/chunks/pages/_app-4e0a347dc425d5bf.js (79)
[21510:21510:0526/170950.899849:INFO:CONSOLE:79] "%c prev state color: #9E9E9E; font-weight: bold [object Object]", source: https://test.highloka.com/_next/static/chunks/pages/_app-4e0a347dc425d5bf.js (79)
[21510:21510:0526/170950.900424:INFO:CONSOLE:79] "%c action     color: #03A9F4; font-weight: bold [object Object]", source: https://test.highloka.com/_next/static/chunks/pages/_app-4e0a347dc425d5bf.js (79)
[21510:21510:0526/170950.900537:INFO:CONSOLE:79] "%c next state color: #4CAF50; font-weight: bold [object Object]", source: https://test.highloka.com/_next/static/chunks/pages/_app-4e0a347dc425d5bf.js (79)
[21510:21510:0526/170950.901041:INFO:CONSOLE:79] "console.groupEnd", source: https://test.highloka.com/_next/static/chunks/pages/_app-4e0a347dc425d5bf.js (79)
[21510:21510:0526/170950.901906:INFO:CONSOLE:79] "%c action %cGET_INITIAL_LATEST_MESSAGES_START %c@ 17:09:50.901 color: gray; font-weight: lighter; color: inherit; color: gray; font-weight: lighter;", source: https://test.highloka.com/_next/static/chunks/pages/_app-4e0a347dc425d5bf.js (79)
[21510:21510:0526/170950.902268:INFO:CONSOLE:79] "%c prev state color: #9E9E9E; font-weight: bold [object Object]", source: https://test.highloka.com/_next/static/chunks/pages/_app-4e0a347dc425d5bf.js (79)
[21510:21510:0526/170950.902654:INFO:CONSOLE:79] "%c action     color: #03A9F4; font-weight: bold [object Object]", source: https://test.highloka.com/_next/static/chunks/pages/_app-4e0a347dc425d5bf.js (79)
[21510:21510:0526/170950.902888:INFO:CONSOLE:79] "%c next state color: #4CAF50; font-weight: bold [object Object]", source: https://test.highloka.com/_next/static/chunks/pages/_app-4e0a347dc425d5bf.js (79)
[21510:21510:0526/170950.903101:INFO:CONSOLE:79] "console.groupEnd", source: https://test.highloka.com/_next/static/chunks/pages/_app-4e0a347dc425d5bf.js (79)
[21510:21510:0526/170951.084904:INFO:CONSOLE:79] "%c action %cSET_JW_VIDEO_PLAYER_PLAY_STATE %c@ 17:09:51.082 color: gray; font-weight: lighter; color: inherit; color: gray; font-weight: lighter;", source: https://test.highloka.com/_next/static/chunks/pages/_app-4e0a347dc425d5bf.js (79)
[21510:21510:0526/170951.084962:INFO:CONSOLE:79] "%c prev state color: #9E9E9E; font-weight: bold [object Object]", source: https://test.highloka.com/_next/static/chunks/pages/_app-4e0a347dc425d5bf.js (79)
[21510:21510:0526/170951.084981:INFO:CONSOLE:79] "%c action     color: #03A9F4; font-weight: bold [object Object]", source: https://test.highloka.com/_next/static/chunks/pages/_app-4e0a347dc425d5bf.js (79)
[21510:21510:0526/170951.085003:INFO:CONSOLE:79] "%c next state color: #4CAF50; font-weight: bold [object Object]", source: https://test.highloka.com/_next/static/chunks/pages/_app-4e0a347dc425d5bf.js (79)
[21510:21510:0526/170951.085020:INFO:CONSOLE:79] "console.groupEnd", source: https://test.highloka.com/_next/static/chunks/pages/_app-4e0a347dc425d5bf.js (79)
[21510:21510:0526/170951.085075:INFO:CONSOLE:79] "%c action %cBACKEND_STREAM_STATE %c@ 17:09:51.083 color: gray; font-weight: lighter; color: inherit; color: gray; font-weight: lighter;", source: https://test.highloka.com/_next/static/chunks/pages/_app-4e0a347dc425d5bf.js (79)
[21510:21510:0526/170951.085092:INFO:CONSOLE:79] "%c prev state color: #9E9E9E; font-weight: bold [object Object]", source: https://test.highloka.com/_next/static/chunks/pages/_app-4e0a347dc425d5bf.js (79)
[21510:21510:0526/170951.085111:INFO:CONSOLE:79] "%c action     color: #03A9F4; font-weight: bold [object Object]", source: https://test.highloka.com/_next/static/chunks/pages/_app-4e0a347dc425d5bf.js (79)
[21510:21510:0526/170951.085136:INFO:CONSOLE:79] "%c next state color: #4CAF50; font-weight: bold [object Object]", source: https://test.highloka.com/_next/static/chunks/pages/_app-4e0a347dc425d5bf.js (79)
[21510:21510:0526/170951.085165:INFO:CONSOLE:79] "console.groupEnd", source: https://test.highloka.com/_next/static/chunks/pages/_app-4e0a347dc425d5bf.js (79)
[21510:21510:0526/170951.085199:INFO:CONSOLE:79] "%c action %cSET_JW_VIDEO_PLAYER_PLAY_STATE %c@ 17:09:51.084 color: gray; font-weight: lighter; color: inherit; color: gray; font-weight: lighter;", source: https://test.highloka.com/_next/static/chunks/pages/_app-4e0a347dc425d5bf.js (79)
[21510:21510:0526/170951.085228:INFO:CONSOLE:79] "%c prev state color: #9E9E9E; font-weight: bold [object Object]", source: https://test.highloka.com/_next/static/chunks/pages/_app-4e0a347dc425d5bf.js (79)
[21510:21510:0526/170951.085268:INFO:CONSOLE:79] "%c action     color: #03A9F4; font-weight: bold [object Object]", source: https://test.highloka.com/_next/static/chunks/pages/_app-4e0a347dc425d5bf.js (79)
[21510:21510:0526/170951.085346:INFO:CONSOLE:79] "%c next state color: #4CAF50; font-weight: bold [object Object]", source: https://test.highloka.com/_next/static/chunks/pages/_app-4e0a347dc425d5bf.js (79)
[21510:21510:0526/170951.085456:INFO:CONSOLE:79] "console.groupEnd", source: https://test.highloka.com/_next/static/chunks/pages/_app-4e0a347dc425d5bf.js (79)
[21510:21510:0526/170951.085676:INFO:CONSOLE:79] "%c action %cBACKEND_STREAM_STATE %c@ 17:09:51.085 color: gray; font-weight: lighter; color: inherit; color: gray; font-weight: lighter;", source: https://test.highloka.com/_next/static/chunks/pages/_app-4e0a347dc425d5bf.js (79)
[21510:21510:0526/170951.085776:INFO:CONSOLE:79] "%c prev state color: #9E9E9E; font-weight: bold [object Object]", source: https://test.highloka.com/_next/static/chunks/pages/_app-4e0a347dc425d5bf.js (79)
[21510:21510:0526/170951.085891:INFO:CONSOLE:79] "%c action     color: #03A9F4; font-weight: bold [object Object]", source: https://test.highloka.com/_next/static/chunks/pages/_app-4e0a347dc425d5bf.js (79)
[21510:21510:0526/170951.085953:INFO:CONSOLE:79] "%c next state color: #4CAF50; font-weight: bold [object Object]", source: https://test.highloka.com/_next/static/chunks/pages/_app-4e0a347dc425d5bf.js (79)
[21510:21510:0526/170951.086044:INFO:CONSOLE:79] "console.groupEnd", source: https://test.highloka.com/_next/static/chunks/pages/_app-4e0a347dc425d5bf.js (79)
[21510:21510:0526/170951.086286:INFO:CONSOLE:79] "%c action %cSHOW_AUTO_HIDDEN_ES_VIDEO_PLAYER_CONTROLS %c@ 17:09:51.086 color: gray; font-weight: lighter; color: inherit; color: gray; font-weight: lighter;", source: https://test.highloka.com/_next/static/chunks/pages/_app-4e0a347dc425d5bf.js (79)
[21510:21510:0526/170951.086330:INFO:CONSOLE:79] "%c prev state color: #9E9E9E; font-weight: bold [object Object]", source: https://test.highloka.com/_next/static/chunks/pages/_app-4e0a347dc425d5bf.js (79)
[21510:21510:0526/170951.086755:INFO:CONSOLE:79] "%c action     color: #03A9F4; font-weight: bold [object Object]", source: https://test.highloka.com/_next/static/chunks/pages/_app-4e0a347dc425d5bf.js (79)
[21510:21510:0526/170951.086780:INFO:CONSOLE:79] "%c next state color: #4CAF50; font-weight: bold [object Object]", source: https://test.highloka.com/_next/static/chunks/pages/_app-4e0a347dc425d5bf.js (79)
[21510:21510:0526/170951.086795:INFO:CONSOLE:79] "console.groupEnd", source: https://test.highloka.com/_next/static/chunks/pages/_app-4e0a347dc425d5bf.js (79)
[21510:21510:0526/170951.087098:INFO:CONSOLE:67] "Showing Controls. ", source: https://test.highloka.com/_next/static/chunks/pages/_app-4e0a347dc425d5bf.js (67)
[21510:21510:0526/170951.087355:INFO:CONSOLE:67] "Showing Controls. ", source: https://test.highloka.com/_next/static/chunks/pages/_app-4e0a347dc425d5bf.js (67)
[21510:21510:0526/170951.088823:INFO:CONSOLE:1] "ReactHlsPlayerComponent this.props play", source: https://test.highloka.com/_next/static/chunks/pages/concerts/%5Bslug%5D/arena-1595f5991389ce40.js (1)
[21510:21510:0526/170951.094995:INFO:CONSOLE:1] "ReactHlsPlayerComponent this.props play", source: https://test.highloka.com/_next/static/chunks/pages/concerts/%5Bslug%5D/arena-1595f5991389ce40.js (1)
[21510:21510:0526/170951.118625:INFO:CONSOLE:79] "%c action %cSET_JW_VIDEO_PLAYER_CURRENT_VIDEO_TIME %c@ 17:09:51.118 color: gray; font-weight: lighter; color: inherit; color: gray; font-weight: lighter;", source: https://test.highloka.com/_next/static/chunks/pages/_app-4e0a347dc425d5bf.js (79)
[21510:21510:0526/170951.118709:INFO:CONSOLE:79] "%c prev state color: #9E9E9E; font-weight: bold [object Object]", source: https://test.highloka.com/_next/static/chunks/pages/_app-4e0a347dc425d5bf.js (79)
[21510:21510:0526/170951.118769:INFO:CONSOLE:79] "%c action     color: #03A9F4; font-weight: bold [object Object]", source: https://test.highloka.com/_next/static/chunks/pages/_app-4e0a347dc425d5bf.js (79)
[21510:21510:0526/170951.118845:INFO:CONSOLE:79] "%c next state color: #4CAF50; font-weight: bold [object Object]", source: https://test.highloka.com/_next/static/chunks/pages/_app-4e0a347dc425d5bf.js (79)
[21510:21510:0526/170951.118896:INFO:CONSOLE:79] "console.groupEnd", source: https://test.highloka.com/_next/static/chunks/pages/_app-4e0a347dc425d5bf.js (79)
[21510:21510:0526/170951.120885:INFO:CONSOLE:1] "ReactHlsPlayerComponent this.props play", source: https://test.highloka.com/_next/static/chunks/pages/concerts/%5Bslug%5D/arena-1595f5991389ce40.js (1)
[21510:21510:0526/170951.226044:INFO:CONSOLE:67] "[object Object]", source: https://test.highloka.com/_next/static/chunks/pages/_app-4e0a347dc425d5bf.js (67)
[21510:21510:0526/170951.226206:INFO:CONSOLE:67] "[object Object]", source: https://test.highloka.com/_next/static/chunks/pages/_app-4e0a347dc425d5bf.js (67)
[21510:21510:0526/170951.226664:INFO:CONSOLE:79] "%c action %cADD_OLD_MESSAGE_SET_TO_MSGVIEW %c@ 17:09:51.226 color: gray; font-weight: lighter; color: inherit; color: gray; font-weight: lighter;", source: https://test.highloka.com/_next/static/chunks/pages/_app-4e0a347dc425d5bf.js (79)
[21510:21510:0526/170951.226757:INFO:CONSOLE:79] "%c prev state color: #9E9E9E; font-weight: bold [object Object]", source: https://test.highloka.com/_next/static/chunks/pages/_app-4e0a347dc425d5bf.js (79)
[21510:21510:0526/170951.226876:INFO:CONSOLE:79] "%c action     color: #03A9F4; font-weight: bold [object Object]", source: https://test.highloka.com/_next/static/chunks/pages/_app-4e0a347dc425d5bf.js (79)
[21510:21510:0526/170951.226976:INFO:CONSOLE:79] "%c next state color: #4CAF50; font-weight: bold [object Object]", source: https://test.highloka.com/_next/static/chunks/pages/_app-4e0a347dc425d5bf.js (79)
[21510:21510:0526/170951.227050:INFO:CONSOLE:79] "console.groupEnd", source: https://test.highloka.com/_next/static/chunks/pages/_app-4e0a347dc425d5bf.js (79)
[21510:21510:0526/170951.227319:INFO:CONSOLE:79] "%c action %cGET_INITIAL_LATEST_MESSAGES_SUCCESS %c@ 17:09:51.227 color: gray; font-weight: lighter; color: inherit; color: gray; font-weight: lighter;", source: https://test.highloka.com/_next/static/chunks/pages/_app-4e0a347dc425d5bf.js (79)
[21510:21510:0526/170951.227383:INFO:CONSOLE:79] "%c prev state color: #9E9E9E; font-weight: bold [object Object]", source: https://test.highloka.com/_next/static/chunks/pages/_app-4e0a347dc425d5bf.js (79)
[21510:21510:0526/170951.227490:INFO:CONSOLE:79] "%c action     color: #03A9F4; font-weight: bold [object Object]", source: https://test.highloka.com/_next/static/chunks/pages/_app-4e0a347dc425d5bf.js (79)
[21510:21510:0526/170951.227665:INFO:CONSOLE:79] "%c next state color: #4CAF50; font-weight: bold [object Object]", source: https://test.highloka.com/_next/static/chunks/pages/_app-4e0a347dc425d5bf.js (79)
[21510:21510:0526/170951.227829:INFO:CONSOLE:79] "console.groupEnd", source: https://test.highloka.com/_next/static/chunks/pages/_app-4e0a347dc425d5bf.js (79)
[21510:21510:0526/170951.228467:INFO:CONSOLE:79] "%c action %cSET_CHAT_TEXT_VIEW_SCROLL %c@ 17:09:51.227 color: gray; font-weight: lighter; color: inherit; color: gray; font-weight: lighter;", source: https://test.highloka.com/_next/static/chunks/pages/_app-4e0a347dc425d5bf.js (79)
[21510:21510:0526/170951.228663:INFO:CONSOLE:79] "%c prev state color: #9E9E9E; font-weight: bold [object Object]", source: https://test.highloka.com/_next/static/chunks/pages/_app-4e0a347dc425d5bf.js (79)
[21510:21510:0526/170951.228941:INFO:CONSOLE:79] "%c action     color: #03A9F4; font-weight: bold [object Object]", source: https://test.highloka.com/_next/static/chunks/pages/_app-4e0a347dc425d5bf.js (79)
[21510:21510:0526/170951.229449:INFO:CONSOLE:79] "%c next state color: #4CAF50; font-weight: bold [object Object]", source: https://test.highloka.com/_next/static/chunks/pages/_app-4e0a347dc425d5bf.js (79)
[21510:21510:0526/170951.229736:INFO:CONSOLE:79] "console.groupEnd", source: https://test.highloka.com/_next/static/chunks/pages/_app-4e0a347dc425d5bf.js (79)
[21510:21510:0526/170951.229900:INFO:CONSOLE:67] "Chat Room Id: d8f8444c-263d-4d48-8cc6-b8bbf890838f", source: https://test.highloka.com/_next/static/chunks/pages/_app-4e0a347dc425d5bf.js (67)
[21510:21510:0526/170951.231762:INFO:CONSOLE:67] "[object Object]", source: https://test.highloka.com/_next/static/chunks/pages/_app-4e0a347dc425d5bf.js (67)
[21510:21510:0526/170951.231860:INFO:CONSOLE:67] "now adding subscription", source: https://test.highloka.com/_next/static/chunks/pages/_app-4e0a347dc425d5bf.js (67)
[21510:21510:0526/170951.233445:INFO:CONSOLE:67] "[object Object]", source: https://test.highloka.com/_next/static/chunks/pages/_app-4e0a347dc425d5bf.js (67)
[21510:21510:0526/170951.233581:INFO:CONSOLE:67] "chat subscription added.", source: https://test.highloka.com/_next/static/chunks/pages/_app-4e0a347dc425d5bf.js (67)
[21510:21510:0526/170951.234982:INFO:CONSOLE:79] "%c action %cLOAD_CHAT_APP_SUCCESS %c@ 17:09:51.234 color: gray; font-weight: lighter; color: inherit; color: gray; font-weight: lighter;", source: https://test.highloka.com/_next/static/chunks/pages/_app-4e0a347dc425d5bf.js (79)
[21510:21510:0526/170951.235068:INFO:CONSOLE:79] "%c prev state color: #9E9E9E; font-weight: bold [object Object]", source: https://test.highloka.com/_next/static/chunks/pages/_app-4e0a347dc425d5bf.js (79)
[21510:21510:0526/170951.235164:INFO:CONSOLE:79] "%c action     color: #03A9F4; font-weight: bold [object Object]", source: https://test.highloka.com/_next/static/chunks/pages/_app-4e0a347dc425d5bf.js (79)
[21510:21510:0526/170951.235270:INFO:CONSOLE:79] "%c next state color: #4CAF50; font-weight: bold [object Object]", source: https://test.highloka.com/_next/static/chunks/pages/_app-4e0a347dc425d5bf.js (79)
[21510:21510:0526/170951.235353:INFO:CONSOLE:79] "console.groupEnd", source: https://test.highloka.com/_next/static/chunks/pages/_app-4e0a347dc425d5bf.js (79)
[21510:21510:0526/170951.235787:INFO:CONSOLE:1] "selectJwVideoPlayerPlayState play", source: https://test.highloka.com/_next/static/chunks/pages/concerts/%5Bslug%5D/arena-1595f5991389ce40.js (1)
[21510:21510:0526/170951.235841:INFO:CONSOLE:1] "selectJwVideoPlayerPlayState backendStreamState started", source: https://test.highloka.com/_next/static/chunks/pages/concerts/%5Bslug%5D/arena-1595f5991389ce40.js (1)
[21510:21510:0526/170951.235913:INFO:CONSOLE:1] "selectAudienceExpressionBaseData null", source: https://test.highloka.com/_next/static/chunks/pages/concerts/%5Bslug%5D/arena-1595f5991389ce40.js (1)
[21510:21510:0526/170951.236010:INFO:CONSOLE:1] "if responsive isdesktop [object Window]", source: https://test.highloka.com/_next/static/chunks/pages/concerts/%5Bslug%5D/arena-1595f5991389ce40.js (1)
[21510:21510:0526/170951.237349:INFO:CONSOLE:1] "Chat Text View Container Did Update. this.props [object Object]", source: https://test.highloka.com/_next/static/chunks/pages/concerts/%5Bslug%5D/arena-1595f5991389ce40.js (1)
[21510:21510:0526/170951.237607:INFO:CONSOLE:1] "mobileResponsive false", source: https://test.highloka.com/_next/static/chunks/pages/concerts/%5Bslug%5D/arena-1595f5991389ce40.js (1)
[21510:21510:0526/170951.237639:INFO:CONSOLE:1] "CurrCharUser", source: https://test.highloka.com/_next/static/chunks/pages/concerts/%5Bslug%5D/arena-1595f5991389ce40.js (1)
[21510:21510:0526/170951.237684:INFO:CONSOLE:1] "[object Object]", source: https://test.highloka.com/_next/static/chunks/pages/concerts/%5Bslug%5D/arena-1595f5991389ce40.js (1)
[21510:21510:0526/170951.237768:INFO:CONSOLE:1] "[object Object]", source: https://test.highloka.com/_next/static/chunks/pages/concerts/%5Bslug%5D/arena-1595f5991389ce40.js (1)
[21510:21510:0526/170951.237817:INFO:CONSOLE:1] "Different User", source: https://test.highloka.com/_next/static/chunks/pages/concerts/%5Bslug%5D/arena-1595f5991389ce40.js (1)
[21510:21510:0526/170951.237849:INFO:CONSOLE:1] "Souvik Shy :white", source: https://test.highloka.com/_next/static/chunks/pages/concerts/%5Bslug%5D/arena-1595f5991389ce40.js (1)
[21510:21510:0526/170951.238042:INFO:CONSOLE:1] "mobileResponsive false", source: https://test.highloka.com/_next/static/chunks/pages/concerts/%5Bslug%5D/arena-1595f5991389ce40.js (1)
[21510:21510:0526/170951.238081:INFO:CONSOLE:1] "CurrCharUser", source: https://test.highloka.com/_next/static/chunks/pages/concerts/%5Bslug%5D/arena-1595f5991389ce40.js (1)
[21510:21510:0526/170951.238109:INFO:CONSOLE:1] "[object Object]", source: https://test.highloka.com/_next/static/chunks/pages/concerts/%5Bslug%5D/arena-1595f5991389ce40.js (1)
[21510:21510:0526/170951.238158:INFO:CONSOLE:1] "[object Object]", source: https://test.highloka.com/_next/static/chunks/pages/concerts/%5Bslug%5D/arena-1595f5991389ce40.js (1)
[21510:21510:0526/170951.238193:INFO:CONSOLE:1] "Loka 41 :white", source: https://test.highloka.com/_next/static/chunks/pages/concerts/%5Bslug%5D/arena-1595f5991389ce40.js (1)
[21510:21510:0526/170951.238295:INFO:CONSOLE:1] "mobileResponsive false", source: https://test.highloka.com/_next/static/chunks/pages/concerts/%5Bslug%5D/arena-1595f5991389ce40.js (1)
[21510:21510:0526/170951.238320:INFO:CONSOLE:1] "CurrCharUser", source: https://test.highloka.com/_next/static/chunks/pages/concerts/%5Bslug%5D/arena-1595f5991389ce40.js (1)
[21510:21510:0526/170951.238346:INFO:CONSOLE:1] "[object Object]", source: https://test.highloka.com/_next/static/chunks/pages/concerts/%5Bslug%5D/arena-1595f5991389ce40.js (1)
[21510:21510:0526/170951.238391:INFO:CONSOLE:1] "[object Object]", source: https://test.highloka.com/_next/static/chunks/pages/concerts/%5Bslug%5D/arena-1595f5991389ce40.js (1)
[21510:21510:0526/170951.238422:INFO:CONSOLE:1] "Loka 41 :white", source: https://test.highloka.com/_next/static/chunks/pages/concerts/%5Bslug%5D/arena-1595f5991389ce40.js (1)
[21510:21510:0526/170951.238485:INFO:CONSOLE:1] "mobileResponsive false", source: https://test.highloka.com/_next/static/chunks/pages/concerts/%5Bslug%5D/arena-1595f5991389ce40.js (1)
[21510:21510:0526/170951.238511:INFO:CONSOLE:1] "CurrCharUser", source: https://test.highloka.com/_next/static/chunks/pages/concerts/%5Bslug%5D/arena-1595f5991389ce40.js (1)
[21510:21510:0526/170951.238538:INFO:CONSOLE:1] "[object Object]", source: https://test.highloka.com/_next/static/chunks/pages/concerts/%5Bslug%5D/arena-1595f5991389ce40.js (1)
[21510:21510:0526/170951.238572:INFO:CONSOLE:1] "[object Object]", source: https://test.highloka.com/_next/static/chunks/pages/concerts/%5Bslug%5D/arena-1595f5991389ce40.js (1)
[21510:21510:0526/170951.238607:INFO:CONSOLE:1] "Loka 41 :white", source: https://test.highloka.com/_next/static/chunks/pages/concerts/%5Bslug%5D/arena-1595f5991389ce40.js (1)
[21510:21510:0526/170951.238659:INFO:CONSOLE:1] "mobileResponsive false", source: https://test.highloka.com/_next/static/chunks/pages/concerts/%5Bslug%5D/arena-1595f5991389ce40.js (1)
[21510:21510:0526/170951.238682:INFO:CONSOLE:1] "CurrCharUser", source: https://test.highloka.com/_next/static/chunks/pages/concerts/%5Bslug%5D/arena-1595f5991389ce40.js (1)
[21510:21510:0526/170951.238704:INFO:CONSOLE:1] "[object Object]", source: https://test.highloka.com/_next/static/chunks/pages/concerts/%5Bslug%5D/arena-1595f5991389ce40.js (1)
[21510:21510:0526/170951.238737:INFO:CONSOLE:1] "[object Object]", source: https://test.highloka.com/_next/static/chunks/pages/concerts/%5Bslug%5D/arena-1595f5991389ce40.js (1)
[21510:21510:0526/170951.238774:INFO:CONSOLE:1] "Loka 41 :white", source: https://test.highloka.com/_next/static/chunks/pages/concerts/%5Bslug%5D/arena-1595f5991389ce40.js (1)
[21510:21510:0526/170951.238818:INFO:CONSOLE:1] "mobileResponsive false", source: https://test.highloka.com/_next/static/chunks/pages/concerts/%5Bslug%5D/arena-1595f5991389ce40.js (1)
[21510:21510:0526/170951.238838:INFO:CONSOLE:1] "CurrCharUser", source: https://test.highloka.com/_next/static/chunks/pages/concerts/%5Bslug%5D/arena-1595f5991389ce40.js (1)
[21510:21510:0526/170951.238861:INFO:CONSOLE:1] "[object Object]", source: https://test.highloka.com/_next/static/chunks/pages/concerts/%5Bslug%5D/arena-1595f5991389ce40.js (1)
[21510:21510:0526/170951.238897:INFO:CONSOLE:1] "[object Object]", source: https://test.highloka.com/_next/static/chunks/pages/concerts/%5Bslug%5D/arena-1595f5991389ce40.js (1)
[21510:21510:0526/170951.238933:INFO:CONSOLE:1] "Loka 41 :white", source: https://test.highloka.com/_next/static/chunks/pages/concerts/%5Bslug%5D/arena-1595f5991389ce40.js (1)
[21510:21510:0526/170951.238984:INFO:CONSOLE:1] "mobileResponsive false", source: https://test.highloka.com/_next/static/chunks/pages/concerts/%5Bslug%5D/arena-1595f5991389ce40.js (1)
[21510:21510:0526/170951.239010:INFO:CONSOLE:1] "CurrCharUser", source: https://test.highloka.com/_next/static/chunks/pages/concerts/%5Bslug%5D/arena-1595f5991389ce40.js (1)
[21510:21510:0526/170951.239026:INFO:CONSOLE:1] "[object Object]", source: https://test.highloka.com/_next/static/chunks/pages/concerts/%5Bslug%5D/arena-1595f5991389ce40.js (1)
[21510:21510:0526/170951.239062:INFO:CONSOLE:1] "[object Object]", source: https://test.highloka.com/_next/static/chunks/pages/concerts/%5Bslug%5D/arena-1595f5991389ce40.js (1)
[21510:21510:0526/170951.239095:INFO:CONSOLE:1] "Loka 41 :white", source: https://test.highloka.com/_next/static/chunks/pages/concerts/%5Bslug%5D/arena-1595f5991389ce40.js (1)
[21510:21510:0526/170951.239145:INFO:CONSOLE:1] "mobileResponsive false", source: https://test.highloka.com/_next/static/chunks/pages/concerts/%5Bslug%5D/arena-1595f5991389ce40.js (1)
[21510:21510:0526/170951.239164:INFO:CONSOLE:1] "CurrCharUser", source: https://test.highloka.com/_next/static/chunks/pages/concerts/%5Bslug%5D/arena-1595f5991389ce40.js (1)
[21510:21510:0526/170951.239188:INFO:CONSOLE:1] "[object Object]", source: https://test.highloka.com/_next/static/chunks/pages/concerts/%5Bslug%5D/arena-1595f5991389ce40.js (1)
[21510:21510:0526/170951.239242:INFO:CONSOLE:1] "[object Object]", source: https://test.highloka.com/_next/static/chunks/pages/concerts/%5Bslug%5D/arena-1595f5991389ce40.js (1)
[21510:21510:0526/170951.239275:INFO:CONSOLE:1] "Loka 41 :white", source: https://test.highloka.com/_next/static/chunks/pages/concerts/%5Bslug%5D/arena-1595f5991389ce40.js (1)
[21510:21510:0526/170951.239321:INFO:CONSOLE:1] "mobileResponsive false", source: https://test.highloka.com/_next/static/chunks/pages/concerts/%5Bslug%5D/arena-1595f5991389ce40.js (1)
[21510:21510:0526/170951.239346:INFO:CONSOLE:1] "CurrCharUser", source: https://test.highloka.com/_next/static/chunks/pages/concerts/%5Bslug%5D/arena-1595f5991389ce40.js (1)
[21510:21510:0526/170951.239369:INFO:CONSOLE:1] "[object Object]", source: https://test.highloka.com/_next/static/chunks/pages/concerts/%5Bslug%5D/arena-1595f5991389ce40.js (1)
[21510:21510:0526/170951.239401:INFO:CONSOLE:1] "[object Object]", source: https://test.highloka.com/_next/static/chunks/pages/concerts/%5Bslug%5D/arena-1595f5991389ce40.js (1)
[21510:21510:0526/170951.239432:INFO:CONSOLE:1] "Loka 41 :white", source: https://test.highloka.com/_next/static/chunks/pages/concerts/%5Bslug%5D/arena-1595f5991389ce40.js (1)
[21510:21510:0526/170951.239494:INFO:CONSOLE:1] "mobileResponsive false", source: https://test.highloka.com/_next/static/chunks/pages/concerts/%5Bslug%5D/arena-1595f5991389ce40.js (1)
[21510:21510:0526/170951.239525:INFO:CONSOLE:1] "CurrCharUser", source: https://test.highloka.com/_next/static/chunks/pages/concerts/%5Bslug%5D/arena-1595f5991389ce40.js (1)
[21510:21510:0526/170951.239539:INFO:CONSOLE:1] "[object Object]", source: https://test.highloka.com/_next/static/chunks/pages/concerts/%5Bslug%5D/arena-1595f5991389ce40.js (1)
[21510:21510:0526/170951.239571:INFO:CONSOLE:1] "[object Object]", source: https://test.highloka.com/_next/static/chunks/pages/concerts/%5Bslug%5D/arena-1595f5991389ce40.js (1)
[21510:21510:0526/170951.239630:INFO:CONSOLE:1] "Loka 41 :white", source: https://test.highloka.com/_next/static/chunks/pages/concerts/%5Bslug%5D/arena-1595f5991389ce40.js (1)
[21510:21510:0526/170951.239709:INFO:CONSOLE:1] "mobileResponsive false", source: https://test.highloka.com/_next/static/chunks/pages/concerts/%5Bslug%5D/arena-1595f5991389ce40.js (1)
[21510:21510:0526/170951.239744:INFO:CONSOLE:1] "CurrCharUser", source: https://test.highloka.com/_next/static/chunks/pages/concerts/%5Bslug%5D/arena-1595f5991389ce40.js (1)
[21510:21510:0526/170951.239780:INFO:CONSOLE:1] "[object Object]", source: https://test.highloka.com/_next/static/chunks/pages/concerts/%5Bslug%5D/arena-1595f5991389ce40.js (1)
[21510:21510:0526/170951.239838:INFO:CONSOLE:1] "[object Object]", source: https://test.highloka.com/_next/static/chunks/pages/concerts/%5Bslug%5D/arena-1595f5991389ce40.js (1)
[21510:21510:0526/170951.239888:INFO:CONSOLE:1] "Loka 41 :white", source: https://test.highloka.com/_next/static/chunks/pages/concerts/%5Bslug%5D/arena-1595f5991389ce40.js (1)
[21510:21510:0526/170951.239966:INFO:CONSOLE:1] "mobileResponsive false", source: https://test.highloka.com/_next/static/chunks/pages/concerts/%5Bslug%5D/arena-1595f5991389ce40.js (1)
[21510:21510:0526/170951.240001:INFO:CONSOLE:1] "CurrCharUser", source: https://test.highloka.com/_next/static/chunks/pages/concerts/%5Bslug%5D/arena-1595f5991389ce40.js (1)
[21510:21510:0526/170951.240033:INFO:CONSOLE:1] "[object Object]", source: https://test.highloka.com/_next/static/chunks/pages/concerts/%5Bslug%5D/arena-1595f5991389ce40.js (1)
[21510:21510:0526/170951.240090:INFO:CONSOLE:1] "[object Object]", source: https://test.highloka.com/_next/static/chunks/pages/concerts/%5Bslug%5D/arena-1595f5991389ce40.js (1)
[21510:21510:0526/170951.240138:INFO:CONSOLE:1] "Loka 41 :white", source: https://test.highloka.com/_next/static/chunks/pages/concerts/%5Bslug%5D/arena-1595f5991389ce40.js (1)
[21510:21510:0526/170951.240240:INFO:CONSOLE:1] "mobileResponsive false", source: https://test.highloka.com/_next/static/chunks/pages/concerts/%5Bslug%5D/arena-1595f5991389ce40.js (1)
[21510:21510:0526/170951.240267:INFO:CONSOLE:1] "CurrCharUser", source: https://test.highloka.com/_next/static/chunks/pages/concerts/%5Bslug%5D/arena-1595f5991389ce40.js (1)
[21510:21510:0526/170951.240302:INFO:CONSOLE:1] "[object Object]", source: https://test.highloka.com/_next/static/chunks/pages/concerts/%5Bslug%5D/arena-1595f5991389ce40.js (1)
[21510:21510:0526/170951.240369:INFO:CONSOLE:1] "[object Object]", source: https://test.highloka.com/_next/static/chunks/pages/concerts/%5Bslug%5D/arena-1595f5991389ce40.js (1)
[21510:21510:0526/170951.240414:INFO:CONSOLE:1] "Loka 41 :white", source: https://test.highloka.com/_next/static/chunks/pages/concerts/%5Bslug%5D/arena-1595f5991389ce40.js (1)
[21510:21510:0526/170951.240497:INFO:CONSOLE:1] "mobileResponsive false", source: https://test.highloka.com/_next/static/chunks/pages/concerts/%5Bslug%5D/arena-1595f5991389ce40.js (1)
[21510:21510:0526/170951.240536:INFO:CONSOLE:1] "CurrCharUser", source: https://test.highloka.com/_next/static/chunks/pages/concerts/%5Bslug%5D/arena-1595f5991389ce40.js (1)
[21510:21510:0526/170951.240572:INFO:CONSOLE:1] "[object Object]", source: https://test.highloka.com/_next/static/chunks/pages/concerts/%5Bslug%5D/arena-1595f5991389ce40.js (1)
[21510:21510:0526/170951.240621:INFO:CONSOLE:1] "[object Object]", source: https://test.highloka.com/_next/static/chunks/pages/concerts/%5Bslug%5D/arena-1595f5991389ce40.js (1)
[21510:21510:0526/170951.240669:INFO:CONSOLE:1] "Loka 41 :white", source: https://test.highloka.com/_next/static/chunks/pages/concerts/%5Bslug%5D/arena-1595f5991389ce40.js (1)
[21510:21510:0526/170951.240784:INFO:CONSOLE:1] "mobileResponsive false", source: https://test.highloka.com/_next/static/chunks/pages/concerts/%5Bslug%5D/arena-1595f5991389ce40.js (1)
[21510:21510:0526/170951.240863:INFO:CONSOLE:1] "CurrCharUser", source: https://test.highloka.com/_next/static/chunks/pages/concerts/%5Bslug%5D/arena-1595f5991389ce40.js (1)
[21510:21510:0526/170951.240918:INFO:CONSOLE:1] "[object Object]", source: https://test.highloka.com/_next/static/chunks/pages/concerts/%5Bslug%5D/arena-1595f5991389ce40.js (1)
[21510:21510:0526/170951.241071:INFO:CONSOLE:1] "[object Object]", source: https://test.highloka.com/_next/static/chunks/pages/concerts/%5Bslug%5D/arena-1595f5991389ce40.js (1)
[21510:21510:0526/170951.241169:INFO:CONSOLE:1] "Loka 41 :white", source: https://test.highloka.com/_next/static/chunks/pages/concerts/%5Bslug%5D/arena-1595f5991389ce40.js (1)
[21510:21510:0526/170951.241358:INFO:CONSOLE:1] "mobileResponsive false", source: https://test.highloka.com/_next/static/chunks/pages/concerts/%5Bslug%5D/arena-1595f5991389ce40.js (1)
[21510:21510:0526/170951.241413:INFO:CONSOLE:1] "CurrCharUser", source: https://test.highloka.com/_next/static/chunks/pages/concerts/%5Bslug%5D/arena-1595f5991389ce40.js (1)
[21510:21510:0526/170951.241494:INFO:CONSOLE:1] "[object Object]", source: https://test.highloka.com/_next/static/chunks/pages/concerts/%5Bslug%5D/arena-1595f5991389ce40.js (1)
[21510:21510:0526/170951.241621:INFO:CONSOLE:1] "[object Object]", source: https://test.highloka.com/_next/static/chunks/pages/concerts/%5Bslug%5D/arena-1595f5991389ce40.js (1)
[21510:21510:0526/170951.241729:INFO:CONSOLE:1] "Loka 41 :white", source: https://test.highloka.com/_next/static/chunks/pages/concerts/%5Bslug%5D/arena-1595f5991389ce40.js (1)
[21510:21510:0526/170951.241886:INFO:CONSOLE:1] "mobileResponsive false", source: https://test.highloka.com/_next/static/chunks/pages/concerts/%5Bslug%5D/arena-1595f5991389ce40.js (1)
[21510:21510:0526/170951.241959:INFO:CONSOLE:1] "CurrCharUser", source: https://test.highloka.com/_next/static/chunks/pages/concerts/%5Bslug%5D/arena-1595f5991389ce40.js (1)
[21510:21510:0526/170951.242050:INFO:CONSOLE:1] "[object Object]", source: https://test.highloka.com/_next/static/chunks/pages/concerts/%5Bslug%5D/arena-1595f5991389ce40.js (1)
[21510:21510:0526/170951.242171:INFO:CONSOLE:1] "[object Object]", source: https://test.highloka.com/_next/static/chunks/pages/concerts/%5Bslug%5D/arena-1595f5991389ce40.js (1)
[21510:21510:0526/170951.242281:INFO:CONSOLE:1] "Loka 41 :white", source: https://test.highloka.com/_next/static/chunks/pages/concerts/%5Bslug%5D/arena-1595f5991389ce40.js (1)
[21510:21510:0526/170951.242421:INFO:CONSOLE:1] "mobileResponsive false", source: https://test.highloka.com/_next/static/chunks/pages/concerts/%5Bslug%5D/arena-1595f5991389ce40.js (1)
[21510:21510:0526/170951.242470:INFO:CONSOLE:1] "CurrCharUser", source: https://test.highloka.com/_next/static/chunks/pages/concerts/%5Bslug%5D/arena-1595f5991389ce40.js (1)
[21510:21510:0526/170951.242530:INFO:CONSOLE:1] "[object Object]", source: https://test.highloka.com/_next/static/chunks/pages/concerts/%5Bslug%5D/arena-1595f5991389ce40.js (1)
[21510:21510:0526/170951.242600:INFO:CONSOLE:1] "[object Object]", source: https://test.highloka.com/_next/static/chunks/pages/concerts/%5Bslug%5D/arena-1595f5991389ce40.js (1)
[21510:21510:0526/170951.242671:INFO:CONSOLE:1] "Loka 41 :white", source: https://test.highloka.com/_next/static/chunks/pages/concerts/%5Bslug%5D/arena-1595f5991389ce40.js (1)
[21510:21510:0526/170951.243086:INFO:CONSOLE:1] "mobileResponsive1 false", source: https://test.highloka.com/_next/static/chunks/pages/concerts/%5Bslug%5D/arena-1595f5991389ce40.js (1)
[21510:21510:0526/170951.243735:INFO:CONSOLE:1] "Printing Reaction Data List mobileResponsive. undefined", source: https://test.highloka.com/_next/static/chunks/pages/concerts/%5Bslug%5D/arena-1595f5991389ce40.js (1)
[21510:21510:0526/170951.243781:INFO:CONSOLE:1] "ReactionDataList [object Object],[object Object],[object Object],[object Object],[object Object],[object Object]", source: https://test.highloka.com/_next/static/chunks/pages/concerts/%5Bslug%5D/arena-1595f5991389ce40.js (1)
[21510:21510:0526/170951.246538:INFO:CONSOLE:1] "ReactHlsPlayerComponent this.props play", source: https://test.highloka.com/_next/static/chunks/pages/concerts/%5Bslug%5D/arena-1595f5991389ce40.js (1)
[21510:21510:0526/170951.372177:INFO:CONSOLE:79] "%c action %cSET_JW_VIDEO_PLAYER_CURRENT_VIDEO_TIME %c@ 17:09:51.371 color: gray; font-weight: lighter; color: inherit; color: gray; font-weight: lighter;", source: https://test.highloka.com/_next/static/chunks/pages/_app-4e0a347dc425d5bf.js (79)
[21510:21510:0526/170951.372345:INFO:CONSOLE:79] "%c prev state color: #9E9E9E; font-weight: bold [object Object]", source: https://test.highloka.com/_next/static/chunks/pages/_app-4e0a347dc425d5bf.js (79)
[21510:21510:0526/170951.372694:INFO:CONSOLE:79] "%c action     color: #03A9F4; font-weight: bold [object Object]", source: https://test.highloka.com/_next/static/chunks/pages/_app-4e0a347dc425d5bf.js (79)
[21510:21510:0526/170951.372762:INFO:CONSOLE:79] "%c next state color: #4CAF50; font-weight: bold [object Object]", source: https://test.highloka.com/_next/static/chunks/pages/_app-4e0a347dc425d5bf.js (79)
[21510:21510:0526/170951.372916:INFO:CONSOLE:79] "console.groupEnd", source: https://test.highloka.com/_next/static/chunks/pages/_app-4e0a347dc425d5bf.js (79)
[21510:21510:0526/170951.376422:INFO:CONSOLE:1] "ReactHlsPlayerComponent this.props play", source: https://test.highloka.com/_next/static/chunks/pages/concerts/%5Bslug%5D/arena-1595f5991389ce40.js (1)
[21510:21510:0526/170951.637203:INFO:CONSOLE:79] "%c action %cSET_JW_VIDEO_PLAYER_CURRENT_VIDEO_TIME %c@ 17:09:51.636 color: gray; font-weight: lighter; color: inherit; color: gray; font-weight: lighter;", source: https://test.highloka.com/_next/static/chunks/pages/_app-4e0a347dc425d5bf.js (79)
[21510:21510:0526/170951.637278:INFO:CONSOLE:79] "%c prev state color: #9E9E9E; font-weight: bold [object Object]", source: https://test.highloka.com/_next/static/chunks/pages/_app-4e0a347dc425d5bf.js (79)
[21510:21510:0526/170951.637385:INFO:CONSOLE:79] "%c action     color: #03A9F4; font-weight: bold [object Object]", source: https://test.highloka.com/_next/static/chunks/pages/_app-4e0a347dc425d5bf.js (79)
[21510:21510:0526/170951.637451:INFO:CONSOLE:79] "%c next state color: #4CAF50; font-weight: bold [object Object]", source: https://test.highloka.com/_next/static/chunks/pages/_app-4e0a347dc425d5bf.js (79)
[21510:21510:0526/170951.637513:INFO:CONSOLE:79] "console.groupEnd", source: https://test.highloka.com/_next/static/chunks/pages/_app-4e0a347dc425d5bf.js (79)
[21510:21510:0526/170951.639256:INFO:CONSOLE:1] "ReactHlsPlayerComponent this.props play", source: https://test.highloka.com/_next/static/chunks/pages/concerts/%5Bslug%5D/arena-1595f5991389ce40.js (1)
[21510:21510:0526/170951.904269:INFO:CONSOLE:79] "%c action %cSET_JW_VIDEO_PLAYER_CURRENT_VIDEO_TIME %c@ 17:09:51.903 color: gray; font-weight: lighter; color: inherit; color: gray; font-weight: lighter;", source: https://test.highloka.com/_next/static/chunks/pages/_app-4e0a347dc425d5bf.js (79)
[21510:21510:0526/170951.904368:INFO:CONSOLE:79] "%c prev state color: #9E9E9E; font-weight: bold [object Object]", source: https://test.highloka.com/_next/static/chunks/pages/_app-4e0a347dc425d5bf.js (79)
[21510:21510:0526/170951.904627:INFO:CONSOLE:79] "%c action     color: #03A9F4; font-weight: bold [object Object]", source: https://test.highloka.com/_next/static/chunks/pages/_app-4e0a347dc425d5bf.js (79)
[21510:21510:0526/170951.904927:INFO:CONSOLE:79] "%c next state color: #4CAF50; font-weight: bold [object Object]", source: https://test.highloka.com/_next/static/chunks/pages/_app-4e0a347dc425d5bf.js (79)
[21510:21510:0526/170951.905277:INFO:CONSOLE:79] "console.groupEnd", source: https://test.highloka.com/_next/static/chunks/pages/_app-4e0a347dc425d5bf.js (79)
[21510:21510:0526/170951.911716:INFO:CONSOLE:1] "ReactHlsPlayerComponent this.props play", source: https://test.highloka.com/_next/static/chunks/pages/concerts/%5Bslug%5D/arena-1595f5991389ce40.js (1)
[21510:21510:0526/170952.168646:INFO:CONSOLE:79] "%c action %cSET_JW_VIDEO_PLAYER_CURRENT_VIDEO_TIME %c@ 17:09:52.168 color: gray; font-weight: lighter; color: inherit; color: gray; font-weight: lighter;", source: https://test.highloka.com/_next/static/chunks/pages/_app-4e0a347dc425d5bf.js (79)
[21510:21510:0526/170952.168796:INFO:CONSOLE:79] "%c prev state color: #9E9E9E; font-weight: bold [object Object]", source: https://test.highloka.com/_next/static/chunks/pages/_app-4e0a347dc425d5bf.js (79)
[21510:21510:0526/170952.169327:INFO:CONSOLE:79] "%c action     color: #03A9F4; font-weight: bold [object Object]", source: https://test.highloka.com/_next/static/chunks/pages/_app-4e0a347dc425d5bf.js (79)
[21510:21510:0526/170952.169571:INFO:CONSOLE:79] "%c next state color: #4CAF50; font-weight: bold [object Object]", source: https://test.highloka.com/_next/static/chunks/pages/_app-4e0a347dc425d5bf.js (79)
[21510:21510:0526/170952.169957:INFO:CONSOLE:79] "console.groupEnd", source: https://test.highloka.com/_next/static/chunks/pages/_app-4e0a347dc425d5bf.js (79)
[21510:21510:0526/170952.176267:INFO:CONSOLE:1] "ReactHlsPlayerComponent this.props play", source: https://test.highloka.com/_next/static/chunks/pages/concerts/%5Bslug%5D/arena-1595f5991389ce40.js (1)
[21510:21510:0526/170952.435739:INFO:CONSOLE:79] "%c action %cSET_JW_VIDEO_PLAYER_CURRENT_VIDEO_TIME %c@ 17:09:52.434 color: gray; font-weight: lighter; color: inherit; color: gray; font-weight: lighter;", source: https://test.highloka.com/_next/static/chunks/pages/_app-4e0a347dc425d5bf.js (79)
[21510:21510:0526/170952.435903:INFO:CONSOLE:79] "%c prev state color: #9E9E9E; font-weight: bold [object Object]", source: https://test.highloka.com/_next/static/chunks/pages/_app-4e0a347dc425d5bf.js (79)
[21510:21510:0526/170952.435933:INFO:CONSOLE:79] "%c action     color: #03A9F4; font-weight: bold [object Object]", source: https://test.highloka.com/_next/static/chunks/pages/_app-4e0a347dc425d5bf.js (79)
[21510:21510:0526/170952.435957:INFO:CONSOLE:79] "%c next state color: #4CAF50; font-weight: bold [object Object]", source: https://test.highloka.com/_next/static/chunks/pages/_app-4e0a347dc425d5bf.js (79)
[21510:21510:0526/170952.435972:INFO:CONSOLE:79] "console.groupEnd", source: https://test.highloka.com/_next/static/chunks/pages/_app-4e0a347dc425d5bf.js (79)
[21510:21510:0526/170952.438286:INFO:CONSOLE:1] "ReactHlsPlayerComponent this.props play", source: https://test.highloka.com/_next/static/chunks/pages/concerts/%5Bslug%5D/arena-1595f5991389ce40.js (1)
[21510:21510:0526/170952.699594:INFO:CONSOLE:79] "%c action %cSET_JW_VIDEO_PLAYER_CURRENT_VIDEO_TIME %c@ 17:09:52.699 color: gray; font-weight: lighter; color: inherit; color: gray; font-weight: lighter;", source: https://test.highloka.com/_next/static/chunks/pages/_app-4e0a347dc425d5bf.js (79)
[21510:21510:0526/170952.699659:INFO:CONSOLE:79] "%c prev state color: #9E9E9E; font-weight: bold [object Object]", source: https://test.highloka.com/_next/static/chunks/pages/_app-4e0a347dc425d5bf.js (79)
[21510:21510:0526/170952.699723:INFO:CONSOLE:79] "%c action     color: #03A9F4; font-weight: bold [object Object]", source: https://test.highloka.com/_next/static/chunks/pages/_app-4e0a347dc425d5bf.js (79)
[21510:21510:0526/170952.699790:INFO:CONSOLE:79] "%c next state color: #4CAF50; font-weight: bold [object Object]", source: https://test.highloka.com/_next/static/chunks/pages/_app-4e0a347dc425d5bf.js (79)
[21510:21510:0526/170952.699851:INFO:CONSOLE:79] "console.groupEnd", source: https://test.highloka.com/_next/static/chunks/pages/_app-4e0a347dc425d5bf.js (79)
[21510:21510:0526/170952.701781:INFO:CONSOLE:1] "ReactHlsPlayerComponent this.props play", source: https://test.highloka.com/_next/static/chunks/pages/concerts/%5Bslug%5D/arena-1595f5991389ce40.js (1)
[21510:21510:0526/170952.865443:INFO:CONSOLE:1] "receivedAudienceUserStrip null", source: https://test.highloka.com/_next/static/chunks/pages/concerts/%5Bslug%5D/arena-1595f5991389ce40.js (1)
[21510:21510:0526/170952.866535:INFO:CONSOLE:1] "receivedAudienceUserStrip null", source: https://test.highloka.com/_next/static/chunks/pages/concerts/%5Bslug%5D/arena-1595f5991389ce40.js (1)
[21510:21510:0526/170952.965291:INFO:CONSOLE:79] "%c action %cSET_JW_VIDEO_PLAYER_CURRENT_VIDEO_TIME %c@ 17:09:52.964 color: gray; font-weight: lighter; color: inherit; color: gray; font-weight: lighter;", source: https://test.highloka.com/_next/static/chunks/pages/_app-4e0a347dc425d5bf.js (79)
[21510:21510:0526/170952.965361:INFO:CONSOLE:79] "%c prev state color: #9E9E9E; font-weight: bold [object Object]", source: https://test.highloka.com/_next/static/chunks/pages/_app-4e0a347dc425d5bf.js (79)
[21510:21510:0526/170952.965439:INFO:CONSOLE:79] "%c action     color: #03A9F4; font-weight: bold [object Object]", source: https://test.highloka.com/_next/static/chunks/pages/_app-4e0a347dc425d5bf.js (79)
[21510:21510:0526/170952.965521:INFO:CONSOLE:79] "%c next state color: #4CAF50; font-weight: bold [object Object]", source: https://test.highloka.com/_next/static/chunks/pages/_app-4e0a347dc425d5bf.js (79)
[21510:21510:0526/170952.965590:INFO:CONSOLE:79] "console.groupEnd", source: https://test.highloka.com/_next/static/chunks/pages/_app-4e0a347dc425d5bf.js (79)
[21510:21510:0526/170952.967510:INFO:CONSOLE:1] "ReactHlsPlayerComponent this.props play", source: https://test.highloka.com/_next/static/chunks/pages/concerts/%5Bslug%5D/arena-1595f5991389ce40.js (1)
[21510:21510:0526/170953.087964:INFO:CONSOLE:67] "Hiding Controls.", source: https://test.highloka.com/_next/static/chunks/pages/_app-4e0a347dc425d5bf.js (67)
[21510:21510:0526/170953.088291:INFO:CONSOLE:79] "%c action %cHIDE_AUTO_HIDDEN_ES_VIDEO_PLAYER_CONTROLS %c@ 17:09:53.087 color: gray; font-weight: lighter; color: inherit; color: gray; font-weight: lighter;", source: https://test.highloka.com/_next/static/chunks/pages/_app-4e0a347dc425d5bf.js (79)
[21510:21510:0526/170953.088412:INFO:CONSOLE:79] "%c prev state color: #9E9E9E; font-weight: bold [object Object]", source: https://test.highloka.com/_next/static/chunks/pages/_app-4e0a347dc425d5bf.js (79)
[21510:21510:0526/170953.088534:INFO:CONSOLE:79] "%c action     color: #03A9F4; font-weight: bold [object Object]", source: https://test.highloka.com/_next/static/chunks/pages/_app-4e0a347dc425d5bf.js (79)
[21510:21510:0526/170953.088691:INFO:CONSOLE:79] "%c next state color: #4CAF50; font-weight: bold [object Object]", source: https://test.highloka.com/_next/static/chunks/pages/_app-4e0a347dc425d5bf.js (79)
[21510:21510:0526/170953.088821:INFO:CONSOLE:79] "console.groupEnd", source: https://test.highloka.com/_next/static/chunks/pages/_app-4e0a347dc425d5bf.js (79)
[21510:21510:0526/170953.089380:INFO:CONSOLE:1] "ReactHlsPlayerComponent this.props play", source: https://test.highloka.com/_next/static/chunks/pages/concerts/%5Bslug%5D/arena-1595f5991389ce40.js (1)
[21510:21510:0526/170953.089550:INFO:CONSOLE:67] "Hiding Controls.", source: https://test.highloka.com/_next/static/chunks/pages/_app-4e0a347dc425d5bf.js (67)
[21510:21510:0526/170953.089864:INFO:CONSOLE:79] "%c action %cHIDE_AUTO_HIDDEN_ES_VIDEO_PLAYER_CONTROLS %c@ 17:09:53.089 color: gray; font-weight: lighter; color: inherit; color: gray; font-weight: lighter;", source: https://test.highloka.com/_next/static/chunks/pages/_app-4e0a347dc425d5bf.js (79)
[21510:21510:0526/170953.089966:INFO:CONSOLE:79] "%c prev state color: #9E9E9E; font-weight: bold [object Object]", source: https://test.highloka.com/_next/static/chunks/pages/_app-4e0a347dc425d5bf.js (79)
[21510:21510:0526/170953.090098:INFO:CONSOLE:79] "%c action     color: #03A9F4; font-weight: bold [object Object]", source: https://test.highloka.com/_next/static/chunks/pages/_app-4e0a347dc425d5bf.js (79)
[21510:21510:0526/170953.090769:INFO:CONSOLE:79] "%c next state color: #4CAF50; font-weight: bold [object Object]", source: https://test.highloka.com/_next/static/chunks/pages/_app-4e0a347dc425d5bf.js (79)
[21510:21510:0526/170953.090817:INFO:CONSOLE:79] "console.groupEnd", source: https://test.highloka.com/_next/static/chunks/pages/_app-4e0a347dc425d5bf.js (79)
[21510:21510:0526/170953.090839:INFO:CONSOLE:1] "ReactHlsPlayerComponent this.props play", source: https://test.highloka.com/_next/static/chunks/pages/concerts/%5Bslug%5D/arena-1595f5991389ce40.js (1)
[21510:21510:0526/170953.231849:INFO:CONSOLE:79] "%c action %cSET_JW_VIDEO_PLAYER_CURRENT_VIDEO_TIME %c@ 17:09:53.231 color: gray; font-weight: lighter; color: inherit; color: gray; font-weight: lighter;", source: https://test.highloka.com/_next/static/chunks/pages/_app-4e0a347dc425d5bf.js (79)
[21510:21510:0526/170953.231954:INFO:CONSOLE:79] "%c prev state color: #9E9E9E; font-weight: bold [object Object]", source: https://test.highloka.com/_next/static/chunks/pages/_app-4e0a347dc425d5bf.js (79)
[21510:21510:0526/170953.232099:INFO:CONSOLE:79] "%c action     color: #03A9F4; font-weight: bold [object Object]", source: https://test.highloka.com/_next/static/chunks/pages/_app-4e0a347dc425d5bf.js (79)
[21510:21510:0526/170953.232281:INFO:CONSOLE:79] "%c next state color: #4CAF50; font-weight: bold [object Object]", source: https://test.highloka.com/_next/static/chunks/pages/_app-4e0a347dc425d5bf.js (79)
[21510:21510:0526/170953.232431:INFO:CONSOLE:79] "console.groupEnd", source: https://test.highloka.com/_next/static/chunks/pages/_app-4e0a347dc425d5bf.js (79)
[21510:21510:0526/170953.235918:INFO:CONSOLE:1] "ReactHlsPlayerComponent this.props play", source: https://test.highloka.com/_next/static/chunks/pages/concerts/%5Bslug%5D/arena-1595f5991389ce40.js (1)
[21510:21510:0526/170953.496488:INFO:CONSOLE:79] "%c action %cSET_JW_VIDEO_PLAYER_CURRENT_VIDEO_TIME %c@ 17:09:53.496 color: gray; font-weight: lighter; color: inherit; color: gray; font-weight: lighter;", source: https://test.highloka.com/_next/static/chunks/pages/_app-4e0a347dc425d5bf.js (79)
[21510:21510:0526/170953.496549:INFO:CONSOLE:79] "%c prev state color: #9E9E9E; font-weight: bold [object Object]", source: https://test.highloka.com/_next/static/chunks/pages/_app-4e0a347dc425d5bf.js (79)
[21510:21510:0526/170953.496649:INFO:CONSOLE:79] "%c action     color: #03A9F4; font-weight: bold [object Object]", source: https://test.highloka.com/_next/static/chunks/pages/_app-4e0a347dc425d5bf.js (79)
[21510:21510:0526/170953.496725:INFO:CONSOLE:79] "%c next state color: #4CAF50; font-weight: bold [object Object]", source: https://test.highloka.com/_next/static/chunks/pages/_app-4e0a347dc425d5bf.js (79)
[21510:21510:0526/170953.496790:INFO:CONSOLE:79] "console.groupEnd", source: https://test.highloka.com/_next/static/chunks/pages/_app-4e0a347dc425d5bf.js (79)
[21510:21510:0526/170953.498273:INFO:CONSOLE:1] "ReactHlsPlayerComponent this.props play", source: https://test.highloka.com/_next/static/chunks/pages/concerts/%5Bslug%5D/arena-1595f5991389ce40.js (1)
[21510:21510:0526/170953.761923:INFO:CONSOLE:79] "%c action %cSET_JW_VIDEO_PLAYER_CURRENT_VIDEO_TIME %c@ 17:09:53.761 color: gray; font-weight: lighter; color: inherit; color: gray; font-weight: lighter;", source: https://test.highloka.com/_next/static/chunks/pages/_app-4e0a347dc425d5bf.js (79)
[21510:21510:0526/170953.761992:INFO:CONSOLE:79] "%c prev state color: #9E9E9E; font-weight: bold [object Object]", source: https://test.highloka.com/_next/static/chunks/pages/_app-4e0a347dc425d5bf.js (79)
[21510:21510:0526/170953.762088:INFO:CONSOLE:79] "%c action     color: #03A9F4; font-weight: bold [object Object]", source: https://test.highloka.com/_next/static/chunks/pages/_app-4e0a347dc425d5bf.js (79)
[21510:21510:0526/170953.762170:INFO:CONSOLE:79] "%c next state color: #4CAF50; font-weight: bold [object Object]", source: https://test.highloka.com/_next/static/chunks/pages/_app-4e0a347dc425d5bf.js (79)
[21510:21510:0526/170953.762253:INFO:CONSOLE:79] "console.groupEnd", source: https://test.highloka.com/_next/static/chunks/pages/_app-4e0a347dc425d5bf.js (79)
[21510:21510:0526/170953.763894:INFO:CONSOLE:1] "ReactHlsPlayerComponent this.props play", source: https://test.highloka.com/_next/static/chunks/pages/concerts/%5Bslug%5D/arena-1595f5991389ce40.js (1)
[21510:21510:0526/170954.027766:INFO:CONSOLE:79] "%c action %cSET_JW_VIDEO_PLAYER_CURRENT_VIDEO_TIME %c@ 17:09:54.027 color: gray; font-weight: lighter; color: inherit; color: gray; font-weight: lighter;", source: https://test.highloka.com/_next/static/chunks/pages/_app-4e0a347dc425d5bf.js (79)
[21510:21510:0526/170954.027831:INFO:CONSOLE:79] "%c prev state color: #9E9E9E; font-weight: bold [object Object]", source: https://test.highloka.com/_next/static/chunks/pages/_app-4e0a347dc425d5bf.js (79)
[21510:21510:0526/170954.027910:INFO:CONSOLE:79] "%c action     color: #03A9F4; font-weight: bold [object Object]", source: https://test.highloka.com/_next/static/chunks/pages/_app-4e0a347dc425d5bf.js (79)
[21510:21510:0526/170954.027989:INFO:CONSOLE:79] "%c next state color: #4CAF50; font-weight: bold [object Object]", source: https://test.highloka.com/_next/static/chunks/pages/_app-4e0a347dc425d5bf.js (79)
[21510:21510:0526/170954.028063:INFO:CONSOLE:79] "console.groupEnd", source: https://test.highloka.com/_next/static/chunks/pages/_app-4e0a347dc425d5bf.js (79)
[21510:21510:0526/170954.029385:INFO:CONSOLE:1] "ReactHlsPlayerComponent this.props play", source: https://test.highloka.com/_next/static/chunks/pages/concerts/%5Bslug%5D/arena-1595f5991389ce40.js (1)
[21510:21510:0526/170954.294499:INFO:CONSOLE:79] "%c action %cSET_JW_VIDEO_PLAYER_CURRENT_VIDEO_TIME %c@ 17:09:54.294 color: gray; font-weight: lighter; color: inherit; color: gray; font-weight: lighter;", source: https://test.highloka.com/_next/static/chunks/pages/_app-4e0a347dc425d5bf.js (79)
[21510:21510:0526/170954.294627:INFO:CONSOLE:79] "%c prev state color: #9E9E9E; font-weight: bold [object Object]", source: https://test.highloka.com/_next/static/chunks/pages/_app-4e0a347dc425d5bf.js (79)
[21510:21510:0526/170954.294789:INFO:CONSOLE:79] "%c action     color: #03A9F4; font-weight: bold [object Object]", source: https://test.highloka.com/_next/static/chunks/pages/_app-4e0a347dc425d5bf.js (79)
[21510:21510:0526/170954.294886:INFO:CONSOLE:79] "%c next state color: #4CAF50; font-weight: bold [object Object]", source: https://test.highloka.com/_next/static/chunks/pages/_app-4e0a347dc425d5bf.js (79)
[21510:21510:0526/170954.294972:INFO:CONSOLE:79] "console.groupEnd", source: https://test.highloka.com/_next/static/chunks/pages/_app-4e0a347dc425d5bf.js (79)
[21510:21510:0526/170954.303645:INFO:CONSOLE:1] "ReactHlsPlayerComponent this.props play", source: https://test.highloka.com/_next/static/chunks/pages/concerts/%5Bslug%5D/arena-1595f5991389ce40.js (1)
[21510:21510:0526/170954.386497:INFO:CONSOLE:79] "%c action %cSHOW_AUTO_HIDDEN_ES_VIDEO_PLAYER_CONTROLS %c@ 17:09:54.385 color: gray; font-weight: lighter; color: inherit; color: gray; font-weight: lighter;", source: https://test.highloka.com/_next/static/chunks/pages/_app-4e0a347dc425d5bf.js (79)
[21510:21510:0526/170954.386578:INFO:CONSOLE:79] "%c prev state color: #9E9E9E; font-weight: bold [object Object]", source: https://test.highloka.com/_next/static/chunks/pages/_app-4e0a347dc425d5bf.js (79)
[21510:21510:0526/170954.386600:INFO:CONSOLE:79] "%c action     color: #03A9F4; font-weight: bold [object Object]", source: https://test.highloka.com/_next/static/chunks/pages/_app-4e0a347dc425d5bf.js (79)
[21510:21510:0526/170954.386668:INFO:CONSOLE:79] "%c next state color: #4CAF50; font-weight: bold [object Object]", source: https://test.highloka.com/_next/static/chunks/pages/_app-4e0a347dc425d5bf.js (79)
[21510:21510:0526/170954.386712:INFO:CONSOLE:79] "console.groupEnd", source: https://test.highloka.com/_next/static/chunks/pages/_app-4e0a347dc425d5bf.js (79)
[21510:21510:0526/170954.386805:INFO:CONSOLE:67] "Showing Controls. ", source: https://test.highloka.com/_next/static/chunks/pages/_app-4e0a347dc425d5bf.js (67)
[21510:21510:0526/170954.386904:INFO:CONSOLE:67] "Showing Controls. ", source: https://test.highloka.com/_next/static/chunks/pages/_app-4e0a347dc425d5bf.js (67)
[21510:21510:0526/170954.387185:INFO:CONSOLE:1] "ReactHlsPlayerComponent this.props play", source: https://test.highloka.com/_next/static/chunks/pages/concerts/%5Bslug%5D/arena-1595f5991389ce40.js (1)
[21510:21510:0526/170954.402718:INFO:CONSOLE:79] "%c action %cSHOW_AUTO_HIDDEN_ES_VIDEO_PLAYER_CONTROLS %c@ 17:09:54.402 color: gray; font-weight: lighter; color: inherit; color: gray; font-weight: lighter;", source: https://test.highloka.com/_next/static/chunks/pages/_app-4e0a347dc425d5bf.js (79)
[21510:21510:0526/170954.402797:INFO:CONSOLE:79] "%c prev state color: #9E9E9E; font-weight: bold [object Object]", source: https://test.highloka.com/_next/static/chunks/pages/_app-4e0a347dc425d5bf.js (79)
[21510:21510:0526/170954.402885:INFO:CONSOLE:79] "%c action     color: #03A9F4; font-weight: bold [object Object]", source: https://test.highloka.com/_next/static/chunks/pages/_app-4e0a347dc425d5bf.js (79)
[21510:21510:0526/170954.402943:INFO:CONSOLE:79] "%c next state color: #4CAF50; font-weight: bold [object Object]", source: https://test.highloka.com/_next/static/chunks/pages/_app-4e0a347dc425d5bf.js (79)
[21510:21510:0526/170954.402981:INFO:CONSOLE:79] "console.groupEnd", source: https://test.highloka.com/_next/static/chunks/pages/_app-4e0a347dc425d5bf.js (79)
[21510:21510:0526/170954.403125:INFO:CONSOLE:67] "Showing Controls. ", source: https://test.highloka.com/_next/static/chunks/pages/_app-4e0a347dc425d5bf.js (67)
[21510:21510:0526/170954.403235:INFO:CONSOLE:67] "Showing Controls. ", source: https://test.highloka.com/_next/static/chunks/pages/_app-4e0a347dc425d5bf.js (67)
[21510:21510:0526/170954.403535:INFO:CONSOLE:1] "ReactHlsPlayerComponent this.props play", source: https://test.highloka.com/_next/static/chunks/pages/concerts/%5Bslug%5D/arena-1595f5991389ce40.js (1)
[21510:21510:0526/170954.424937:INFO:CONSOLE:79] "%c action %cSHOW_AUTO_HIDDEN_ES_VIDEO_PLAYER_CONTROLS %c@ 17:09:54.424 color: gray; font-weight: lighter; color: inherit; color: gray; font-weight: lighter;", source: https://test.highloka.com/_next/static/chunks/pages/_app-4e0a347dc425d5bf.js (79)
[21510:21510:0526/170954.425141:INFO:CONSOLE:79] "%c prev state color: #9E9E9E; font-weight: bold [object Object]", source: https://test.highloka.com/_next/static/chunks/pages/_app-4e0a347dc425d5bf.js (79)
[21510:21510:0526/170954.425256:INFO:CONSOLE:79] "%c action     color: #03A9F4; font-weight: bold [object Object]", source: https://test.highloka.com/_next/static/chunks/pages/_app-4e0a347dc425d5bf.js (79)
[21510:21510:0526/170954.425349:INFO:CONSOLE:79] "%c next state color: #4CAF50; font-weight: bold [object Object]", source: https://test.highloka.com/_next/static/chunks/pages/_app-4e0a347dc425d5bf.js (79)
[21510:21510:0526/170954.425400:INFO:CONSOLE:79] "console.groupEnd", source: https://test.highloka.com/_next/static/chunks/pages/_app-4e0a347dc425d5bf.js (79)
[21510:21510:0526/170954.425574:INFO:CONSOLE:67] "Showing Controls. ", source: https://test.highloka.com/_next/static/chunks/pages/_app-4e0a347dc425d5bf.js (67)
[21510:21510:0526/170954.425723:INFO:CONSOLE:67] "Showing Controls. ", source: https://test.highloka.com/_next/static/chunks/pages/_app-4e0a347dc425d5bf.js (67)
[21510:21510:0526/170954.426137:INFO:CONSOLE:1] "ReactHlsPlayerComponent this.props play", source: https://test.highloka.com/_next/static/chunks/pages/concerts/%5Bslug%5D/arena-1595f5991389ce40.js (1)
[21510:21510:0526/170954.436701:INFO:CONSOLE:79] "%c action %cSHOW_AUTO_HIDDEN_ES_VIDEO_PLAYER_CONTROLS %c@ 17:09:54.436 color: gray; font-weight: lighter; color: inherit; color: gray; font-weight: lighter;", source: https://test.highloka.com/_next/static/chunks/pages/_app-4e0a347dc425d5bf.js (79)
[21510:21510:0526/170954.436779:INFO:CONSOLE:79] "%c prev state color: #9E9E9E; font-weight: bold [object Object]", source: https://test.highloka.com/_next/static/chunks/pages/_app-4e0a347dc425d5bf.js (79)
[21510:21510:0526/170954.436804:INFO:CONSOLE:79] "%c action     color: #03A9F4; font-weight: bold [object Object]", source: https://test.highloka.com/_next/static/chunks/pages/_app-4e0a347dc425d5bf.js (79)
[21510:21510:0526/170954.436885:INFO:CONSOLE:79] "%c next state color: #4CAF50; font-weight: bold [object Object]", source: https://test.highloka.com/_next/static/chunks/pages/_app-4e0a347dc425d5bf.js (79)
[21510:21510:0526/170954.436967:INFO:CONSOLE:79] "console.groupEnd", source: https://test.highloka.com/_next/static/chunks/pages/_app-4e0a347dc425d5bf.js (79)
[21510:21510:0526/170954.437121:INFO:CONSOLE:67] "Showing Controls. ", source: https://test.highloka.com/_next/static/chunks/pages/_app-4e0a347dc425d5bf.js (67)
[21510:21510:0526/170954.437266:INFO:CONSOLE:67] "Showing Controls. ", source: https://test.highloka.com/_next/static/chunks/pages/_app-4e0a347dc425d5bf.js (67)
[21510:21510:0526/170954.437708:INFO:CONSOLE:1] "ReactHlsPlayerComponent this.props play", source: https://test.highloka.com/_next/static/chunks/pages/concerts/%5Bslug%5D/arena-1595f5991389ce40.js (1)
[21510:21510:0526/170954.459406:INFO:CONSOLE:79] "%c action %cSHOW_AUTO_HIDDEN_ES_VIDEO_PLAYER_CONTROLS %c@ 17:09:54.458 color: gray; font-weight: lighter; color: inherit; color: gray; font-weight: lighter;", source: https://test.highloka.com/_next/static/chunks/pages/_app-4e0a347dc425d5bf.js (79)
[21510:21510:0526/170954.459650:INFO:CONSOLE:79] "%c prev state color: #9E9E9E; font-weight: bold [object Object]", source: https://test.highloka.com/_next/static/chunks/pages/_app-4e0a347dc425d5bf.js (79)
[21510:21510:0526/170954.459691:INFO:CONSOLE:79] "%c action     color: #03A9F4; font-weight: bold [object Object]", source: https://test.highloka.com/_next/static/chunks/pages/_app-4e0a347dc425d5bf.js (79)
[21510:21510:0526/170954.459769:INFO:CONSOLE:79] "%c next state color: #4CAF50; font-weight: bold [object Object]", source: https://test.highloka.com/_next/static/chunks/pages/_app-4e0a347dc425d5bf.js (79)
[21510:21510:0526/170954.459787:INFO:CONSOLE:79] "console.groupEnd", source: https://test.highloka.com/_next/static/chunks/pages/_app-4e0a347dc425d5bf.js (79)
[21510:21510:0526/170954.460027:INFO:CONSOLE:67] "Showing Controls. ", source: https://test.highloka.com/_next/static/chunks/pages/_app-4e0a347dc425d5bf.js (67)
[21510:21510:0526/170954.460277:INFO:CONSOLE:67] "Showing Controls. ", source: https://test.highloka.com/_next/static/chunks/pages/_app-4e0a347dc425d5bf.js (67)
[21510:21510:0526/170954.460711:INFO:CONSOLE:1] "ReactHlsPlayerComponent this.props play", source: https://test.highloka.com/_next/static/chunks/pages/concerts/%5Bslug%5D/arena-1595f5991389ce40.js (1)
[21510:21510:0526/170954.468735:INFO:CONSOLE:79] "%c action %cSHOW_AUTO_HIDDEN_ES_VIDEO_PLAYER_CONTROLS %c@ 17:09:54.468 color: gray; font-weight: lighter; color: inherit; color: gray; font-weight: lighter;", source: https://test.highloka.com/_next/static/chunks/pages/_app-4e0a347dc425d5bf.js (79)
[21510:21510:0526/170954.468852:INFO:CONSOLE:79] "%c prev state color: #9E9E9E; font-weight: bold [object Object]", source: https://test.highloka.com/_next/static/chunks/pages/_app-4e0a347dc425d5bf.js (79)
[21510:21510:0526/170954.469045:INFO:CONSOLE:79] "%c action     color: #03A9F4; font-weight: bold [object Object]", source: https://test.highloka.com/_next/static/chunks/pages/_app-4e0a347dc425d5bf.js (79)
[21510:21510:0526/170954.469092:INFO:CONSOLE:79] "%c next state color: #4CAF50; font-weight: bold [object Object]", source: https://test.highloka.com/_next/static/chunks/pages/_app-4e0a347dc425d5bf.js (79)
[21510:21510:0526/170954.469114:INFO:CONSOLE:79] "console.groupEnd", source: https://test.highloka.com/_next/static/chunks/pages/_app-4e0a347dc425d5bf.js (79)
[21510:21510:0526/170954.469214:INFO:CONSOLE:67] "Showing Controls. ", source: https://test.highloka.com/_next/static/chunks/pages/_app-4e0a347dc425d5bf.js (67)
[21510:21510:0526/170954.469363:INFO:CONSOLE:67] "Showing Controls. ", source: https://test.highloka.com/_next/static/chunks/pages/_app-4e0a347dc425d5bf.js (67)
[21510:21510:0526/170954.469707:INFO:CONSOLE:1] "ReactHlsPlayerComponent this.props play", source: https://test.highloka.com/_next/static/chunks/pages/concerts/%5Bslug%5D/arena-1595f5991389ce40.js (1)
[21510:21510:0526/170954.485654:INFO:CONSOLE:79] "%c action %cSHOW_AUTO_HIDDEN_ES_VIDEO_PLAYER_CONTROLS %c@ 17:09:54.485 color: gray; font-weight: lighter; color: inherit; color: gray; font-weight: lighter;", source: https://test.highloka.com/_next/static/chunks/pages/_app-4e0a347dc425d5bf.js (79)
[21510:21510:0526/170954.485730:INFO:CONSOLE:79] "%c prev state color: #9E9E9E; font-weight: bold [object Object]", source: https://test.highloka.com/_next/static/chunks/pages/_app-4e0a347dc425d5bf.js (79)
[21510:21510:0526/170954.485753:INFO:CONSOLE:79] "%c action     color: #03A9F4; font-weight: bold [object Object]", source: https://test.highloka.com/_next/static/chunks/pages/_app-4e0a347dc425d5bf.js (79)
[21510:21510:0526/170954.485803:INFO:CONSOLE:79] "%c next state color: #4CAF50; font-weight: bold [object Object]", source: https://test.highloka.com/_next/static/chunks/pages/_app-4e0a347dc425d5bf.js (79)
[21510:21510:0526/170954.485847:INFO:CONSOLE:79] "console.groupEnd", source: https://test.highloka.com/_next/static/chunks/pages/_app-4e0a347dc425d5bf.js (79)
[21510:21510:0526/170954.485988:INFO:CONSOLE:67] "Showing Controls. ", source: https://test.highloka.com/_next/static/chunks/pages/_app-4e0a347dc425d5bf.js (67)
[21510:21510:0526/170954.486063:INFO:CONSOLE:67] "Showing Controls. ", source: https://test.highloka.com/_next/static/chunks/pages/_app-4e0a347dc425d5bf.js (67)
[21510:21510:0526/170954.486414:INFO:CONSOLE:1] "ReactHlsPlayerComponent this.props play", source: https://test.highloka.com/_next/static/chunks/pages/concerts/%5Bslug%5D/arena-1595f5991389ce40.js (1)
[21510:21510:0526/170954.509109:INFO:CONSOLE:79] "%c action %cSHOW_AUTO_HIDDEN_ES_VIDEO_PLAYER_CONTROLS %c@ 17:09:54.508 color: gray; font-weight: lighter; color: inherit; color: gray; font-weight: lighter;", source: https://test.highloka.com/_next/static/chunks/pages/_app-4e0a347dc425d5bf.js (79)
[21510:21510:0526/170954.509297:INFO:CONSOLE:79] "%c prev state color: #9E9E9E; font-weight: bold [object Object]", source: https://test.highloka.com/_next/static/chunks/pages/_app-4e0a347dc425d5bf.js (79)
[21510:21510:0526/170954.509342:INFO:CONSOLE:79] "%c action     color: #03A9F4; font-weight: bold [object Object]", source: https://test.highloka.com/_next/static/chunks/pages/_app-4e0a347dc425d5bf.js (79)
[21510:21510:0526/170954.509371:INFO:CONSOLE:79] "%c next state color: #4CAF50; font-weight: bold [object Object]", source: https://test.highloka.com/_next/static/chunks/pages/_app-4e0a347dc425d5bf.js (79)
[21510:21510:0526/170954.509550:INFO:CONSOLE:79] "console.groupEnd", source: https://test.highloka.com/_next/static/chunks/pages/_app-4e0a347dc425d5bf.js (79)
[21510:21510:0526/170954.509808:INFO:CONSOLE:67] "Showing Controls. ", source: https://test.highloka.com/_next/static/chunks/pages/_app-4e0a347dc425d5bf.js (67)
[21510:21510:0526/170954.509859:INFO:CONSOLE:67] "Showing Controls. ", source: https://test.highloka.com/_next/static/chunks/pages/_app-4e0a347dc425d5bf.js (67)
[21510:21510:0526/170954.510795:INFO:CONSOLE:1] "ReactHlsPlayerComponent this.props play", source: https://test.highloka.com/_next/static/chunks/pages/concerts/%5Bslug%5D/arena-1595f5991389ce40.js (1)
[21510:21510:0526/170954.518925:INFO:CONSOLE:79] "%c action %cSHOW_AUTO_HIDDEN_ES_VIDEO_PLAYER_CONTROLS %c@ 17:09:54.518 color: gray; font-weight: lighter; color: inherit; color: gray; font-weight: lighter;", source: https://test.highloka.com/_next/static/chunks/pages/_app-4e0a347dc425d5bf.js (79)
[21510:21510:0526/170954.518981:INFO:CONSOLE:79] "%c prev state color: #9E9E9E; font-weight: bold [object Object]", source: https://test.highloka.com/_next/static/chunks/pages/_app-4e0a347dc425d5bf.js (79)
[21510:21510:0526/170954.519091:INFO:CONSOLE:79] "%c action     color: #03A9F4; font-weight: bold [object Object]", source: https://test.highloka.com/_next/static/chunks/pages/_app-4e0a347dc425d5bf.js (79)
[21510:21510:0526/170954.519160:INFO:CONSOLE:79] "%c next state color: #4CAF50; font-weight: bold [object Object]", source: https://test.highloka.com/_next/static/chunks/pages/_app-4e0a347dc425d5bf.js (79)
[21510:21510:0526/170954.519253:INFO:CONSOLE:79] "console.groupEnd", source: https://test.highloka.com/_next/static/chunks/pages/_app-4e0a347dc425d5bf.js (79)
[21510:21510:0526/170954.519388:INFO:CONSOLE:67] "Showing Controls. ", source: https://test.highloka.com/_next/static/chunks/pages/_app-4e0a347dc425d5bf.js (67)
[21510:21510:0526/170954.519515:INFO:CONSOLE:67] "Showing Controls. ", source: https://test.highloka.com/_next/static/chunks/pages/_app-4e0a347dc425d5bf.js (67)
[21510:21510:0526/170954.519868:INFO:CONSOLE:1] "ReactHlsPlayerComponent this.props play", source: https://test.highloka.com/_next/static/chunks/pages/concerts/%5Bslug%5D/arena-1595f5991389ce40.js (1)
[21510:21510:0526/170954.541545:INFO:CONSOLE:79] "%c action %cSHOW_AUTO_HIDDEN_ES_VIDEO_PLAYER_CONTROLS %c@ 17:09:54.540 color: gray; font-weight: lighter; color: inherit; color: gray; font-weight: lighter;", source: https://test.highloka.com/_next/static/chunks/pages/_app-4e0a347dc425d5bf.js (79)
[21510:21510:0526/170954.541620:INFO:CONSOLE:79] "%c prev state color: #9E9E9E; font-weight: bold [object Object]", source: https://test.highloka.com/_next/static/chunks/pages/_app-4e0a347dc425d5bf.js (79)
[21510:21510:0526/170954.541832:INFO:CONSOLE:79] "%c action     color: #03A9F4; font-weight: bold [object Object]", source: https://test.highloka.com/_next/static/chunks/pages/_app-4e0a347dc425d5bf.js (79)
[21510:21510:0526/170954.541859:INFO:CONSOLE:79] "%c next state color: #4CAF50; font-weight: bold [object Object]", source: https://test.highloka.com/_next/static/chunks/pages/_app-4e0a347dc425d5bf.js (79)
[21510:21510:0526/170954.541910:INFO:CONSOLE:79] "console.groupEnd", source: https://test.highloka.com/_next/static/chunks/pages/_app-4e0a347dc425d5bf.js (79)
[21510:21510:0526/170954.542152:INFO:CONSOLE:67] "Showing Controls. ", source: https://test.highloka.com/_next/static/chunks/pages/_app-4e0a347dc425d5bf.js (67)
[21510:21510:0526/170954.542347:INFO:CONSOLE:67] "Showing Controls. ", source: https://test.highloka.com/_next/static/chunks/pages/_app-4e0a347dc425d5bf.js (67)
[21510:21510:0526/170954.542783:INFO:CONSOLE:1] "ReactHlsPlayerComponent this.props play", source: https://test.highloka.com/_next/static/chunks/pages/concerts/%5Bslug%5D/arena-1595f5991389ce40.js (1)
[21510:21510:0526/170954.558743:INFO:CONSOLE:79] "%c action %cSHOW_AUTO_HIDDEN_ES_VIDEO_PLAYER_CONTROLS %c@ 17:09:54.558 color: gray; font-weight: lighter; color: inherit; color: gray; font-weight: lighter;", source: https://test.highloka.com/_next/static/chunks/pages/_app-4e0a347dc425d5bf.js (79)
[21510:21510:0526/170954.558817:INFO:CONSOLE:79] "%c prev state color: #9E9E9E; font-weight: bold [object Object]", source: https://test.highloka.com/_next/static/chunks/pages/_app-4e0a347dc425d5bf.js (79)
[21510:21510:0526/170954.558912:INFO:CONSOLE:79] "%c action     color: #03A9F4; font-weight: bold [object Object]", source: https://test.highloka.com/_next/static/chunks/pages/_app-4e0a347dc425d5bf.js (79)
[21510:21510:0526/170954.558979:INFO:CONSOLE:79] "%c next state color: #4CAF50; font-weight: bold [object Object]", source: https://test.highloka.com/_next/static/chunks/pages/_app-4e0a347dc425d5bf.js (79)
[21510:21510:0526/170954.559044:INFO:CONSOLE:79] "console.groupEnd", source: https://test.highloka.com/_next/static/chunks/pages/_app-4e0a347dc425d5bf.js (79)
[21510:21510:0526/170954.559197:INFO:CONSOLE:67] "Showing Controls. ", source: https://test.highloka.com/_next/static/chunks/pages/_app-4e0a347dc425d5bf.js (67)
[21510:21510:0526/170954.559351:INFO:CONSOLE:67] "Showing Controls. ", source: https://test.highloka.com/_next/static/chunks/pages/_app-4e0a347dc425d5bf.js (67)
[21510:21510:0526/170954.559727:INFO:CONSOLE:1] "ReactHlsPlayerComponent this.props play", source: https://test.highloka.com/_next/static/chunks/pages/concerts/%5Bslug%5D/arena-1595f5991389ce40.js (1)
[21510:21510:0526/170954.562855:INFO:CONSOLE:79] "%c action %cSET_JW_VIDEO_PLAYER_CURRENT_VIDEO_TIME %c@ 17:09:54.560 color: gray; font-weight: lighter; color: inherit; color: gray; font-weight: lighter;", source: https://test.highloka.com/_next/static/chunks/pages/_app-4e0a347dc425d5bf.js (79)
[21510:21510:0526/170954.562979:INFO:CONSOLE:79] "%c prev state color: #9E9E9E; font-weight: bold [object Object]", source: https://test.highloka.com/_next/static/chunks/pages/_app-4e0a347dc425d5bf.js (79)
[21510:21510:0526/170954.563013:INFO:CONSOLE:79] "%c action     color: #03A9F4; font-weight: bold [object Object]", source: https://test.highloka.com/_next/static/chunks/pages/_app-4e0a347dc425d5bf.js (79)
[21510:21510:0526/170954.563030:INFO:CONSOLE:79] "%c next state color: #4CAF50; font-weight: bold [object Object]", source: https://test.highloka.com/_next/static/chunks/pages/_app-4e0a347dc425d5bf.js (79)
[21510:21510:0526/170954.563056:INFO:CONSOLE:79] "console.groupEnd", source: https://test.highloka.com/_next/static/chunks/pages/_app-4e0a347dc425d5bf.js (79)
[21510:21510:0526/170954.564472:INFO:CONSOLE:1] "ReactHlsPlayerComponent this.props play", source: https://test.highloka.com/_next/static/chunks/pages/concerts/%5Bslug%5D/arena-1595f5991389ce40.js (1)
[21510:21510:0526/170954.569469:INFO:CONSOLE:79] "%c action %cSHOW_AUTO_HIDDEN_ES_VIDEO_PLAYER_CONTROLS %c@ 17:09:54.568 color: gray; font-weight: lighter; color: inherit; color: gray; font-weight: lighter;", source: https://test.highloka.com/_next/static/chunks/pages/_app-4e0a347dc425d5bf.js (79)
[21510:21510:0526/170954.569615:INFO:CONSOLE:79] "%c prev state color: #9E9E9E; font-weight: bold [object Object]", source: https://test.highloka.com/_next/static/chunks/pages/_app-4e0a347dc425d5bf.js (79)
[21510:21510:0526/170954.569646:INFO:CONSOLE:79] "%c action     color: #03A9F4; font-weight: bold [object Object]", source: https://test.highloka.com/_next/static/chunks/pages/_app-4e0a347dc425d5bf.js (79)
[21510:21510:0526/170954.569810:INFO:CONSOLE:79] "%c next state color: #4CAF50; font-weight: bold [object Object]", source: https://test.highloka.com/_next/static/chunks/pages/_app-4e0a347dc425d5bf.js (79)
[21510:21510:0526/170954.569840:INFO:CONSOLE:79] "console.groupEnd", source: https://test.highloka.com/_next/static/chunks/pages/_app-4e0a347dc425d5bf.js (79)
[21510:21510:0526/170954.569876:INFO:CONSOLE:67] "Showing Controls. ", source: https://test.highloka.com/_next/static/chunks/pages/_app-4e0a347dc425d5bf.js (67)
[21510:21510:0526/170954.569976:INFO:CONSOLE:67] "Showing Controls. ", source: https://test.highloka.com/_next/static/chunks/pages/_app-4e0a347dc425d5bf.js (67)
[21510:21510:0526/170954.570294:INFO:CONSOLE:1] "ReactHlsPlayerComponent this.props play", source: https://test.highloka.com/_next/static/chunks/pages/concerts/%5Bslug%5D/arena-1595f5991389ce40.js (1)
[21510:21510:0526/170954.591954:INFO:CONSOLE:79] "%c action %cSHOW_AUTO_HIDDEN_ES_VIDEO_PLAYER_CONTROLS %c@ 17:09:54.591 color: gray; font-weight: lighter; color: inherit; color: gray; font-weight: lighter;", source: https://test.highloka.com/_next/static/chunks/pages/_app-4e0a347dc425d5bf.js (79)
[21510:21510:0526/170954.592027:INFO:CONSOLE:79] "%c prev state color: #9E9E9E; font-weight: bold [object Object]", source: https://test.highloka.com/_next/static/chunks/pages/_app-4e0a347dc425d5bf.js (79)
[21510:21510:0526/170954.592070:INFO:CONSOLE:79] "%c action     color: #03A9F4; font-weight: bold [object Object]", source: https://test.highloka.com/_next/static/chunks/pages/_app-4e0a347dc425d5bf.js (79)
[21510:21510:0526/170954.592133:INFO:CONSOLE:79] "%c next state color: #4CAF50; font-weight: bold [object Object]", source: https://test.highloka.com/_next/static/chunks/pages/_app-4e0a347dc425d5bf.js (79)
[21510:21510:0526/170954.592204:INFO:CONSOLE:79] "console.groupEnd", source: https://test.highloka.com/_next/static/chunks/pages/_app-4e0a347dc425d5bf.js (79)
[21510:21510:0526/170954.592501:INFO:CONSOLE:67] "Showing Controls. ", source: https://test.highloka.com/_next/static/chunks/pages/_app-4e0a347dc425d5bf.js (67)
[21510:21510:0526/170954.592524:INFO:CONSOLE:67] "Showing Controls. ", source: https://test.highloka.com/_next/static/chunks/pages/_app-4e0a347dc425d5bf.js (67)
[21510:21510:0526/170954.592816:INFO:CONSOLE:1] "ReactHlsPlayerComponent this.props play", source: https://test.highloka.com/_next/static/chunks/pages/concerts/%5Bslug%5D/arena-1595f5991389ce40.js (1)
[21510:21510:0526/170954.625902:INFO:CONSOLE:79] "%c action %cSHOW_AUTO_HIDDEN_ES_VIDEO_PLAYER_CONTROLS %c@ 17:09:54.625 color: gray; font-weight: lighter; color: inherit; color: gray; font-weight: lighter;", source: https://test.highloka.com/_next/static/chunks/pages/_app-4e0a347dc425d5bf.js (79)
[21510:21510:0526/170954.626016:INFO:CONSOLE:79] "%c prev state color: #9E9E9E; font-weight: bold [object Object]", source: https://test.highloka.com/_next/static/chunks/pages/_app-4e0a347dc425d5bf.js (79)
[21510:21510:0526/170954.626057:INFO:CONSOLE:79] "%c action     color: #03A9F4; font-weight: bold [object Object]", source: https://test.highloka.com/_next/static/chunks/pages/_app-4e0a347dc425d5bf.js (79)
[21510:21510:0526/170954.626073:INFO:CONSOLE:79] "%c next state color: #4CAF50; font-weight: bold [object Object]", source: https://test.highloka.com/_next/static/chunks/pages/_app-4e0a347dc425d5bf.js (79)
[21510:21510:0526/170954.626131:INFO:CONSOLE:79] "console.groupEnd", source: https://test.highloka.com/_next/static/chunks/pages/_app-4e0a347dc425d5bf.js (79)
[21510:21510:0526/170954.626338:INFO:CONSOLE:67] "Showing Controls. ", source: https://test.highloka.com/_next/static/chunks/pages/_app-4e0a347dc425d5bf.js (67)
[21510:21510:0526/170954.626475:INFO:CONSOLE:67] "Showing Controls. ", source: https://test.highloka.com/_next/static/chunks/pages/_app-4e0a347dc425d5bf.js (67)
[21510:21510:0526/170954.626934:INFO:CONSOLE:1] "ReactHlsPlayerComponent this.props play", source: https://test.highloka.com/_next/static/chunks/pages/concerts/%5Bslug%5D/arena-1595f5991389ce40.js (1)
[21510:21510:0526/170954.640458:INFO:CONSOLE:79] "%c action %cSHOW_AUTO_HIDDEN_ES_VIDEO_PLAYER_CONTROLS %c@ 17:09:54.639 color: gray; font-weight: lighter; color: inherit; color: gray; font-weight: lighter;", source: https://test.highloka.com/_next/static/chunks/pages/_app-4e0a347dc425d5bf.js (79)
[21510:21510:0526/170954.640579:INFO:CONSOLE:79] "%c prev state color: #9E9E9E; font-weight: bold [object Object]", source: https://test.highloka.com/_next/static/chunks/pages/_app-4e0a347dc425d5bf.js (79)
[21510:21510:0526/170954.640669:INFO:CONSOLE:79] "%c action     color: #03A9F4; font-weight: bold [object Object]", source: https://test.highloka.com/_next/static/chunks/pages/_app-4e0a347dc425d5bf.js (79)
[21510:21510:0526/170954.640704:INFO:CONSOLE:79] "%c next state color: #4CAF50; font-weight: bold [object Object]", source: https://test.highloka.com/_next/static/chunks/pages/_app-4e0a347dc425d5bf.js (79)
[21510:21510:0526/170954.640785:INFO:CONSOLE:79] "console.groupEnd", source: https://test.highloka.com/_next/static/chunks/pages/_app-4e0a347dc425d5bf.js (79)
[21510:21510:0526/170954.641141:INFO:CONSOLE:67] "Showing Controls. ", source: https://test.highloka.com/_next/static/chunks/pages/_app-4e0a347dc425d5bf.js (67)
[21510:21510:0526/170954.641170:INFO:CONSOLE:67] "Showing Controls. ", source: https://test.highloka.com/_next/static/chunks/pages/_app-4e0a347dc425d5bf.js (67)
[21510:21510:0526/170954.641555:INFO:CONSOLE:1] "ReactHlsPlayerComponent this.props play", source: https://test.highloka.com/_next/static/chunks/pages/concerts/%5Bslug%5D/arena-1595f5991389ce40.js (1)
[21510:21510:0526/170954.826229:INFO:CONSOLE:79] "%c action %cSET_JW_VIDEO_PLAYER_CURRENT_VIDEO_TIME %c@ 17:09:54.825 color: gray; font-weight: lighter; color: inherit; color: gray; font-weight: lighter;", source: https://test.highloka.com/_next/static/chunks/pages/_app-4e0a347dc425d5bf.js (79)
[21510:21510:0526/170954.826428:INFO:CONSOLE:79] "%c prev state color: #9E9E9E; font-weight: bold [object Object]", source: https://test.highloka.com/_next/static/chunks/pages/_app-4e0a347dc425d5bf.js (79)
[21510:21510:0526/170954.827038:INFO:CONSOLE:79] "%c action     color: #03A9F4; font-weight: bold [object Object]", source: https://test.highloka.com/_next/static/chunks/pages/_app-4e0a347dc425d5bf.js (79)
[21510:21510:0526/170954.827463:INFO:CONSOLE:79] "%c next state color: #4CAF50; font-weight: bold [object Object]", source: https://test.highloka.com/_next/static/chunks/pages/_app-4e0a347dc425d5bf.js (79)
[21510:21510:0526/170954.827742:INFO:CONSOLE:79] "console.groupEnd", source: https://test.highloka.com/_next/static/chunks/pages/_app-4e0a347dc425d5bf.js (79)
[21510:21510:0526/170954.842750:INFO:CONSOLE:1] "ReactHlsPlayerComponent this.props play", source: https://test.highloka.com/_next/static/chunks/pages/concerts/%5Bslug%5D/arena-1595f5991389ce40.js (1)
[21510:21510:0526/170955.090124:INFO:CONSOLE:79] "%c action %cSET_JW_VIDEO_PLAYER_CURRENT_VIDEO_TIME %c@ 17:09:55.089 color: gray; font-weight: lighter; color: inherit; color: gray; font-weight: lighter;", source: https://test.highloka.com/_next/static/chunks/pages/_app-4e0a347dc425d5bf.js (79)
[21510:21510:0526/170955.090198:INFO:CONSOLE:79] "%c prev state color: #9E9E9E; font-weight: bold [object Object]", source: https://test.highloka.com/_next/static/chunks/pages/_app-4e0a347dc425d5bf.js (79)
[21510:21510:0526/170955.090277:INFO:CONSOLE:79] "%c action     color: #03A9F4; font-weight: bold [object Object]", source: https://test.highloka.com/_next/static/chunks/pages/_app-4e0a347dc425d5bf.js (79)
[21510:21510:0526/170955.090353:INFO:CONSOLE:79] "%c next state color: #4CAF50; font-weight: bold [object Object]", source: https://test.highloka.com/_next/static/chunks/pages/_app-4e0a347dc425d5bf.js (79)
[21510:21510:0526/170955.090426:INFO:CONSOLE:79] "console.groupEnd", source: https://test.highloka.com/_next/static/chunks/pages/_app-4e0a347dc425d5bf.js (79)
[21510:21510:0526/170955.092086:INFO:CONSOLE:1] "ReactHlsPlayerComponent this.props play", source: https://test.highloka.com/_next/static/chunks/pages/concerts/%5Bslug%5D/arena-1595f5991389ce40.js (1)
[21510:21510:0526/170955.356170:INFO:CONSOLE:79] "%c action %cSET_JW_VIDEO_PLAYER_CURRENT_VIDEO_TIME %c@ 17:09:55.355 color: gray; font-weight: lighter; color: inherit; color: gray; font-weight: lighter;", source: https://test.highloka.com/_next/static/chunks/pages/_app-4e0a347dc425d5bf.js (79)
[21510:21510:0526/170955.356314:INFO:CONSOLE:79] "%c prev state color: #9E9E9E; font-weight: bold [object Object]", source: https://test.highloka.com/_next/static/chunks/pages/_app-4e0a347dc425d5bf.js (79)
[21510:21510:0526/170955.356506:INFO:CONSOLE:79] "%c action     color: #03A9F4; font-weight: bold [object Object]", source: https://test.highloka.com/_next/static/chunks/pages/_app-4e0a347dc425d5bf.js (79)
[21510:21510:0526/170955.356667:INFO:CONSOLE:79] "%c next state color: #4CAF50; font-weight: bold [object Object]", source: https://test.highloka.com/_next/static/chunks/pages/_app-4e0a347dc425d5bf.js (79)
[21510:21510:0526/170955.356834:INFO:CONSOLE:79] "console.groupEnd", source: https://test.highloka.com/_next/static/chunks/pages/_app-4e0a347dc425d5bf.js (79)
[21510:21510:0526/170955.359760:INFO:CONSOLE:1] "ReactHlsPlayerComponent this.props play", source: https://test.highloka.com/_next/static/chunks/pages/concerts/%5Bslug%5D/arena-1595f5991389ce40.js (1)
[21510:21510:0526/170955.621730:INFO:CONSOLE:79] "%c action %cSET_JW_VIDEO_PLAYER_CURRENT_VIDEO_TIME %c@ 17:09:55.621 color: gray; font-weight: lighter; color: inherit; color: gray; font-weight: lighter;", source: https://test.highloka.com/_next/static/chunks/pages/_app-4e0a347dc425d5bf.js (79)
[21510:21510:0526/170955.621938:INFO:CONSOLE:79] "%c prev state color: #9E9E9E; font-weight: bold [object Object]", source: https://test.highloka.com/_next/static/chunks/pages/_app-4e0a347dc425d5bf.js (79)
[21510:21510:0526/170955.622475:INFO:CONSOLE:79] "%c action     color: #03A9F4; font-weight: bold [object Object]", source: https://test.highloka.com/_next/static/chunks/pages/_app-4e0a347dc425d5bf.js (79)
[21510:21510:0526/170955.622553:INFO:CONSOLE:79] "%c next state color: #4CAF50; font-weight: bold [object Object]", source: https://test.highloka.com/_next/static/chunks/pages/_app-4e0a347dc425d5bf.js (79)
[21510:21510:0526/170955.622586:INFO:CONSOLE:79] "console.groupEnd", source: https://test.highloka.com/_next/static/chunks/pages/_app-4e0a347dc425d5bf.js (79)
[21510:21510:0526/170955.625107:INFO:CONSOLE:1] "ReactHlsPlayerComponent this.props play", source: https://test.highloka.com/_next/static/chunks/pages/concerts/%5Bslug%5D/arena-1595f5991389ce40.js (1)
[21510:21510:0526/170955.867137:INFO:CONSOLE:1] "receivedAudienceUserStrip null", source: https://test.highloka.com/_next/static/chunks/pages/concerts/%5Bslug%5D/arena-1595f5991389ce40.js (1)
[21510:21510:0526/170955.871417:INFO:CONSOLE:1] "receivedAudienceUserStrip null", source: https://test.highloka.com/_next/static/chunks/pages/concerts/%5Bslug%5D/arena-1595f5991389ce40.js (1)
[21510:21510:0526/170955.889082:INFO:CONSOLE:79] "%c action %cSET_JW_VIDEO_PLAYER_CURRENT_VIDEO_TIME %c@ 17:09:55.887 color: gray; font-weight: lighter; color: inherit; color: gray; font-weight: lighter;", source: https://test.highloka.com/_next/static/chunks/pages/_app-4e0a347dc425d5bf.js (79)
[21510:21510:0526/170955.889588:INFO:CONSOLE:79] "%c prev state color: #9E9E9E; font-weight: bold [object Object]", source: https://test.highloka.com/_next/static/chunks/pages/_app-4e0a347dc425d5bf.js (79)
[21510:21510:0526/170955.890205:INFO:CONSOLE:79] "%c action     color: #03A9F4; font-weight: bold [object Object]", source: https://test.highloka.com/_next/static/chunks/pages/_app-4e0a347dc425d5bf.js (79)
[21510:21510:0526/170955.890969:INFO:CONSOLE:79] "%c next state color: #4CAF50; font-weight: bold [object Object]", source: https://test.highloka.com/_next/static/chunks/pages/_app-4e0a347dc425d5bf.js (79)
[21510:21510:0526/170955.891584:INFO:CONSOLE:79] "console.groupEnd", source: https://test.highloka.com/_next/static/chunks/pages/_app-4e0a347dc425d5bf.js (79)
[21510:21510:0526/170955.895886:INFO:CONSOLE:1] "ReactHlsPlayerComponent this.props play", source: https://test.highloka.com/_next/static/chunks/pages/concerts/%5Bslug%5D/arena-1595f5991389ce40.js (1)
[21510:21510:0526/170956.154311:INFO:CONSOLE:79] "%c action %cSET_JW_VIDEO_PLAYER_CURRENT_VIDEO_TIME %c@ 17:09:56.153 color: gray; font-weight: lighter; color: inherit; color: gray; font-weight: lighter;", source: https://test.highloka.com/_next/static/chunks/pages/_app-4e0a347dc425d5bf.js (79)
[21510:21510:0526/170956.154800:INFO:CONSOLE:79] "%c prev state color: #9E9E9E; font-weight: bold [object Object]", source: https://test.highloka.com/_next/static/chunks/pages/_app-4e0a347dc425d5bf.js (79)
[21510:21510:0526/170956.155676:INFO:CONSOLE:79] "%c action     color: #03A9F4; font-weight: bold [object Object]", source: https://test.highloka.com/_next/static/chunks/pages/_app-4e0a347dc425d5bf.js (79)
[21510:21510:0526/170956.155777:INFO:CONSOLE:79] "%c next state color: #4CAF50; font-weight: bold [object Object]", source: https://test.highloka.com/_next/static/chunks/pages/_app-4e0a347dc425d5bf.js (79)
[21510:21510:0526/170956.155818:INFO:CONSOLE:79] "console.groupEnd", source: https://test.highloka.com/_next/static/chunks/pages/_app-4e0a347dc425d5bf.js (79)
[21510:21510:0526/170956.158462:INFO:CONSOLE:1] "ReactHlsPlayerComponent this.props play", source: https://test.highloka.com/_next/static/chunks/pages/concerts/%5Bslug%5D/arena-1595f5991389ce40.js (1)
[21510:21510:0526/170956.202509:INFO:CONSOLE:79] "%c action %cSET_WINDOW_SIZE %c@ 17:09:56.200 color: gray; font-weight: lighter; color: inherit; color: gray; font-weight: lighter;", source: https://test.highloka.com/_next/static/chunks/pages/_app-4e0a347dc425d5bf.js (79)
[21510:21510:0526/170956.202598:INFO:CONSOLE:79] "%c prev state color: #9E9E9E; font-weight: bold [object Object]", source: https://test.highloka.com/_next/static/chunks/pages/_app-4e0a347dc425d5bf.js (79)
[21510:21510:0526/170956.202612:INFO:CONSOLE:79] "%c action     color: #03A9F4; font-weight: bold [object Object]", source: https://test.highloka.com/_next/static/chunks/pages/_app-4e0a347dc425d5bf.js (79)
[21510:21510:0526/170956.202624:INFO:CONSOLE:79] "%c next state color: #4CAF50; font-weight: bold [object Object]", source: https://test.highloka.com/_next/static/chunks/pages/_app-4e0a347dc425d5bf.js (79)
[21510:21510:0526/170956.202638:INFO:CONSOLE:79] "console.groupEnd", source: https://test.highloka.com/_next/static/chunks/pages/_app-4e0a347dc425d5bf.js (79)
[21510:21510:0526/170956.202661:INFO:CONSOLE:1] "slugggg may-ondemand undefined", source: https://test.highloka.com/_next/static/chunks/pages/concerts/%5Bslug%5D/arena-1595f5991389ce40.js (1)
[21510:21510:0526/170956.202676:INFO:CONSOLE:1] "selectJwVideoPlayerPlayState play", source: https://test.highloka.com/_next/static/chunks/pages/concerts/%5Bslug%5D/arena-1595f5991389ce40.js (1)
[21510:21510:0526/170956.202692:INFO:CONSOLE:1] "selectJwVideoPlayerPlayState backendStreamState started", source: https://test.highloka.com/_next/static/chunks/pages/concerts/%5Bslug%5D/arena-1595f5991389ce40.js (1)
[21510:21510:0526/170956.202718:INFO:CONSOLE:1] "selectAudienceExpressionBaseData null", source: https://test.highloka.com/_next/static/chunks/pages/concerts/%5Bslug%5D/arena-1595f5991389ce40.js (1)
[21510:21510:0526/170956.202739:INFO:CONSOLE:1] "if responsive isdesktop [object Window]", source: https://test.highloka.com/_next/static/chunks/pages/concerts/%5Bslug%5D/arena-1595f5991389ce40.js (1)
[21510:21510:0526/170956.203085:INFO:CONSOLE:1] "Printing Reaction Data List mobileResponsive. undefined", source: https://test.highloka.com/_next/static/chunks/pages/concerts/%5Bslug%5D/arena-1595f5991389ce40.js (1)
[21510:21510:0526/170956.203289:INFO:CONSOLE:1] "ReactionDataList [object Object],[object Object],[object Object],[object Object],[object Object],[object Object]", source: https://test.highloka.com/_next/static/chunks/pages/concerts/%5Bslug%5D/arena-1595f5991389ce40.js (1)
[21510:21510:0526/170956.224443:INFO:CONSOLE:1] "ReactHlsPlayerComponent this.props play", source: https://test.highloka.com/_next/static/chunks/pages/concerts/%5Bslug%5D/arena-1595f5991389ce40.js (1)
[21510:21510:0526/170956.224542:INFO:CONSOLE:1] "selectJwVideoPlayerPlayState play", source: https://test.highloka.com/_next/static/chunks/pages/concerts/%5Bslug%5D/arena-1595f5991389ce40.js (1)
[21510:21510:0526/170956.224591:INFO:CONSOLE:1] "selectJwVideoPlayerPlayState backendStreamState started", source: https://test.highloka.com/_next/static/chunks/pages/concerts/%5Bslug%5D/arena-1595f5991389ce40.js (1)
[21510:21510:0526/170956.224623:INFO:CONSOLE:1] "selectAudienceExpressionBaseData null", source: https://test.highloka.com/_next/static/chunks/pages/concerts/%5Bslug%5D/arena-1595f5991389ce40.js (1)
[21510:21510:0526/170956.224645:INFO:CONSOLE:1] "if responsive isdesktop [object Window]", source: https://test.highloka.com/_next/static/chunks/pages/concerts/%5Bslug%5D/arena-1595f5991389ce40.js (1)
[21510:21510:0526/170956.224674:INFO:CONSOLE:1] "Printing Reaction Data List mobileResponsive. undefined", source: https://test.highloka.com/_next/static/chunks/pages/concerts/%5Bslug%5D/arena-1595f5991389ce40.js (1)
[21510:21510:0526/170956.224700:INFO:CONSOLE:1] "ReactionDataList [object Object],[object Object],[object Object],[object Object],[object Object],[object Object]", source: https://test.highloka.com/_next/static/chunks/pages/concerts/%5Bslug%5D/arena-1595f5991389ce40.js (1)
[21510:21510:0526/170956.224725:INFO:CONSOLE:1] "ReactHlsPlayerComponent this.props play", source: https://test.highloka.com/_next/static/chunks/pages/concerts/%5Bslug%5D/arena-1595f5991389ce40.js (1)
[21510:21510:0526/170956.235036:INFO:CONSOLE:79] "%c action %cSET_WINDOW_SIZE %c@ 17:09:56.234 color: gray; font-weight: lighter; color: inherit; color: gray; font-weight: lighter;", source: https://test.highloka.com/_next/static/chunks/pages/_app-4e0a347dc425d5bf.js (79)
[21510:21510:0526/170956.235150:INFO:CONSOLE:79] "%c prev state color: #9E9E9E; font-weight: bold [object Object]", source: https://test.highloka.com/_next/static/chunks/pages/_app-4e0a347dc425d5bf.js (79)
[21510:21510:0526/170956.235460:INFO:CONSOLE:79] "%c action     color: #03A9F4; font-weight: bold [object Object]", source: https://test.highloka.com/_next/static/chunks/pages/_app-4e0a347dc425d5bf.js (79)
[21510:21510:0526/170956.235498:INFO:CONSOLE:79] "%c next state color: #4CAF50; font-weight: bold [object Object]", source: https://test.highloka.com/_next/static/chunks/pages/_app-4e0a347dc425d5bf.js (79)
[21510:21510:0526/170956.235694:INFO:CONSOLE:79] "console.groupEnd", source: https://test.highloka.com/_next/static/chunks/pages/_app-4e0a347dc425d5bf.js (79)
[21510:21510:0526/170956.235721:INFO:CONSOLE:1] "slugggg may-ondemand undefined", source: https://test.highloka.com/_next/static/chunks/pages/concerts/%5Bslug%5D/arena-1595f5991389ce40.js (1)
[21510:21510:0526/170956.235991:INFO:CONSOLE:1] "selectJwVideoPlayerPlayState play", source: https://test.highloka.com/_next/static/chunks/pages/concerts/%5Bslug%5D/arena-1595f5991389ce40.js (1)
[21510:21510:0526/170956.236064:INFO:CONSOLE:1] "selectJwVideoPlayerPlayState backendStreamState started", source: https://test.highloka.com/_next/static/chunks/pages/concerts/%5Bslug%5D/arena-1595f5991389ce40.js (1)
[21510:21510:0526/170956.236097:INFO:CONSOLE:1] "selectAudienceExpressionBaseData null", source: https://test.highloka.com/_next/static/chunks/pages/concerts/%5Bslug%5D/arena-1595f5991389ce40.js (1)
[21510:21510:0526/170956.236338:INFO:CONSOLE:1] "if responsive isdesktop [object Window]", source: https://test.highloka.com/_next/static/chunks/pages/concerts/%5Bslug%5D/arena-1595f5991389ce40.js (1)
[21510:21510:0526/170956.237300:INFO:CONSOLE:1] "Printing Reaction Data List mobileResponsive. undefined", source: https://test.highloka.com/_next/static/chunks/pages/concerts/%5Bslug%5D/arena-1595f5991389ce40.js (1)
[21510:21510:0526/170956.237402:INFO:CONSOLE:1] "ReactionDataList [object Object],[object Object],[object Object],[object Object],[object Object],[object Object]", source: https://test.highloka.com/_next/static/chunks/pages/concerts/%5Bslug%5D/arena-1595f5991389ce40.js (1)
[21510:21510:0526/170956.240490:INFO:CONSOLE:1] "ReactHlsPlayerComponent this.props play", source: https://test.highloka.com/_next/static/chunks/pages/concerts/%5Bslug%5D/arena-1595f5991389ce40.js (1)
[21510:21510:0526/170956.240943:INFO:CONSOLE:1] "selectJwVideoPlayerPlayState play", source: https://test.highloka.com/_next/static/chunks/pages/concerts/%5Bslug%5D/arena-1595f5991389ce40.js (1)
[21510:21510:0526/170956.240991:INFO:CONSOLE:1] "selectJwVideoPlayerPlayState backendStreamState started", source: https://test.highloka.com/_next/static/chunks/pages/concerts/%5Bslug%5D/arena-1595f5991389ce40.js (1)
[21510:21510:0526/170956.241017:INFO:CONSOLE:1] "selectAudienceExpressionBaseData null", source: https://test.highloka.com/_next/static/chunks/pages/concerts/%5Bslug%5D/arena-1595f5991389ce40.js (1)
[21510:21510:0526/170956.241147:INFO:CONSOLE:1] "if responsive isdesktop [object Window]", source: https://test.highloka.com/_next/static/chunks/pages/concerts/%5Bslug%5D/arena-1595f5991389ce40.js (1)
[21510:21510:0526/170956.242348:INFO:CONSOLE:1] "Printing Reaction Data List mobileResponsive. undefined", source: https://test.highloka.com/_next/static/chunks/pages/concerts/%5Bslug%5D/arena-1595f5991389ce40.js (1)
[21510:21510:0526/170956.242390:INFO:CONSOLE:1] "ReactionDataList [object Object],[object Object],[object Object],[object Object],[object Object],[object Object]", source: https://test.highloka.com/_next/static/chunks/pages/concerts/%5Bslug%5D/arena-1595f5991389ce40.js (1)
[21510:21510:0526/170956.244635:INFO:CONSOLE:1] "ReactHlsPlayerComponent this.props play", source: https://test.highloka.com/_next/static/chunks/pages/concerts/%5Bslug%5D/arena-1595f5991389ce40.js (1)
[21510:21510:0526/170956.378909:INFO:CONSOLE:79] "%c action %cSET_WINDOW_SIZE %c@ 17:09:56.377 color: gray; font-weight: lighter; color: inherit; color: gray; font-weight: lighter;", source: https://test.highloka.com/_next/static/chunks/pages/_app-4e0a347dc425d5bf.js (79)
[21510:21510:0526/170956.379176:INFO:CONSOLE:79] "%c prev state color: #9E9E9E; font-weight: bold [object Object]", source: https://test.highloka.com/_next/static/chunks/pages/_app-4e0a347dc425d5bf.js (79)
[21510:21510:0526/170956.379301:INFO:CONSOLE:79] "%c action     color: #03A9F4; font-weight: bold [object Object]", source: https://test.highloka.com/_next/static/chunks/pages/_app-4e0a347dc425d5bf.js (79)
[21510:21510:0526/170956.379415:INFO:CONSOLE:79] "%c next state color: #4CAF50; font-weight: bold [object Object]", source: https://test.highloka.com/_next/static/chunks/pages/_app-4e0a347dc425d5bf.js (79)
[21510:21510:0526/170956.379455:INFO:CONSOLE:79] "console.groupEnd", source: https://test.highloka.com/_next/static/chunks/pages/_app-4e0a347dc425d5bf.js (79)
[21510:21510:0526/170956.379472:INFO:CONSOLE:1] "slugggg may-ondemand undefined", source: https://test.highloka.com/_next/static/chunks/pages/concerts/%5Bslug%5D/arena-1595f5991389ce40.js (1)
[21510:21510:0526/170956.379502:INFO:CONSOLE:1] "selectJwVideoPlayerPlayState play", source: https://test.highloka.com/_next/static/chunks/pages/concerts/%5Bslug%5D/arena-1595f5991389ce40.js (1)
[21510:21510:0526/170956.379525:INFO:CONSOLE:1] "selectJwVideoPlayerPlayState backendStreamState started", source: https://test.highloka.com/_next/static/chunks/pages/concerts/%5Bslug%5D/arena-1595f5991389ce40.js (1)
[21510:21510:0526/170956.379539:INFO:CONSOLE:1] "selectAudienceExpressionBaseData null", source: https://test.highloka.com/_next/static/chunks/pages/concerts/%5Bslug%5D/arena-1595f5991389ce40.js (1)
[21510:21510:0526/170956.379554:INFO:CONSOLE:1] "if responsive isdesktop [object Window]", source: https://test.highloka.com/_next/static/chunks/pages/concerts/%5Bslug%5D/arena-1595f5991389ce40.js (1)
[21510:21510:0526/170956.380724:INFO:CONSOLE:1] "Printing Reaction Data List mobileResponsive. undefined", source: https://test.highloka.com/_next/static/chunks/pages/concerts/%5Bslug%5D/arena-1595f5991389ce40.js (1)
[21510:21510:0526/170956.380884:INFO:CONSOLE:1] "ReactionDataList [object Object],[object Object],[object Object],[object Object],[object Object],[object Object]", source: https://test.highloka.com/_next/static/chunks/pages/concerts/%5Bslug%5D/arena-1595f5991389ce40.js (1)
[21510:21510:0526/170956.383455:INFO:CONSOLE:1] "ReactHlsPlayerComponent this.props play", source: https://test.highloka.com/_next/static/chunks/pages/concerts/%5Bslug%5D/arena-1595f5991389ce40.js (1)
[21510:21510:0526/170956.383744:INFO:CONSOLE:1] "selectJwVideoPlayerPlayState play", source: https://test.highloka.com/_next/static/chunks/pages/concerts/%5Bslug%5D/arena-1595f5991389ce40.js (1)
[21510:21510:0526/170956.383814:INFO:CONSOLE:1] "selectJwVideoPlayerPlayState backendStreamState started", source: https://test.highloka.com/_next/static/chunks/pages/concerts/%5Bslug%5D/arena-1595f5991389ce40.js (1)
[21510:21510:0526/170956.383924:INFO:CONSOLE:1] "selectAudienceExpressionBaseData null", source: https://test.highloka.com/_next/static/chunks/pages/concerts/%5Bslug%5D/arena-1595f5991389ce40.js (1)
[21510:21510:0526/170956.383943:INFO:CONSOLE:1] "if responsive isdesktop [object Window]", source: https://test.highloka.com/_next/static/chunks/pages/concerts/%5Bslug%5D/arena-1595f5991389ce40.js (1)
[21510:21510:0526/170956.386178:INFO:CONSOLE:1] "Printing Reaction Data List mobileResponsive. undefined", source: https://test.highloka.com/_next/static/chunks/pages/concerts/%5Bslug%5D/arena-1595f5991389ce40.js (1)
[21510:21510:0526/170956.386407:INFO:CONSOLE:1] "ReactionDataList [object Object],[object Object],[object Object],[object Object],[object Object],[object Object]", source: https://test.highloka.com/_next/static/chunks/pages/concerts/%5Bslug%5D/arena-1595f5991389ce40.js (1)
[21510:21510:0526/170956.388609:INFO:CONSOLE:1] "ReactHlsPlayerComponent this.props play", source: https://test.highloka.com/_next/static/chunks/pages/concerts/%5Bslug%5D/arena-1595f5991389ce40.js (1)
[21510:21510:0526/170956.418302:INFO:CONSOLE:79] "%c action %cSET_JW_VIDEO_PLAYER_CURRENT_VIDEO_TIME %c@ 17:09:56.417 color: gray; font-weight: lighter; color: inherit; color: gray; font-weight: lighter;", source: https://test.highloka.com/_next/static/chunks/pages/_app-4e0a347dc425d5bf.js (79)
[21510:21510:0526/170956.418391:INFO:CONSOLE:79] "%c prev state color: #9E9E9E; font-weight: bold [object Object]", source: https://test.highloka.com/_next/static/chunks/pages/_app-4e0a347dc425d5bf.js (79)
[21510:21510:0526/170956.418602:INFO:CONSOLE:79] "%c action     color: #03A9F4; font-weight: bold [object Object]", source: https://test.highloka.com/_next/static/chunks/pages/_app-4e0a347dc425d5bf.js (79)
[21510:21510:0526/170956.418702:INFO:CONSOLE:79] "%c next state color: #4CAF50; font-weight: bold [object Object]", source: https://test.highloka.com/_next/static/chunks/pages/_app-4e0a347dc425d5bf.js (79)
[21510:21510:0526/170956.418847:INFO:CONSOLE:79] "console.groupEnd", source: https://test.highloka.com/_next/static/chunks/pages/_app-4e0a347dc425d5bf.js (79)
[21510:21510:0526/170956.420527:INFO:CONSOLE:1] "ReactHlsPlayerComponent this.props play", source: https://test.highloka.com/_next/static/chunks/pages/concerts/%5Bslug%5D/arena-1595f5991389ce40.js (1)
[21510:21510:0526/170956.641638:INFO:CONSOLE:67] "Hiding Controls.", source: https://test.highloka.com/_next/static/chunks/pages/_app-4e0a347dc425d5bf.js (67)
[21510:21510:0526/170956.642560:INFO:CONSOLE:79] "%c action %cHIDE_AUTO_HIDDEN_ES_VIDEO_PLAYER_CONTROLS %c@ 17:09:56.641 color: gray; font-weight: lighter; color: inherit; color: gray; font-weight: lighter;", source: https://test.highloka.com/_next/static/chunks/pages/_app-4e0a347dc425d5bf.js (79)
[21510:21510:0526/170956.642764:INFO:CONSOLE:79] "%c prev state color: #9E9E9E; font-weight: bold [object Object]", source: https://test.highloka.com/_next/static/chunks/pages/_app-4e0a347dc425d5bf.js (79)
[21510:21510:0526/170956.646560:INFO:CONSOLE:79] "%c action     color: #03A9F4; font-weight: bold [object Object]", source: https://test.highloka.com/_next/static/chunks/pages/_app-4e0a347dc425d5bf.js (79)
[21510:21510:0526/170956.646741:INFO:CONSOLE:79] "%c next state color: #4CAF50; font-weight: bold [object Object]", source: https://test.highloka.com/_next/static/chunks/pages/_app-4e0a347dc425d5bf.js (79)
[21510:21510:0526/170956.646818:INFO:CONSOLE:79] "console.groupEnd", source: https://test.highloka.com/_next/static/chunks/pages/_app-4e0a347dc425d5bf.js (79)
[21510:21510:0526/170956.646869:INFO:CONSOLE:1] "ReactHlsPlayerComponent this.props play", source: https://test.highloka.com/_next/static/chunks/pages/concerts/%5Bslug%5D/arena-1595f5991389ce40.js (1)
[21510:21510:0526/170956.646921:INFO:CONSOLE:67] "Hiding Controls.", source: https://test.highloka.com/_next/static/chunks/pages/_app-4e0a347dc425d5bf.js (67)
[21510:21510:0526/170956.646969:INFO:CONSOLE:79] "%c action %cHIDE_AUTO_HIDDEN_ES_VIDEO_PLAYER_CONTROLS %c@ 17:09:56.645 color: gray; font-weight: lighter; color: inherit; color: gray; font-weight: lighter;", source: https://test.highloka.com/_next/static/chunks/pages/_app-4e0a347dc425d5bf.js (79)
[21510:21510:0526/170956.647018:INFO:CONSOLE:79] "%c prev state color: #9E9E9E; font-weight: bold [object Object]", source: https://test.highloka.com/_next/static/chunks/pages/_app-4e0a347dc425d5bf.js (79)
[21510:21510:0526/170956.648812:INFO:CONSOLE:79] "%c action     color: #03A9F4; font-weight: bold [object Object]", source: https://test.highloka.com/_next/static/chunks/pages/_app-4e0a347dc425d5bf.js (79)
[21510:21510:0526/170956.648933:INFO:CONSOLE:79] "%c next state color: #4CAF50; font-weight: bold [object Object]", source: https://test.highloka.com/_next/static/chunks/pages/_app-4e0a347dc425d5bf.js (79)
[21510:21510:0526/170956.648976:INFO:CONSOLE:79] "console.groupEnd", source: https://test.highloka.com/_next/static/chunks/pages/_app-4e0a347dc425d5bf.js (79)
[21510:21510:0526/170956.649023:INFO:CONSOLE:1] "ReactHlsPlayerComponent this.props play", source: https://test.highloka.com/_next/static/chunks/pages/concerts/%5Bslug%5D/arena-1595f5991389ce40.js (1)
[21510:21510:0526/170956.690097:INFO:CONSOLE:79] "%c action %cSET_JW_VIDEO_PLAYER_CURRENT_VIDEO_TIME %c@ 17:09:56.685 color: gray; font-weight: lighter; color: inherit; color: gray; font-weight: lighter;", source: https://test.highloka.com/_next/static/chunks/pages/_app-4e0a347dc425d5bf.js (79)
[21510:21510:0526/170956.690375:INFO:CONSOLE:79] "%c prev state color: #9E9E9E; font-weight: bold [object Object]", source: https://test.highloka.com/_next/static/chunks/pages/_app-4e0a347dc425d5bf.js (79)
[21510:21510:0526/170956.692261:INFO:CONSOLE:79] "%c action     color: #03A9F4; font-weight: bold [object Object]", source: https://test.highloka.com/_next/static/chunks/pages/_app-4e0a347dc425d5bf.js (79)
[21510:21510:0526/170956.694123:INFO:CONSOLE:79] "%c next state color: #4CAF50; font-weight: bold [object Object]", source: https://test.highloka.com/_next/static/chunks/pages/_app-4e0a347dc425d5bf.js (79)
[21510:21510:0526/170956.694512:INFO:CONSOLE:79] "console.groupEnd", source: https://test.highloka.com/_next/static/chunks/pages/_app-4e0a347dc425d5bf.js (79)
[21510:21510:0526/170956.705606:INFO:CONSOLE:1] "ReactHlsPlayerComponent this.props play", source: https://test.highloka.com/_next/static/chunks/pages/concerts/%5Bslug%5D/arena-1595f5991389ce40.js (1)
[21510:21510:0526/170956.921332:INFO:CONSOLE:79] "%c action %cSHOW_AUTO_HIDDEN_ES_VIDEO_PLAYER_CONTROLS %c@ 17:09:56.920 color: gray; font-weight: lighter; color: inherit; color: gray; font-weight: lighter;", source: https://test.highloka.com/_next/static/chunks/pages/_app-4e0a347dc425d5bf.js (79)
[21510:21510:0526/170956.921558:INFO:CONSOLE:79] "%c prev state color: #9E9E9E; font-weight: bold [object Object]", source: https://test.highloka.com/_next/static/chunks/pages/_app-4e0a347dc425d5bf.js (79)
[21510:21510:0526/170956.922102:INFO:CONSOLE:79] "%c action     color: #03A9F4; font-weight: bold [object Object]", source: https://test.highloka.com/_next/static/chunks/pages/_app-4e0a347dc425d5bf.js (79)
[21510:21510:0526/170956.922697:INFO:CONSOLE:79] "%c next state color: #4CAF50; font-weight: bold [object Object]", source: https://test.highloka.com/_next/static/chunks/pages/_app-4e0a347dc425d5bf.js (79)
[21510:21510:0526/170956.922902:INFO:CONSOLE:79] "console.groupEnd", source: https://test.highloka.com/_next/static/chunks/pages/_app-4e0a347dc425d5bf.js (79)
[21510:21510:0526/170956.923072:INFO:CONSOLE:67] "Showing Controls. ", source: https://test.highloka.com/_next/static/chunks/pages/_app-4e0a347dc425d5bf.js (67)
[21510:21510:0526/170956.923893:INFO:CONSOLE:67] "Showing Controls. ", source: https://test.highloka.com/_next/static/chunks/pages/_app-4e0a347dc425d5bf.js (67)
[21510:21510:0526/170956.925153:INFO:CONSOLE:1] "ReactHlsPlayerComponent this.props play", source: https://test.highloka.com/_next/static/chunks/pages/concerts/%5Bslug%5D/arena-1595f5991389ce40.js (1)
[21510:21510:0526/170956.945517:INFO:CONSOLE:79] "%c action %cSHOW_AUTO_HIDDEN_ES_VIDEO_PLAYER_CONTROLS %c@ 17:09:56.943 color: gray; font-weight: lighter; color: inherit; color: gray; font-weight: lighter;", source: https://test.highloka.com/_next/static/chunks/pages/_app-4e0a347dc425d5bf.js (79)
[21510:21510:0526/170956.945752:INFO:CONSOLE:79] "%c prev state color: #9E9E9E; font-weight: bold [object Object]", source: https://test.highloka.com/_next/static/chunks/pages/_app-4e0a347dc425d5bf.js (79)
[21510:21510:0526/170956.945842:INFO:CONSOLE:79] "%c action     color: #03A9F4; font-weight: bold [object Object]", source: https://test.highloka.com/_next/static/chunks/pages/_app-4e0a347dc425d5bf.js (79)
[21510:21510:0526/170956.947326:INFO:CONSOLE:79] "%c next state color: #4CAF50; font-weight: bold [object Object]", source: https://test.highloka.com/_next/static/chunks/pages/_app-4e0a347dc425d5bf.js (79)
[21510:21510:0526/170956.947528:INFO:CONSOLE:79] "console.groupEnd", source: https://test.highloka.com/_next/static/chunks/pages/_app-4e0a347dc425d5bf.js (79)
[21510:21510:0526/170956.947627:INFO:CONSOLE:67] "Showing Controls. ", source: https://test.highloka.com/_next/static/chunks/pages/_app-4e0a347dc425d5bf.js (67)
[21510:21510:0526/170956.948238:INFO:CONSOLE:67] "Showing Controls. ", source: https://test.highloka.com/_next/static/chunks/pages/_app-4e0a347dc425d5bf.js (67)
[21510:21510:0526/170956.950344:INFO:CONSOLE:1] "ReactHlsPlayerComponent this.props play", source: https://test.highloka.com/_next/static/chunks/pages/concerts/%5Bslug%5D/arena-1595f5991389ce40.js (1)
[21510:21510:0526/170956.954113:INFO:CONSOLE:79] "%c action %cSHOW_AUTO_HIDDEN_ES_VIDEO_PLAYER_CONTROLS %c@ 17:09:56.953 color: gray; font-weight: lighter; color: inherit; color: gray; font-weight: lighter;", source: https://test.highloka.com/_next/static/chunks/pages/_app-4e0a347dc425d5bf.js (79)
[21510:21510:0526/170956.954299:INFO:CONSOLE:79] "%c prev state color: #9E9E9E; font-weight: bold [object Object]", source: https://test.highloka.com/_next/static/chunks/pages/_app-4e0a347dc425d5bf.js (79)
[21510:21510:0526/170956.958358:INFO:CONSOLE:79] "%c action     color: #03A9F4; font-weight: bold [object Object]", source: https://test.highloka.com/_next/static/chunks/pages/_app-4e0a347dc425d5bf.js (79)
[21510:21510:0526/170956.958596:INFO:CONSOLE:79] "%c next state color: #4CAF50; font-weight: bold [object Object]", source: https://test.highloka.com/_next/static/chunks/pages/_app-4e0a347dc425d5bf.js (79)
[21510:21510:0526/170956.958670:INFO:CONSOLE:79] "console.groupEnd", source: https://test.highloka.com/_next/static/chunks/pages/_app-4e0a347dc425d5bf.js (79)
[21510:21510:0526/170956.958726:INFO:CONSOLE:67] "Showing Controls. ", source: https://test.highloka.com/_next/static/chunks/pages/_app-4e0a347dc425d5bf.js (67)
[21510:21510:0526/170956.958807:INFO:CONSOLE:67] "Showing Controls. ", source: https://test.highloka.com/_next/static/chunks/pages/_app-4e0a347dc425d5bf.js (67)
[21510:21510:0526/170956.958897:INFO:CONSOLE:1] "ReactHlsPlayerComponent this.props play", source: https://test.highloka.com/_next/static/chunks/pages/concerts/%5Bslug%5D/arena-1595f5991389ce40.js (1)
[21510:21510:0526/170956.959643:INFO:CONSOLE:79] "%c action %cSHOW_AUTO_HIDDEN_ES_VIDEO_PLAYER_CONTROLS %c@ 17:09:56.958 color: gray; font-weight: lighter; color: inherit; color: gray; font-weight: lighter;", source: https://test.highloka.com/_next/static/chunks/pages/_app-4e0a347dc425d5bf.js (79)
[21510:21510:0526/170956.959762:INFO:CONSOLE:79] "%c prev state color: #9E9E9E; font-weight: bold [object Object]", source: https://test.highloka.com/_next/static/chunks/pages/_app-4e0a347dc425d5bf.js (79)
[21510:21510:0526/170956.960086:INFO:CONSOLE:79] "%c action     color: #03A9F4; font-weight: bold [object Object]", source: https://test.highloka.com/_next/static/chunks/pages/_app-4e0a347dc425d5bf.js (79)
[21510:21510:0526/170956.960407:INFO:CONSOLE:79] "%c next state color: #4CAF50; font-weight: bold [object Object]", source: https://test.highloka.com/_next/static/chunks/pages/_app-4e0a347dc425d5bf.js (79)
[21510:21510:0526/170956.960518:INFO:CONSOLE:79] "console.groupEnd", source: https://test.highloka.com/_next/static/chunks/pages/_app-4e0a347dc425d5bf.js (79)
[21510:21510:0526/170956.960740:INFO:CONSOLE:67] "Showing Controls. ", source: https://test.highloka.com/_next/static/chunks/pages/_app-4e0a347dc425d5bf.js (67)
[21510:21510:0526/170956.961037:INFO:CONSOLE:67] "Showing Controls. ", source: https://test.highloka.com/_next/static/chunks/pages/_app-4e0a347dc425d5bf.js (67)
[21510:21510:0526/170956.961926:INFO:CONSOLE:1] "ReactHlsPlayerComponent this.props play", source: https://test.highloka.com/_next/static/chunks/pages/concerts/%5Bslug%5D/arena-1595f5991389ce40.js (1)
[21510:21510:0526/170956.968521:INFO:CONSOLE:79] "%c action %cSET_JW_VIDEO_PLAYER_CURRENT_VIDEO_TIME %c@ 17:09:56.967 color: gray; font-weight: lighter; color: inherit; color: gray; font-weight: lighter;", source: https://test.highloka.com/_next/static/chunks/pages/_app-4e0a347dc425d5bf.js (79)
[21510:21510:0526/170956.968806:INFO:CONSOLE:79] "%c prev state color: #9E9E9E; font-weight: bold [object Object]", source: https://test.highloka.com/_next/static/chunks/pages/_app-4e0a347dc425d5bf.js (79)
[21510:21510:0526/170956.969493:INFO:CONSOLE:79] "%c action     color: #03A9F4; font-weight: bold [object Object]", source: https://test.highloka.com/_next/static/chunks/pages/_app-4e0a347dc425d5bf.js (79)
[21510:21510:0526/170956.969575:INFO:CONSOLE:79] "%c next state color: #4CAF50; font-weight: bold [object Object]", source: https://test.highloka.com/_next/static/chunks/pages/_app-4e0a347dc425d5bf.js (79)
[21510:21510:0526/170956.969605:INFO:CONSOLE:79] "console.groupEnd", source: https://test.highloka.com/_next/static/chunks/pages/_app-4e0a347dc425d5bf.js (79)
[21510:21510:0526/170956.971731:INFO:CONSOLE:1] "ReactHlsPlayerComponent this.props play", source: https://test.highloka.com/_next/static/chunks/pages/concerts/%5Bslug%5D/arena-1595f5991389ce40.js (1)
[21510:21510:0526/170956.972362:INFO:CONSOLE:79] "%c action %cSHOW_AUTO_HIDDEN_ES_VIDEO_PLAYER_CONTROLS %c@ 17:09:56.972 color: gray; font-weight: lighter; color: inherit; color: gray; font-weight: lighter;", source: https://test.highloka.com/_next/static/chunks/pages/_app-4e0a347dc425d5bf.js (79)
[21510:21510:0526/170956.972402:INFO:CONSOLE:79] "%c prev state color: #9E9E9E; font-weight: bold [object Object]", source: https://test.highloka.com/_next/static/chunks/pages/_app-4e0a347dc425d5bf.js (79)
[21510:21510:0526/170956.972456:INFO:CONSOLE:79] "%c action     color: #03A9F4; font-weight: bold [object Object]", source: https://test.highloka.com/_next/static/chunks/pages/_app-4e0a347dc425d5bf.js (79)
[21510:21510:0526/170956.972501:INFO:CONSOLE:79] "%c next state color: #4CAF50; font-weight: bold [object Object]", source: https://test.highloka.com/_next/static/chunks/pages/_app-4e0a347dc425d5bf.js (79)
[21510:21510:0526/170956.972541:INFO:CONSOLE:79] "console.groupEnd", source: https://test.highloka.com/_next/static/chunks/pages/_app-4e0a347dc425d5bf.js (79)
[21510:21510:0526/170956.972614:INFO:CONSOLE:67] "Showing Controls. ", source: https://test.highloka.com/_next/static/chunks/pages/_app-4e0a347dc425d5bf.js (67)
[21510:21510:0526/170956.972693:INFO:CONSOLE:67] "Showing Controls. ", source: https://test.highloka.com/_next/static/chunks/pages/_app-4e0a347dc425d5bf.js (67)
[21510:21510:0526/170956.972899:INFO:CONSOLE:1] "ReactHlsPlayerComponent this.props play", source: https://test.highloka.com/_next/static/chunks/pages/concerts/%5Bslug%5D/arena-1595f5991389ce40.js (1)
[21510:21510:0526/170956.987151:INFO:CONSOLE:79] "%c action %cSHOW_AUTO_HIDDEN_ES_VIDEO_PLAYER_CONTROLS %c@ 17:09:56.986 color: gray; font-weight: lighter; color: inherit; color: gray; font-weight: lighter;", source: https://test.highloka.com/_next/static/chunks/pages/_app-4e0a347dc425d5bf.js (79)
[21510:21510:0526/170956.987254:INFO:CONSOLE:79] "%c prev state color: #9E9E9E; font-weight: bold [object Object]", source: https://test.highloka.com/_next/static/chunks/pages/_app-4e0a347dc425d5bf.js (79)
[21510:21510:0526/170956.987460:INFO:CONSOLE:79] "%c action     color: #03A9F4; font-weight: bold [object Object]", source: https://test.highloka.com/_next/static/chunks/pages/_app-4e0a347dc425d5bf.js (79)
[21510:21510:0526/170956.987492:INFO:CONSOLE:79] "%c next state color: #4CAF50; font-weight: bold [object Object]", source: https://test.highloka.com/_next/static/chunks/pages/_app-4e0a347dc425d5bf.js (79)
[21510:21510:0526/170956.987591:INFO:CONSOLE:79] "console.groupEnd", source: https://test.highloka.com/_next/static/chunks/pages/_app-4e0a347dc425d5bf.js (79)
[21510:21510:0526/170956.987805:INFO:CONSOLE:67] "Showing Controls. ", source: https://test.highloka.com/_next/static/chunks/pages/_app-4e0a347dc425d5bf.js (67)
[21510:21510:0526/170956.987973:INFO:CONSOLE:67] "Showing Controls. ", source: https://test.highloka.com/_next/static/chunks/pages/_app-4e0a347dc425d5bf.js (67)
[21510:21510:0526/170956.988488:INFO:CONSOLE:1] "ReactHlsPlayerComponent this.props play", source: https://test.highloka.com/_next/static/chunks/pages/concerts/%5Bslug%5D/arena-1595f5991389ce40.js (1)
[21510:21510:0526/170957.008275:INFO:CONSOLE:79] "%c action %cSHOW_AUTO_HIDDEN_ES_VIDEO_PLAYER_CONTROLS %c@ 17:09:57.007 color: gray; font-weight: lighter; color: inherit; color: gray; font-weight: lighter;", source: https://test.highloka.com/_next/static/chunks/pages/_app-4e0a347dc425d5bf.js (79)
[21510:21510:0526/170957.008820:INFO:CONSOLE:79] "%c prev state color: #9E9E9E; font-weight: bold [object Object]", source: https://test.highloka.com/_next/static/chunks/pages/_app-4e0a347dc425d5bf.js (79)
[21510:21510:0526/170957.009305:INFO:CONSOLE:79] "%c action     color: #03A9F4; font-weight: bold [object Object]", source: https://test.highloka.com/_next/static/chunks/pages/_app-4e0a347dc425d5bf.js (79)
[21510:21510:0526/170957.009445:INFO:CONSOLE:79] "%c next state color: #4CAF50; font-weight: bold [object Object]", source: https://test.highloka.com/_next/static/chunks/pages/_app-4e0a347dc425d5bf.js (79)
[21510:21510:0526/170957.009671:INFO:CONSOLE:79] "console.groupEnd", source: https://test.highloka.com/_next/static/chunks/pages/_app-4e0a347dc425d5bf.js (79)
[21510:21510:0526/170957.010024:INFO:CONSOLE:67] "Showing Controls. ", source: https://test.highloka.com/_next/static/chunks/pages/_app-4e0a347dc425d5bf.js (67)
[21510:21510:0526/170957.013279:INFO:CONSOLE:67] "Showing Controls. ", source: https://test.highloka.com/_next/static/chunks/pages/_app-4e0a347dc425d5bf.js (67)
[21510:21510:0526/170957.014440:INFO:CONSOLE:1] "ReactHlsPlayerComponent this.props play", source: https://test.highloka.com/_next/static/chunks/pages/concerts/%5Bslug%5D/arena-1595f5991389ce40.js (1)
[21510:21510:0526/170957.022091:INFO:CONSOLE:79] "%c action %cSHOW_AUTO_HIDDEN_ES_VIDEO_PLAYER_CONTROLS %c@ 17:09:57.021 color: gray; font-weight: lighter; color: inherit; color: gray; font-weight: lighter;", source: https://test.highloka.com/_next/static/chunks/pages/_app-4e0a347dc425d5bf.js (79)
[21510:21510:0526/170957.022248:INFO:CONSOLE:79] "%c prev state color: #9E9E9E; font-weight: bold [object Object]", source: https://test.highloka.com/_next/static/chunks/pages/_app-4e0a347dc425d5bf.js (79)
[21510:21510:0526/170957.022564:INFO:CONSOLE:79] "%c action     color: #03A9F4; font-weight: bold [object Object]", source: https://test.highloka.com/_next/static/chunks/pages/_app-4e0a347dc425d5bf.js (79)
[21510:21510:0526/170957.022775:INFO:CONSOLE:79] "%c next state color: #4CAF50; font-weight: bold [object Object]", source: https://test.highloka.com/_next/static/chunks/pages/_app-4e0a347dc425d5bf.js (79)
[21510:21510:0526/170957.022943:INFO:CONSOLE:79] "console.groupEnd", source: https://test.highloka.com/_next/static/chunks/pages/_app-4e0a347dc425d5bf.js (79)
[21510:21510:0526/170957.023304:INFO:CONSOLE:67] "Showing Controls. ", source: https://test.highloka.com/_next/static/chunks/pages/_app-4e0a347dc425d5bf.js (67)
[21510:21510:0526/170957.023571:INFO:CONSOLE:67] "Showing Controls. ", source: https://test.highloka.com/_next/static/chunks/pages/_app-4e0a347dc425d5bf.js (67)
[21510:21510:0526/170957.024534:INFO:CONSOLE:1] "ReactHlsPlayerComponent this.props play", source: https://test.highloka.com/_next/static/chunks/pages/concerts/%5Bslug%5D/arena-1595f5991389ce40.js (1)
[21510:21510:0526/170957.037668:INFO:CONSOLE:79] "%c action %cSHOW_AUTO_HIDDEN_ES_VIDEO_PLAYER_CONTROLS %c@ 17:09:57.036 color: gray; font-weight: lighter; color: inherit; color: gray; font-weight: lighter;", source: https://test.highloka.com/_next/static/chunks/pages/_app-4e0a347dc425d5bf.js (79)
[21510:21510:0526/170957.037888:INFO:CONSOLE:79] "%c prev state color: #9E9E9E; font-weight: bold [object Object]", source: https://test.highloka.com/_next/static/chunks/pages/_app-4e0a347dc425d5bf.js (79)
[21510:21510:0526/170957.038212:INFO:CONSOLE:79] "%c action     color: #03A9F4; font-weight: bold [object Object]", source: https://test.highloka.com/_next/static/chunks/pages/_app-4e0a347dc425d5bf.js (79)
[21510:21510:0526/170957.038299:INFO:CONSOLE:79] "%c next state color: #4CAF50; font-weight: bold [object Object]", source: https://test.highloka.com/_next/static/chunks/pages/_app-4e0a347dc425d5bf.js (79)
[21510:21510:0526/170957.038341:INFO:CONSOLE:79] "console.groupEnd", source: https://test.highloka.com/_next/static/chunks/pages/_app-4e0a347dc425d5bf.js (79)
[21510:21510:0526/170957.038378:INFO:CONSOLE:67] "Showing Controls. ", source: https://test.highloka.com/_next/static/chunks/pages/_app-4e0a347dc425d5bf.js (67)
[21510:21510:0526/170957.038412:INFO:CONSOLE:67] "Showing Controls. ", source: https://test.highloka.com/_next/static/chunks/pages/_app-4e0a347dc425d5bf.js (67)
[21510:21510:0526/170957.038775:INFO:CONSOLE:1] "ReactHlsPlayerComponent this.props play", source: https://test.highloka.com/_next/static/chunks/pages/concerts/%5Bslug%5D/arena-1595f5991389ce40.js (1)
[21510:21510:0526/170957.052200:INFO:CONSOLE:79] "%c action %cSHOW_AUTO_HIDDEN_ES_VIDEO_PLAYER_CONTROLS %c@ 17:09:57.051 color: gray; font-weight: lighter; color: inherit; color: gray; font-weight: lighter;", source: https://test.highloka.com/_next/static/chunks/pages/_app-4e0a347dc425d5bf.js (79)
[21510:21510:0526/170957.052262:INFO:CONSOLE:79] "%c prev state color: #9E9E9E; font-weight: bold [object Object]", source: https://test.highloka.com/_next/static/chunks/pages/_app-4e0a347dc425d5bf.js (79)
[21510:21510:0526/170957.052370:INFO:CONSOLE:79] "%c action     color: #03A9F4; font-weight: bold [object Object]", source: https://test.highloka.com/_next/static/chunks/pages/_app-4e0a347dc425d5bf.js (79)
[21510:21510:0526/170957.052438:INFO:CONSOLE:79] "%c next state color: #4CAF50; font-weight: bold [object Object]", source: https://test.highloka.com/_next/static/chunks/pages/_app-4e0a347dc425d5bf.js (79)
[21510:21510:0526/170957.052501:INFO:CONSOLE:79] "console.groupEnd", source: https://test.highloka.com/_next/static/chunks/pages/_app-4e0a347dc425d5bf.js (79)
[21510:21510:0526/170957.052619:INFO:CONSOLE:67] "Showing Controls. ", source: https://test.highloka.com/_next/static/chunks/pages/_app-4e0a347dc425d5bf.js (67)
[21510:21510:0526/170957.052737:INFO:CONSOLE:67] "Showing Controls. ", source: https://test.highloka.com/_next/static/chunks/pages/_app-4e0a347dc425d5bf.js (67)
[21510:21510:0526/170957.053066:INFO:CONSOLE:1] "ReactHlsPlayerComponent this.props play", source: https://test.highloka.com/_next/static/chunks/pages/concerts/%5Bslug%5D/arena-1595f5991389ce40.js (1)
[21510:21510:0526/170957.069110:INFO:CONSOLE:79] "%c action %cSHOW_AUTO_HIDDEN_ES_VIDEO_PLAYER_CONTROLS %c@ 17:09:57.068 color: gray; font-weight: lighter; color: inherit; color: gray; font-weight: lighter;", source: https://test.highloka.com/_next/static/chunks/pages/_app-4e0a347dc425d5bf.js (79)
[21510:21510:0526/170957.069194:INFO:CONSOLE:79] "%c prev state color: #9E9E9E; font-weight: bold [object Object]", source: https://test.highloka.com/_next/static/chunks/pages/_app-4e0a347dc425d5bf.js (79)
[21510:21510:0526/170957.069269:INFO:CONSOLE:79] "%c action     color: #03A9F4; font-weight: bold [object Object]", source: https://test.highloka.com/_next/static/chunks/pages/_app-4e0a347dc425d5bf.js (79)
[21510:21510:0526/170957.069314:INFO:CONSOLE:79] "%c next state color: #4CAF50; font-weight: bold [object Object]", source: https://test.highloka.com/_next/static/chunks/pages/_app-4e0a347dc425d5bf.js (79)
[21510:21510:0526/170957.069395:INFO:CONSOLE:79] "console.groupEnd", source: https://test.highloka.com/_next/static/chunks/pages/_app-4e0a347dc425d5bf.js (79)
[21510:21510:0526/170957.069536:INFO:CONSOLE:67] "Showing Controls. ", source: https://test.highloka.com/_next/static/chunks/pages/_app-4e0a347dc425d5bf.js (67)
[21510:21510:0526/170957.069731:INFO:CONSOLE:67] "Showing Controls. ", source: https://test.highloka.com/_next/static/chunks/pages/_app-4e0a347dc425d5bf.js (67)
[21510:21510:0526/170957.069984:INFO:CONSOLE:1] "ReactHlsPlayerComponent this.props play", source: https://test.highloka.com/_next/static/chunks/pages/concerts/%5Bslug%5D/arena-1595f5991389ce40.js (1)
[21510:21510:0526/170957.089997:INFO:CONSOLE:79] "%c action %cSHOW_AUTO_HIDDEN_ES_VIDEO_PLAYER_CONTROLS %c@ 17:09:57.088 color: gray; font-weight: lighter; color: inherit; color: gray; font-weight: lighter;", source: https://test.highloka.com/_next/static/chunks/pages/_app-4e0a347dc425d5bf.js (79)
[21510:21510:0526/170957.091900:INFO:CONSOLE:79] "%c prev state color: #9E9E9E; font-weight: bold [object Object]", source: https://test.highloka.com/_next/static/chunks/pages/_app-4e0a347dc425d5bf.js (79)
[21510:21510:0526/170957.092119:INFO:CONSOLE:79] "%c action     color: #03A9F4; font-weight: bold [object Object]", source: https://test.highloka.com/_next/static/chunks/pages/_app-4e0a347dc425d5bf.js (79)
[21510:21510:0526/170957.092236:INFO:CONSOLE:79] "%c next state color: #4CAF50; font-weight: bold [object Object]", source: https://test.highloka.com/_next/static/chunks/pages/_app-4e0a347dc425d5bf.js (79)
[21510:21510:0526/170957.092358:INFO:CONSOLE:79] "console.groupEnd", source: https://test.highloka.com/_next/static/chunks/pages/_app-4e0a347dc425d5bf.js (79)
[21510:21510:0526/170957.092445:INFO:CONSOLE:67] "Showing Controls. ", source: https://test.highloka.com/_next/static/chunks/pages/_app-4e0a347dc425d5bf.js (67)
[21510:21510:0526/170957.092747:INFO:CONSOLE:67] "Showing Controls. ", source: https://test.highloka.com/_next/static/chunks/pages/_app-4e0a347dc425d5bf.js (67)
[21510:21510:0526/170957.094823:INFO:CONSOLE:1] "ReactHlsPlayerComponent this.props play", source: https://test.highloka.com/_next/static/chunks/pages/concerts/%5Bslug%5D/arena-1595f5991389ce40.js (1)
[21510:21510:0526/170957.103843:INFO:CONSOLE:79] "%c action %cSHOW_AUTO_HIDDEN_ES_VIDEO_PLAYER_CONTROLS %c@ 17:09:57.102 color: gray; font-weight: lighter; color: inherit; color: gray; font-weight: lighter;", source: https://test.highloka.com/_next/static/chunks/pages/_app-4e0a347dc425d5bf.js (79)
[21510:21510:0526/170957.104032:INFO:CONSOLE:79] "%c prev state color: #9E9E9E; font-weight: bold [object Object]", source: https://test.highloka.com/_next/static/chunks/pages/_app-4e0a347dc425d5bf.js (79)
[21510:21510:0526/170957.104229:INFO:CONSOLE:79] "%c action     color: #03A9F4; font-weight: bold [object Object]", source: https://test.highloka.com/_next/static/chunks/pages/_app-4e0a347dc425d5bf.js (79)
[21510:21510:0526/170957.104481:INFO:CONSOLE:79] "%c next state color: #4CAF50; font-weight: bold [object Object]", source: https://test.highloka.com/_next/static/chunks/pages/_app-4e0a347dc425d5bf.js (79)
[21510:21510:0526/170957.104718:INFO:CONSOLE:79] "console.groupEnd", source: https://test.highloka.com/_next/static/chunks/pages/_app-4e0a347dc425d5bf.js (79)
[21510:21510:0526/170957.105176:INFO:CONSOLE:67] "Showing Controls. ", source: https://test.highloka.com/_next/static/chunks/pages/_app-4e0a347dc425d5bf.js (67)
[21510:21510:0526/170957.105593:INFO:CONSOLE:67] "Showing Controls. ", source: https://test.highloka.com/_next/static/chunks/pages/_app-4e0a347dc425d5bf.js (67)
[21510:21510:0526/170957.106591:INFO:CONSOLE:1] "ReactHlsPlayerComponent this.props play", source: https://test.highloka.com/_next/static/chunks/pages/concerts/%5Bslug%5D/arena-1595f5991389ce40.js (1)
[21510:21510:0526/170957.125250:INFO:CONSOLE:79] "%c action %cSHOW_AUTO_HIDDEN_ES_VIDEO_PLAYER_CONTROLS %c@ 17:09:57.124 color: gray; font-weight: lighter; color: inherit; color: gray; font-weight: lighter;", source: https://test.highloka.com/_next/static/chunks/pages/_app-4e0a347dc425d5bf.js (79)
[21510:21510:0526/170957.125673:INFO:CONSOLE:79] "%c prev state color: #9E9E9E; font-weight: bold [object Object]", source: https://test.highloka.com/_next/static/chunks/pages/_app-4e0a347dc425d5bf.js (79)
[21510:21510:0526/170957.125791:INFO:CONSOLE:79] "%c action     color: #03A9F4; font-weight: bold [object Object]", source: https://test.highloka.com/_next/static/chunks/pages/_app-4e0a347dc425d5bf.js (79)
[21510:21510:0526/170957.126084:INFO:CONSOLE:79] "%c next state color: #4CAF50; font-weight: bold [object Object]", source: https://test.highloka.com/_next/static/chunks/pages/_app-4e0a347dc425d5bf.js (79)
[21510:21510:0526/170957.127596:INFO:CONSOLE:79] "console.groupEnd", source: https://test.highloka.com/_next/static/chunks/pages/_app-4e0a347dc425d5bf.js (79)
[21510:21510:0526/170957.127699:INFO:CONSOLE:67] "Showing Controls. ", source: https://test.highloka.com/_next/static/chunks/pages/_app-4e0a347dc425d5bf.js (67)
[21510:21510:0526/170957.127750:INFO:CONSOLE:67] "Showing Controls. ", source: https://test.highloka.com/_next/static/chunks/pages/_app-4e0a347dc425d5bf.js (67)
[21510:21510:0526/170957.127791:INFO:CONSOLE:1] "ReactHlsPlayerComponent this.props play", source: https://test.highloka.com/_next/static/chunks/pages/concerts/%5Bslug%5D/arena-1595f5991389ce40.js (1)
[21510:21510:0526/170957.137473:INFO:CONSOLE:79] "%c action %cSHOW_AUTO_HIDDEN_ES_VIDEO_PLAYER_CONTROLS %c@ 17:09:57.136 color: gray; font-weight: lighter; color: inherit; color: gray; font-weight: lighter;", source: https://test.highloka.com/_next/static/chunks/pages/_app-4e0a347dc425d5bf.js (79)
[21510:21510:0526/170957.137799:INFO:CONSOLE:79] "%c prev state color: #9E9E9E; font-weight: bold [object Object]", source: https://test.highloka.com/_next/static/chunks/pages/_app-4e0a347dc425d5bf.js (79)
[21510:21510:0526/170957.137907:INFO:CONSOLE:79] "%c action     color: #03A9F4; font-weight: bold [object Object]", source: https://test.highloka.com/_next/static/chunks/pages/_app-4e0a347dc425d5bf.js (79)
[21510:21510:0526/170957.138219:INFO:CONSOLE:79] "%c next state color: #4CAF50; font-weight: bold [object Object]", source: https://test.highloka.com/_next/static/chunks/pages/_app-4e0a347dc425d5bf.js (79)
[21510:21510:0526/170957.138288:INFO:CONSOLE:79] "console.groupEnd", source: https://test.highloka.com/_next/static/chunks/pages/_app-4e0a347dc425d5bf.js (79)
[21510:21510:0526/170957.138323:INFO:CONSOLE:67] "Showing Controls. ", source: https://test.highloka.com/_next/static/chunks/pages/_app-4e0a347dc425d5bf.js (67)
[21510:21510:0526/170957.139102:INFO:CONSOLE:67] "Showing Controls. ", source: https://test.highloka.com/_next/static/chunks/pages/_app-4e0a347dc425d5bf.js (67)
[21510:21510:0526/170957.139260:INFO:CONSOLE:1] "ReactHlsPlayerComponent this.props play", source: https://test.highloka.com/_next/static/chunks/pages/concerts/%5Bslug%5D/arena-1595f5991389ce40.js (1)
[21510:21510:0526/170957.170820:INFO:CONSOLE:79] "%c action %cSHOW_AUTO_HIDDEN_ES_VIDEO_PLAYER_CONTROLS %c@ 17:09:57.169 color: gray; font-weight: lighter; color: inherit; color: gray; font-weight: lighter;", source: https://test.highloka.com/_next/static/chunks/pages/_app-4e0a347dc425d5bf.js (79)
[21510:21510:0526/170957.171478:INFO:CONSOLE:79] "%c prev state color: #9E9E9E; font-weight: bold [object Object]", source: https://test.highloka.com/_next/static/chunks/pages/_app-4e0a347dc425d5bf.js (79)
[21510:21510:0526/170957.171595:INFO:CONSOLE:79] "%c action     color: #03A9F4; font-weight: bold [object Object]", source: https://test.highloka.com/_next/static/chunks/pages/_app-4e0a347dc425d5bf.js (79)
[21510:21510:0526/170957.171655:INFO:CONSOLE:79] "%c next state color: #4CAF50; font-weight: bold [object Object]", source: https://test.highloka.com/_next/static/chunks/pages/_app-4e0a347dc425d5bf.js (79)
[21510:21510:0526/170957.171849:INFO:CONSOLE:79] "console.groupEnd", source: https://test.highloka.com/_next/static/chunks/pages/_app-4e0a347dc425d5bf.js (79)
[21510:21510:0526/170957.172212:INFO:CONSOLE:67] "Showing Controls. ", source: https://test.highloka.com/_next/static/chunks/pages/_app-4e0a347dc425d5bf.js (67)
[21510:21510:0526/170957.172598:INFO:CONSOLE:67] "Showing Controls. ", source: https://test.highloka.com/_next/static/chunks/pages/_app-4e0a347dc425d5bf.js (67)
[21510:21510:0526/170957.173524:INFO:CONSOLE:1] "ReactHlsPlayerComponent this.props play", source: https://test.highloka.com/_next/static/chunks/pages/concerts/%5Bslug%5D/arena-1595f5991389ce40.js (1)
[21510:21510:0526/170957.191447:INFO:CONSOLE:79] "%c action %cSHOW_AUTO_HIDDEN_ES_VIDEO_PLAYER_CONTROLS %c@ 17:09:57.190 color: gray; font-weight: lighter; color: inherit; color: gray; font-weight: lighter;", source: https://test.highloka.com/_next/static/chunks/pages/_app-4e0a347dc425d5bf.js (79)
[21510:21510:0526/170957.191683:INFO:CONSOLE:79] "%c prev state color: #9E9E9E; font-weight: bold [object Object]", source: https://test.highloka.com/_next/static/chunks/pages/_app-4e0a347dc425d5bf.js (79)
[21510:21510:0526/170957.191851:INFO:CONSOLE:79] "%c action     color: #03A9F4; font-weight: bold [object Object]", source: https://test.highloka.com/_next/static/chunks/pages/_app-4e0a347dc425d5bf.js (79)
[21510:21510:0526/170957.191970:INFO:CONSOLE:79] "%c next state color: #4CAF50; font-weight: bold [object Object]", source: https://test.highloka.com/_next/static/chunks/pages/_app-4e0a347dc425d5bf.js (79)
[21510:21510:0526/170957.192083:INFO:CONSOLE:79] "console.groupEnd", source: https://test.highloka.com/_next/static/chunks/pages/_app-4e0a347dc425d5bf.js (79)
[21510:21510:0526/170957.192640:INFO:CONSOLE:67] "Showing Controls. ", source: https://test.highloka.com/_next/static/chunks/pages/_app-4e0a347dc425d5bf.js (67)
[21510:21510:0526/170957.192836:INFO:CONSOLE:67] "Showing Controls. ", source: https://test.highloka.com/_next/static/chunks/pages/_app-4e0a347dc425d5bf.js (67)
[21510:21510:0526/170957.193924:INFO:CONSOLE:1] "ReactHlsPlayerComponent this.props play", source: https://test.highloka.com/_next/static/chunks/pages/concerts/%5Bslug%5D/arena-1595f5991389ce40.js (1)
[21510:21510:0526/170957.211524:INFO:CONSOLE:79] "%c action %cSHOW_AUTO_HIDDEN_ES_VIDEO_PLAYER_CONTROLS %c@ 17:09:57.208 color: gray; font-weight: lighter; color: inherit; color: gray; font-weight: lighter;", source: https://test.highloka.com/_next/static/chunks/pages/_app-4e0a347dc425d5bf.js (79)
[21510:21510:0526/170957.211749:INFO:CONSOLE:79] "%c prev state color: #9E9E9E; font-weight: bold [object Object]", source: https://test.highloka.com/_next/static/chunks/pages/_app-4e0a347dc425d5bf.js (79)
[21510:21510:0526/170957.211833:INFO:CONSOLE:79] "%c action     color: #03A9F4; font-weight: bold [object Object]", source: https://test.highloka.com/_next/static/chunks/pages/_app-4e0a347dc425d5bf.js (79)
[21510:21510:0526/170957.211911:INFO:CONSOLE:79] "%c next state color: #4CAF50; font-weight: bold [object Object]", source: https://test.highloka.com/_next/static/chunks/pages/_app-4e0a347dc425d5bf.js (79)
[21510:21510:0526/170957.211982:INFO:CONSOLE:79] "console.groupEnd", source: https://test.highloka.com/_next/static/chunks/pages/_app-4e0a347dc425d5bf.js (79)
[21510:21510:0526/170957.212038:INFO:CONSOLE:67] "Showing Controls. ", source: https://test.highloka.com/_next/static/chunks/pages/_app-4e0a347dc425d5bf.js (67)
[21510:21510:0526/170957.212111:INFO:CONSOLE:67] "Showing Controls. ", source: https://test.highloka.com/_next/static/chunks/pages/_app-4e0a347dc425d5bf.js (67)
[21510:21510:0526/170957.212716:INFO:CONSOLE:1] "ReactHlsPlayerComponent this.props play", source: https://test.highloka.com/_next/static/chunks/pages/concerts/%5Bslug%5D/arena-1595f5991389ce40.js (1)
[21510:21510:0526/170957.217252:INFO:CONSOLE:79] "%c action %cSET_JW_VIDEO_PLAYER_CURRENT_VIDEO_TIME %c@ 17:09:57.216 color: gray; font-weight: lighter; color: inherit; color: gray; font-weight: lighter;", source: https://test.highloka.com/_next/static/chunks/pages/_app-4e0a347dc425d5bf.js (79)
[21510:21510:0526/170957.217537:INFO:CONSOLE:79] "%c prev state color: #9E9E9E; font-weight: bold [object Object]", source: https://test.highloka.com/_next/static/chunks/pages/_app-4e0a347dc425d5bf.js (79)
[21510:21510:0526/170957.218156:INFO:CONSOLE:79] "%c action     color: #03A9F4; font-weight: bold [object Object]", source: https://test.highloka.com/_next/static/chunks/pages/_app-4e0a347dc425d5bf.js (79)
[21510:21510:0526/170957.218741:INFO:CONSOLE:79] "%c next state color: #4CAF50; font-weight: bold [object Object]", source: https://test.highloka.com/_next/static/chunks/pages/_app-4e0a347dc425d5bf.js (79)
[21510:21510:0526/170957.218892:INFO:CONSOLE:79] "console.groupEnd", source: https://test.highloka.com/_next/static/chunks/pages/_app-4e0a347dc425d5bf.js (79)
[21510:21510:0526/170957.221909:INFO:CONSOLE:1] "ReactHlsPlayerComponent this.props play", source: https://test.highloka.com/_next/static/chunks/pages/concerts/%5Bslug%5D/arena-1595f5991389ce40.js (1)
[21510:21510:0526/170957.222724:INFO:CONSOLE:79] "%c action %cSHOW_AUTO_HIDDEN_ES_VIDEO_PLAYER_CONTROLS %c@ 17:09:57.222 color: gray; font-weight: lighter; color: inherit; color: gray; font-weight: lighter;", source: https://test.highloka.com/_next/static/chunks/pages/_app-4e0a347dc425d5bf.js (79)
[21510:21510:0526/170957.222796:INFO:CONSOLE:79] "%c prev state color: #9E9E9E; font-weight: bold [object Object]", source: https://test.highloka.com/_next/static/chunks/pages/_app-4e0a347dc425d5bf.js (79)
[21510:21510:0526/170957.222874:INFO:CONSOLE:79] "%c action     color: #03A9F4; font-weight: bold [object Object]", source: https://test.highloka.com/_next/static/chunks/pages/_app-4e0a347dc425d5bf.js (79)
[21510:21510:0526/170957.222943:INFO:CONSOLE:79] "%c next state color: #4CAF50; font-weight: bold [object Object]", source: https://test.highloka.com/_next/static/chunks/pages/_app-4e0a347dc425d5bf.js (79)
[21510:21510:0526/170957.223007:INFO:CONSOLE:79] "console.groupEnd", source: https://test.highloka.com/_next/static/chunks/pages/_app-4e0a347dc425d5bf.js (79)
[21510:21510:0526/170957.223111:INFO:CONSOLE:67] "Showing Controls. ", source: https://test.highloka.com/_next/static/chunks/pages/_app-4e0a347dc425d5bf.js (67)
[21510:21510:0526/170957.223233:INFO:CONSOLE:67] "Showing Controls. ", source: https://test.highloka.com/_next/static/chunks/pages/_app-4e0a347dc425d5bf.js (67)
[21510:21510:0526/170957.223502:INFO:CONSOLE:1] "ReactHlsPlayerComponent this.props play", source: https://test.highloka.com/_next/static/chunks/pages/concerts/%5Bslug%5D/arena-1595f5991389ce40.js (1)
[21510:21510:0526/170957.481360:INFO:CONSOLE:79] "%c action %cSET_JW_VIDEO_PLAYER_CURRENT_VIDEO_TIME %c@ 17:09:57.480 color: gray; font-weight: lighter; color: inherit; color: gray; font-weight: lighter;", source: https://test.highloka.com/_next/static/chunks/pages/_app-4e0a347dc425d5bf.js (79)
[21510:21510:0526/170957.481482:INFO:CONSOLE:79] "%c prev state color: #9E9E9E; font-weight: bold [object Object]", source: https://test.highloka.com/_next/static/chunks/pages/_app-4e0a347dc425d5bf.js (79)
[21510:21510:0526/170957.481696:INFO:CONSOLE:79] "%c action     color: #03A9F4; font-weight: bold [object Object]", source: https://test.highloka.com/_next/static/chunks/pages/_app-4e0a347dc425d5bf.js (79)
[21510:21510:0526/170957.481902:INFO:CONSOLE:79] "%c next state color: #4CAF50; font-weight: bold [object Object]", source: https://test.highloka.com/_next/static/chunks/pages/_app-4e0a347dc425d5bf.js (79)
[21510:21510:0526/170957.482076:INFO:CONSOLE:79] "console.groupEnd", source: https://test.highloka.com/_next/static/chunks/pages/_app-4e0a347dc425d5bf.js (79)
[21510:21510:0526/170957.488788:INFO:CONSOLE:1] "ReactHlsPlayerComponent this.props play", source: https://test.highloka.com/_next/static/chunks/pages/concerts/%5Bslug%5D/arena-1595f5991389ce40.js (1)
[21510:21510:0526/170957.747987:INFO:CONSOLE:79] "%c action %cSET_JW_VIDEO_PLAYER_CURRENT_VIDEO_TIME %c@ 17:09:57.746 color: gray; font-weight: lighter; color: inherit; color: gray; font-weight: lighter;", source: https://test.highloka.com/_next/static/chunks/pages/_app-4e0a347dc425d5bf.js (79)
[21510:21510:0526/170957.748153:INFO:CONSOLE:79] "%c prev state color: #9E9E9E; font-weight: bold [object Object]", source: https://test.highloka.com/_next/static/chunks/pages/_app-4e0a347dc425d5bf.js (79)
[21510:21510:0526/170957.748214:INFO:CONSOLE:79] "%c action     color: #03A9F4; font-weight: bold [object Object]", source: https://test.highloka.com/_next/static/chunks/pages/_app-4e0a347dc425d5bf.js (79)
[21510:21510:0526/170957.749244:INFO:CONSOLE:79] "%c next state color: #4CAF50; font-weight: bold [object Object]", source: https://test.highloka.com/_next/static/chunks/pages/_app-4e0a347dc425d5bf.js (79)
[21510:21510:0526/170957.749366:INFO:CONSOLE:79] "console.groupEnd", source: https://test.highloka.com/_next/static/chunks/pages/_app-4e0a347dc425d5bf.js (79)
[21510:21510:0526/170957.753753:INFO:CONSOLE:1] "ReactHlsPlayerComponent this.props play", source: https://test.highloka.com/_next/static/chunks/pages/concerts/%5Bslug%5D/arena-1595f5991389ce40.js (1)
[21510:21510:0526/170958.013972:INFO:CONSOLE:79] "%c action %cSET_JW_VIDEO_PLAYER_CURRENT_VIDEO_TIME %c@ 17:09:58.012 color: gray; font-weight: lighter; color: inherit; color: gray; font-weight: lighter;", source: https://test.highloka.com/_next/static/chunks/pages/_app-4e0a347dc425d5bf.js (79)
[21510:21510:0526/170958.014273:INFO:CONSOLE:79] "%c prev state color: #9E9E9E; font-weight: bold [object Object]", source: https://test.highloka.com/_next/static/chunks/pages/_app-4e0a347dc425d5bf.js (79)
[21510:21510:0526/170958.014749:INFO:CONSOLE:79] "%c action     color: #03A9F4; font-weight: bold [object Object]", source: https://test.highloka.com/_next/static/chunks/pages/_app-4e0a347dc425d5bf.js (79)
[21510:21510:0526/170958.015172:INFO:CONSOLE:79] "%c next state color: #4CAF50; font-weight: bold [object Object]", source: https://test.highloka.com/_next/static/chunks/pages/_app-4e0a347dc425d5bf.js (79)
[21510:21510:0526/170958.018558:INFO:CONSOLE:79] "console.groupEnd", source: https://test.highloka.com/_next/static/chunks/pages/_app-4e0a347dc425d5bf.js (79)
[21510:21510:0526/170958.026832:INFO:CONSOLE:1] "ReactHlsPlayerComponent this.props play", source: https://test.highloka.com/_next/static/chunks/pages/concerts/%5Bslug%5D/arena-1595f5991389ce40.js (1)
[21510:21510:0526/170958.041291:INFO:CONSOLE:79] "%c action %cSHOW_AUTO_HIDDEN_ES_VIDEO_PLAYER_CONTROLS %c@ 17:09:58.040 color: gray; font-weight: lighter; color: inherit; color: gray; font-weight: lighter;", source: https://test.highloka.com/_next/static/chunks/pages/_app-4e0a347dc425d5bf.js (79)
[21510:21510:0526/170958.041429:INFO:CONSOLE:79] "%c prev state color: #9E9E9E; font-weight: bold [object Object]", source: https://test.highloka.com/_next/static/chunks/pages/_app-4e0a347dc425d5bf.js (79)
[21510:21510:0526/170958.041474:INFO:CONSOLE:79] "%c action     color: #03A9F4; font-weight: bold [object Object]", source: https://test.highloka.com/_next/static/chunks/pages/_app-4e0a347dc425d5bf.js (79)
[21510:21510:0526/170958.041598:INFO:CONSOLE:79] "%c next state color: #4CAF50; font-weight: bold [object Object]", source: https://test.highloka.com/_next/static/chunks/pages/_app-4e0a347dc425d5bf.js (79)
[21510:21510:0526/170958.041682:INFO:CONSOLE:79] "console.groupEnd", source: https://test.highloka.com/_next/static/chunks/pages/_app-4e0a347dc425d5bf.js (79)
[21510:21510:0526/170958.041924:INFO:CONSOLE:67] "Showing Controls. ", source: https://test.highloka.com/_next/static/chunks/pages/_app-4e0a347dc425d5bf.js (67)
[21510:21510:0526/170958.042023:INFO:CONSOLE:67] "Showing Controls. ", source: https://test.highloka.com/_next/static/chunks/pages/_app-4e0a347dc425d5bf.js (67)
[21510:21510:0526/170958.042430:INFO:CONSOLE:1] "ReactHlsPlayerComponent this.props play", source: https://test.highloka.com/_next/static/chunks/pages/concerts/%5Bslug%5D/arena-1595f5991389ce40.js (1)
[21510:21510:0526/170958.052395:INFO:CONSOLE:79] "%c action %cSHOW_AUTO_HIDDEN_ES_VIDEO_PLAYER_CONTROLS %c@ 17:09:58.052 color: gray; font-weight: lighter; color: inherit; color: gray; font-weight: lighter;", source: https://test.highloka.com/_next/static/chunks/pages/_app-4e0a347dc425d5bf.js (79)
[21510:21510:0526/170958.052493:INFO:CONSOLE:79] "%c prev state color: #9E9E9E; font-weight: bold [object Object]", source: https://test.highloka.com/_next/static/chunks/pages/_app-4e0a347dc425d5bf.js (79)
[21510:21510:0526/170958.052618:INFO:CONSOLE:79] "%c action     color: #03A9F4; font-weight: bold [object Object]", source: https://test.highloka.com/_next/static/chunks/pages/_app-4e0a347dc425d5bf.js (79)
[21510:21510:0526/170958.052733:INFO:CONSOLE:79] "%c next state color: #4CAF50; font-weight: bold [object Object]", source: https://test.highloka.com/_next/static/chunks/pages/_app-4e0a347dc425d5bf.js (79)
[21510:21510:0526/170958.052830:INFO:CONSOLE:79] "console.groupEnd", source: https://test.highloka.com/_next/static/chunks/pages/_app-4e0a347dc425d5bf.js (79)
[21510:21510:0526/170958.053005:INFO:CONSOLE:67] "Showing Controls. ", source: https://test.highloka.com/_next/static/chunks/pages/_app-4e0a347dc425d5bf.js (67)
[21510:21510:0526/170958.053116:INFO:CONSOLE:67] "Showing Controls. ", source: https://test.highloka.com/_next/static/chunks/pages/_app-4e0a347dc425d5bf.js (67)
[21510:21510:0526/170958.053395:INFO:CONSOLE:1] "ReactHlsPlayerComponent this.props play", source: https://test.highloka.com/_next/static/chunks/pages/concerts/%5Bslug%5D/arena-1595f5991389ce40.js (1)
[21510:21510:0526/170958.069489:INFO:CONSOLE:79] "%c action %cSHOW_AUTO_HIDDEN_ES_VIDEO_PLAYER_CONTROLS %c@ 17:09:58.069 color: gray; font-weight: lighter; color: inherit; color: gray; font-weight: lighter;", source: https://test.highloka.com/_next/static/chunks/pages/_app-4e0a347dc425d5bf.js (79)
[21510:21510:0526/170958.069636:INFO:CONSOLE:79] "%c prev state color: #9E9E9E; font-weight: bold [object Object]", source: https://test.highloka.com/_next/static/chunks/pages/_app-4e0a347dc425d5bf.js (79)
[21510:21510:0526/170958.069692:INFO:CONSOLE:79] "%c action     color: #03A9F4; font-weight: bold [object Object]", source: https://test.highloka.com/_next/static/chunks/pages/_app-4e0a347dc425d5bf.js (79)
[21510:21510:0526/170958.069766:INFO:CONSOLE:79] "%c next state color: #4CAF50; font-weight: bold [object Object]", source: https://test.highloka.com/_next/static/chunks/pages/_app-4e0a347dc425d5bf.js (79)
[21510:21510:0526/170958.069800:INFO:CONSOLE:79] "console.groupEnd", source: https://test.highloka.com/_next/static/chunks/pages/_app-4e0a347dc425d5bf.js (79)
[21510:21510:0526/170958.069940:INFO:CONSOLE:67] "Showing Controls. ", source: https://test.highloka.com/_next/static/chunks/pages/_app-4e0a347dc425d5bf.js (67)
[21510:21510:0526/170958.070063:INFO:CONSOLE:67] "Showing Controls. ", source: https://test.highloka.com/_next/static/chunks/pages/_app-4e0a347dc425d5bf.js (67)
[21510:21510:0526/170958.070566:INFO:CONSOLE:1] "ReactHlsPlayerComponent this.props play", source: https://test.highloka.com/_next/static/chunks/pages/concerts/%5Bslug%5D/arena-1595f5991389ce40.js (1)
[21510:21510:0526/170958.090377:INFO:CONSOLE:79] "%c action %cSHOW_AUTO_HIDDEN_ES_VIDEO_PLAYER_CONTROLS %c@ 17:09:58.089 color: gray; font-weight: lighter; color: inherit; color: gray; font-weight: lighter;", source: https://test.highloka.com/_next/static/chunks/pages/_app-4e0a347dc425d5bf.js (79)
[21510:21510:0526/170958.091527:INFO:CONSOLE:79] "%c prev state color: #9E9E9E; font-weight: bold [object Object]", source: https://test.highloka.com/_next/static/chunks/pages/_app-4e0a347dc425d5bf.js (79)
[21510:21510:0526/170958.091626:INFO:CONSOLE:79] "%c action     color: #03A9F4; font-weight: bold [object Object]", source: https://test.highloka.com/_next/static/chunks/pages/_app-4e0a347dc425d5bf.js (79)
[21510:21510:0526/170958.091681:INFO:CONSOLE:79] "%c next state color: #4CAF50; font-weight: bold [object Object]", source: https://test.highloka.com/_next/static/chunks/pages/_app-4e0a347dc425d5bf.js (79)
[21510:21510:0526/170958.091747:INFO:CONSOLE:79] "console.groupEnd", source: https://test.highloka.com/_next/static/chunks/pages/_app-4e0a347dc425d5bf.js (79)
[21510:21510:0526/170958.092202:INFO:CONSOLE:67] "Showing Controls. ", source: https://test.highloka.com/_next/static/chunks/pages/_app-4e0a347dc425d5bf.js (67)
[21510:21510:0526/170958.092772:INFO:CONSOLE:67] "Showing Controls. ", source: https://test.highloka.com/_next/static/chunks/pages/_app-4e0a347dc425d5bf.js (67)
[21510:21510:0526/170958.094057:INFO:CONSOLE:1] "ReactHlsPlayerComponent this.props play", source: https://test.highloka.com/_next/static/chunks/pages/concerts/%5Bslug%5D/arena-1595f5991389ce40.js (1)
[21510:21510:0526/170958.109520:INFO:CONSOLE:79] "%c action %cSHOW_AUTO_HIDDEN_ES_VIDEO_PLAYER_CONTROLS %c@ 17:09:58.108 color: gray; font-weight: lighter; color: inherit; color: gray; font-weight: lighter;", source: https://test.highloka.com/_next/static/chunks/pages/_app-4e0a347dc425d5bf.js (79)
[21510:21510:0526/170958.109691:INFO:CONSOLE:79] "%c prev state color: #9E9E9E; font-weight: bold [object Object]", source: https://test.highloka.com/_next/static/chunks/pages/_app-4e0a347dc425d5bf.js (79)
[21510:21510:0526/170958.109814:INFO:CONSOLE:79] "%c action     color: #03A9F4; font-weight: bold [object Object]", source: https://test.highloka.com/_next/static/chunks/pages/_app-4e0a347dc425d5bf.js (79)
[21510:21510:0526/170958.109890:INFO:CONSOLE:79] "%c next state color: #4CAF50; font-weight: bold [object Object]", source: https://test.highloka.com/_next/static/chunks/pages/_app-4e0a347dc425d5bf.js (79)
[21510:21510:0526/170958.109955:INFO:CONSOLE:79] "console.groupEnd", source: https://test.highloka.com/_next/static/chunks/pages/_app-4e0a347dc425d5bf.js (79)
[21510:21510:0526/170958.110088:INFO:CONSOLE:67] "Showing Controls. ", source: https://test.highloka.com/_next/static/chunks/pages/_app-4e0a347dc425d5bf.js (67)
[21510:21510:0526/170958.110204:INFO:CONSOLE:67] "Showing Controls. ", source: https://test.highloka.com/_next/static/chunks/pages/_app-4e0a347dc425d5bf.js (67)
[21510:21510:0526/170958.110691:INFO:CONSOLE:1] "ReactHlsPlayerComponent this.props play", source: https://test.highloka.com/_next/static/chunks/pages/concerts/%5Bslug%5D/arena-1595f5991389ce40.js (1)
[21510:21510:0526/170958.135774:INFO:CONSOLE:79] "%c action %cSHOW_AUTO_HIDDEN_ES_VIDEO_PLAYER_CONTROLS %c@ 17:09:58.135 color: gray; font-weight: lighter; color: inherit; color: gray; font-weight: lighter;", source: https://test.highloka.com/_next/static/chunks/pages/_app-4e0a347dc425d5bf.js (79)
[21510:21510:0526/170958.135923:INFO:CONSOLE:79] "%c prev state color: #9E9E9E; font-weight: bold [object Object]", source: https://test.highloka.com/_next/static/chunks/pages/_app-4e0a347dc425d5bf.js (79)
[21510:21510:0526/170958.136079:INFO:CONSOLE:79] "%c action     color: #03A9F4; font-weight: bold [object Object]", source: https://test.highloka.com/_next/static/chunks/pages/_app-4e0a347dc425d5bf.js (79)
[21510:21510:0526/170958.136223:INFO:CONSOLE:79] "%c next state color: #4CAF50; font-weight: bold [object Object]", source: https://test.highloka.com/_next/static/chunks/pages/_app-4e0a347dc425d5bf.js (79)
[21510:21510:0526/170958.136336:INFO:CONSOLE:79] "console.groupEnd", source: https://test.highloka.com/_next/static/chunks/pages/_app-4e0a347dc425d5bf.js (79)
[21510:21510:0526/170958.136629:INFO:CONSOLE:67] "Showing Controls. ", source: https://test.highloka.com/_next/static/chunks/pages/_app-4e0a347dc425d5bf.js (67)
[21510:21510:0526/170958.136876:INFO:CONSOLE:67] "Showing Controls. ", source: https://test.highloka.com/_next/static/chunks/pages/_app-4e0a347dc425d5bf.js (67)
[21510:21510:0526/170958.137432:INFO:CONSOLE:1] "ReactHlsPlayerComponent this.props play", source: https://test.highloka.com/_next/static/chunks/pages/concerts/%5Bslug%5D/arena-1595f5991389ce40.js (1)
[21510:21510:0526/170958.160661:INFO:CONSOLE:79] "%c action %cSHOW_AUTO_HIDDEN_ES_VIDEO_PLAYER_CONTROLS %c@ 17:09:58.159 color: gray; font-weight: lighter; color: inherit; color: gray; font-weight: lighter;", source: https://test.highloka.com/_next/static/chunks/pages/_app-4e0a347dc425d5bf.js (79)
[21510:21510:0526/170958.161014:INFO:CONSOLE:79] "%c prev state color: #9E9E9E; font-weight: bold [object Object]", source: https://test.highloka.com/_next/static/chunks/pages/_app-4e0a347dc425d5bf.js (79)
[21510:21510:0526/170958.161246:INFO:CONSOLE:79] "%c action     color: #03A9F4; font-weight: bold [object Object]", source: https://test.highloka.com/_next/static/chunks/pages/_app-4e0a347dc425d5bf.js (79)
[21510:21510:0526/170958.162485:INFO:CONSOLE:79] "%c next state color: #4CAF50; font-weight: bold [object Object]", source: https://test.highloka.com/_next/static/chunks/pages/_app-4e0a347dc425d5bf.js (79)
[21510:21510:0526/170958.162617:INFO:CONSOLE:79] "console.groupEnd", source: https://test.highloka.com/_next/static/chunks/pages/_app-4e0a347dc425d5bf.js (79)
[21510:21510:0526/170958.162676:INFO:CONSOLE:67] "Showing Controls. ", source: https://test.highloka.com/_next/static/chunks/pages/_app-4e0a347dc425d5bf.js (67)
[21510:21510:0526/170958.162740:INFO:CONSOLE:67] "Showing Controls. ", source: https://test.highloka.com/_next/static/chunks/pages/_app-4e0a347dc425d5bf.js (67)
[21510:21510:0526/170958.163793:INFO:CONSOLE:1] "ReactHlsPlayerComponent this.props play", source: https://test.highloka.com/_next/static/chunks/pages/concerts/%5Bslug%5D/arena-1595f5991389ce40.js (1)
[21510:21510:0526/170958.170118:INFO:CONSOLE:79] "%c action %cSHOW_AUTO_HIDDEN_ES_VIDEO_PLAYER_CONTROLS %c@ 17:09:58.169 color: gray; font-weight: lighter; color: inherit; color: gray; font-weight: lighter;", source: https://test.highloka.com/_next/static/chunks/pages/_app-4e0a347dc425d5bf.js (79)
[21510:21510:0526/170958.170276:INFO:CONSOLE:79] "%c prev state color: #9E9E9E; font-weight: bold [object Object]", source: https://test.highloka.com/_next/static/chunks/pages/_app-4e0a347dc425d5bf.js (79)
[21510:21510:0526/170958.170570:INFO:CONSOLE:79] "%c action     color: #03A9F4; font-weight: bold [object Object]", source: https://test.highloka.com/_next/static/chunks/pages/_app-4e0a347dc425d5bf.js (79)
[21510:21510:0526/170958.170829:INFO:CONSOLE:79] "%c next state color: #4CAF50; font-weight: bold [object Object]", source: https://test.highloka.com/_next/static/chunks/pages/_app-4e0a347dc425d5bf.js (79)
[21510:21510:0526/170958.171036:INFO:CONSOLE:79] "console.groupEnd", source: https://test.highloka.com/_next/static/chunks/pages/_app-4e0a347dc425d5bf.js (79)
[21510:21510:0526/170958.171221:INFO:CONSOLE:67] "Showing Controls. ", source: https://test.highloka.com/_next/static/chunks/pages/_app-4e0a347dc425d5bf.js (67)
[21510:21510:0526/170958.171410:INFO:CONSOLE:67] "Showing Controls. ", source: https://test.highloka.com/_next/static/chunks/pages/_app-4e0a347dc425d5bf.js (67)
[21510:21510:0526/170958.171730:INFO:CONSOLE:1] "ReactHlsPlayerComponent this.props play", source: https://test.highloka.com/_next/static/chunks/pages/concerts/%5Bslug%5D/arena-1595f5991389ce40.js (1)
[21510:21510:0526/170958.193605:INFO:CONSOLE:79] "%c action %cSHOW_AUTO_HIDDEN_ES_VIDEO_PLAYER_CONTROLS %c@ 17:09:58.192 color: gray; font-weight: lighter; color: inherit; color: gray; font-weight: lighter;", source: https://test.highloka.com/_next/static/chunks/pages/_app-4e0a347dc425d5bf.js (79)
[21510:21510:0526/170958.194021:INFO:CONSOLE:79] "%c prev state color: #9E9E9E; font-weight: bold [object Object]", source: https://test.highloka.com/_next/static/chunks/pages/_app-4e0a347dc425d5bf.js (79)
[21510:21510:0526/170958.194314:INFO:CONSOLE:79] "%c action     color: #03A9F4; font-weight: bold [object Object]", source: https://test.highloka.com/_next/static/chunks/pages/_app-4e0a347dc425d5bf.js (79)
[21510:21510:0526/170958.194630:INFO:CONSOLE:79] "%c next state color: #4CAF50; font-weight: bold [object Object]", source: https://test.highloka.com/_next/static/chunks/pages/_app-4e0a347dc425d5bf.js (79)
[21510:21510:0526/170958.194801:INFO:CONSOLE:79] "console.groupEnd", source: https://test.highloka.com/_next/static/chunks/pages/_app-4e0a347dc425d5bf.js (79)
[21510:21510:0526/170958.195276:INFO:CONSOLE:67] "Showing Controls. ", source: https://test.highloka.com/_next/static/chunks/pages/_app-4e0a347dc425d5bf.js (67)
[21510:21510:0526/170958.195803:INFO:CONSOLE:67] "Showing Controls. ", source: https://test.highloka.com/_next/static/chunks/pages/_app-4e0a347dc425d5bf.js (67)
[21510:21510:0526/170958.196948:INFO:CONSOLE:1] "ReactHlsPlayerComponent this.props play", source: https://test.highloka.com/_next/static/chunks/pages/concerts/%5Bslug%5D/arena-1595f5991389ce40.js (1)
[21510:21510:0526/170958.209473:INFO:CONSOLE:79] "%c action %cSHOW_AUTO_HIDDEN_ES_VIDEO_PLAYER_CONTROLS %c@ 17:09:58.207 color: gray; font-weight: lighter; color: inherit; color: gray; font-weight: lighter;", source: https://test.highloka.com/_next/static/chunks/pages/_app-4e0a347dc425d5bf.js (79)
[21510:21510:0526/170958.211217:INFO:CONSOLE:79] "%c prev state color: #9E9E9E; font-weight: bold [object Object]", source: https://test.highloka.com/_next/static/chunks/pages/_app-4e0a347dc425d5bf.js (79)
[21510:21510:0526/170958.211403:INFO:CONSOLE:79] "%c action     color: #03A9F4; font-weight: bold [object Object]", source: https://test.highloka.com/_next/static/chunks/pages/_app-4e0a347dc425d5bf.js (79)
[21510:21510:0526/170958.211484:INFO:CONSOLE:79] "%c next state color: #4CAF50; font-weight: bold [object Object]", source: https://test.highloka.com/_next/static/chunks/pages/_app-4e0a347dc425d5bf.js (79)
[21510:21510:0526/170958.212361:INFO:CONSOLE:79] "console.groupEnd", source: https://test.highloka.com/_next/static/chunks/pages/_app-4e0a347dc425d5bf.js (79)
[21510:21510:0526/170958.213483:INFO:CONSOLE:67] "Showing Controls. ", source: https://test.highloka.com/_next/static/chunks/pages/_app-4e0a347dc425d5bf.js (67)
[21510:21510:0526/170958.215396:INFO:CONSOLE:67] "Showing Controls. ", source: https://test.highloka.com/_next/static/chunks/pages/_app-4e0a347dc425d5bf.js (67)
[21510:21510:0526/170958.217217:INFO:CONSOLE:1] "ReactHlsPlayerComponent this.props play", source: https://test.highloka.com/_next/static/chunks/pages/concerts/%5Bslug%5D/arena-1595f5991389ce40.js (1)
[21510:21510:0526/170958.220513:INFO:CONSOLE:79] "%c action %cSHOW_AUTO_HIDDEN_ES_VIDEO_PLAYER_CONTROLS %c@ 17:09:58.219 color: gray; font-weight: lighter; color: inherit; color: gray; font-weight: lighter;", source: https://test.highloka.com/_next/static/chunks/pages/_app-4e0a347dc425d5bf.js (79)
[21510:21510:0526/170958.220706:INFO:CONSOLE:79] "%c prev state color: #9E9E9E; font-weight: bold [object Object]", source: https://test.highloka.com/_next/static/chunks/pages/_app-4e0a347dc425d5bf.js (79)
[21510:21510:0526/170958.220973:INFO:CONSOLE:79] "%c action     color: #03A9F4; font-weight: bold [object Object]", source: https://test.highloka.com/_next/static/chunks/pages/_app-4e0a347dc425d5bf.js (79)
[21510:21510:0526/170958.221043:INFO:CONSOLE:79] "%c next state color: #4CAF50; font-weight: bold [object Object]", source: https://test.highloka.com/_next/static/chunks/pages/_app-4e0a347dc425d5bf.js (79)
[21510:21510:0526/170958.221346:INFO:CONSOLE:79] "console.groupEnd", source: https://test.highloka.com/_next/static/chunks/pages/_app-4e0a347dc425d5bf.js (79)
[21510:21510:0526/170958.221628:INFO:CONSOLE:67] "Showing Controls. ", source: https://test.highloka.com/_next/static/chunks/pages/_app-4e0a347dc425d5bf.js (67)
[21510:21510:0526/170958.221854:INFO:CONSOLE:67] "Showing Controls. ", source: https://test.highloka.com/_next/static/chunks/pages/_app-4e0a347dc425d5bf.js (67)
[21510:21510:0526/170958.222808:INFO:CONSOLE:1] "ReactHlsPlayerComponent this.props play", source: https://test.highloka.com/_next/static/chunks/pages/concerts/%5Bslug%5D/arena-1595f5991389ce40.js (1)
[21510:21510:0526/170958.259999:INFO:CONSOLE:79] "%c action %cSHOW_AUTO_HIDDEN_ES_VIDEO_PLAYER_CONTROLS %c@ 17:09:58.259 color: gray; font-weight: lighter; color: inherit; color: gray; font-weight: lighter;", source: https://test.highloka.com/_next/static/chunks/pages/_app-4e0a347dc425d5bf.js (79)
[21510:21510:0526/170958.260161:INFO:CONSOLE:79] "%c prev state color: #9E9E9E; font-weight: bold [object Object]", source: https://test.highloka.com/_next/static/chunks/pages/_app-4e0a347dc425d5bf.js (79)
[21510:21510:0526/170958.260416:INFO:CONSOLE:79] "%c action     color: #03A9F4; font-weight: bold [object Object]", source: https://test.highloka.com/_next/static/chunks/pages/_app-4e0a347dc425d5bf.js (79)
[21510:21510:0526/170958.260645:INFO:CONSOLE:79] "%c next state color: #4CAF50; font-weight: bold [object Object]", source: https://test.highloka.com/_next/static/chunks/pages/_app-4e0a347dc425d5bf.js (79)
[21510:21510:0526/170958.260815:INFO:CONSOLE:79] "console.groupEnd", source: https://test.highloka.com/_next/static/chunks/pages/_app-4e0a347dc425d5bf.js (79)
[21510:21510:0526/170958.261264:INFO:CONSOLE:67] "Showing Controls. ", source: https://test.highloka.com/_next/static/chunks/pages/_app-4e0a347dc425d5bf.js (67)
[21510:21510:0526/170958.262233:INFO:CONSOLE:67] "Showing Controls. ", source: https://test.highloka.com/_next/static/chunks/pages/_app-4e0a347dc425d5bf.js (67)
[21510:21510:0526/170958.262704:INFO:CONSOLE:1] "ReactHlsPlayerComponent this.props play", source: https://test.highloka.com/_next/static/chunks/pages/concerts/%5Bslug%5D/arena-1595f5991389ce40.js (1)
[21510:21510:0526/170958.277866:INFO:CONSOLE:79] "%c action %cSET_JW_VIDEO_PLAYER_CURRENT_VIDEO_TIME %c@ 17:09:58.277 color: gray; font-weight: lighter; color: inherit; color: gray; font-weight: lighter;", source: https://test.highloka.com/_next/static/chunks/pages/_app-4e0a347dc425d5bf.js (79)
[21510:21510:0526/170958.277953:INFO:CONSOLE:79] "%c prev state color: #9E9E9E; font-weight: bold [object Object]", source: https://test.highloka.com/_next/static/chunks/pages/_app-4e0a347dc425d5bf.js (79)
[21510:21510:0526/170958.278123:INFO:CONSOLE:79] "%c action     color: #03A9F4; font-weight: bold [object Object]", source: https://test.highloka.com/_next/static/chunks/pages/_app-4e0a347dc425d5bf.js (79)
[21510:21510:0526/170958.278265:INFO:CONSOLE:79] "%c next state color: #4CAF50; font-weight: bold [object Object]", source: https://test.highloka.com/_next/static/chunks/pages/_app-4e0a347dc425d5bf.js (79)
[21510:21510:0526/170958.278410:INFO:CONSOLE:79] "console.groupEnd", source: https://test.highloka.com/_next/static/chunks/pages/_app-4e0a347dc425d5bf.js (79)
[21510:21510:0526/170958.281001:INFO:CONSOLE:1] "ReactHlsPlayerComponent this.props play", source: https://test.highloka.com/_next/static/chunks/pages/concerts/%5Bslug%5D/arena-1595f5991389ce40.js (1)
[21510:21510:0526/170958.294331:INFO:CONSOLE:79] "%c action %cSHOW_AUTO_HIDDEN_ES_VIDEO_PLAYER_CONTROLS %c@ 17:09:58.293 color: gray; font-weight: lighter; color: inherit; color: gray; font-weight: lighter;", source: https://test.highloka.com/_next/static/chunks/pages/_app-4e0a347dc425d5bf.js (79)
[21510:21510:0526/170958.294451:INFO:CONSOLE:79] "%c prev state color: #9E9E9E; font-weight: bold [object Object]", source: https://test.highloka.com/_next/static/chunks/pages/_app-4e0a347dc425d5bf.js (79)
[21510:21510:0526/170958.294664:INFO:CONSOLE:79] "%c action     color: #03A9F4; font-weight: bold [object Object]", source: https://test.highloka.com/_next/static/chunks/pages/_app-4e0a347dc425d5bf.js (79)
[21510:21510:0526/170958.294825:INFO:CONSOLE:79] "%c next state color: #4CAF50; font-weight: bold [object Object]", source: https://test.highloka.com/_next/static/chunks/pages/_app-4e0a347dc425d5bf.js (79)
[21510:21510:0526/170958.294963:INFO:CONSOLE:79] "console.groupEnd", source: https://test.highloka.com/_next/static/chunks/pages/_app-4e0a347dc425d5bf.js (79)
[21510:21510:0526/170958.295378:INFO:CONSOLE:67] "Showing Controls. ", source: https://test.highloka.com/_next/static/chunks/pages/_app-4e0a347dc425d5bf.js (67)
[21510:21510:0526/170958.295804:INFO:CONSOLE:67] "Showing Controls. ", source: https://test.highloka.com/_next/static/chunks/pages/_app-4e0a347dc425d5bf.js (67)
[21510:21510:0526/170958.297350:INFO:CONSOLE:1] "ReactHlsPlayerComponent this.props play", source: https://test.highloka.com/_next/static/chunks/pages/concerts/%5Bslug%5D/arena-1595f5991389ce40.js (1)
[21510:21510:0526/170958.311990:INFO:CONSOLE:79] "%c action %cSHOW_AUTO_HIDDEN_ES_VIDEO_PLAYER_CONTROLS %c@ 17:09:58.309 color: gray; font-weight: lighter; color: inherit; color: gray; font-weight: lighter;", source: https://test.highloka.com/_next/static/chunks/pages/_app-4e0a347dc425d5bf.js (79)
[21510:21510:0526/170958.312278:INFO:CONSOLE:79] "%c prev state color: #9E9E9E; font-weight: bold [object Object]", source: https://test.highloka.com/_next/static/chunks/pages/_app-4e0a347dc425d5bf.js (79)
[21510:21510:0526/170958.312378:INFO:CONSOLE:79] "%c action     color: #03A9F4; font-weight: bold [object Object]", source: https://test.highloka.com/_next/static/chunks/pages/_app-4e0a347dc425d5bf.js (79)
[21510:21510:0526/170958.312454:INFO:CONSOLE:79] "%c next state color: #4CAF50; font-weight: bold [object Object]", source: https://test.highloka.com/_next/static/chunks/pages/_app-4e0a347dc425d5bf.js (79)
[21510:21510:0526/170958.312564:INFO:CONSOLE:79] "console.groupEnd", source: https://test.highloka.com/_next/static/chunks/pages/_app-4e0a347dc425d5bf.js (79)
[21510:21510:0526/170958.313159:INFO:CONSOLE:67] "Showing Controls. ", source: https://test.highloka.com/_next/static/chunks/pages/_app-4e0a347dc425d5bf.js (67)
[21510:21510:0526/170958.313758:INFO:CONSOLE:67] "Showing Controls. ", source: https://test.highloka.com/_next/static/chunks/pages/_app-4e0a347dc425d5bf.js (67)
[21510:21510:0526/170958.314457:INFO:CONSOLE:1] "ReactHlsPlayerComponent this.props play", source: https://test.highloka.com/_next/static/chunks/pages/concerts/%5Bslug%5D/arena-1595f5991389ce40.js (1)
[21510:21510:0526/170958.543517:INFO:CONSOLE:79] "%c action %cSET_JW_VIDEO_PLAYER_CURRENT_VIDEO_TIME %c@ 17:09:58.543 color: gray; font-weight: lighter; color: inherit; color: gray; font-weight: lighter;", source: https://test.highloka.com/_next/static/chunks/pages/_app-4e0a347dc425d5bf.js (79)
[21510:21510:0526/170958.543618:INFO:CONSOLE:79] "%c prev state color: #9E9E9E; font-weight: bold [object Object]", source: https://test.highloka.com/_next/static/chunks/pages/_app-4e0a347dc425d5bf.js (79)
[21510:21510:0526/170958.543809:INFO:CONSOLE:79] "%c action     color: #03A9F4; font-weight: bold [object Object]", source: https://test.highloka.com/_next/static/chunks/pages/_app-4e0a347dc425d5bf.js (79)
[21510:21510:0526/170958.543957:INFO:CONSOLE:79] "%c next state color: #4CAF50; font-weight: bold [object Object]", source: https://test.highloka.com/_next/static/chunks/pages/_app-4e0a347dc425d5bf.js (79)
[21510:21510:0526/170958.544100:INFO:CONSOLE:79] "console.groupEnd", source: https://test.highloka.com/_next/static/chunks/pages/_app-4e0a347dc425d5bf.js (79)
[21510:21510:0526/170958.547048:INFO:CONSOLE:1] "ReactHlsPlayerComponent this.props play", source: https://test.highloka.com/_next/static/chunks/pages/concerts/%5Bslug%5D/arena-1595f5991389ce40.js (1)
[21510:21510:0526/170958.757248:INFO:CONSOLE:79] "%c action %cSHOW_AUTO_HIDDEN_ES_VIDEO_PLAYER_CONTROLS %c@ 17:09:58.756 color: gray; font-weight: lighter; color: inherit; color: gray; font-weight: lighter;", source: https://test.highloka.com/_next/static/chunks/pages/_app-4e0a347dc425d5bf.js (79)
[21510:21510:0526/170958.757394:INFO:CONSOLE:79] "%c prev state color: #9E9E9E; font-weight: bold [object Object]", source: https://test.highloka.com/_next/static/chunks/pages/_app-4e0a347dc425d5bf.js (79)
[21510:21510:0526/170958.757414:INFO:CONSOLE:79] "%c action     color: #03A9F4; font-weight: bold [object Object]", source: https://test.highloka.com/_next/static/chunks/pages/_app-4e0a347dc425d5bf.js (79)
[21510:21510:0526/170958.757487:INFO:CONSOLE:79] "%c next state color: #4CAF50; font-weight: bold [object Object]", source: https://test.highloka.com/_next/static/chunks/pages/_app-4e0a347dc425d5bf.js (79)
[21510:21510:0526/170958.757523:INFO:CONSOLE:79] "console.groupEnd", source: https://test.highloka.com/_next/static/chunks/pages/_app-4e0a347dc425d5bf.js (79)
[21510:21510:0526/170958.757750:INFO:CONSOLE:67] "Showing Controls. ", source: https://test.highloka.com/_next/static/chunks/pages/_app-4e0a347dc425d5bf.js (67)
[21510:21510:0526/170958.757840:INFO:CONSOLE:67] "Showing Controls. ", source: https://test.highloka.com/_next/static/chunks/pages/_app-4e0a347dc425d5bf.js (67)
[21510:21510:0526/170958.758176:INFO:CONSOLE:1] "ReactHlsPlayerComponent this.props play", source: https://test.highloka.com/_next/static/chunks/pages/concerts/%5Bslug%5D/arena-1595f5991389ce40.js (1)
[21510:21510:0526/170958.773262:INFO:CONSOLE:79] "%c action %cSHOW_AUTO_HIDDEN_ES_VIDEO_PLAYER_CONTROLS %c@ 17:09:58.772 color: gray; font-weight: lighter; color: inherit; color: gray; font-weight: lighter;", source: https://test.highloka.com/_next/static/chunks/pages/_app-4e0a347dc425d5bf.js (79)
[21510:21510:0526/170958.773336:INFO:CONSOLE:79] "%c prev state color: #9E9E9E; font-weight: bold [object Object]", source: https://test.highloka.com/_next/static/chunks/pages/_app-4e0a347dc425d5bf.js (79)
[21510:21510:0526/170958.773463:INFO:CONSOLE:79] "%c action     color: #03A9F4; font-weight: bold [object Object]", source: https://test.highloka.com/_next/static/chunks/pages/_app-4e0a347dc425d5bf.js (79)
[21510:21510:0526/170958.773541:INFO:CONSOLE:79] "%c next state color: #4CAF50; font-weight: bold [object Object]", source: https://test.highloka.com/_next/static/chunks/pages/_app-4e0a347dc425d5bf.js (79)
[21510:21510:0526/170958.773617:INFO:CONSOLE:79] "console.groupEnd", source: https://test.highloka.com/_next/static/chunks/pages/_app-4e0a347dc425d5bf.js (79)
[21510:21510:0526/170958.773774:INFO:CONSOLE:67] "Showing Controls. ", source: https://test.highloka.com/_next/static/chunks/pages/_app-4e0a347dc425d5bf.js (67)
[21510:21510:0526/170958.773919:INFO:CONSOLE:67] "Showing Controls. ", source: https://test.highloka.com/_next/static/chunks/pages/_app-4e0a347dc425d5bf.js (67)
[21510:21510:0526/170958.774889:INFO:CONSOLE:1] "ReactHlsPlayerComponent this.props play", source: https://test.highloka.com/_next/static/chunks/pages/concerts/%5Bslug%5D/arena-1595f5991389ce40.js (1)
[21510:21510:0526/170958.791122:INFO:CONSOLE:79] "%c action %cSHOW_AUTO_HIDDEN_ES_VIDEO_PLAYER_CONTROLS %c@ 17:09:58.790 color: gray; font-weight: lighter; color: inherit; color: gray; font-weight: lighter;", source: https://test.highloka.com/_next/static/chunks/pages/_app-4e0a347dc425d5bf.js (79)
[21510:21510:0526/170958.791366:INFO:CONSOLE:79] "%c prev state color: #9E9E9E; font-weight: bold [object Object]", source: https://test.highloka.com/_next/static/chunks/pages/_app-4e0a347dc425d5bf.js (79)
[21510:21510:0526/170958.792301:INFO:CONSOLE:79] "%c action     color: #03A9F4; font-weight: bold [object Object]", source: https://test.highloka.com/_next/static/chunks/pages/_app-4e0a347dc425d5bf.js (79)
[21510:21510:0526/170958.792460:INFO:CONSOLE:79] "%c next state color: #4CAF50; font-weight: bold [object Object]", source: https://test.highloka.com/_next/static/chunks/pages/_app-4e0a347dc425d5bf.js (79)
[21510:21510:0526/170958.792543:INFO:CONSOLE:79] "console.groupEnd", source: https://test.highloka.com/_next/static/chunks/pages/_app-4e0a347dc425d5bf.js (79)
[21510:21510:0526/170958.792631:INFO:CONSOLE:67] "Showing Controls. ", source: https://test.highloka.com/_next/static/chunks/pages/_app-4e0a347dc425d5bf.js (67)
[21510:21510:0526/170958.793021:INFO:CONSOLE:67] "Showing Controls. ", source: https://test.highloka.com/_next/static/chunks/pages/_app-4e0a347dc425d5bf.js (67)
[21510:21510:0526/170958.794116:INFO:CONSOLE:1] "ReactHlsPlayerComponent this.props play", source: https://test.highloka.com/_next/static/chunks/pages/concerts/%5Bslug%5D/arena-1595f5991389ce40.js (1)
[21510:21510:0526/170958.806476:INFO:CONSOLE:79] "%c action %cSHOW_AUTO_HIDDEN_ES_VIDEO_PLAYER_CONTROLS %c@ 17:09:58.806 color: gray; font-weight: lighter; color: inherit; color: gray; font-weight: lighter;", source: https://test.highloka.com/_next/static/chunks/pages/_app-4e0a347dc425d5bf.js (79)
[21510:21510:0526/170958.806569:INFO:CONSOLE:79] "%c prev state color: #9E9E9E; font-weight: bold [object Object]", source: https://test.highloka.com/_next/static/chunks/pages/_app-4e0a347dc425d5bf.js (79)
[21510:21510:0526/170958.806593:INFO:CONSOLE:79] "%c action     color: #03A9F4; font-weight: bold [object Object]", source: https://test.highloka.com/_next/static/chunks/pages/_app-4e0a347dc425d5bf.js (79)
[21510:21510:0526/170958.806666:INFO:CONSOLE:79] "%c next state color: #4CAF50; font-weight: bold [object Object]", source: https://test.highloka.com/_next/static/chunks/pages/_app-4e0a347dc425d5bf.js (79)
[21510:21510:0526/170958.806730:INFO:CONSOLE:79] "console.groupEnd", source: https://test.highloka.com/_next/static/chunks/pages/_app-4e0a347dc425d5bf.js (79)
[21510:21510:0526/170958.806871:INFO:CONSOLE:67] "Showing Controls. ", source: https://test.highloka.com/_next/static/chunks/pages/_app-4e0a347dc425d5bf.js (67)
[21510:21510:0526/170958.806984:INFO:CONSOLE:67] "Showing Controls. ", source: https://test.highloka.com/_next/static/chunks/pages/_app-4e0a347dc425d5bf.js (67)
[21510:21510:0526/170958.807397:INFO:CONSOLE:1] "ReactHlsPlayerComponent this.props play", source: https://test.highloka.com/_next/static/chunks/pages/concerts/%5Bslug%5D/arena-1595f5991389ce40.js (1)
[21510:21510:0526/170958.809169:INFO:CONSOLE:79] "%c action %cSET_JW_VIDEO_PLAYER_CURRENT_VIDEO_TIME %c@ 17:09:58.808 color: gray; font-weight: lighter; color: inherit; color: gray; font-weight: lighter;", source: https://test.highloka.com/_next/static/chunks/pages/_app-4e0a347dc425d5bf.js (79)
[21510:21510:0526/170958.809262:INFO:CONSOLE:79] "%c prev state color: #9E9E9E; font-weight: bold [object Object]", source: https://test.highloka.com/_next/static/chunks/pages/_app-4e0a347dc425d5bf.js (79)
[21510:21510:0526/170958.809429:INFO:CONSOLE:79] "%c action     color: #03A9F4; font-weight: bold [object Object]", source: https://test.highloka.com/_next/static/chunks/pages/_app-4e0a347dc425d5bf.js (79)
[21510:21510:0526/170958.809567:INFO:CONSOLE:79] "%c next state color: #4CAF50; font-weight: bold [object Object]", source: https://test.highloka.com/_next/static/chunks/pages/_app-4e0a347dc425d5bf.js (79)
[21510:21510:0526/170958.809734:INFO:CONSOLE:79] "console.groupEnd", source: https://test.highloka.com/_next/static/chunks/pages/_app-4e0a347dc425d5bf.js (79)
[21510:21510:0526/170958.817917:INFO:CONSOLE:1] "ReactHlsPlayerComponent this.props play", source: https://test.highloka.com/_next/static/chunks/pages/concerts/%5Bslug%5D/arena-1595f5991389ce40.js (1)
[21510:21510:0526/170958.825258:INFO:CONSOLE:79] "%c action %cSHOW_AUTO_HIDDEN_ES_VIDEO_PLAYER_CONTROLS %c@ 17:09:58.824 color: gray; font-weight: lighter; color: inherit; color: gray; font-weight: lighter;", source: https://test.highloka.com/_next/static/chunks/pages/_app-4e0a347dc425d5bf.js (79)
[21510:21510:0526/170958.825413:INFO:CONSOLE:79] "%c prev state color: #9E9E9E; font-weight: bold [object Object]", source: https://test.highloka.com/_next/static/chunks/pages/_app-4e0a347dc425d5bf.js (79)
[21510:21510:0526/170958.825761:INFO:CONSOLE:79] "%c action     color: #03A9F4; font-weight: bold [object Object]", source: https://test.highloka.com/_next/static/chunks/pages/_app-4e0a347dc425d5bf.js (79)
[21510:21510:0526/170958.825959:INFO:CONSOLE:79] "%c next state color: #4CAF50; font-weight: bold [object Object]", source: https://test.highloka.com/_next/static/chunks/pages/_app-4e0a347dc425d5bf.js (79)
[21510:21510:0526/170958.826367:INFO:CONSOLE:79] "console.groupEnd", source: https://test.highloka.com/_next/static/chunks/pages/_app-4e0a347dc425d5bf.js (79)
[21510:21510:0526/170958.826581:INFO:CONSOLE:67] "Showing Controls. ", source: https://test.highloka.com/_next/static/chunks/pages/_app-4e0a347dc425d5bf.js (67)
[21510:21510:0526/170958.827005:INFO:CONSOLE:67] "Showing Controls. ", source: https://test.highloka.com/_next/static/chunks/pages/_app-4e0a347dc425d5bf.js (67)
[21510:21510:0526/170958.828071:INFO:CONSOLE:1] "ReactHlsPlayerComponent this.props play", source: https://test.highloka.com/_next/static/chunks/pages/concerts/%5Bslug%5D/arena-1595f5991389ce40.js (1)
[21510:21510:0526/170958.840200:INFO:CONSOLE:79] "%c action %cSHOW_AUTO_HIDDEN_ES_VIDEO_PLAYER_CONTROLS %c@ 17:09:58.839 color: gray; font-weight: lighter; color: inherit; color: gray; font-weight: lighter;", source: https://test.highloka.com/_next/static/chunks/pages/_app-4e0a347dc425d5bf.js (79)
[21510:21510:0526/170958.840358:INFO:CONSOLE:79] "%c prev state color: #9E9E9E; font-weight: bold [object Object]", source: https://test.highloka.com/_next/static/chunks/pages/_app-4e0a347dc425d5bf.js (79)
[21510:21510:0526/170958.840408:INFO:CONSOLE:79] "%c action     color: #03A9F4; font-weight: bold [object Object]", source: https://test.highloka.com/_next/static/chunks/pages/_app-4e0a347dc425d5bf.js (79)
[21510:21510:0526/170958.840470:INFO:CONSOLE:79] "%c next state color: #4CAF50; font-weight: bold [object Object]", source: https://test.highloka.com/_next/static/chunks/pages/_app-4e0a347dc425d5bf.js (79)
[21510:21510:0526/170958.840626:INFO:CONSOLE:79] "console.groupEnd", source: https://test.highloka.com/_next/static/chunks/pages/_app-4e0a347dc425d5bf.js (79)
[21510:21510:0526/170958.840805:INFO:CONSOLE:67] "Showing Controls. ", source: https://test.highloka.com/_next/static/chunks/pages/_app-4e0a347dc425d5bf.js (67)
[21510:21510:0526/170958.841150:INFO:CONSOLE:67] "Showing Controls. ", source: https://test.highloka.com/_next/static/chunks/pages/_app-4e0a347dc425d5bf.js (67)
[21510:21510:0526/170958.841624:INFO:CONSOLE:1] "ReactHlsPlayerComponent this.props play", source: https://test.highloka.com/_next/static/chunks/pages/concerts/%5Bslug%5D/arena-1595f5991389ce40.js (1)
[21510:21510:0526/170958.859023:INFO:CONSOLE:79] "%c action %cSHOW_AUTO_HIDDEN_ES_VIDEO_PLAYER_CONTROLS %c@ 17:09:58.858 color: gray; font-weight: lighter; color: inherit; color: gray; font-weight: lighter;", source: https://test.highloka.com/_next/static/chunks/pages/_app-4e0a347dc425d5bf.js (79)
[21510:21510:0526/170958.859098:INFO:CONSOLE:79] "%c prev state color: #9E9E9E; font-weight: bold [object Object]", source: https://test.highloka.com/_next/static/chunks/pages/_app-4e0a347dc425d5bf.js (79)
[21510:21510:0526/170958.859232:INFO:CONSOLE:79] "%c action     color: #03A9F4; font-weight: bold [object Object]", source: https://test.highloka.com/_next/static/chunks/pages/_app-4e0a347dc425d5bf.js (79)
[21510:21510:0526/170958.859321:INFO:CONSOLE:79] "%c next state color: #4CAF50; font-weight: bold [object Object]", source: https://test.highloka.com/_next/static/chunks/pages/_app-4e0a347dc425d5bf.js (79)
[21510:21510:0526/170958.859379:INFO:CONSOLE:79] "console.groupEnd", source: https://test.highloka.com/_next/static/chunks/pages/_app-4e0a347dc425d5bf.js (79)
[21510:21510:0526/170958.859467:INFO:CONSOLE:67] "Showing Controls. ", source: https://test.highloka.com/_next/static/chunks/pages/_app-4e0a347dc425d5bf.js (67)
[21510:21510:0526/170958.859566:INFO:CONSOLE:67] "Showing Controls. ", source: https://test.highloka.com/_next/static/chunks/pages/_app-4e0a347dc425d5bf.js (67)
[21510:21510:0526/170958.859964:INFO:CONSOLE:1] "ReactHlsPlayerComponent this.props play", source: https://test.highloka.com/_next/static/chunks/pages/concerts/%5Bslug%5D/arena-1595f5991389ce40.js (1)
[21510:21510:0526/170958.867975:INFO:CONSOLE:1] "receivedAudienceUserStrip null", source: https://test.highloka.com/_next/static/chunks/pages/concerts/%5Bslug%5D/arena-1595f5991389ce40.js (1)
[21510:21510:0526/170958.868330:INFO:CONSOLE:1] "receivedAudienceUserStrip null", source: https://test.highloka.com/_next/static/chunks/pages/concerts/%5Bslug%5D/arena-1595f5991389ce40.js (1)
[21510:21510:0526/170958.872955:INFO:CONSOLE:79] "%c action %cSHOW_AUTO_HIDDEN_ES_VIDEO_PLAYER_CONTROLS %c@ 17:09:58.872 color: gray; font-weight: lighter; color: inherit; color: gray; font-weight: lighter;", source: https://test.highloka.com/_next/static/chunks/pages/_app-4e0a347dc425d5bf.js (79)
[21510:21510:0526/170958.872998:INFO:CONSOLE:79] "%c prev state color: #9E9E9E; font-weight: bold [object Object]", source: https://test.highloka.com/_next/static/chunks/pages/_app-4e0a347dc425d5bf.js (79)
[21510:21510:0526/170958.873057:INFO:CONSOLE:79] "%c action     color: #03A9F4; font-weight: bold [object Object]", source: https://test.highloka.com/_next/static/chunks/pages/_app-4e0a347dc425d5bf.js (79)
[21510:21510:0526/170958.873104:INFO:CONSOLE:79] "%c next state color: #4CAF50; font-weight: bold [object Object]", source: https://test.highloka.com/_next/static/chunks/pages/_app-4e0a347dc425d5bf.js (79)
[21510:21510:0526/170958.873148:INFO:CONSOLE:79] "console.groupEnd", source: https://test.highloka.com/_next/static/chunks/pages/_app-4e0a347dc425d5bf.js (79)
[21510:21510:0526/170958.873249:INFO:CONSOLE:67] "Showing Controls. ", source: https://test.highloka.com/_next/static/chunks/pages/_app-4e0a347dc425d5bf.js (67)
[21510:21510:0526/170958.873338:INFO:CONSOLE:67] "Showing Controls. ", source: https://test.highloka.com/_next/static/chunks/pages/_app-4e0a347dc425d5bf.js (67)
[21510:21510:0526/170958.873595:INFO:CONSOLE:1] "ReactHlsPlayerComponent this.props play", source: https://test.highloka.com/_next/static/chunks/pages/concerts/%5Bslug%5D/arena-1595f5991389ce40.js (1)
[21510:21510:0526/170958.892316:INFO:CONSOLE:79] "%c action %cSHOW_AUTO_HIDDEN_ES_VIDEO_PLAYER_CONTROLS %c@ 17:09:58.890 color: gray; font-weight: lighter; color: inherit; color: gray; font-weight: lighter;", source: https://test.highloka.com/_next/static/chunks/pages/_app-4e0a347dc425d5bf.js (79)
[21510:21510:0526/170958.892512:INFO:CONSOLE:79] "%c prev state color: #9E9E9E; font-weight: bold [object Object]", source: https://test.highloka.com/_next/static/chunks/pages/_app-4e0a347dc425d5bf.js (79)
[21510:21510:0526/170958.893114:INFO:CONSOLE:79] "%c action     color: #03A9F4; font-weight: bold [object Object]", source: https://test.highloka.com/_next/static/chunks/pages/_app-4e0a347dc425d5bf.js (79)
[21510:21510:0526/170958.893339:INFO:CONSOLE:79] "%c next state color: #4CAF50; font-weight: bold [object Object]", source: https://test.highloka.com/_next/static/chunks/pages/_app-4e0a347dc425d5bf.js (79)
[21510:21510:0526/170958.893428:INFO:CONSOLE:79] "console.groupEnd", source: https://test.highloka.com/_next/static/chunks/pages/_app-4e0a347dc425d5bf.js (79)
[21510:21510:0526/170958.893477:INFO:CONSOLE:67] "Showing Controls. ", source: https://test.highloka.com/_next/static/chunks/pages/_app-4e0a347dc425d5bf.js (67)
[21510:21510:0526/170958.893866:INFO:CONSOLE:67] "Showing Controls. ", source: https://test.highloka.com/_next/static/chunks/pages/_app-4e0a347dc425d5bf.js (67)
[21510:21510:0526/170958.894599:INFO:CONSOLE:1] "ReactHlsPlayerComponent this.props play", source: https://test.highloka.com/_next/static/chunks/pages/concerts/%5Bslug%5D/arena-1595f5991389ce40.js (1)
[21510:21510:0526/170958.906449:INFO:CONSOLE:79] "%c action %cSHOW_AUTO_HIDDEN_ES_VIDEO_PLAYER_CONTROLS %c@ 17:09:58.906 color: gray; font-weight: lighter; color: inherit; color: gray; font-weight: lighter;", source: https://test.highloka.com/_next/static/chunks/pages/_app-4e0a347dc425d5bf.js (79)
[21510:21510:0526/170958.906488:INFO:CONSOLE:79] "%c prev state color: #9E9E9E; font-weight: bold [object Object]", source: https://test.highloka.com/_next/static/chunks/pages/_app-4e0a347dc425d5bf.js (79)
[21510:21510:0526/170958.906563:INFO:CONSOLE:79] "%c action     color: #03A9F4; font-weight: bold [object Object]", source: https://test.highloka.com/_next/static/chunks/pages/_app-4e0a347dc425d5bf.js (79)
[21510:21510:0526/170958.906603:INFO:CONSOLE:79] "%c next state color: #4CAF50; font-weight: bold [object Object]", source: https://test.highloka.com/_next/static/chunks/pages/_app-4e0a347dc425d5bf.js (79)
[21510:21510:0526/170958.906659:INFO:CONSOLE:79] "console.groupEnd", source: https://test.highloka.com/_next/static/chunks/pages/_app-4e0a347dc425d5bf.js (79)
[21510:21510:0526/170958.906762:INFO:CONSOLE:67] "Showing Controls. ", source: https://test.highloka.com/_next/static/chunks/pages/_app-4e0a347dc425d5bf.js (67)
[21510:21510:0526/170958.906868:INFO:CONSOLE:67] "Showing Controls. ", source: https://test.highloka.com/_next/static/chunks/pages/_app-4e0a347dc425d5bf.js (67)
[21510:21510:0526/170958.907148:INFO:CONSOLE:1] "ReactHlsPlayerComponent this.props play", source: https://test.highloka.com/_next/static/chunks/pages/concerts/%5Bslug%5D/arena-1595f5991389ce40.js (1)
[21510:21510:0526/170958.923331:INFO:CONSOLE:79] "%c action %cSHOW_AUTO_HIDDEN_ES_VIDEO_PLAYER_CONTROLS %c@ 17:09:58.923 color: gray; font-weight: lighter; color: inherit; color: gray; font-weight: lighter;", source: https://test.highloka.com/_next/static/chunks/pages/_app-4e0a347dc425d5bf.js (79)
[21510:21510:0526/170958.923395:INFO:CONSOLE:79] "%c prev state color: #9E9E9E; font-weight: bold [object Object]", source: https://test.highloka.com/_next/static/chunks/pages/_app-4e0a347dc425d5bf.js (79)
[21510:21510:0526/170958.923515:INFO:CONSOLE:79] "%c action     color: #03A9F4; font-weight: bold [object Object]", source: https://test.highloka.com/_next/static/chunks/pages/_app-4e0a347dc425d5bf.js (79)
[21510:21510:0526/170958.923564:INFO:CONSOLE:79] "%c next state color: #4CAF50; font-weight: bold [object Object]", source: https://test.highloka.com/_next/static/chunks/pages/_app-4e0a347dc425d5bf.js (79)
[21510:21510:0526/170958.923643:INFO:CONSOLE:79] "console.groupEnd", source: https://test.highloka.com/_next/static/chunks/pages/_app-4e0a347dc425d5bf.js (79)
[21510:21510:0526/170958.923776:INFO:CONSOLE:67] "Showing Controls. ", source: https://test.highloka.com/_next/static/chunks/pages/_app-4e0a347dc425d5bf.js (67)
[21510:21510:0526/170958.923908:INFO:CONSOLE:67] "Showing Controls. ", source: https://test.highloka.com/_next/static/chunks/pages/_app-4e0a347dc425d5bf.js (67)
[21510:21510:0526/170958.925501:INFO:CONSOLE:1] "ReactHlsPlayerComponent this.props play", source: https://test.highloka.com/_next/static/chunks/pages/concerts/%5Bslug%5D/arena-1595f5991389ce40.js (1)
[21510:21510:0526/170958.939746:INFO:CONSOLE:79] "%c action %cSHOW_AUTO_HIDDEN_ES_VIDEO_PLAYER_CONTROLS %c@ 17:09:58.939 color: gray; font-weight: lighter; color: inherit; color: gray; font-weight: lighter;", source: https://test.highloka.com/_next/static/chunks/pages/_app-4e0a347dc425d5bf.js (79)
[21510:21510:0526/170958.939791:INFO:CONSOLE:79] "%c prev state color: #9E9E9E; font-weight: bold [object Object]", source: https://test.highloka.com/_next/static/chunks/pages/_app-4e0a347dc425d5bf.js (79)
[21510:21510:0526/170958.939853:INFO:CONSOLE:79] "%c action     color: #03A9F4; font-weight: bold [object Object]", source: https://test.highloka.com/_next/static/chunks/pages/_app-4e0a347dc425d5bf.js (79)
[21510:21510:0526/170958.939920:INFO:CONSOLE:79] "%c next state color: #4CAF50; font-weight: bold [object Object]", source: https://test.highloka.com/_next/static/chunks/pages/_app-4e0a347dc425d5bf.js (79)
[21510:21510:0526/170958.939977:INFO:CONSOLE:79] "console.groupEnd", source: https://test.highloka.com/_next/static/chunks/pages/_app-4e0a347dc425d5bf.js (79)
[21510:21510:0526/170958.940093:INFO:CONSOLE:67] "Showing Controls. ", source: https://test.highloka.com/_next/static/chunks/pages/_app-4e0a347dc425d5bf.js (67)
[21510:21510:0526/170958.940199:INFO:CONSOLE:67] "Showing Controls. ", source: https://test.highloka.com/_next/static/chunks/pages/_app-4e0a347dc425d5bf.js (67)
[21510:21510:0526/170958.940453:INFO:CONSOLE:1] "ReactHlsPlayerComponent this.props play", source: https://test.highloka.com/_next/static/chunks/pages/concerts/%5Bslug%5D/arena-1595f5991389ce40.js (1)
[21510:21510:0526/170959.074476:INFO:CONSOLE:79] "%c action %cSET_JW_VIDEO_PLAYER_CURRENT_VIDEO_TIME %c@ 17:09:59.074 color: gray; font-weight: lighter; color: inherit; color: gray; font-weight: lighter;", source: https://test.highloka.com/_next/static/chunks/pages/_app-4e0a347dc425d5bf.js (79)
[21510:21510:0526/170959.074519:INFO:CONSOLE:79] "%c prev state color: #9E9E9E; font-weight: bold [object Object]", source: https://test.highloka.com/_next/static/chunks/pages/_app-4e0a347dc425d5bf.js (79)
[21510:21510:0526/170959.074532:INFO:CONSOLE:79] "%c action     color: #03A9F4; font-weight: bold [object Object]", source: https://test.highloka.com/_next/static/chunks/pages/_app-4e0a347dc425d5bf.js (79)
[21510:21510:0526/170959.074566:INFO:CONSOLE:79] "%c next state color: #4CAF50; font-weight: bold [object Object]", source: https://test.highloka.com/_next/static/chunks/pages/_app-4e0a347dc425d5bf.js (79)
[21510:21510:0526/170959.074636:INFO:CONSOLE:79] "console.groupEnd", source: https://test.highloka.com/_next/static/chunks/pages/_app-4e0a347dc425d5bf.js (79)
[21510:21510:0526/170959.076263:INFO:CONSOLE:1] "ReactHlsPlayerComponent this.props play", source: https://test.highloka.com/_next/static/chunks/pages/concerts/%5Bslug%5D/arena-1595f5991389ce40.js (1)
[21510:21510:0526/170959.342010:INFO:CONSOLE:79] "%c action %cSET_JW_VIDEO_PLAYER_CURRENT_VIDEO_TIME %c@ 17:09:59.340 color: gray; font-weight: lighter; color: inherit; color: gray; font-weight: lighter;", source: https://test.highloka.com/_next/static/chunks/pages/_app-4e0a347dc425d5bf.js (79)
[21510:21510:0526/170959.342279:INFO:CONSOLE:79] "%c prev state color: #9E9E9E; font-weight: bold [object Object]", source: https://test.highloka.com/_next/static/chunks/pages/_app-4e0a347dc425d5bf.js (79)
[21510:21510:0526/170959.342739:INFO:CONSOLE:79] "%c action     color: #03A9F4; font-weight: bold [object Object]", source: https://test.highloka.com/_next/static/chunks/pages/_app-4e0a347dc425d5bf.js (79)
[21510:21510:0526/170959.342972:INFO:CONSOLE:79] "%c next state color: #4CAF50; font-weight: bold [object Object]", source: https://test.highloka.com/_next/static/chunks/pages/_app-4e0a347dc425d5bf.js (79)
[21510:21510:0526/170959.343308:INFO:CONSOLE:79] "console.groupEnd", source: https://test.highloka.com/_next/static/chunks/pages/_app-4e0a347dc425d5bf.js (79)
[21510:21510:0526/170959.348933:INFO:CONSOLE:1] "ReactHlsPlayerComponent this.props play", source: https://test.highloka.com/_next/static/chunks/pages/concerts/%5Bslug%5D/arena-1595f5991389ce40.js (1)
[21510:21510:0526/170959.605873:INFO:CONSOLE:79] "%c action %cSET_JW_VIDEO_PLAYER_CURRENT_VIDEO_TIME %c@ 17:09:59.605 color: gray; font-weight: lighter; color: inherit; color: gray; font-weight: lighter;", source: https://test.highloka.com/_next/static/chunks/pages/_app-4e0a347dc425d5bf.js (79)
[21510:21510:0526/170959.605988:INFO:CONSOLE:79] "%c prev state color: #9E9E9E; font-weight: bold [object Object]", source: https://test.highloka.com/_next/static/chunks/pages/_app-4e0a347dc425d5bf.js (79)
[21510:21510:0526/170959.606049:INFO:CONSOLE:79] "%c action     color: #03A9F4; font-weight: bold [object Object]", source: https://test.highloka.com/_next/static/chunks/pages/_app-4e0a347dc425d5bf.js (79)
[21510:21510:0526/170959.606151:INFO:CONSOLE:79] "%c next state color: #4CAF50; font-weight: bold [object Object]", source: https://test.highloka.com/_next/static/chunks/pages/_app-4e0a347dc425d5bf.js (79)
[21510:21510:0526/170959.606245:INFO:CONSOLE:79] "console.groupEnd", source: https://test.highloka.com/_next/static/chunks/pages/_app-4e0a347dc425d5bf.js (79)
[21510:21510:0526/170959.608212:INFO:CONSOLE:1] "ReactHlsPlayerComponent this.props play", source: https://test.highloka.com/_next/static/chunks/pages/concerts/%5Bslug%5D/arena-1595f5991389ce40.js (1)
[21510:21510:0526/170959.872697:INFO:CONSOLE:79] "%c action %cSET_JW_VIDEO_PLAYER_CURRENT_VIDEO_TIME %c@ 17:09:59.872 color: gray; font-weight: lighter; color: inherit; color: gray; font-weight: lighter;", source: https://test.highloka.com/_next/static/chunks/pages/_app-4e0a347dc425d5bf.js (79)
[21510:21510:0526/170959.872776:INFO:CONSOLE:79] "%c prev state color: #9E9E9E; font-weight: bold [object Object]", source: https://test.highloka.com/_next/static/chunks/pages/_app-4e0a347dc425d5bf.js (79)
[21510:21510:0526/170959.872886:INFO:CONSOLE:79] "%c action     color: #03A9F4; font-weight: bold [object Object]", source: https://test.highloka.com/_next/static/chunks/pages/_app-4e0a347dc425d5bf.js (79)
[21510:21510:0526/170959.872985:INFO:CONSOLE:79] "%c next state color: #4CAF50; font-weight: bold [object Object]", source: https://test.highloka.com/_next/static/chunks/pages/_app-4e0a347dc425d5bf.js (79)
[21510:21510:0526/170959.873096:INFO:CONSOLE:79] "console.groupEnd", source: https://test.highloka.com/_next/static/chunks/pages/_app-4e0a347dc425d5bf.js (79)
[21510:21510:0526/170959.874828:INFO:CONSOLE:1] "ReactHlsPlayerComponent this.props play", source: https://test.highloka.com/_next/static/chunks/pages/concerts/%5Bslug%5D/arena-1595f5991389ce40.js (1)
[21510:21510:0526/170959.992595:INFO:CONSOLE:79] "%c action %cSHOW_AUTO_HIDDEN_ES_VIDEO_PLAYER_CONTROLS %c@ 17:09:59.991 color: gray; font-weight: lighter; color: inherit; color: gray; font-weight: lighter;", source: https://test.highloka.com/_next/static/chunks/pages/_app-4e0a347dc425d5bf.js (79)
[21510:21510:0526/170959.992784:INFO:CONSOLE:79] "%c prev state color: #9E9E9E; font-weight: bold [object Object]", source: https://test.highloka.com/_next/static/chunks/pages/_app-4e0a347dc425d5bf.js (79)
[21510:21510:0526/170959.992998:INFO:CONSOLE:79] "%c action     color: #03A9F4; font-weight: bold [object Object]", source: https://test.highloka.com/_next/static/chunks/pages/_app-4e0a347dc425d5bf.js (79)
[21510:21510:0526/170959.993140:INFO:CONSOLE:79] "%c next state color: #4CAF50; font-weight: bold [object Object]", source: https://test.highloka.com/_next/static/chunks/pages/_app-4e0a347dc425d5bf.js (79)
[21510:21510:0526/170959.993348:INFO:CONSOLE:79] "console.groupEnd", source: https://test.highloka.com/_next/static/chunks/pages/_app-4e0a347dc425d5bf.js (79)
[21510:21510:0526/170959.993726:INFO:CONSOLE:67] "Showing Controls. ", source: https://test.highloka.com/_next/static/chunks/pages/_app-4e0a347dc425d5bf.js (67)
[21510:21510:0526/170959.994043:INFO:CONSOLE:67] "Showing Controls. ", source: https://test.highloka.com/_next/static/chunks/pages/_app-4e0a347dc425d5bf.js (67)
[21510:21510:0526/170959.995060:INFO:CONSOLE:1] "ReactHlsPlayerComponent this.props play", source: https://test.highloka.com/_next/static/chunks/pages/concerts/%5Bslug%5D/arena-1595f5991389ce40.js (1)
[21510:21510:0526/171000.003876:INFO:CONSOLE:79] "%c action %cSHOW_AUTO_HIDDEN_ES_VIDEO_PLAYER_CONTROLS %c@ 17:10:00.000 color: gray; font-weight: lighter; color: inherit; color: gray; font-weight: lighter;", source: https://test.highloka.com/_next/static/chunks/pages/_app-4e0a347dc425d5bf.js (79)
[21510:21510:0526/171000.004071:INFO:CONSOLE:79] "%c prev state color: #9E9E9E; font-weight: bold [object Object]", source: https://test.highloka.com/_next/static/chunks/pages/_app-4e0a347dc425d5bf.js (79)
[21510:21510:0526/171000.004147:INFO:CONSOLE:79] "%c action     color: #03A9F4; font-weight: bold [object Object]", source: https://test.highloka.com/_next/static/chunks/pages/_app-4e0a347dc425d5bf.js (79)
[21510:21510:0526/171000.004234:INFO:CONSOLE:79] "%c next state color: #4CAF50; font-weight: bold [object Object]", source: https://test.highloka.com/_next/static/chunks/pages/_app-4e0a347dc425d5bf.js (79)
[21510:21510:0526/171000.004282:INFO:CONSOLE:79] "console.groupEnd", source: https://test.highloka.com/_next/static/chunks/pages/_app-4e0a347dc425d5bf.js (79)
[21510:21510:0526/171000.004348:INFO:CONSOLE:67] "Showing Controls. ", source: https://test.highloka.com/_next/static/chunks/pages/_app-4e0a347dc425d5bf.js (67)
[21510:21510:0526/171000.004643:INFO:CONSOLE:67] "Showing Controls. ", source: https://test.highloka.com/_next/static/chunks/pages/_app-4e0a347dc425d5bf.js (67)
[21510:21510:0526/171000.005539:INFO:CONSOLE:1] "ReactHlsPlayerComponent this.props play", source: https://test.highloka.com/_next/static/chunks/pages/concerts/%5Bslug%5D/arena-1595f5991389ce40.js (1)
[21510:21510:0526/171000.139616:INFO:CONSOLE:79] "%c action %cSET_JW_VIDEO_PLAYER_CURRENT_VIDEO_TIME %c@ 17:10:00.138 color: gray; font-weight: lighter; color: inherit; color: gray; font-weight: lighter;", source: https://test.highloka.com/_next/static/chunks/pages/_app-4e0a347dc425d5bf.js (79)
[21510:21510:0526/171000.139972:INFO:CONSOLE:79] "%c prev state color: #9E9E9E; font-weight: bold [object Object]", source: https://test.highloka.com/_next/static/chunks/pages/_app-4e0a347dc425d5bf.js (79)
[21510:21510:0526/171000.140834:INFO:CONSOLE:79] "%c action     color: #03A9F4; font-weight: bold [object Object]", source: https://test.highloka.com/_next/static/chunks/pages/_app-4e0a347dc425d5bf.js (79)
[21510:21510:0526/171000.141398:INFO:CONSOLE:79] "%c next state color: #4CAF50; font-weight: bold [object Object]", source: https://test.highloka.com/_next/static/chunks/pages/_app-4e0a347dc425d5bf.js (79)
[21510:21510:0526/171000.141965:INFO:CONSOLE:79] "console.groupEnd", source: https://test.highloka.com/_next/static/chunks/pages/_app-4e0a347dc425d5bf.js (79)
[21510:21510:0526/171000.147631:INFO:CONSOLE:1] "ReactHlsPlayerComponent this.props play", source: https://test.highloka.com/_next/static/chunks/pages/concerts/%5Bslug%5D/arena-1595f5991389ce40.js (1)
[21510:21510:0526/171000.405922:INFO:CONSOLE:79] "%c action %cSET_JW_VIDEO_PLAYER_CURRENT_VIDEO_TIME %c@ 17:10:00.405 color: gray; font-weight: lighter; color: inherit; color: gray; font-weight: lighter;", source: https://test.highloka.com/_next/static/chunks/pages/_app-4e0a347dc425d5bf.js (79)
[21510:21510:0526/171000.406039:INFO:CONSOLE:79] "%c prev state color: #9E9E9E; font-weight: bold [object Object]", source: https://test.highloka.com/_next/static/chunks/pages/_app-4e0a347dc425d5bf.js (79)
[21510:21510:0526/171000.406246:INFO:CONSOLE:79] "%c action     color: #03A9F4; font-weight: bold [object Object]", source: https://test.highloka.com/_next/static/chunks/pages/_app-4e0a347dc425d5bf.js (79)
[21510:21510:0526/171000.406428:INFO:CONSOLE:79] "%c next state color: #4CAF50; font-weight: bold [object Object]", source: https://test.highloka.com/_next/static/chunks/pages/_app-4e0a347dc425d5bf.js (79)
[21510:21510:0526/171000.406684:INFO:CONSOLE:79] "console.groupEnd", source: https://test.highloka.com/_next/static/chunks/pages/_app-4e0a347dc425d5bf.js (79)
[21510:21510:0526/171000.409089:INFO:CONSOLE:1] "ReactHlsPlayerComponent this.props play", source: https://test.highloka.com/_next/static/chunks/pages/concerts/%5Bslug%5D/arena-1595f5991389ce40.js (1)
[21510:21510:0526/171000.670404:INFO:CONSOLE:79] "%c action %cSET_JW_VIDEO_PLAYER_CURRENT_VIDEO_TIME %c@ 17:10:00.669 color: gray; font-weight: lighter; color: inherit; color: gray; font-weight: lighter;", source: https://test.highloka.com/_next/static/chunks/pages/_app-4e0a347dc425d5bf.js (79)
[21510:21510:0526/171000.670478:INFO:CONSOLE:79] "%c prev state color: #9E9E9E; font-weight: bold [object Object]", source: https://test.highloka.com/_next/static/chunks/pages/_app-4e0a347dc425d5bf.js (79)
[21510:21510:0526/171000.670602:INFO:CONSOLE:79] "%c action     color: #03A9F4; font-weight: bold [object Object]", source: https://test.highloka.com/_next/static/chunks/pages/_app-4e0a347dc425d5bf.js (79)
[21510:21510:0526/171000.670660:INFO:CONSOLE:79] "%c next state color: #4CAF50; font-weight: bold [object Object]", source: https://test.highloka.com/_next/static/chunks/pages/_app-4e0a347dc425d5bf.js (79)
[21510:21510:0526/171000.670729:INFO:CONSOLE:79] "console.groupEnd", source: https://test.highloka.com/_next/static/chunks/pages/_app-4e0a347dc425d5bf.js (79)
[21510:21510:0526/171000.672335:INFO:CONSOLE:1] "ReactHlsPlayerComponent this.props play", source: https://test.highloka.com/_next/static/chunks/pages/concerts/%5Bslug%5D/arena-1595f5991389ce40.js (1)
[21510:21510:0526/171000.938328:INFO:CONSOLE:79] "%c action %cSET_JW_VIDEO_PLAYER_CURRENT_VIDEO_TIME %c@ 17:10:00.935 color: gray; font-weight: lighter; color: inherit; color: gray; font-weight: lighter;", source: https://test.highloka.com/_next/static/chunks/pages/_app-4e0a347dc425d5bf.js (79)
[21510:21510:0526/171000.938575:INFO:CONSOLE:79] "%c prev state color: #9E9E9E; font-weight: bold [object Object]", source: https://test.highloka.com/_next/static/chunks/pages/_app-4e0a347dc425d5bf.js (79)
[21510:21510:0526/171000.938652:INFO:CONSOLE:79] "%c action     color: #03A9F4; font-weight: bold [object Object]", source: https://test.highloka.com/_next/static/chunks/pages/_app-4e0a347dc425d5bf.js (79)
[21510:21510:0526/171000.938710:INFO:CONSOLE:79] "%c next state color: #4CAF50; font-weight: bold [object Object]", source: https://test.highloka.com/_next/static/chunks/pages/_app-4e0a347dc425d5bf.js (79)
[21510:21510:0526/171000.938777:INFO:CONSOLE:79] "console.groupEnd", source: https://test.highloka.com/_next/static/chunks/pages/_app-4e0a347dc425d5bf.js (79)
[21510:21510:0526/171000.943887:INFO:CONSOLE:1] "ReactHlsPlayerComponent this.props play", source: https://test.highloka.com/_next/static/chunks/pages/concerts/%5Bslug%5D/arena-1595f5991389ce40.js (1)
[21510:21510:0526/171001.200154:INFO:CONSOLE:79] "%c action %cSET_JW_VIDEO_PLAYER_CURRENT_VIDEO_TIME %c@ 17:10:01.199 color: gray; font-weight: lighter; color: inherit; color: gray; font-weight: lighter;", source: https://test.highloka.com/_next/static/chunks/pages/_app-4e0a347dc425d5bf.js (79)
[21510:21510:0526/171001.200232:INFO:CONSOLE:79] "%c prev state color: #9E9E9E; font-weight: bold [object Object]", source: https://test.highloka.com/_next/static/chunks/pages/_app-4e0a347dc425d5bf.js (79)
[21510:21510:0526/171001.200277:INFO:CONSOLE:79] "%c action     color: #03A9F4; font-weight: bold [object Object]", source: https://test.highloka.com/_next/static/chunks/pages/_app-4e0a347dc425d5bf.js (79)
[21510:21510:0526/171001.200344:INFO:CONSOLE:79] "%c next state color: #4CAF50; font-weight: bold [object Object]", source: https://test.highloka.com/_next/static/chunks/pages/_app-4e0a347dc425d5bf.js (79)
[21510:21510:0526/171001.200466:INFO:CONSOLE:79] "console.groupEnd", source: https://test.highloka.com/_next/static/chunks/pages/_app-4e0a347dc425d5bf.js (79)
[21510:21510:0526/171001.202345:INFO:CONSOLE:1] "ReactHlsPlayerComponent this.props play", source: https://test.highloka.com/_next/static/chunks/pages/concerts/%5Bslug%5D/arena-1595f5991389ce40.js (1)
[21510:21510:0526/171001.465408:INFO:CONSOLE:79] "%c action %cSET_JW_VIDEO_PLAYER_CURRENT_VIDEO_TIME %c@ 17:10:01.465 color: gray; font-weight: lighter; color: inherit; color: gray; font-weight: lighter;", source: https://test.highloka.com/_next/static/chunks/pages/_app-4e0a347dc425d5bf.js (79)
[21510:21510:0526/171001.465479:INFO:CONSOLE:79] "%c prev state color: #9E9E9E; font-weight: bold [object Object]", source: https://test.highloka.com/_next/static/chunks/pages/_app-4e0a347dc425d5bf.js (79)
[21510:21510:0526/171001.465555:INFO:CONSOLE:79] "%c action     color: #03A9F4; font-weight: bold [object Object]", source: https://test.highloka.com/_next/static/chunks/pages/_app-4e0a347dc425d5bf.js (79)
[21510:21510:0526/171001.465638:INFO:CONSOLE:79] "%c next state color: #4CAF50; font-weight: bold [object Object]", source: https://test.highloka.com/_next/static/chunks/pages/_app-4e0a347dc425d5bf.js (79)
[21510:21510:0526/171001.465709:INFO:CONSOLE:79] "console.groupEnd", source: https://test.highloka.com/_next/static/chunks/pages/_app-4e0a347dc425d5bf.js (79)
[21510:21510:0526/171001.467316:INFO:CONSOLE:1] "ReactHlsPlayerComponent this.props play", source: https://test.highloka.com/_next/static/chunks/pages/concerts/%5Bslug%5D/arena-1595f5991389ce40.js (1)
[21510:21510:0526/171001.730745:INFO:CONSOLE:79] "%c action %cSET_JW_VIDEO_PLAYER_CURRENT_VIDEO_TIME %c@ 17:10:01.730 color: gray; font-weight: lighter; color: inherit; color: gray; font-weight: lighter;", source: https://test.highloka.com/_next/static/chunks/pages/_app-4e0a347dc425d5bf.js (79)
[21510:21510:0526/171001.730804:INFO:CONSOLE:79] "%c prev state color: #9E9E9E; font-weight: bold [object Object]", source: https://test.highloka.com/_next/static/chunks/pages/_app-4e0a347dc425d5bf.js (79)
[21510:21510:0526/171001.730906:INFO:CONSOLE:79] "%c action     color: #03A9F4; font-weight: bold [object Object]", source: https://test.highloka.com/_next/static/chunks/pages/_app-4e0a347dc425d5bf.js (79)
[21510:21510:0526/171001.730982:INFO:CONSOLE:79] "%c next state color: #4CAF50; font-weight: bold [object Object]", source: https://test.highloka.com/_next/static/chunks/pages/_app-4e0a347dc425d5bf.js (79)
[21510:21510:0526/171001.731056:INFO:CONSOLE:79] "console.groupEnd", source: https://test.highloka.com/_next/static/chunks/pages/_app-4e0a347dc425d5bf.js (79)
[21510:21510:0526/171001.732827:INFO:CONSOLE:1] "ReactHlsPlayerComponent this.props play", source: https://test.highloka.com/_next/static/chunks/pages/concerts/%5Bslug%5D/arena-1595f5991389ce40.js (1)
[21510:21510:0526/171001.868871:INFO:CONSOLE:1] "receivedAudienceUserStrip null", source: https://test.highloka.com/_next/static/chunks/pages/concerts/%5Bslug%5D/arena-1595f5991389ce40.js (1)
[21510:21510:0526/171001.869755:INFO:CONSOLE:1] "receivedAudienceUserStrip null", source: https://test.highloka.com/_next/static/chunks/pages/concerts/%5Bslug%5D/arena-1595f5991389ce40.js (1)
[21510:21510:0526/171001.997583:INFO:CONSOLE:79] "%c action %cSET_JW_VIDEO_PLAYER_CURRENT_VIDEO_TIME %c@ 17:10:01.996 color: gray; font-weight: lighter; color: inherit; color: gray; font-weight: lighter;", source: https://test.highloka.com/_next/static/chunks/pages/_app-4e0a347dc425d5bf.js (79)
[21510:21510:0526/171001.997742:INFO:CONSOLE:79] "%c prev state color: #9E9E9E; font-weight: bold [object Object]", source: https://test.highloka.com/_next/static/chunks/pages/_app-4e0a347dc425d5bf.js (79)
[21510:21510:0526/171001.998002:INFO:CONSOLE:79] "%c action     color: #03A9F4; font-weight: bold [object Object]", source: https://test.highloka.com/_next/static/chunks/pages/_app-4e0a347dc425d5bf.js (79)
[21510:21510:0526/171001.998455:INFO:CONSOLE:79] "%c next state color: #4CAF50; font-weight: bold [object Object]", source: https://test.highloka.com/_next/static/chunks/pages/_app-4e0a347dc425d5bf.js (79)
[21510:21510:0526/171001.998651:INFO:CONSOLE:79] "console.groupEnd", source: https://test.highloka.com/_next/static/chunks/pages/_app-4e0a347dc425d5bf.js (79)
[21510:21510:0526/171002.003661:INFO:CONSOLE:1] "ReactHlsPlayerComponent this.props play", source: https://test.highloka.com/_next/static/chunks/pages/concerts/%5Bslug%5D/arena-1595f5991389ce40.js (1)
[21510:21510:0526/171002.005882:INFO:CONSOLE:67] "Hiding Controls.", source: https://test.highloka.com/_next/static/chunks/pages/_app-4e0a347dc425d5bf.js (67)
[21510:21510:0526/171002.006056:INFO:CONSOLE:79] "%c action %cHIDE_AUTO_HIDDEN_ES_VIDEO_PLAYER_CONTROLS %c@ 17:10:02.005 color: gray; font-weight: lighter; color: inherit; color: gray; font-weight: lighter;", source: https://test.highloka.com/_next/static/chunks/pages/_app-4e0a347dc425d5bf.js (79)
[21510:21510:0526/171002.006100:INFO:CONSOLE:79] "%c prev state color: #9E9E9E; font-weight: bold [object Object]", source: https://test.highloka.com/_next/static/chunks/pages/_app-4e0a347dc425d5bf.js (79)
[21510:21510:0526/171002.006226:INFO:CONSOLE:79] "%c action     color: #03A9F4; font-weight: bold [object Object]", source: https://test.highloka.com/_next/static/chunks/pages/_app-4e0a347dc425d5bf.js (79)
[21510:21510:0526/171002.006283:INFO:CONSOLE:79] "%c next state color: #4CAF50; font-weight: bold [object Object]", source: https://test.highloka.com/_next/static/chunks/pages/_app-4e0a347dc425d5bf.js (79)
[21510:21510:0526/171002.006358:INFO:CONSOLE:79] "console.groupEnd", source: https://test.highloka.com/_next/static/chunks/pages/_app-4e0a347dc425d5bf.js (79)
[21510:21510:0526/171002.006616:INFO:CONSOLE:1] "ReactHlsPlayerComponent this.props play", source: https://test.highloka.com/_next/static/chunks/pages/concerts/%5Bslug%5D/arena-1595f5991389ce40.js (1)
[21510:21510:0526/171002.006676:INFO:CONSOLE:67] "Hiding Controls.", source: https://test.highloka.com/_next/static/chunks/pages/_app-4e0a347dc425d5bf.js (67)
[21510:21510:0526/171002.006818:INFO:CONSOLE:79] "%c action %cHIDE_AUTO_HIDDEN_ES_VIDEO_PLAYER_CONTROLS %c@ 17:10:02.006 color: gray; font-weight: lighter; color: inherit; color: gray; font-weight: lighter;", source: https://test.highloka.com/_next/static/chunks/pages/_app-4e0a347dc425d5bf.js (79)
[21510:21510:0526/171002.006870:INFO:CONSOLE:79] "%c prev state color: #9E9E9E; font-weight: bold [object Object]", source: https://test.highloka.com/_next/static/chunks/pages/_app-4e0a347dc425d5bf.js (79)
[21510:21510:0526/171002.006934:INFO:CONSOLE:79] "%c action     color: #03A9F4; font-weight: bold [object Object]", source: https://test.highloka.com/_next/static/chunks/pages/_app-4e0a347dc425d5bf.js (79)
[21510:21510:0526/171002.006978:INFO:CONSOLE:79] "%c next state color: #4CAF50; font-weight: bold [object Object]", source: https://test.highloka.com/_next/static/chunks/pages/_app-4e0a347dc425d5bf.js (79)
[21510:21510:0526/171002.007022:INFO:CONSOLE:79] "console.groupEnd", source: https://test.highloka.com/_next/static/chunks/pages/_app-4e0a347dc425d5bf.js (79)
[21510:21510:0526/171002.007165:INFO:CONSOLE:1] "ReactHlsPlayerComponent this.props play", source: https://test.highloka.com/_next/static/chunks/pages/concerts/%5Bslug%5D/arena-1595f5991389ce40.js (1)
[21510:21510:0526/171002.261911:INFO:CONSOLE:79] "%c action %cSET_JW_VIDEO_PLAYER_CURRENT_VIDEO_TIME %c@ 17:10:02.261 color: gray; font-weight: lighter; color: inherit; color: gray; font-weight: lighter;", source: https://test.highloka.com/_next/static/chunks/pages/_app-4e0a347dc425d5bf.js (79)
[21510:21510:0526/171002.313261:INFO:CONSOLE:79] "%c prev state color: #9E9E9E; font-weight: bold [object Object]", source: https://test.highloka.com/_next/static/chunks/pages/_app-4e0a347dc425d5bf.js (79)
[21510:21510:0526/171002.313408:INFO:CONSOLE:79] "%c action     color: #03A9F4; font-weight: bold [object Object]", source: https://test.highloka.com/_next/static/chunks/pages/_app-4e0a347dc425d5bf.js (79)
[21510:21510:0526/171002.313497:INFO:CONSOLE:79] "%c next state color: #4CAF50; font-weight: bold [object Object]", source: https://test.highloka.com/_next/static/chunks/pages/_app-4e0a347dc425d5bf.js (79)
[21510:21510:0526/171002.313579:INFO:CONSOLE:79] "console.groupEnd", source: https://test.highloka.com/_next/static/chunks/pages/_app-4e0a347dc425d5bf.js (79)
[21510:21510:0526/171002.313661:INFO:CONSOLE:1] "ReactHlsPlayerComponent this.props play", source: https://test.highloka.com/_next/static/chunks/pages/concerts/%5Bslug%5D/arena-1595f5991389ce40.js (1)
[21510:21510:0526/171002.527749:INFO:CONSOLE:79] "%c action %cSET_JW_VIDEO_PLAYER_CURRENT_VIDEO_TIME %c@ 17:10:02.527 color: gray; font-weight: lighter; color: inherit; color: gray; font-weight: lighter;", source: https://test.highloka.com/_next/static/chunks/pages/_app-4e0a347dc425d5bf.js (79)
[21510:21510:0526/171002.527807:INFO:CONSOLE:79] "%c prev state color: #9E9E9E; font-weight: bold [object Object]", source: https://test.highloka.com/_next/static/chunks/pages/_app-4e0a347dc425d5bf.js (79)
[21510:21510:0526/171002.527877:INFO:CONSOLE:79] "%c action     color: #03A9F4; font-weight: bold [object Object]", source: https://test.highloka.com/_next/static/chunks/pages/_app-4e0a347dc425d5bf.js (79)
[21510:21510:0526/171002.527953:INFO:CONSOLE:79] "%c next state color: #4CAF50; font-weight: bold [object Object]", source: https://test.highloka.com/_next/static/chunks/pages/_app-4e0a347dc425d5bf.js (79)
[21510:21510:0526/171002.528016:INFO:CONSOLE:79] "console.groupEnd", source: https://test.highloka.com/_next/static/chunks/pages/_app-4e0a347dc425d5bf.js (79)
[21510:21510:0526/171002.529200:INFO:CONSOLE:1] "ReactHlsPlayerComponent this.props play", source: https://test.highloka.com/_next/static/chunks/pages/concerts/%5Bslug%5D/arena-1595f5991389ce40.js (1)
[21510:21510:0526/171002.793931:INFO:CONSOLE:79] "%c action %cSET_JW_VIDEO_PLAYER_CURRENT_VIDEO_TIME %c@ 17:10:02.793 color: gray; font-weight: lighter; color: inherit; color: gray; font-weight: lighter;", source: https://test.highloka.com/_next/static/chunks/pages/_app-4e0a347dc425d5bf.js (79)
[21510:21510:0526/171002.794212:INFO:CONSOLE:79] "%c prev state color: #9E9E9E; font-weight: bold [object Object]", source: https://test.highloka.com/_next/static/chunks/pages/_app-4e0a347dc425d5bf.js (79)
[21510:21510:0526/171002.794526:INFO:CONSOLE:79] "%c action     color: #03A9F4; font-weight: bold [object Object]", source: https://test.highloka.com/_next/static/chunks/pages/_app-4e0a347dc425d5bf.js (79)
[21510:21510:0526/171002.794776:INFO:CONSOLE:79] "%c next state color: #4CAF50; font-weight: bold [object Object]", source: https://test.highloka.com/_next/static/chunks/pages/_app-4e0a347dc425d5bf.js (79)
[21510:21510:0526/171002.795074:INFO:CONSOLE:79] "console.groupEnd", source: https://test.highloka.com/_next/static/chunks/pages/_app-4e0a347dc425d5bf.js (79)
[21510:21510:0526/171002.806262:INFO:CONSOLE:1] "ReactHlsPlayerComponent this.props play", source: https://test.highloka.com/_next/static/chunks/pages/concerts/%5Bslug%5D/arena-1595f5991389ce40.js (1)
[21510:21510:0526/171003.058972:INFO:CONSOLE:79] "%c action %cSET_JW_VIDEO_PLAYER_CURRENT_VIDEO_TIME %c@ 17:10:03.058 color: gray; font-weight: lighter; color: inherit; color: gray; font-weight: lighter;", source: https://test.highloka.com/_next/static/chunks/pages/_app-4e0a347dc425d5bf.js (79)
[21510:21510:0526/171003.059062:INFO:CONSOLE:79] "%c prev state color: #9E9E9E; font-weight: bold [object Object]", source: https://test.highloka.com/_next/static/chunks/pages/_app-4e0a347dc425d5bf.js (79)
[21510:21510:0526/171003.059215:INFO:CONSOLE:79] "%c action     color: #03A9F4; font-weight: bold [object Object]", source: https://test.highloka.com/_next/static/chunks/pages/_app-4e0a347dc425d5bf.js (79)
[21510:21510:0526/171003.059337:INFO:CONSOLE:79] "%c next state color: #4CAF50; font-weight: bold [object Object]", source: https://test.highloka.com/_next/static/chunks/pages/_app-4e0a347dc425d5bf.js (79)
[21510:21510:0526/171003.059447:INFO:CONSOLE:79] "console.groupEnd", source: https://test.highloka.com/_next/static/chunks/pages/_app-4e0a347dc425d5bf.js (79)
[21510:21510:0526/171003.060785:INFO:CONSOLE:1] "ReactHlsPlayerComponent this.props play", source: https://test.highloka.com/_next/static/chunks/pages/concerts/%5Bslug%5D/arena-1595f5991389ce40.js (1)
[21510:21510:0526/171003.324814:INFO:CONSOLE:79] "%c action %cSET_JW_VIDEO_PLAYER_CURRENT_VIDEO_TIME %c@ 17:10:03.324 color: gray; font-weight: lighter; color: inherit; color: gray; font-weight: lighter;", source: https://test.highloka.com/_next/static/chunks/pages/_app-4e0a347dc425d5bf.js (79)
[21510:21510:0526/171003.324963:INFO:CONSOLE:79] "%c prev state color: #9E9E9E; font-weight: bold [object Object]", source: https://test.highloka.com/_next/static/chunks/pages/_app-4e0a347dc425d5bf.js (79)
[21510:21510:0526/171003.325156:INFO:CONSOLE:79] "%c action     color: #03A9F4; font-weight: bold [object Object]", source: https://test.highloka.com/_next/static/chunks/pages/_app-4e0a347dc425d5bf.js (79)
[21510:21510:0526/171003.325351:INFO:CONSOLE:79] "%c next state color: #4CAF50; font-weight: bold [object Object]", source: https://test.highloka.com/_next/static/chunks/pages/_app-4e0a347dc425d5bf.js (79)
[21510:21510:0526/171003.325517:INFO:CONSOLE:79] "console.groupEnd", source: https://test.highloka.com/_next/static/chunks/pages/_app-4e0a347dc425d5bf.js (79)
[21510:21510:0526/171003.328301:INFO:CONSOLE:1] "ReactHlsPlayerComponent this.props play", source: https://test.highloka.com/_next/static/chunks/pages/concerts/%5Bslug%5D/arena-1595f5991389ce40.js (1)
[21510:21510:0526/171003.590263:INFO:CONSOLE:79] "%c action %cSET_JW_VIDEO_PLAYER_CURRENT_VIDEO_TIME %c@ 17:10:03.589 color: gray; font-weight: lighter; color: inherit; color: gray; font-weight: lighter;", source: https://test.highloka.com/_next/static/chunks/pages/_app-4e0a347dc425d5bf.js (79)
[21510:21510:0526/171003.590343:INFO:CONSOLE:79] "%c prev state color: #9E9E9E; font-weight: bold [object Object]", source: https://test.highloka.com/_next/static/chunks/pages/_app-4e0a347dc425d5bf.js (79)
[21510:21510:0526/171003.590564:INFO:CONSOLE:79] "%c action     color: #03A9F4; font-weight: bold [object Object]", source: https://test.highloka.com/_next/static/chunks/pages/_app-4e0a347dc425d5bf.js (79)
[21510:21510:0526/171003.590639:INFO:CONSOLE:79] "%c next state color: #4CAF50; font-weight: bold [object Object]", source: https://test.highloka.com/_next/static/chunks/pages/_app-4e0a347dc425d5bf.js (79)
[21510:21510:0526/171003.590782:INFO:CONSOLE:79] "console.groupEnd", source: https://test.highloka.com/_next/static/chunks/pages/_app-4e0a347dc425d5bf.js (79)
[21510:21510:0526/171003.592068:INFO:CONSOLE:1] "ReactHlsPlayerComponent this.props play", source: https://test.highloka.com/_next/static/chunks/pages/concerts/%5Bslug%5D/arena-1595f5991389ce40.js (1)
[21510:21510:0526/171003.856071:INFO:CONSOLE:79] "%c action %cSET_JW_VIDEO_PLAYER_CURRENT_VIDEO_TIME %c@ 17:10:03.855 color: gray; font-weight: lighter; color: inherit; color: gray; font-weight: lighter;", source: https://test.highloka.com/_next/static/chunks/pages/_app-4e0a347dc425d5bf.js (79)
[21510:21510:0526/171003.856174:INFO:CONSOLE:79] "%c prev state color: #9E9E9E; font-weight: bold [object Object]", source: https://test.highloka.com/_next/static/chunks/pages/_app-4e0a347dc425d5bf.js (79)
[21510:21510:0526/171003.856307:INFO:CONSOLE:79] "%c action     color: #03A9F4; font-weight: bold [object Object]", source: https://test.highloka.com/_next/static/chunks/pages/_app-4e0a347dc425d5bf.js (79)
[21510:21510:0526/171003.856794:INFO:CONSOLE:79] "%c next state color: #4CAF50; font-weight: bold [object Object]", source: https://test.highloka.com/_next/static/chunks/pages/_app-4e0a347dc425d5bf.js (79)
[21510:21510:0526/171003.857814:INFO:CONSOLE:79] "console.groupEnd", source: https://test.highloka.com/_next/static/chunks/pages/_app-4e0a347dc425d5bf.js (79)
[21510:21510:0526/171003.860106:INFO:CONSOLE:1] "ReactHlsPlayerComponent this.props play", source: https://test.highloka.com/_next/static/chunks/pages/concerts/%5Bslug%5D/arena-1595f5991389ce40.js (1)
[21510:21510:0526/171004.123030:INFO:CONSOLE:79] "%c action %cSET_JW_VIDEO_PLAYER_CURRENT_VIDEO_TIME %c@ 17:10:04.122 color: gray; font-weight: lighter; color: inherit; color: gray; font-weight: lighter;", source: https://test.highloka.com/_next/static/chunks/pages/_app-4e0a347dc425d5bf.js (79)
[21510:21510:0526/171004.123614:INFO:CONSOLE:79] "%c prev state color: #9E9E9E; font-weight: bold [object Object]", source: https://test.highloka.com/_next/static/chunks/pages/_app-4e0a347dc425d5bf.js (79)
[21510:21510:0526/171004.125961:INFO:CONSOLE:79] "%c action     color: #03A9F4; font-weight: bold [object Object]", source: https://test.highloka.com/_next/static/chunks/pages/_app-4e0a347dc425d5bf.js (79)
[21510:21510:0526/171004.126293:INFO:CONSOLE:79] "%c next state color: #4CAF50; font-weight: bold [object Object]", source: https://test.highloka.com/_next/static/chunks/pages/_app-4e0a347dc425d5bf.js (79)
[21510:21510:0526/171004.126567:INFO:CONSOLE:79] "console.groupEnd", source: https://test.highloka.com/_next/static/chunks/pages/_app-4e0a347dc425d5bf.js (79)
[21510:21510:0526/171004.128985:INFO:CONSOLE:1] "ReactHlsPlayerComponent this.props play", source: https://test.highloka.com/_next/static/chunks/pages/concerts/%5Bslug%5D/arena-1595f5991389ce40.js (1)
[21510:21510:0526/171004.387563:INFO:CONSOLE:79] "%c action %cSET_JW_VIDEO_PLAYER_CURRENT_VIDEO_TIME %c@ 17:10:04.386 color: gray; font-weight: lighter; color: inherit; color: gray; font-weight: lighter;", source: https://test.highloka.com/_next/static/chunks/pages/_app-4e0a347dc425d5bf.js (79)
[21510:21510:0526/171004.387683:INFO:CONSOLE:79] "%c prev state color: #9E9E9E; font-weight: bold [object Object]", source: https://test.highloka.com/_next/static/chunks/pages/_app-4e0a347dc425d5bf.js (79)
[21510:21510:0526/171004.387893:INFO:CONSOLE:79] "%c action     color: #03A9F4; font-weight: bold [object Object]", source: https://test.highloka.com/_next/static/chunks/pages/_app-4e0a347dc425d5bf.js (79)
[21510:21510:0526/171004.388110:INFO:CONSOLE:79] "%c next state color: #4CAF50; font-weight: bold [object Object]", source: https://test.highloka.com/_next/static/chunks/pages/_app-4e0a347dc425d5bf.js (79)
[21510:21510:0526/171004.388528:INFO:CONSOLE:79] "console.groupEnd", source: https://test.highloka.com/_next/static/chunks/pages/_app-4e0a347dc425d5bf.js (79)
[21510:21510:0526/171004.391456:INFO:CONSOLE:1] "ReactHlsPlayerComponent this.props play", source: https://test.highloka.com/_next/static/chunks/pages/concerts/%5Bslug%5D/arena-1595f5991389ce40.js (1)
[21510:21510:0526/171004.512735:INFO:CONSOLE:67] "RECEIVED NEW MESSAGE.", source: https://test.highloka.com/_next/static/chunks/pages/_app-4e0a347dc425d5bf.js (67)
[21510:21510:0526/171004.512804:INFO:CONSOLE:67] "[object Object]", source: https://test.highloka.com/_next/static/chunks/pages/_app-4e0a347dc425d5bf.js (67)
[21510:21510:0526/171004.512939:INFO:CONSOLE:67] "Message Received = >", source: https://test.highloka.com/_next/static/chunks/pages/_app-4e0a347dc425d5bf.js (67)
[21510:21510:0526/171004.512963:INFO:CONSOLE:67] "[object Object]", source: https://test.highloka.com/_next/static/chunks/pages/_app-4e0a347dc425d5bf.js (67)
[21510:21510:0526/171004.513170:INFO:CONSOLE:79] "%c action %cGET_LAST_CURRENT_CHAT_TEXT_VIEW_SCROLL_POSITION %c@ 17:10:04.512 color: gray; font-weight: lighter; color: inherit; color: gray; font-weight: lighter;", source: https://test.highloka.com/_next/static/chunks/pages/_app-4e0a347dc425d5bf.js (79)
[21510:21510:0526/171004.513300:INFO:CONSOLE:79] "%c prev state color: #9E9E9E; font-weight: bold [object Object]", source: https://test.highloka.com/_next/static/chunks/pages/_app-4e0a347dc425d5bf.js (79)
[21510:21510:0526/171004.513576:INFO:CONSOLE:79] "%c action     color: #03A9F4; font-weight: bold [object Object]", source: https://test.highloka.com/_next/static/chunks/pages/_app-4e0a347dc425d5bf.js (79)
[21510:21510:0526/171004.513736:INFO:CONSOLE:79] "%c next state color: #4CAF50; font-weight: bold [object Object]", source: https://test.highloka.com/_next/static/chunks/pages/_app-4e0a347dc425d5bf.js (79)
[21510:21510:0526/171004.513875:INFO:CONSOLE:79] "console.groupEnd", source: https://test.highloka.com/_next/static/chunks/pages/_app-4e0a347dc425d5bf.js (79)
[21510:21510:0526/171004.514960:INFO:CONSOLE:67] "Posting new message.", source: https://test.highloka.com/_next/static/chunks/pages/_app-4e0a347dc425d5bf.js (67)
[21510:21510:0526/171004.515007:INFO:CONSOLE:67] "[object Object]", source: https://test.highloka.com/_next/static/chunks/pages/_app-4e0a347dc425d5bf.js (67)
[21510:21510:0526/171004.515206:INFO:CONSOLE:79] "%c action %cADD_NEW_SINGLE_MESSAGE_TO_MSGVIEW %c@ 17:10:04.513 color: gray; font-weight: lighter; color: inherit; color: gray; font-weight: lighter;", source: https://test.highloka.com/_next/static/chunks/pages/_app-4e0a347dc425d5bf.js (79)
[21510:21510:0526/171004.515293:INFO:CONSOLE:79] "%c prev state color: #9E9E9E; font-weight: bold [object Object]", source: https://test.highloka.com/_next/static/chunks/pages/_app-4e0a347dc425d5bf.js (79)
[21510:21510:0526/171004.515342:INFO:CONSOLE:79] "%c action     color: #03A9F4; font-weight: bold [object Object]", source: https://test.highloka.com/_next/static/chunks/pages/_app-4e0a347dc425d5bf.js (79)
[21510:21510:0526/171004.515419:INFO:CONSOLE:79] "%c next state color: #4CAF50; font-weight: bold [object Object]", source: https://test.highloka.com/_next/static/chunks/pages/_app-4e0a347dc425d5bf.js (79)
[21510:21510:0526/171004.515486:INFO:CONSOLE:79] "console.groupEnd", source: https://test.highloka.com/_next/static/chunks/pages/_app-4e0a347dc425d5bf.js (79)
[21510:21510:0526/171004.515543:INFO:CONSOLE:67] "sab ho gaya,", source: https://test.highloka.com/_next/static/chunks/pages/_app-4e0a347dc425d5bf.js (67)
[21510:21510:0526/171004.516667:INFO:CONSOLE:1] "In component did update.", source: https://test.highloka.com/_next/static/chunks/pages/concerts/%5Bslug%5D/arena-1595f5991389ce40.js (1)
[21510:21510:0526/171004.516754:INFO:CONSOLE:1] "[object Object]", source: https://test.highloka.com/_next/static/chunks/pages/concerts/%5Bslug%5D/arena-1595f5991389ce40.js (1)
[21510:21510:0526/171004.517271:INFO:CONSOLE:79] "%c action %cSET_LAST_CURRENT_CHAT_TEXT_VIEW_SCROLL_POSITION %c@ 17:10:04.516 color: gray; font-weight: lighter; color: inherit; color: gray; font-weight: lighter;", source: https://test.highloka.com/_next/static/chunks/pages/_app-4e0a347dc425d5bf.js (79)
[21510:21510:0526/171004.517488:INFO:CONSOLE:79] "%c prev state color: #9E9E9E; font-weight: bold [object Object]", source: https://test.highloka.com/_next/static/chunks/pages/_app-4e0a347dc425d5bf.js (79)
[21510:21510:0526/171004.518145:INFO:CONSOLE:79] "%c action     color: #03A9F4; font-weight: bold [object Object]", source: https://test.highloka.com/_next/static/chunks/pages/_app-4e0a347dc425d5bf.js (79)
[21510:21510:0526/171004.518304:INFO:CONSOLE:79] "%c next state color: #4CAF50; font-weight: bold [object Object]", source: https://test.highloka.com/_next/static/chunks/pages/_app-4e0a347dc425d5bf.js (79)
[21510:21510:0526/171004.518397:INFO:CONSOLE:79] "console.groupEnd", source: https://test.highloka.com/_next/static/chunks/pages/_app-4e0a347dc425d5bf.js (79)
[21510:21510:0526/171004.518821:INFO:CONSOLE:1] "Loading Bottom", source: https://test.highloka.com/_next/static/chunks/pages/concerts/%5Bslug%5D/arena-1595f5991389ce40.js (1)
[21510:21510:0526/171004.518928:INFO:CONSOLE:1] "1748259604518", source: https://test.highloka.com/_next/static/chunks/pages/concerts/%5Bslug%5D/arena-1595f5991389ce40.js (1)
[21510:21510:0526/171004.519474:INFO:CONSOLE:79] "%c action %cSET_CHAT_TEXT_VIEW_SCROLL_STATUS_DONE %c@ 17:10:04.518 color: gray; font-weight: lighter; color: inherit; color: gray; font-weight: lighter;", source: https://test.highloka.com/_next/static/chunks/pages/_app-4e0a347dc425d5bf.js (79)
[21510:21510:0526/171004.519623:INFO:CONSOLE:79] "%c prev state color: #9E9E9E; font-weight: bold [object Object]", source: https://test.highloka.com/_next/static/chunks/pages/_app-4e0a347dc425d5bf.js (79)
[21510:21510:0526/171004.519823:INFO:CONSOLE:79] "%c action     color: #03A9F4; font-weight: bold [object Object]", source: https://test.highloka.com/_next/static/chunks/pages/_app-4e0a347dc425d5bf.js (79)
[21510:21510:0526/171004.520049:INFO:CONSOLE:79] "%c next state color: #4CAF50; font-weight: bold [object Object]", source: https://test.highloka.com/_next/static/chunks/pages/_app-4e0a347dc425d5bf.js (79)
[21510:21510:0526/171004.520271:INFO:CONSOLE:79] "console.groupEnd", source: https://test.highloka.com/_next/static/chunks/pages/_app-4e0a347dc425d5bf.js (79)
[21510:21510:0526/171004.520802:INFO:CONSOLE:1] "Chat Text View Container Did Update. this.props [object Object]", source: https://test.highloka.com/_next/static/chunks/pages/concerts/%5Bslug%5D/arena-1595f5991389ce40.js (1)
[21510:21510:0526/171004.521358:INFO:CONSOLE:1] "mobileResponsive false", source: https://test.highloka.com/_next/static/chunks/pages/concerts/%5Bslug%5D/arena-1595f5991389ce40.js (1)
[21510:21510:0526/171004.521558:INFO:CONSOLE:1] "CurrCharUser", source: https://test.highloka.com/_next/static/chunks/pages/concerts/%5Bslug%5D/arena-1595f5991389ce40.js (1)
[21510:21510:0526/171004.521726:INFO:CONSOLE:1] "[object Object]", source: https://test.highloka.com/_next/static/chunks/pages/concerts/%5Bslug%5D/arena-1595f5991389ce40.js (1)
[21510:21510:0526/171004.521903:INFO:CONSOLE:1] "[object Object]", source: https://test.highloka.com/_next/static/chunks/pages/concerts/%5Bslug%5D/arena-1595f5991389ce40.js (1)
[21510:21510:0526/171004.522111:INFO:CONSOLE:1] "Loka 41 :white", source: https://test.highloka.com/_next/static/chunks/pages/concerts/%5Bslug%5D/arena-1595f5991389ce40.js (1)
[21510:21510:0526/171004.523154:INFO:CONSOLE:79] "%c action %cSET_CHAT_TEXT_VIEW_SCROLL %c@ 17:10:04.522 color: gray; font-weight: lighter; color: inherit; color: gray; font-weight: lighter;", source: https://test.highloka.com/_next/static/chunks/pages/_app-4e0a347dc425d5bf.js (79)
[21510:21510:0526/171004.523304:INFO:CONSOLE:79] "%c prev state color: #9E9E9E; font-weight: bold [object Object]", source: https://test.highloka.com/_next/static/chunks/pages/_app-4e0a347dc425d5bf.js (79)
[21510:21510:0526/171004.523517:INFO:CONSOLE:79] "%c action     color: #03A9F4; font-weight: bold [object Object]", source: https://test.highloka.com/_next/static/chunks/pages/_app-4e0a347dc425d5bf.js (79)
[21510:21510:0526/171004.523734:INFO:CONSOLE:79] "%c next state color: #4CAF50; font-weight: bold [object Object]", source: https://test.highloka.com/_next/static/chunks/pages/_app-4e0a347dc425d5bf.js (79)
[21510:21510:0526/171004.523957:INFO:CONSOLE:79] "console.groupEnd", source: https://test.highloka.com/_next/static/chunks/pages/_app-4e0a347dc425d5bf.js (79)
[21510:21510:0526/171004.524392:INFO:CONSOLE:79] "%c action %cMARK_COMPLETE_ADD_MESSAGE_OPERATION %c@ 17:10:04.524 color: gray; font-weight: lighter; color: inherit; color: gray; font-weight: lighter;", source: https://test.highloka.com/_next/static/chunks/pages/_app-4e0a347dc425d5bf.js (79)
[21510:21510:0526/171004.524610:INFO:CONSOLE:79] "%c prev state color: #9E9E9E; font-weight: bold [object Object]", source: https://test.highloka.com/_next/static/chunks/pages/_app-4e0a347dc425d5bf.js (79)
[21510:21510:0526/171004.524760:INFO:CONSOLE:79] "%c action     color: #03A9F4; font-weight: bold [object Object]", source: https://test.highloka.com/_next/static/chunks/pages/_app-4e0a347dc425d5bf.js (79)
[21510:21510:0526/171004.524932:INFO:CONSOLE:79] "%c next state color: #4CAF50; font-weight: bold [object Object]", source: https://test.highloka.com/_next/static/chunks/pages/_app-4e0a347dc425d5bf.js (79)
[21510:21510:0526/171004.525114:INFO:CONSOLE:79] "console.groupEnd", source: https://test.highloka.com/_next/static/chunks/pages/_app-4e0a347dc425d5bf.js (79)
[21510:21510:0526/171004.525422:INFO:CONSOLE:1] "In component did update.", source: https://test.highloka.com/_next/static/chunks/pages/concerts/%5Bslug%5D/arena-1595f5991389ce40.js (1)
[21510:21510:0526/171004.525521:INFO:CONSOLE:1] "[object Object]", source: https://test.highloka.com/_next/static/chunks/pages/concerts/%5Bslug%5D/arena-1595f5991389ce40.js (1)
[21510:21510:0526/171004.526139:INFO:CONSOLE:1] "Chat Text View Container Did Update. this.props [object Object]", source: https://test.highloka.com/_next/static/chunks/pages/concerts/%5Bslug%5D/arena-1595f5991389ce40.js (1)
[21510:21510:0526/171004.526552:INFO:CONSOLE:1] "In component did update.", source: https://test.highloka.com/_next/static/chunks/pages/concerts/%5Bslug%5D/arena-1595f5991389ce40.js (1)
[21510:21510:0526/171004.526772:INFO:CONSOLE:1] "[object Object]", source: https://test.highloka.com/_next/static/chunks/pages/concerts/%5Bslug%5D/arena-1595f5991389ce40.js (1)
[21510:21510:0526/171004.527056:INFO:CONSOLE:1] "New Message Scroll", source: https://test.highloka.com/_next/static/chunks/pages/concerts/%5Bslug%5D/arena-1595f5991389ce40.js (1)
[21510:21510:0526/171004.527158:INFO:CONSOLE:1] "[object Object]", source: https://test.highloka.com/_next/static/chunks/pages/concerts/%5Bslug%5D/arena-1595f5991389ce40.js (1)
[21510:21510:0526/171004.527285:INFO:CONSOLE:1] "Line 197 => -52", source: https://test.highloka.com/_next/static/chunks/pages/concerts/%5Bslug%5D/arena-1595f5991389ce40.js (1)
[21510:21510:0526/171004.527427:INFO:CONSOLE:1] "Scroll is at bottom", source: https://test.highloka.com/_next/static/chunks/pages/concerts/%5Bslug%5D/arena-1595f5991389ce40.js (1)
[21510:21510:0526/171004.530171:INFO:CONSOLE:79] "%c action %cSET_CHAT_TEXT_VIEW_SCROLL_STATUS_DONE %c@ 17:10:04.529 color: gray; font-weight: lighter; color: inherit; color: gray; font-weight: lighter;", source: https://test.highloka.com/_next/static/chunks/pages/_app-4e0a347dc425d5bf.js (79)
[21510:21510:0526/171004.530392:INFO:CONSOLE:79] "%c prev state color: #9E9E9E; font-weight: bold [object Object]", source: https://test.highloka.com/_next/static/chunks/pages/_app-4e0a347dc425d5bf.js (79)
[21510:21510:0526/171004.530847:INFO:CONSOLE:79] "%c action     color: #03A9F4; font-weight: bold [object Object]", source: https://test.highloka.com/_next/static/chunks/pages/_app-4e0a347dc425d5bf.js (79)
[21510:21510:0526/171004.531123:INFO:CONSOLE:79] "%c next state color: #4CAF50; font-weight: bold [object Object]", source: https://test.highloka.com/_next/static/chunks/pages/_app-4e0a347dc425d5bf.js (79)
[21510:21510:0526/171004.531438:INFO:CONSOLE:79] "console.groupEnd", source: https://test.highloka.com/_next/static/chunks/pages/_app-4e0a347dc425d5bf.js (79)
[21510:21510:0526/171004.532066:INFO:CONSOLE:1] "In component did update.", source: https://test.highloka.com/_next/static/chunks/pages/concerts/%5Bslug%5D/arena-1595f5991389ce40.js (1)
[21510:21510:0526/171004.532301:INFO:CONSOLE:1] "[object Object]", source: https://test.highloka.com/_next/static/chunks/pages/concerts/%5Bslug%5D/arena-1595f5991389ce40.js (1)
[21510:21510:0526/171004.654125:INFO:CONSOLE:79] "%c action %cSET_JW_VIDEO_PLAYER_CURRENT_VIDEO_TIME %c@ 17:10:04.653 color: gray; font-weight: lighter; color: inherit; color: gray; font-weight: lighter;", source: https://test.highloka.com/_next/static/chunks/pages/_app-4e0a347dc425d5bf.js (79)
[21510:21510:0526/171004.654293:INFO:CONSOLE:79] "%c prev state color: #9E9E9E; font-weight: bold [object Object]", source: https://test.highloka.com/_next/static/chunks/pages/_app-4e0a347dc425d5bf.js (79)
[21510:21510:0526/171004.654439:INFO:CONSOLE:79] "%c action     color: #03A9F4; font-weight: bold [object Object]", source: https://test.highloka.com/_next/static/chunks/pages/_app-4e0a347dc425d5bf.js (79)
[21510:21510:0526/171004.654608:INFO:CONSOLE:79] "%c next state color: #4CAF50; font-weight: bold [object Object]", source: https://test.highloka.com/_next/static/chunks/pages/_app-4e0a347dc425d5bf.js (79)
[21510:21510:0526/171004.654748:INFO:CONSOLE:79] "console.groupEnd", source: https://test.highloka.com/_next/static/chunks/pages/_app-4e0a347dc425d5bf.js (79)
[21510:21510:0526/171004.656377:INFO:CONSOLE:1] "ReactHlsPlayerComponent this.props play", source: https://test.highloka.com/_next/static/chunks/pages/concerts/%5Bslug%5D/arena-1595f5991389ce40.js (1)
[21510:21510:0526/171004.869958:INFO:CONSOLE:1] "receivedAudienceUserStrip null", source: https://test.highloka.com/_next/static/chunks/pages/concerts/%5Bslug%5D/arena-1595f5991389ce40.js (1)
[21510:21510:0526/171004.870130:INFO:CONSOLE:1] "receivedAudienceUserStrip null", source: https://test.highloka.com/_next/static/chunks/pages/concerts/%5Bslug%5D/arena-1595f5991389ce40.js (1)
[21510:21510:0526/171004.918807:INFO:CONSOLE:79] "%c action %cSET_JW_VIDEO_PLAYER_CURRENT_VIDEO_TIME %c@ 17:10:04.918 color: gray; font-weight: lighter; color: inherit; color: gray; font-weight: lighter;", source: https://test.highloka.com/_next/static/chunks/pages/_app-4e0a347dc425d5bf.js (79)
[21510:21510:0526/171004.918912:INFO:CONSOLE:79] "%c prev state color: #9E9E9E; font-weight: bold [object Object]", source: https://test.highloka.com/_next/static/chunks/pages/_app-4e0a347dc425d5bf.js (79)
[21510:21510:0526/171004.919022:INFO:CONSOLE:79] "%c action     color: #03A9F4; font-weight: bold [object Object]", source: https://test.highloka.com/_next/static/chunks/pages/_app-4e0a347dc425d5bf.js (79)
[21510:21510:0526/171004.919119:INFO:CONSOLE:79] "%c next state color: #4CAF50; font-weight: bold [object Object]", source: https://test.highloka.com/_next/static/chunks/pages/_app-4e0a347dc425d5bf.js (79)
[21510:21510:0526/171004.919338:INFO:CONSOLE:79] "console.groupEnd", source: https://test.highloka.com/_next/static/chunks/pages/_app-4e0a347dc425d5bf.js (79)
[21510:21510:0526/171004.920656:INFO:CONSOLE:1] "ReactHlsPlayerComponent this.props play", source: https://test.highloka.com/_next/static/chunks/pages/concerts/%5Bslug%5D/arena-1595f5991389ce40.js (1)
[21510:21510:0526/171005.183979:INFO:CONSOLE:79] "%c action %cSET_JW_VIDEO_PLAYER_CURRENT_VIDEO_TIME %c@ 17:10:05.183 color: gray; font-weight: lighter; color: inherit; color: gray; font-weight: lighter;", source: https://test.highloka.com/_next/static/chunks/pages/_app-4e0a347dc425d5bf.js (79)
[21510:21510:0526/171005.184041:INFO:CONSOLE:79] "%c prev state color: #9E9E9E; font-weight: bold [object Object]", source: https://test.highloka.com/_next/static/chunks/pages/_app-4e0a347dc425d5bf.js (79)
[21510:21510:0526/171005.184147:INFO:CONSOLE:79] "%c action     color: #03A9F4; font-weight: bold [object Object]", source: https://test.highloka.com/_next/static/chunks/pages/_app-4e0a347dc425d5bf.js (79)
[21510:21510:0526/171005.184254:INFO:CONSOLE:79] "%c next state color: #4CAF50; font-weight: bold [object Object]", source: https://test.highloka.com/_next/static/chunks/pages/_app-4e0a347dc425d5bf.js (79)
[21510:21510:0526/171005.184657:INFO:CONSOLE:79] "console.groupEnd", source: https://test.highloka.com/_next/static/chunks/pages/_app-4e0a347dc425d5bf.js (79)
[21510:21510:0526/171005.187334:INFO:CONSOLE:1] "ReactHlsPlayerComponent this.props play", source: https://test.highloka.com/_next/static/chunks/pages/concerts/%5Bslug%5D/arena-1595f5991389ce40.js (1)
[21510:21510:0526/171005.452264:INFO:CONSOLE:79] "%c action %cSET_JW_VIDEO_PLAYER_CURRENT_VIDEO_TIME %c@ 17:10:05.450 color: gray; font-weight: lighter; color: inherit; color: gray; font-weight: lighter;", source: https://test.highloka.com/_next/static/chunks/pages/_app-4e0a347dc425d5bf.js (79)
[21510:21510:0526/171005.452969:INFO:CONSOLE:79] "%c prev state color: #9E9E9E; font-weight: bold [object Object]", source: https://test.highloka.com/_next/static/chunks/pages/_app-4e0a347dc425d5bf.js (79)
[21510:21510:0526/171005.453087:INFO:CONSOLE:79] "%c action     color: #03A9F4; font-weight: bold [object Object]", source: https://test.highloka.com/_next/static/chunks/pages/_app-4e0a347dc425d5bf.js (79)
[21510:21510:0526/171005.453467:INFO:CONSOLE:79] "%c next state color: #4CAF50; font-weight: bold [object Object]", source: https://test.highloka.com/_next/static/chunks/pages/_app-4e0a347dc425d5bf.js (79)
[21510:21510:0526/171005.453809:INFO:CONSOLE:79] "console.groupEnd", source: https://test.highloka.com/_next/static/chunks/pages/_app-4e0a347dc425d5bf.js (79)
[21510:21510:0526/171005.459087:INFO:CONSOLE:1] "ReactHlsPlayerComponent this.props play", source: https://test.highloka.com/_next/static/chunks/pages/concerts/%5Bslug%5D/arena-1595f5991389ce40.js (1)
[21510:21510:0526/171005.715374:INFO:CONSOLE:79] "%c action %cSET_JW_VIDEO_PLAYER_CURRENT_VIDEO_TIME %c@ 17:10:05.714 color: gray; font-weight: lighter; color: inherit; color: gray; font-weight: lighter;", source: https://test.highloka.com/_next/static/chunks/pages/_app-4e0a347dc425d5bf.js (79)
[21510:21510:0526/171005.715495:INFO:CONSOLE:79] "%c prev state color: #9E9E9E; font-weight: bold [object Object]", source: https://test.highloka.com/_next/static/chunks/pages/_app-4e0a347dc425d5bf.js (79)
[21510:21510:0526/171005.715694:INFO:CONSOLE:79] "%c action     color: #03A9F4; font-weight: bold [object Object]", source: https://test.highloka.com/_next/static/chunks/pages/_app-4e0a347dc425d5bf.js (79)
[21510:21510:0526/171005.715836:INFO:CONSOLE:79] "%c next state color: #4CAF50; font-weight: bold [object Object]", source: https://test.highloka.com/_next/static/chunks/pages/_app-4e0a347dc425d5bf.js (79)
[21510:21510:0526/171005.716134:INFO:CONSOLE:79] "console.groupEnd", source: https://test.highloka.com/_next/static/chunks/pages/_app-4e0a347dc425d5bf.js (79)
[21510:21510:0526/171005.721365:INFO:CONSOLE:1] "ReactHlsPlayerComponent this.props play", source: https://test.highloka.com/_next/static/chunks/pages/concerts/%5Bslug%5D/arena-1595f5991389ce40.js (1)
[21510:21510:0526/171005.982173:INFO:CONSOLE:79] "%c action %cSET_JW_VIDEO_PLAYER_CURRENT_VIDEO_TIME %c@ 17:10:05.981 color: gray; font-weight: lighter; color: inherit; color: gray; font-weight: lighter;", source: https://test.highloka.com/_next/static/chunks/pages/_app-4e0a347dc425d5bf.js (79)
[21510:21510:0526/171005.982593:INFO:CONSOLE:79] "%c prev state color: #9E9E9E; font-weight: bold [object Object]", source: https://test.highloka.com/_next/static/chunks/pages/_app-4e0a347dc425d5bf.js (79)
[21510:21510:0526/171005.982991:INFO:CONSOLE:79] "%c action     color: #03A9F4; font-weight: bold [object Object]", source: https://test.highloka.com/_next/static/chunks/pages/_app-4e0a347dc425d5bf.js (79)
[21510:21510:0526/171005.983734:INFO:CONSOLE:79] "%c next state color: #4CAF50; font-weight: bold [object Object]", source: https://test.highloka.com/_next/static/chunks/pages/_app-4e0a347dc425d5bf.js (79)
[21510:21510:0526/171005.983860:INFO:CONSOLE:79] "console.groupEnd", source: https://test.highloka.com/_next/static/chunks/pages/_app-4e0a347dc425d5bf.js (79)
[21510:21510:0526/171005.990372:INFO:CONSOLE:1] "ReactHlsPlayerComponent this.props play", source: https://test.highloka.com/_next/static/chunks/pages/concerts/%5Bslug%5D/arena-1595f5991389ce40.js (1)
[21510:21510:0526/171006.247836:INFO:CONSOLE:79] "%c action %cSET_JW_VIDEO_PLAYER_CURRENT_VIDEO_TIME %c@ 17:10:06.246 color: gray; font-weight: lighter; color: inherit; color: gray; font-weight: lighter;", source: https://test.highloka.com/_next/static/chunks/pages/_app-4e0a347dc425d5bf.js (79)
[21510:21510:0526/171006.248082:INFO:CONSOLE:79] "%c prev state color: #9E9E9E; font-weight: bold [object Object]", source: https://test.highloka.com/_next/static/chunks/pages/_app-4e0a347dc425d5bf.js (79)
[21510:21510:0526/171006.248570:INFO:CONSOLE:79] "%c action     color: #03A9F4; font-weight: bold [object Object]", source: https://test.highloka.com/_next/static/chunks/pages/_app-4e0a347dc425d5bf.js (79)
[21510:21510:0526/171006.248819:INFO:CONSOLE:79] "%c next state color: #4CAF50; font-weight: bold [object Object]", source: https://test.highloka.com/_next/static/chunks/pages/_app-4e0a347dc425d5bf.js (79)
[21510:21510:0526/171006.249072:INFO:CONSOLE:79] "console.groupEnd", source: https://test.highloka.com/_next/static/chunks/pages/_app-4e0a347dc425d5bf.js (79)
[21510:21510:0526/171006.253679:INFO:CONSOLE:1] "ReactHlsPlayerComponent this.props play", source: https://test.highloka.com/_next/static/chunks/pages/concerts/%5Bslug%5D/arena-1595f5991389ce40.js (1)
[21510:21510:0526/171006.514034:INFO:CONSOLE:79] "%c action %cSET_JW_VIDEO_PLAYER_CURRENT_VIDEO_TIME %c@ 17:10:06.512 color: gray; font-weight: lighter; color: inherit; color: gray; font-weight: lighter;", source: https://test.highloka.com/_next/static/chunks/pages/_app-4e0a347dc425d5bf.js (79)
[21510:21510:0526/171006.514296:INFO:CONSOLE:79] "%c prev state color: #9E9E9E; font-weight: bold [object Object]", source: https://test.highloka.com/_next/static/chunks/pages/_app-4e0a347dc425d5bf.js (79)
[21510:21510:0526/171006.514473:INFO:CONSOLE:79] "%c action     color: #03A9F4; font-weight: bold [object Object]", source: https://test.highloka.com/_next/static/chunks/pages/_app-4e0a347dc425d5bf.js (79)
[21510:21510:0526/171006.514782:INFO:CONSOLE:79] "%c next state color: #4CAF50; font-weight: bold [object Object]", source: https://test.highloka.com/_next/static/chunks/pages/_app-4e0a347dc425d5bf.js (79)
[21510:21510:0526/171006.515201:INFO:CONSOLE:79] "console.groupEnd", source: https://test.highloka.com/_next/static/chunks/pages/_app-4e0a347dc425d5bf.js (79)
[21510:21510:0526/171006.522470:INFO:CONSOLE:1] "ReactHlsPlayerComponent this.props play", source: https://test.highloka.com/_next/static/chunks/pages/concerts/%5Bslug%5D/arena-1595f5991389ce40.js (1)
[21510:21510:0526/171006.778241:INFO:CONSOLE:79] "%c action %cSET_JW_VIDEO_PLAYER_CURRENT_VIDEO_TIME %c@ 17:10:06.777 color: gray; font-weight: lighter; color: inherit; color: gray; font-weight: lighter;", source: https://test.highloka.com/_next/static/chunks/pages/_app-4e0a347dc425d5bf.js (79)
[21510:21510:0526/171006.778412:INFO:CONSOLE:79] "%c prev state color: #9E9E9E; font-weight: bold [object Object]", source: https://test.highloka.com/_next/static/chunks/pages/_app-4e0a347dc425d5bf.js (79)
[21510:21510:0526/171006.778590:INFO:CONSOLE:79] "%c action     color: #03A9F4; font-weight: bold [object Object]", source: https://test.highloka.com/_next/static/chunks/pages/_app-4e0a347dc425d5bf.js (79)
[21510:21510:0526/171006.778722:INFO:CONSOLE:79] "%c next state color: #4CAF50; font-weight: bold [object Object]", source: https://test.highloka.com/_next/static/chunks/pages/_app-4e0a347dc425d5bf.js (79)
[21510:21510:0526/171006.778877:INFO:CONSOLE:79] "console.groupEnd", source: https://test.highloka.com/_next/static/chunks/pages/_app-4e0a347dc425d5bf.js (79)
[21510:21510:0526/171006.781109:INFO:CONSOLE:1] "ReactHlsPlayerComponent this.props play", source: https://test.highloka.com/_next/static/chunks/pages/concerts/%5Bslug%5D/arena-1595f5991389ce40.js (1)
[21510:21510:0526/171007.047058:INFO:CONSOLE:79] "%c action %cSET_JW_VIDEO_PLAYER_CURRENT_VIDEO_TIME %c@ 17:10:07.045 color: gray; font-weight: lighter; color: inherit; color: gray; font-weight: lighter;", source: https://test.highloka.com/_next/static/chunks/pages/_app-4e0a347dc425d5bf.js (79)
[21510:21510:0526/171007.047561:INFO:CONSOLE:79] "%c prev state color: #9E9E9E; font-weight: bold [object Object]", source: https://test.highloka.com/_next/static/chunks/pages/_app-4e0a347dc425d5bf.js (79)
[21510:21510:0526/171007.048300:INFO:CONSOLE:79] "%c action     color: #03A9F4; font-weight: bold [object Object]", source: https://test.highloka.com/_next/static/chunks/pages/_app-4e0a347dc425d5bf.js (79)
[21510:21510:0526/171007.048412:INFO:CONSOLE:79] "%c next state color: #4CAF50; font-weight: bold [object Object]", source: https://test.highloka.com/_next/static/chunks/pages/_app-4e0a347dc425d5bf.js (79)
[21510:21510:0526/171007.048610:INFO:CONSOLE:79] "console.groupEnd", source: https://test.highloka.com/_next/static/chunks/pages/_app-4e0a347dc425d5bf.js (79)
[21510:21510:0526/171007.053956:INFO:CONSOLE:1] "ReactHlsPlayerComponent this.props play", source: https://test.highloka.com/_next/static/chunks/pages/concerts/%5Bslug%5D/arena-1595f5991389ce40.js (1)
[21510:21510:0526/171007.311047:INFO:CONSOLE:79] "%c action %cSET_JW_VIDEO_PLAYER_CURRENT_VIDEO_TIME %c@ 17:10:07.309 color: gray; font-weight: lighter; color: inherit; color: gray; font-weight: lighter;", source: https://test.highloka.com/_next/static/chunks/pages/_app-4e0a347dc425d5bf.js (79)
[21510:21510:0526/171007.311318:INFO:CONSOLE:79] "%c prev state color: #9E9E9E; font-weight: bold [object Object]", source: https://test.highloka.com/_next/static/chunks/pages/_app-4e0a347dc425d5bf.js (79)
[21510:21510:0526/171007.312025:INFO:CONSOLE:79] "%c action     color: #03A9F4; font-weight: bold [object Object]", source: https://test.highloka.com/_next/static/chunks/pages/_app-4e0a347dc425d5bf.js (79)
[21510:21510:0526/171007.312435:INFO:CONSOLE:79] "%c next state color: #4CAF50; font-weight: bold [object Object]", source: https://test.highloka.com/_next/static/chunks/pages/_app-4e0a347dc425d5bf.js (79)
[21510:21510:0526/171007.313062:INFO:CONSOLE:79] "console.groupEnd", source: https://test.highloka.com/_next/static/chunks/pages/_app-4e0a347dc425d5bf.js (79)
[21510:21510:0526/171007.317486:INFO:CONSOLE:1] "ReactHlsPlayerComponent this.props play", source: https://test.highloka.com/_next/static/chunks/pages/concerts/%5Bslug%5D/arena-1595f5991389ce40.js (1)
[21510:21510:0526/171007.575527:INFO:CONSOLE:79] "%c action %cSET_JW_VIDEO_PLAYER_CURRENT_VIDEO_TIME %c@ 17:10:07.575 color: gray; font-weight: lighter; color: inherit; color: gray; font-weight: lighter;", source: https://test.highloka.com/_next/static/chunks/pages/_app-4e0a347dc425d5bf.js (79)
[21510:21510:0526/171007.575611:INFO:CONSOLE:79] "%c prev state color: #9E9E9E; font-weight: bold [object Object]", source: https://test.highloka.com/_next/static/chunks/pages/_app-4e0a347dc425d5bf.js (79)
[21510:21510:0526/171007.575837:INFO:CONSOLE:79] "%c action     color: #03A9F4; font-weight: bold [object Object]", source: https://test.highloka.com/_next/static/chunks/pages/_app-4e0a347dc425d5bf.js (79)
[21510:21510:0526/171007.576245:INFO:CONSOLE:79] "%c next state color: #4CAF50; font-weight: bold [object Object]", source: https://test.highloka.com/_next/static/chunks/pages/_app-4e0a347dc425d5bf.js (79)
[21510:21510:0526/171007.576598:INFO:CONSOLE:79] "console.groupEnd", source: https://test.highloka.com/_next/static/chunks/pages/_app-4e0a347dc425d5bf.js (79)
[21510:21510:0526/171007.579142:INFO:CONSOLE:1] "ReactHlsPlayerComponent this.props play", source: https://test.highloka.com/_next/static/chunks/pages/concerts/%5Bslug%5D/arena-1595f5991389ce40.js (1)
[21510:21510:0526/171007.841485:INFO:CONSOLE:79] "%c action %cSET_JW_VIDEO_PLAYER_CURRENT_VIDEO_TIME %c@ 17:10:07.840 color: gray; font-weight: lighter; color: inherit; color: gray; font-weight: lighter;", source: https://test.highloka.com/_next/static/chunks/pages/_app-4e0a347dc425d5bf.js (79)
[21510:21510:0526/171007.841612:INFO:CONSOLE:79] "%c prev state color: #9E9E9E; font-weight: bold [object Object]", source: https://test.highloka.com/_next/static/chunks/pages/_app-4e0a347dc425d5bf.js (79)
[21510:21510:0526/171007.841846:INFO:CONSOLE:79] "%c action     color: #03A9F4; font-weight: bold [object Object]", source: https://test.highloka.com/_next/static/chunks/pages/_app-4e0a347dc425d5bf.js (79)
[21510:21510:0526/171007.842115:INFO:CONSOLE:79] "%c next state color: #4CAF50; font-weight: bold [object Object]", source: https://test.highloka.com/_next/static/chunks/pages/_app-4e0a347dc425d5bf.js (79)
[21510:21510:0526/171007.842401:INFO:CONSOLE:79] "console.groupEnd", source: https://test.highloka.com/_next/static/chunks/pages/_app-4e0a347dc425d5bf.js (79)
[21510:21510:0526/171007.844313:INFO:CONSOLE:1] "ReactHlsPlayerComponent this.props play", source: https://test.highloka.com/_next/static/chunks/pages/concerts/%5Bslug%5D/arena-1595f5991389ce40.js (1)
[21510:21510:0526/171007.870748:INFO:CONSOLE:1] "receivedAudienceUserStrip null", source: https://test.highloka.com/_next/static/chunks/pages/concerts/%5Bslug%5D/arena-1595f5991389ce40.js (1)
[21510:21510:0526/171007.871387:INFO:CONSOLE:1] "receivedAudienceUserStrip null", source: https://test.highloka.com/_next/static/chunks/pages/concerts/%5Bslug%5D/arena-1595f5991389ce40.js (1)
[21510:21510:0526/171008.105608:INFO:CONSOLE:79] "%c action %cSET_JW_VIDEO_PLAYER_CURRENT_VIDEO_TIME %c@ 17:10:08.105 color: gray; font-weight: lighter; color: inherit; color: gray; font-weight: lighter;", source: https://test.highloka.com/_next/static/chunks/pages/_app-4e0a347dc425d5bf.js (79)
[21510:21510:0526/171008.105667:INFO:CONSOLE:79] "%c prev state color: #9E9E9E; font-weight: bold [object Object]", source: https://test.highloka.com/_next/static/chunks/pages/_app-4e0a347dc425d5bf.js (79)
[21510:21510:0526/171008.105770:INFO:CONSOLE:79] "%c action     color: #03A9F4; font-weight: bold [object Object]", source: https://test.highloka.com/_next/static/chunks/pages/_app-4e0a347dc425d5bf.js (79)
[21510:21510:0526/171008.105837:INFO:CONSOLE:79] "%c next state color: #4CAF50; font-weight: bold [object Object]", source: https://test.highloka.com/_next/static/chunks/pages/_app-4e0a347dc425d5bf.js (79)
[21510:21510:0526/171008.105896:INFO:CONSOLE:79] "console.groupEnd", source: https://test.highloka.com/_next/static/chunks/pages/_app-4e0a347dc425d5bf.js (79)
[21510:21510:0526/171008.108068:INFO:CONSOLE:1] "ReactHlsPlayerComponent this.props play", source: https://test.highloka.com/_next/static/chunks/pages/concerts/%5Bslug%5D/arena-1595f5991389ce40.js (1)
[21510:21510:0526/171008.373876:INFO:CONSOLE:79] "%c action %cSET_JW_VIDEO_PLAYER_CURRENT_VIDEO_TIME %c@ 17:10:08.372 color: gray; font-weight: lighter; color: inherit; color: gray; font-weight: lighter;", source: https://test.highloka.com/_next/static/chunks/pages/_app-4e0a347dc425d5bf.js (79)
[21510:21510:0526/171008.374699:INFO:CONSOLE:79] "%c prev state color: #9E9E9E; font-weight: bold [object Object]", source: https://test.highloka.com/_next/static/chunks/pages/_app-4e0a347dc425d5bf.js (79)
[21510:21510:0526/171008.376678:INFO:CONSOLE:79] "%c action     color: #03A9F4; font-weight: bold [object Object]", source: https://test.highloka.com/_next/static/chunks/pages/_app-4e0a347dc425d5bf.js (79)
[21510:21510:0526/171008.376852:INFO:CONSOLE:79] "%c next state color: #4CAF50; font-weight: bold [object Object]", source: https://test.highloka.com/_next/static/chunks/pages/_app-4e0a347dc425d5bf.js (79)
[21510:21510:0526/171008.376929:INFO:CONSOLE:79] "console.groupEnd", source: https://test.highloka.com/_next/static/chunks/pages/_app-4e0a347dc425d5bf.js (79)
[21510:21510:0526/171008.383364:INFO:CONSOLE:1] "ReactHlsPlayerComponent this.props play", source: https://test.highloka.com/_next/static/chunks/pages/concerts/%5Bslug%5D/arena-1595f5991389ce40.js (1)
[21510:21510:0526/171008.638769:INFO:CONSOLE:79] "%c action %cSET_JW_VIDEO_PLAYER_CURRENT_VIDEO_TIME %c@ 17:10:08.637 color: gray; font-weight: lighter; color: inherit; color: gray; font-weight: lighter;", source: https://test.highloka.com/_next/static/chunks/pages/_app-4e0a347dc425d5bf.js (79)
[21510:21510:0526/171008.639253:INFO:CONSOLE:79] "%c prev state color: #9E9E9E; font-weight: bold [object Object]", source: https://test.highloka.com/_next/static/chunks/pages/_app-4e0a347dc425d5bf.js (79)
[21510:21510:0526/171008.639584:INFO:CONSOLE:79] "%c action     color: #03A9F4; font-weight: bold [object Object]", source: https://test.highloka.com/_next/static/chunks/pages/_app-4e0a347dc425d5bf.js (79)
[21510:21510:0526/171008.640088:INFO:CONSOLE:79] "%c next state color: #4CAF50; font-weight: bold [object Object]", source: https://test.highloka.com/_next/static/chunks/pages/_app-4e0a347dc425d5bf.js (79)
[21510:21510:0526/171008.641027:INFO:CONSOLE:79] "console.groupEnd", source: https://test.highloka.com/_next/static/chunks/pages/_app-4e0a347dc425d5bf.js (79)
[21510:21510:0526/171008.645038:INFO:CONSOLE:1] "ReactHlsPlayerComponent this.props play", source: https://test.highloka.com/_next/static/chunks/pages/concerts/%5Bslug%5D/arena-1595f5991389ce40.js (1)
[21510:21510:0526/171008.906067:INFO:CONSOLE:79] "%c action %cSET_JW_VIDEO_PLAYER_CURRENT_VIDEO_TIME %c@ 17:10:08.904 color: gray; font-weight: lighter; color: inherit; color: gray; font-weight: lighter;", source: https://test.highloka.com/_next/static/chunks/pages/_app-4e0a347dc425d5bf.js (79)
[21510:21510:0526/171008.906534:INFO:CONSOLE:79] "%c prev state color: #9E9E9E; font-weight: bold [object Object]", source: https://test.highloka.com/_next/static/chunks/pages/_app-4e0a347dc425d5bf.js (79)
[21510:21510:0526/171008.907151:INFO:CONSOLE:79] "%c action     color: #03A9F4; font-weight: bold [object Object]", source: https://test.highloka.com/_next/static/chunks/pages/_app-4e0a347dc425d5bf.js (79)
[21510:21510:0526/171008.908634:INFO:CONSOLE:79] "%c next state color: #4CAF50; font-weight: bold [object Object]", source: https://test.highloka.com/_next/static/chunks/pages/_app-4e0a347dc425d5bf.js (79)
[21510:21510:0526/171008.908797:INFO:CONSOLE:79] "console.groupEnd", source: https://test.highloka.com/_next/static/chunks/pages/_app-4e0a347dc425d5bf.js (79)
[21510:21510:0526/171008.911637:INFO:CONSOLE:1] "ReactHlsPlayerComponent this.props play", source: https://test.highloka.com/_next/static/chunks/pages/concerts/%5Bslug%5D/arena-1595f5991389ce40.js (1)
[21510:21510:0526/171009.170543:INFO:CONSOLE:79] "%c action %cSET_JW_VIDEO_PLAYER_CURRENT_VIDEO_TIME %c@ 17:10:09.169 color: gray; font-weight: lighter; color: inherit; color: gray; font-weight: lighter;", source: https://test.highloka.com/_next/static/chunks/pages/_app-4e0a347dc425d5bf.js (79)
[21510:21510:0526/171009.171202:INFO:CONSOLE:79] "%c prev state color: #9E9E9E; font-weight: bold [object Object]", source: https://test.highloka.com/_next/static/chunks/pages/_app-4e0a347dc425d5bf.js (79)
[21510:21510:0526/171009.171702:INFO:CONSOLE:79] "%c action     color: #03A9F4; font-weight: bold [object Object]", source: https://test.highloka.com/_next/static/chunks/pages/_app-4e0a347dc425d5bf.js (79)
[21510:21510:0526/171009.172231:INFO:CONSOLE:79] "%c next state color: #4CAF50; font-weight: bold [object Object]", source: https://test.highloka.com/_next/static/chunks/pages/_app-4e0a347dc425d5bf.js (79)
[21510:21510:0526/171009.172542:INFO:CONSOLE:79] "console.groupEnd", source: https://test.highloka.com/_next/static/chunks/pages/_app-4e0a347dc425d5bf.js (79)
[21510:21510:0526/171009.175211:INFO:CONSOLE:1] "ReactHlsPlayerComponent this.props play", source: https://test.highloka.com/_next/static/chunks/pages/concerts/%5Bslug%5D/arena-1595f5991389ce40.js (1)
[21510:21510:0526/171009.435424:INFO:CONSOLE:79] "%c action %cSET_JW_VIDEO_PLAYER_CURRENT_VIDEO_TIME %c@ 17:10:09.434 color: gray; font-weight: lighter; color: inherit; color: gray; font-weight: lighter;", source: https://test.highloka.com/_next/static/chunks/pages/_app-4e0a347dc425d5bf.js (79)
[21510:21510:0526/171009.435665:INFO:CONSOLE:79] "%c prev state color: #9E9E9E; font-weight: bold [object Object]", source: https://test.highloka.com/_next/static/chunks/pages/_app-4e0a347dc425d5bf.js (79)
[21510:21510:0526/171009.436605:INFO:CONSOLE:79] "%c action     color: #03A9F4; font-weight: bold [object Object]", source: https://test.highloka.com/_next/static/chunks/pages/_app-4e0a347dc425d5bf.js (79)
[21510:21510:0526/171009.436834:INFO:CONSOLE:79] "%c next state color: #4CAF50; font-weight: bold [object Object]", source: https://test.highloka.com/_next/static/chunks/pages/_app-4e0a347dc425d5bf.js (79)
[21510:21510:0526/171009.437502:INFO:CONSOLE:79] "console.groupEnd", source: https://test.highloka.com/_next/static/chunks/pages/_app-4e0a347dc425d5bf.js (79)
[21510:21510:0526/171009.442578:INFO:CONSOLE:1] "ReactHlsPlayerComponent this.props play", source: https://test.highloka.com/_next/static/chunks/pages/concerts/%5Bslug%5D/arena-1595f5991389ce40.js (1)
[21510:21510:0526/171009.700476:INFO:CONSOLE:79] "%c action %cSET_JW_VIDEO_PLAYER_CURRENT_VIDEO_TIME %c@ 17:10:09.699 color: gray; font-weight: lighter; color: inherit; color: gray; font-weight: lighter;", source: https://test.highloka.com/_next/static/chunks/pages/_app-4e0a347dc425d5bf.js (79)
[21510:21510:0526/171009.700698:INFO:CONSOLE:79] "%c prev state color: #9E9E9E; font-weight: bold [object Object]", source: https://test.highloka.com/_next/static/chunks/pages/_app-4e0a347dc425d5bf.js (79)
[21510:21510:0526/171009.701486:INFO:CONSOLE:79] "%c action     color: #03A9F4; font-weight: bold [object Object]", source: https://test.highloka.com/_next/static/chunks/pages/_app-4e0a347dc425d5bf.js (79)
[21510:21510:0526/171009.702128:INFO:CONSOLE:79] "%c next state color: #4CAF50; font-weight: bold [object Object]", source: https://test.highloka.com/_next/static/chunks/pages/_app-4e0a347dc425d5bf.js (79)
[21510:21510:0526/171009.704252:INFO:CONSOLE:79] "console.groupEnd", source: https://test.highloka.com/_next/static/chunks/pages/_app-4e0a347dc425d5bf.js (79)
[21510:21510:0526/171009.707339:INFO:CONSOLE:1] "ReactHlsPlayerComponent this.props play", source: https://test.highloka.com/_next/static/chunks/pages/concerts/%5Bslug%5D/arena-1595f5991389ce40.js (1)
[21510:21510:0526/171009.967004:INFO:CONSOLE:79] "%c action %cSET_JW_VIDEO_PLAYER_CURRENT_VIDEO_TIME %c@ 17:10:09.965 color: gray; font-weight: lighter; color: inherit; color: gray; font-weight: lighter;", source: https://test.highloka.com/_next/static/chunks/pages/_app-4e0a347dc425d5bf.js (79)
[21510:21510:0526/171009.968481:INFO:CONSOLE:79] "%c prev state color: #9E9E9E; font-weight: bold [object Object]", source: https://test.highloka.com/_next/static/chunks/pages/_app-4e0a347dc425d5bf.js (79)
[21510:21510:0526/171009.972030:INFO:CONSOLE:79] "%c action     color: #03A9F4; font-weight: bold [object Object]", source: https://test.highloka.com/_next/static/chunks/pages/_app-4e0a347dc425d5bf.js (79)
[21510:21510:0526/171009.972240:INFO:CONSOLE:79] "%c next state color: #4CAF50; font-weight: bold [object Object]", source: https://test.highloka.com/_next/static/chunks/pages/_app-4e0a347dc425d5bf.js (79)
[21510:21510:0526/171009.972382:INFO:CONSOLE:79] "console.groupEnd", source: https://test.highloka.com/_next/static/chunks/pages/_app-4e0a347dc425d5bf.js (79)
[21510:21510:0526/171009.975291:INFO:CONSOLE:1] "ReactHlsPlayerComponent this.props play", source: https://test.highloka.com/_next/static/chunks/pages/concerts/%5Bslug%5D/arena-1595f5991389ce40.js (1)
[21510:21510:0526/171010.231607:INFO:CONSOLE:79] "%c action %cSET_JW_VIDEO_PLAYER_CURRENT_VIDEO_TIME %c@ 17:10:10.230 color: gray; font-weight: lighter; color: inherit; color: gray; font-weight: lighter;", source: https://test.highloka.com/_next/static/chunks/pages/_app-4e0a347dc425d5bf.js (79)
[21510:21510:0526/171010.231981:INFO:CONSOLE:79] "%c prev state color: #9E9E9E; font-weight: bold [object Object]", source: https://test.highloka.com/_next/static/chunks/pages/_app-4e0a347dc425d5bf.js (79)
[21510:21510:0526/171010.232362:INFO:CONSOLE:79] "%c action     color: #03A9F4; font-weight: bold [object Object]", source: https://test.highloka.com/_next/static/chunks/pages/_app-4e0a347dc425d5bf.js (79)
[21510:21510:0526/171010.232654:INFO:CONSOLE:79] "%c next state color: #4CAF50; font-weight: bold [object Object]", source: https://test.highloka.com/_next/static/chunks/pages/_app-4e0a347dc425d5bf.js (79)
[21510:21510:0526/171010.232896:INFO:CONSOLE:79] "console.groupEnd", source: https://test.highloka.com/_next/static/chunks/pages/_app-4e0a347dc425d5bf.js (79)
[21510:21510:0526/171010.243160:INFO:CONSOLE:1] "ReactHlsPlayerComponent this.props play", source: https://test.highloka.com/_next/static/chunks/pages/concerts/%5Bslug%5D/arena-1595f5991389ce40.js (1)
[21510:21510:0526/171010.496691:INFO:CONSOLE:79] "%c action %cSET_JW_VIDEO_PLAYER_CURRENT_VIDEO_TIME %c@ 17:10:10.496 color: gray; font-weight: lighter; color: inherit; color: gray; font-weight: lighter;", source: https://test.highloka.com/_next/static/chunks/pages/_app-4e0a347dc425d5bf.js (79)
[21510:21510:0526/171010.496761:INFO:CONSOLE:79] "%c prev state color: #9E9E9E; font-weight: bold [object Object]", source: https://test.highloka.com/_next/static/chunks/pages/_app-4e0a347dc425d5bf.js (79)
[21510:21510:0526/171010.496803:INFO:CONSOLE:79] "%c action     color: #03A9F4; font-weight: bold [object Object]", source: https://test.highloka.com/_next/static/chunks/pages/_app-4e0a347dc425d5bf.js (79)
[21510:21510:0526/171010.496870:INFO:CONSOLE:79] "%c next state color: #4CAF50; font-weight: bold [object Object]", source: https://test.highloka.com/_next/static/chunks/pages/_app-4e0a347dc425d5bf.js (79)
[21510:21510:0526/171010.496939:INFO:CONSOLE:79] "console.groupEnd", source: https://test.highloka.com/_next/static/chunks/pages/_app-4e0a347dc425d5bf.js (79)
[21510:21510:0526/171010.498040:INFO:CONSOLE:1] "ReactHlsPlayerComponent this.props play", source: https://test.highloka.com/_next/static/chunks/pages/concerts/%5Bslug%5D/arena-1595f5991389ce40.js (1)
[21510:21510:0526/171010.762120:INFO:CONSOLE:79] "%c action %cSET_JW_VIDEO_PLAYER_CURRENT_VIDEO_TIME %c@ 17:10:10.761 color: gray; font-weight: lighter; color: inherit; color: gray; font-weight: lighter;", source: https://test.highloka.com/_next/static/chunks/pages/_app-4e0a347dc425d5bf.js (79)
[21510:21510:0526/171010.762174:INFO:CONSOLE:79] "%c prev state color: #9E9E9E; font-weight: bold [object Object]", source: https://test.highloka.com/_next/static/chunks/pages/_app-4e0a347dc425d5bf.js (79)
[21510:21510:0526/171010.762303:INFO:CONSOLE:79] "%c action     color: #03A9F4; font-weight: bold [object Object]", source: https://test.highloka.com/_next/static/chunks/pages/_app-4e0a347dc425d5bf.js (79)
[21510:21510:0526/171010.762396:INFO:CONSOLE:79] "%c next state color: #4CAF50; font-weight: bold [object Object]", source: https://test.highloka.com/_next/static/chunks/pages/_app-4e0a347dc425d5bf.js (79)
[21510:21510:0526/171010.762472:INFO:CONSOLE:79] "console.groupEnd", source: https://test.highloka.com/_next/static/chunks/pages/_app-4e0a347dc425d5bf.js (79)
[21510:21510:0526/171010.763862:INFO:CONSOLE:1] "ReactHlsPlayerComponent this.props play", source: https://test.highloka.com/_next/static/chunks/pages/concerts/%5Bslug%5D/arena-1595f5991389ce40.js (1)
[21510:21510:0526/171010.872131:INFO:CONSOLE:1] "receivedAudienceUserStrip null", source: https://test.highloka.com/_next/static/chunks/pages/concerts/%5Bslug%5D/arena-1595f5991389ce40.js (1)
[21510:21510:0526/171010.872855:INFO:CONSOLE:1] "receivedAudienceUserStrip null", source: https://test.highloka.com/_next/static/chunks/pages/concerts/%5Bslug%5D/arena-1595f5991389ce40.js (1)
[21510:21510:0526/171011.027629:INFO:CONSOLE:79] "%c action %cSET_JW_VIDEO_PLAYER_CURRENT_VIDEO_TIME %c@ 17:10:11.027 color: gray; font-weight: lighter; color: inherit; color: gray; font-weight: lighter;", source: https://test.highloka.com/_next/static/chunks/pages/_app-4e0a347dc425d5bf.js (79)
[21510:21510:0526/171011.027697:INFO:CONSOLE:79] "%c prev state color: #9E9E9E; font-weight: bold [object Object]", source: https://test.highloka.com/_next/static/chunks/pages/_app-4e0a347dc425d5bf.js (79)
[21510:21510:0526/171011.027762:INFO:CONSOLE:79] "%c action     color: #03A9F4; font-weight: bold [object Object]", source: https://test.highloka.com/_next/static/chunks/pages/_app-4e0a347dc425d5bf.js (79)
[21510:21510:0526/171011.027830:INFO:CONSOLE:79] "%c next state color: #4CAF50; font-weight: bold [object Object]", source: https://test.highloka.com/_next/static/chunks/pages/_app-4e0a347dc425d5bf.js (79)
[21510:21510:0526/171011.027888:INFO:CONSOLE:79] "console.groupEnd", source: https://test.highloka.com/_next/static/chunks/pages/_app-4e0a347dc425d5bf.js (79)
[21510:21510:0526/171011.029502:INFO:CONSOLE:1] "ReactHlsPlayerComponent this.props play", source: https://test.highloka.com/_next/static/chunks/pages/concerts/%5Bslug%5D/arena-1595f5991389ce40.js (1)
[21510:21510:0526/171011.295482:INFO:CONSOLE:79] "%c action %cSET_JW_VIDEO_PLAYER_CURRENT_VIDEO_TIME %c@ 17:10:11.294 color: gray; font-weight: lighter; color: inherit; color: gray; font-weight: lighter;", source: https://test.highloka.com/_next/static/chunks/pages/_app-4e0a347dc425d5bf.js (79)
[21510:21510:0526/171011.296023:INFO:CONSOLE:79] "%c prev state color: #9E9E9E; font-weight: bold [object Object]", source: https://test.highloka.com/_next/static/chunks/pages/_app-4e0a347dc425d5bf.js (79)
[21510:21510:0526/171011.296819:INFO:CONSOLE:79] "%c action     color: #03A9F4; font-weight: bold [object Object]", source: https://test.highloka.com/_next/static/chunks/pages/_app-4e0a347dc425d5bf.js (79)
[21510:21510:0526/171011.297730:INFO:CONSOLE:79] "%c next state color: #4CAF50; font-weight: bold [object Object]", source: https://test.highloka.com/_next/static/chunks/pages/_app-4e0a347dc425d5bf.js (79)
[21510:21510:0526/171011.297909:INFO:CONSOLE:79] "console.groupEnd", source: https://test.highloka.com/_next/static/chunks/pages/_app-4e0a347dc425d5bf.js (79)
[21510:21510:0526/171011.307090:INFO:CONSOLE:1] "ReactHlsPlayerComponent this.props play", source: https://test.highloka.com/_next/static/chunks/pages/concerts/%5Bslug%5D/arena-1595f5991389ce40.js (1)
[21510:21510:0526/171011.559292:INFO:CONSOLE:79] "%c action %cSET_JW_VIDEO_PLAYER_CURRENT_VIDEO_TIME %c@ 17:10:11.558 color: gray; font-weight: lighter; color: inherit; color: gray; font-weight: lighter;", source: https://test.highloka.com/_next/static/chunks/pages/_app-4e0a347dc425d5bf.js (79)
[21510:21510:0526/171011.559398:INFO:CONSOLE:79] "%c prev state color: #9E9E9E; font-weight: bold [object Object]", source: https://test.highloka.com/_next/static/chunks/pages/_app-4e0a347dc425d5bf.js (79)
[21510:21510:0526/171011.559586:INFO:CONSOLE:79] "%c action     color: #03A9F4; font-weight: bold [object Object]", source: https://test.highloka.com/_next/static/chunks/pages/_app-4e0a347dc425d5bf.js (79)
[21510:21510:0526/171011.559741:INFO:CONSOLE:79] "%c next state color: #4CAF50; font-weight: bold [object Object]", source: https://test.highloka.com/_next/static/chunks/pages/_app-4e0a347dc425d5bf.js (79)
[21510:21510:0526/171011.559883:INFO:CONSOLE:79] "console.groupEnd", source: https://test.highloka.com/_next/static/chunks/pages/_app-4e0a347dc425d5bf.js (79)
[21510:21510:0526/171011.561883:INFO:CONSOLE:1] "ReactHlsPlayerComponent this.props play", source: https://test.highloka.com/_next/static/chunks/pages/concerts/%5Bslug%5D/arena-1595f5991389ce40.js (1)
[21510:21510:0526/171011.824576:INFO:CONSOLE:79] "%c action %cSET_JW_VIDEO_PLAYER_CURRENT_VIDEO_TIME %c@ 17:10:11.824 color: gray; font-weight: lighter; color: inherit; color: gray; font-weight: lighter;", source: https://test.highloka.com/_next/static/chunks/pages/_app-4e0a347dc425d5bf.js (79)
[21510:21510:0526/171011.824666:INFO:CONSOLE:79] "%c prev state color: #9E9E9E; font-weight: bold [object Object]", source: https://test.highloka.com/_next/static/chunks/pages/_app-4e0a347dc425d5bf.js (79)
[21510:21510:0526/171011.824800:INFO:CONSOLE:79] "%c action     color: #03A9F4; font-weight: bold [object Object]", source: https://test.highloka.com/_next/static/chunks/pages/_app-4e0a347dc425d5bf.js (79)
[21510:21510:0526/171011.824921:INFO:CONSOLE:79] "%c next state color: #4CAF50; font-weight: bold [object Object]", source: https://test.highloka.com/_next/static/chunks/pages/_app-4e0a347dc425d5bf.js (79)
[21510:21510:0526/171011.825030:INFO:CONSOLE:79] "console.groupEnd", source: https://test.highloka.com/_next/static/chunks/pages/_app-4e0a347dc425d5bf.js (79)
[21510:21510:0526/171011.826599:INFO:CONSOLE:1] "ReactHlsPlayerComponent this.props play", source: https://test.highloka.com/_next/static/chunks/pages/concerts/%5Bslug%5D/arena-1595f5991389ce40.js (1)
[21510:21510:0526/171012.090651:INFO:CONSOLE:79] "%c action %cSET_JW_VIDEO_PLAYER_CURRENT_VIDEO_TIME %c@ 17:10:12.090 color: gray; font-weight: lighter; color: inherit; color: gray; font-weight: lighter;", source: https://test.highloka.com/_next/static/chunks/pages/_app-4e0a347dc425d5bf.js (79)
[21510:21510:0526/171012.090839:INFO:CONSOLE:79] "%c prev state color: #9E9E9E; font-weight: bold [object Object]", source: https://test.highloka.com/_next/static/chunks/pages/_app-4e0a347dc425d5bf.js (79)
[21510:21510:0526/171012.091048:INFO:CONSOLE:79] "%c action     color: #03A9F4; font-weight: bold [object Object]", source: https://test.highloka.com/_next/static/chunks/pages/_app-4e0a347dc425d5bf.js (79)
[21510:21510:0526/171012.091258:INFO:CONSOLE:79] "%c next state color: #4CAF50; font-weight: bold [object Object]", source: https://test.highloka.com/_next/static/chunks/pages/_app-4e0a347dc425d5bf.js (79)
[21510:21510:0526/171012.091447:INFO:CONSOLE:79] "console.groupEnd", source: https://test.highloka.com/_next/static/chunks/pages/_app-4e0a347dc425d5bf.js (79)
[21510:21510:0526/171012.093729:INFO:CONSOLE:1] "ReactHlsPlayerComponent this.props play", source: https://test.highloka.com/_next/static/chunks/pages/concerts/%5Bslug%5D/arena-1595f5991389ce40.js (1)
[21510:21510:0526/171012.355943:INFO:CONSOLE:79] "%c action %cSET_JW_VIDEO_PLAYER_CURRENT_VIDEO_TIME %c@ 17:10:12.355 color: gray; font-weight: lighter; color: inherit; color: gray; font-weight: lighter;", source: https://test.highloka.com/_next/static/chunks/pages/_app-4e0a347dc425d5bf.js (79)
[21510:21510:0526/171012.356052:INFO:CONSOLE:79] "%c prev state color: #9E9E9E; font-weight: bold [object Object]", source: https://test.highloka.com/_next/static/chunks/pages/_app-4e0a347dc425d5bf.js (79)
[21510:21510:0526/171012.356279:INFO:CONSOLE:79] "%c action     color: #03A9F4; font-weight: bold [object Object]", source: https://test.highloka.com/_next/static/chunks/pages/_app-4e0a347dc425d5bf.js (79)
[21510:21510:0526/171012.356459:INFO:CONSOLE:79] "%c next state color: #4CAF50; font-weight: bold [object Object]", source: https://test.highloka.com/_next/static/chunks/pages/_app-4e0a347dc425d5bf.js (79)
[21510:21510:0526/171012.356508:INFO:CONSOLE:79] "console.groupEnd", source: https://test.highloka.com/_next/static/chunks/pages/_app-4e0a347dc425d5bf.js (79)
[21510:21510:0526/171012.358621:INFO:CONSOLE:1] "ReactHlsPlayerComponent this.props play", source: https://test.highloka.com/_next/static/chunks/pages/concerts/%5Bslug%5D/arena-1595f5991389ce40.js (1)
[21510:21510:0526/171012.621317:INFO:CONSOLE:79] "%c action %cSET_JW_VIDEO_PLAYER_CURRENT_VIDEO_TIME %c@ 17:10:12.621 color: gray; font-weight: lighter; color: inherit; color: gray; font-weight: lighter;", source: https://test.highloka.com/_next/static/chunks/pages/_app-4e0a347dc425d5bf.js (79)
[21510:21510:0526/171012.621398:INFO:CONSOLE:79] "%c prev state color: #9E9E9E; font-weight: bold [object Object]", source: https://test.highloka.com/_next/static/chunks/pages/_app-4e0a347dc425d5bf.js (79)
[21510:21510:0526/171012.621490:INFO:CONSOLE:79] "%c action     color: #03A9F4; font-weight: bold [object Object]", source: https://test.highloka.com/_next/static/chunks/pages/_app-4e0a347dc425d5bf.js (79)
[21510:21510:0526/171012.621634:INFO:CONSOLE:79] "%c next state color: #4CAF50; font-weight: bold [object Object]", source: https://test.highloka.com/_next/static/chunks/pages/_app-4e0a347dc425d5bf.js (79)
[21510:21510:0526/171012.621683:INFO:CONSOLE:79] "console.groupEnd", source: https://test.highloka.com/_next/static/chunks/pages/_app-4e0a347dc425d5bf.js (79)
[21510:21510:0526/171012.622750:INFO:CONSOLE:1] "ReactHlsPlayerComponent this.props play", source: https://test.highloka.com/_next/static/chunks/pages/concerts/%5Bslug%5D/arena-1595f5991389ce40.js (1)
[21510:21510:0526/171012.887521:INFO:CONSOLE:79] "%c action %cSET_JW_VIDEO_PLAYER_CURRENT_VIDEO_TIME %c@ 17:10:12.887 color: gray; font-weight: lighter; color: inherit; color: gray; font-weight: lighter;", source: https://test.highloka.com/_next/static/chunks/pages/_app-4e0a347dc425d5bf.js (79)
[21510:21510:0526/171012.887604:INFO:CONSOLE:79] "%c prev state color: #9E9E9E; font-weight: bold [object Object]", source: https://test.highloka.com/_next/static/chunks/pages/_app-4e0a347dc425d5bf.js (79)
[21510:21510:0526/171012.887692:INFO:CONSOLE:79] "%c action     color: #03A9F4; font-weight: bold [object Object]", source: https://test.highloka.com/_next/static/chunks/pages/_app-4e0a347dc425d5bf.js (79)
[21510:21510:0526/171012.887811:INFO:CONSOLE:79] "%c next state color: #4CAF50; font-weight: bold [object Object]", source: https://test.highloka.com/_next/static/chunks/pages/_app-4e0a347dc425d5bf.js (79)
[21510:21510:0526/171012.887899:INFO:CONSOLE:79] "console.groupEnd", source: https://test.highloka.com/_next/static/chunks/pages/_app-4e0a347dc425d5bf.js (79)
[21510:21510:0526/171012.889192:INFO:CONSOLE:1] "ReactHlsPlayerComponent this.props play", source: https://test.highloka.com/_next/static/chunks/pages/concerts/%5Bslug%5D/arena-1595f5991389ce40.js (1)
[21510:21510:0526/171012.986056:INFO:CONSOLE:79] "%c action %cSHOW_AUTO_HIDDEN_ES_VIDEO_PLAYER_CONTROLS %c@ 17:10:12.985 color: gray; font-weight: lighter; color: inherit; color: gray; font-weight: lighter;", source: https://test.highloka.com/_next/static/chunks/pages/_app-4e0a347dc425d5bf.js (79)
[21510:21510:0526/171012.986137:INFO:CONSOLE:79] "%c prev state color: #9E9E9E; font-weight: bold [object Object]", source: https://test.highloka.com/_next/static/chunks/pages/_app-4e0a347dc425d5bf.js (79)
[21510:21510:0526/171012.986432:INFO:CONSOLE:79] "%c action     color: #03A9F4; font-weight: bold [object Object]", source: https://test.highloka.com/_next/static/chunks/pages/_app-4e0a347dc425d5bf.js (79)
[21510:21510:0526/171012.986511:INFO:CONSOLE:79] "%c next state color: #4CAF50; font-weight: bold [object Object]", source: https://test.highloka.com/_next/static/chunks/pages/_app-4e0a347dc425d5bf.js (79)
[21510:21510:0526/171012.986543:INFO:CONSOLE:79] "console.groupEnd", source: https://test.highloka.com/_next/static/chunks/pages/_app-4e0a347dc425d5bf.js (79)
[21510:21510:0526/171012.986657:INFO:CONSOLE:67] "Showing Controls. ", source: https://test.highloka.com/_next/static/chunks/pages/_app-4e0a347dc425d5bf.js (67)
[21510:21510:0526/171012.986819:INFO:CONSOLE:67] "Showing Controls. ", source: https://test.highloka.com/_next/static/chunks/pages/_app-4e0a347dc425d5bf.js (67)
[21510:21510:0526/171012.987770:INFO:CONSOLE:1] "ReactHlsPlayerComponent this.props play", source: https://test.highloka.com/_next/static/chunks/pages/concerts/%5Bslug%5D/arena-1595f5991389ce40.js (1)
[21510:21510:0526/171013.001990:INFO:CONSOLE:79] "%c action %cSHOW_AUTO_HIDDEN_ES_VIDEO_PLAYER_CONTROLS %c@ 17:10:13.001 color: gray; font-weight: lighter; color: inherit; color: gray; font-weight: lighter;", source: https://test.highloka.com/_next/static/chunks/pages/_app-4e0a347dc425d5bf.js (79)
[21510:21510:0526/171013.002198:INFO:CONSOLE:79] "%c prev state color: #9E9E9E; font-weight: bold [object Object]", source: https://test.highloka.com/_next/static/chunks/pages/_app-4e0a347dc425d5bf.js (79)
[21510:21510:0526/171013.002498:INFO:CONSOLE:79] "%c action     color: #03A9F4; font-weight: bold [object Object]", source: https://test.highloka.com/_next/static/chunks/pages/_app-4e0a347dc425d5bf.js (79)
[21510:21510:0526/171013.002647:INFO:CONSOLE:79] "%c next state color: #4CAF50; font-weight: bold [object Object]", source: https://test.highloka.com/_next/static/chunks/pages/_app-4e0a347dc425d5bf.js (79)
[21510:21510:0526/171013.002812:INFO:CONSOLE:79] "console.groupEnd", source: https://test.highloka.com/_next/static/chunks/pages/_app-4e0a347dc425d5bf.js (79)
[21510:21510:0526/171013.003132:INFO:CONSOLE:67] "Showing Controls. ", source: https://test.highloka.com/_next/static/chunks/pages/_app-4e0a347dc425d5bf.js (67)
[21510:21510:0526/171013.003632:INFO:CONSOLE:67] "Showing Controls. ", source: https://test.highloka.com/_next/static/chunks/pages/_app-4e0a347dc425d5bf.js (67)
[21510:21510:0526/171013.004489:INFO:CONSOLE:1] "ReactHlsPlayerComponent this.props play", source: https://test.highloka.com/_next/static/chunks/pages/concerts/%5Bslug%5D/arena-1595f5991389ce40.js (1)
[21510:21510:0526/171013.023383:INFO:CONSOLE:79] "%c action %cSHOW_AUTO_HIDDEN_ES_VIDEO_PLAYER_CONTROLS %c@ 17:10:13.022 color: gray; font-weight: lighter; color: inherit; color: gray; font-weight: lighter;", source: https://test.highloka.com/_next/static/chunks/pages/_app-4e0a347dc425d5bf.js (79)
[21510:21510:0526/171013.023655:INFO:CONSOLE:79] "%c prev state color: #9E9E9E; font-weight: bold [object Object]", source: https://test.highloka.com/_next/static/chunks/pages/_app-4e0a347dc425d5bf.js (79)
[21510:21510:0526/171013.024231:INFO:CONSOLE:79] "%c action     color: #03A9F4; font-weight: bold [object Object]", source: https://test.highloka.com/_next/static/chunks/pages/_app-4e0a347dc425d5bf.js (79)
[21510:21510:0526/171013.024597:INFO:CONSOLE:79] "%c next state color: #4CAF50; font-weight: bold [object Object]", source: https://test.highloka.com/_next/static/chunks/pages/_app-4e0a347dc425d5bf.js (79)
[21510:21510:0526/171013.025073:INFO:CONSOLE:79] "console.groupEnd", source: https://test.highloka.com/_next/static/chunks/pages/_app-4e0a347dc425d5bf.js (79)
[21510:21510:0526/171013.029547:INFO:CONSOLE:67] "Showing Controls. ", source: https://test.highloka.com/_next/static/chunks/pages/_app-4e0a347dc425d5bf.js (67)
[21510:21510:0526/171013.029728:INFO:CONSOLE:67] "Showing Controls. ", source: https://test.highloka.com/_next/static/chunks/pages/_app-4e0a347dc425d5bf.js (67)
[21510:21510:0526/171013.029786:INFO:CONSOLE:1] "ReactHlsPlayerComponent this.props play", source: https://test.highloka.com/_next/static/chunks/pages/concerts/%5Bslug%5D/arena-1595f5991389ce40.js (1)
[21510:21510:0526/171013.038624:INFO:CONSOLE:79] "%c action %cSHOW_AUTO_HIDDEN_ES_VIDEO_PLAYER_CONTROLS %c@ 17:10:13.038 color: gray; font-weight: lighter; color: inherit; color: gray; font-weight: lighter;", source: https://test.highloka.com/_next/static/chunks/pages/_app-4e0a347dc425d5bf.js (79)
[21510:21510:0526/171013.038691:INFO:CONSOLE:79] "%c prev state color: #9E9E9E; font-weight: bold [object Object]", source: https://test.highloka.com/_next/static/chunks/pages/_app-4e0a347dc425d5bf.js (79)
[21510:21510:0526/171013.038947:INFO:CONSOLE:79] "%c action     color: #03A9F4; font-weight: bold [object Object]", source: https://test.highloka.com/_next/static/chunks/pages/_app-4e0a347dc425d5bf.js (79)
[21510:21510:0526/171013.039128:INFO:CONSOLE:79] "%c next state color: #4CAF50; font-weight: bold [object Object]", source: https://test.highloka.com/_next/static/chunks/pages/_app-4e0a347dc425d5bf.js (79)
[21510:21510:0526/171013.039240:INFO:CONSOLE:79] "console.groupEnd", source: https://test.highloka.com/_next/static/chunks/pages/_app-4e0a347dc425d5bf.js (79)
[21510:21510:0526/171013.039584:INFO:CONSOLE:67] "Showing Controls. ", source: https://test.highloka.com/_next/static/chunks/pages/_app-4e0a347dc425d5bf.js (67)
[21510:21510:0526/171013.039678:INFO:CONSOLE:67] "Showing Controls. ", source: https://test.highloka.com/_next/static/chunks/pages/_app-4e0a347dc425d5bf.js (67)
[21510:21510:0526/171013.040351:INFO:CONSOLE:1] "ReactHlsPlayerComponent this.props play", source: https://test.highloka.com/_next/static/chunks/pages/concerts/%5Bslug%5D/arena-1595f5991389ce40.js (1)
[21510:21510:0526/171013.052247:INFO:CONSOLE:79] "%c action %cSHOW_AUTO_HIDDEN_ES_VIDEO_PLAYER_CONTROLS %c@ 17:10:13.051 color: gray; font-weight: lighter; color: inherit; color: gray; font-weight: lighter;", source: https://test.highloka.com/_next/static/chunks/pages/_app-4e0a347dc425d5bf.js (79)
[21510:21510:0526/171013.052424:INFO:CONSOLE:79] "%c prev state color: #9E9E9E; font-weight: bold [object Object]", source: https://test.highloka.com/_next/static/chunks/pages/_app-4e0a347dc425d5bf.js (79)
[21510:21510:0526/171013.052900:INFO:CONSOLE:79] "%c action     color: #03A9F4; font-weight: bold [object Object]", source: https://test.highloka.com/_next/static/chunks/pages/_app-4e0a347dc425d5bf.js (79)
[21510:21510:0526/171013.053150:INFO:CONSOLE:79] "%c next state color: #4CAF50; font-weight: bold [object Object]", source: https://test.highloka.com/_next/static/chunks/pages/_app-4e0a347dc425d5bf.js (79)
[21510:21510:0526/171013.053469:INFO:CONSOLE:79] "console.groupEnd", source: https://test.highloka.com/_next/static/chunks/pages/_app-4e0a347dc425d5bf.js (79)
[21510:21510:0526/171013.053918:INFO:CONSOLE:67] "Showing Controls. ", source: https://test.highloka.com/_next/static/chunks/pages/_app-4e0a347dc425d5bf.js (67)
[21510:21510:0526/171013.054630:INFO:CONSOLE:67] "Showing Controls. ", source: https://test.highloka.com/_next/static/chunks/pages/_app-4e0a347dc425d5bf.js (67)
[21510:21510:0526/171013.055564:INFO:CONSOLE:1] "ReactHlsPlayerComponent this.props play", source: https://test.highloka.com/_next/static/chunks/pages/concerts/%5Bslug%5D/arena-1595f5991389ce40.js (1)
[21510:21510:0526/171013.079029:INFO:CONSOLE:79] "%c action %cSHOW_AUTO_HIDDEN_ES_VIDEO_PLAYER_CONTROLS %c@ 17:10:13.078 color: gray; font-weight: lighter; color: inherit; color: gray; font-weight: lighter;", source: https://test.highloka.com/_next/static/chunks/pages/_app-4e0a347dc425d5bf.js (79)
[21510:21510:0526/171013.079108:INFO:CONSOLE:79] "%c prev state color: #9E9E9E; font-weight: bold [object Object]", source: https://test.highloka.com/_next/static/chunks/pages/_app-4e0a347dc425d5bf.js (79)
[21510:21510:0526/171013.079139:INFO:CONSOLE:79] "%c action     color: #03A9F4; font-weight: bold [object Object]", source: https://test.highloka.com/_next/static/chunks/pages/_app-4e0a347dc425d5bf.js (79)
[21510:21510:0526/171013.079260:INFO:CONSOLE:79] "%c next state color: #4CAF50; font-weight: bold [object Object]", source: https://test.highloka.com/_next/static/chunks/pages/_app-4e0a347dc425d5bf.js (79)
[21510:21510:0526/171013.079355:INFO:CONSOLE:79] "console.groupEnd", source: https://test.highloka.com/_next/static/chunks/pages/_app-4e0a347dc425d5bf.js (79)
[21510:21510:0526/171013.079612:INFO:CONSOLE:67] "Showing Controls. ", source: https://test.highloka.com/_next/static/chunks/pages/_app-4e0a347dc425d5bf.js (67)
[21510:21510:0526/171013.079925:INFO:CONSOLE:67] "Showing Controls. ", source: https://test.highloka.com/_next/static/chunks/pages/_app-4e0a347dc425d5bf.js (67)
[21510:21510:0526/171013.080531:INFO:CONSOLE:1] "ReactHlsPlayerComponent this.props play", source: https://test.highloka.com/_next/static/chunks/pages/concerts/%5Bslug%5D/arena-1595f5991389ce40.js (1)
[21510:21510:0526/171013.104169:INFO:CONSOLE:79] "%c action %cSHOW_AUTO_HIDDEN_ES_VIDEO_PLAYER_CONTROLS %c@ 17:10:13.103 color: gray; font-weight: lighter; color: inherit; color: gray; font-weight: lighter;", source: https://test.highloka.com/_next/static/chunks/pages/_app-4e0a347dc425d5bf.js (79)
[21510:21510:0526/171013.104426:INFO:CONSOLE:79] "%c prev state color: #9E9E9E; font-weight: bold [object Object]", source: https://test.highloka.com/_next/static/chunks/pages/_app-4e0a347dc425d5bf.js (79)
[21510:21510:0526/171013.105020:INFO:CONSOLE:79] "%c action     color: #03A9F4; font-weight: bold [object Object]", source: https://test.highloka.com/_next/static/chunks/pages/_app-4e0a347dc425d5bf.js (79)
[21510:21510:0526/171013.105102:INFO:CONSOLE:79] "%c next state color: #4CAF50; font-weight: bold [object Object]", source: https://test.highloka.com/_next/static/chunks/pages/_app-4e0a347dc425d5bf.js (79)
[21510:21510:0526/171013.105200:INFO:CONSOLE:79] "console.groupEnd", source: https://test.highloka.com/_next/static/chunks/pages/_app-4e0a347dc425d5bf.js (79)
[21510:21510:0526/171013.105416:INFO:CONSOLE:67] "Showing Controls. ", source: https://test.highloka.com/_next/static/chunks/pages/_app-4e0a347dc425d5bf.js (67)
[21510:21510:0526/171013.105627:INFO:CONSOLE:67] "Showing Controls. ", source: https://test.highloka.com/_next/static/chunks/pages/_app-4e0a347dc425d5bf.js (67)
[21510:21510:0526/171013.106549:INFO:CONSOLE:1] "ReactHlsPlayerComponent this.props play", source: https://test.highloka.com/_next/static/chunks/pages/concerts/%5Bslug%5D/arena-1595f5991389ce40.js (1)
[21510:21510:0526/171013.155535:INFO:CONSOLE:79] "%c action %cSET_JW_VIDEO_PLAYER_CURRENT_VIDEO_TIME %c@ 17:10:13.153 color: gray; font-weight: lighter; color: inherit; color: gray; font-weight: lighter;", source: https://test.highloka.com/_next/static/chunks/pages/_app-4e0a347dc425d5bf.js (79)
[21510:21510:0526/171013.155894:INFO:CONSOLE:79] "%c prev state color: #9E9E9E; font-weight: bold [object Object]", source: https://test.highloka.com/_next/static/chunks/pages/_app-4e0a347dc425d5bf.js (79)
[21510:21510:0526/171013.156744:INFO:CONSOLE:79] "%c action     color: #03A9F4; font-weight: bold [object Object]", source: https://test.highloka.com/_next/static/chunks/pages/_app-4e0a347dc425d5bf.js (79)
[21510:21510:0526/171013.157525:INFO:CONSOLE:79] "%c next state color: #4CAF50; font-weight: bold [object Object]", source: https://test.highloka.com/_next/static/chunks/pages/_app-4e0a347dc425d5bf.js (79)
[21510:21510:0526/171013.158763:INFO:CONSOLE:79] "console.groupEnd", source: https://test.highloka.com/_next/static/chunks/pages/_app-4e0a347dc425d5bf.js (79)
[21510:21510:0526/171013.165809:INFO:CONSOLE:1] "ReactHlsPlayerComponent this.props play", source: https://test.highloka.com/_next/static/chunks/pages/concerts/%5Bslug%5D/arena-1595f5991389ce40.js (1)
[21510:21510:0526/171013.210331:INFO:CONSOLE:79] "%c action %cSHOW_AUTO_HIDDEN_ES_VIDEO_PLAYER_CONTROLS %c@ 17:10:13.208 color: gray; font-weight: lighter; color: inherit; color: gray; font-weight: lighter;", source: https://test.highloka.com/_next/static/chunks/pages/_app-4e0a347dc425d5bf.js (79)
[21510:21510:0526/171013.210490:INFO:CONSOLE:79] "%c prev state color: #9E9E9E; font-weight: bold [object Object]", source: https://test.highloka.com/_next/static/chunks/pages/_app-4e0a347dc425d5bf.js (79)
[21510:21510:0526/171013.210542:INFO:CONSOLE:79] "%c action     color: #03A9F4; font-weight: bold [object Object]", source: https://test.highloka.com/_next/static/chunks/pages/_app-4e0a347dc425d5bf.js (79)
[21510:21510:0526/171013.210581:INFO:CONSOLE:79] "%c next state color: #4CAF50; font-weight: bold [object Object]", source: https://test.highloka.com/_next/static/chunks/pages/_app-4e0a347dc425d5bf.js (79)
[21510:21510:0526/171013.210619:INFO:CONSOLE:79] "console.groupEnd", source: https://test.highloka.com/_next/static/chunks/pages/_app-4e0a347dc425d5bf.js (79)
[21510:21510:0526/171013.210655:INFO:CONSOLE:67] "Showing Controls. ", source: https://test.highloka.com/_next/static/chunks/pages/_app-4e0a347dc425d5bf.js (67)
[21510:21510:0526/171013.210718:INFO:CONSOLE:67] "Showing Controls. ", source: https://test.highloka.com/_next/static/chunks/pages/_app-4e0a347dc425d5bf.js (67)
[21510:21510:0526/171013.211297:INFO:CONSOLE:1] "ReactHlsPlayerComponent this.props play", source: https://test.highloka.com/_next/static/chunks/pages/concerts/%5Bslug%5D/arena-1595f5991389ce40.js (1)
[21510:21510:0526/171013.218628:INFO:CONSOLE:79] "%c action %cSHOW_AUTO_HIDDEN_ES_VIDEO_PLAYER_CONTROLS %c@ 17:10:13.217 color: gray; font-weight: lighter; color: inherit; color: gray; font-weight: lighter;", source: https://test.highloka.com/_next/static/chunks/pages/_app-4e0a347dc425d5bf.js (79)
[21510:21510:0526/171013.218775:INFO:CONSOLE:79] "%c prev state color: #9E9E9E; font-weight: bold [object Object]", source: https://test.highloka.com/_next/static/chunks/pages/_app-4e0a347dc425d5bf.js (79)
[21510:21510:0526/171013.218885:INFO:CONSOLE:79] "%c action     color: #03A9F4; font-weight: bold [object Object]", source: https://test.highloka.com/_next/static/chunks/pages/_app-4e0a347dc425d5bf.js (79)
[21510:21510:0526/171013.218984:INFO:CONSOLE:79] "%c next state color: #4CAF50; font-weight: bold [object Object]", source: https://test.highloka.com/_next/static/chunks/pages/_app-4e0a347dc425d5bf.js (79)
[21510:21510:0526/171013.219075:INFO:CONSOLE:79] "console.groupEnd", source: https://test.highloka.com/_next/static/chunks/pages/_app-4e0a347dc425d5bf.js (79)
[21510:21510:0526/171013.219272:INFO:CONSOLE:67] "Showing Controls. ", source: https://test.highloka.com/_next/static/chunks/pages/_app-4e0a347dc425d5bf.js (67)
[21510:21510:0526/171013.219428:INFO:CONSOLE:67] "Showing Controls. ", source: https://test.highloka.com/_next/static/chunks/pages/_app-4e0a347dc425d5bf.js (67)
[21510:21510:0526/171013.220123:INFO:CONSOLE:1] "ReactHlsPlayerComponent this.props play", source: https://test.highloka.com/_next/static/chunks/pages/concerts/%5Bslug%5D/arena-1595f5991389ce40.js (1)
[21510:21510:0526/171013.237327:INFO:CONSOLE:79] "%c action %cSHOW_AUTO_HIDDEN_ES_VIDEO_PLAYER_CONTROLS %c@ 17:10:13.236 color: gray; font-weight: lighter; color: inherit; color: gray; font-weight: lighter;", source: https://test.highloka.com/_next/static/chunks/pages/_app-4e0a347dc425d5bf.js (79)
[21510:21510:0526/171013.237498:INFO:CONSOLE:79] "%c prev state color: #9E9E9E; font-weight: bold [object Object]", source: https://test.highloka.com/_next/static/chunks/pages/_app-4e0a347dc425d5bf.js (79)
[21510:21510:0526/171013.237657:INFO:CONSOLE:79] "%c action     color: #03A9F4; font-weight: bold [object Object]", source: https://test.highloka.com/_next/static/chunks/pages/_app-4e0a347dc425d5bf.js (79)
[21510:21510:0526/171013.237895:INFO:CONSOLE:79] "%c next state color: #4CAF50; font-weight: bold [object Object]", source: https://test.highloka.com/_next/static/chunks/pages/_app-4e0a347dc425d5bf.js (79)
[21510:21510:0526/171013.238133:INFO:CONSOLE:79] "console.groupEnd", source: https://test.highloka.com/_next/static/chunks/pages/_app-4e0a347dc425d5bf.js (79)
[21510:21510:0526/171013.238621:INFO:CONSOLE:67] "Showing Controls. ", source: https://test.highloka.com/_next/static/chunks/pages/_app-4e0a347dc425d5bf.js (67)
[21510:21510:0526/171013.238901:INFO:CONSOLE:67] "Showing Controls. ", source: https://test.highloka.com/_next/static/chunks/pages/_app-4e0a347dc425d5bf.js (67)
[21510:21510:0526/171013.239903:INFO:CONSOLE:1] "ReactHlsPlayerComponent this.props play", source: https://test.highloka.com/_next/static/chunks/pages/concerts/%5Bslug%5D/arena-1595f5991389ce40.js (1)
[21510:21510:0526/171013.247380:INFO:CONSOLE:79] "%c action %cSHOW_AUTO_HIDDEN_ES_VIDEO_PLAYER_CONTROLS %c@ 17:10:13.246 color: gray; font-weight: lighter; color: inherit; color: gray; font-weight: lighter;", source: https://test.highloka.com/_next/static/chunks/pages/_app-4e0a347dc425d5bf.js (79)
[21510:21510:0526/171013.247497:INFO:CONSOLE:79] "%c prev state color: #9E9E9E; font-weight: bold [object Object]", source: https://test.highloka.com/_next/static/chunks/pages/_app-4e0a347dc425d5bf.js (79)
[21510:21510:0526/171013.247569:INFO:CONSOLE:79] "%c action     color: #03A9F4; font-weight: bold [object Object]", source: https://test.highloka.com/_next/static/chunks/pages/_app-4e0a347dc425d5bf.js (79)
[21510:21510:0526/171013.247606:INFO:CONSOLE:79] "%c next state color: #4CAF50; font-weight: bold [object Object]", source: https://test.highloka.com/_next/static/chunks/pages/_app-4e0a347dc425d5bf.js (79)
[21510:21510:0526/171013.247648:INFO:CONSOLE:79] "console.groupEnd", source: https://test.highloka.com/_next/static/chunks/pages/_app-4e0a347dc425d5bf.js (79)
[21510:21510:0526/171013.247758:INFO:CONSOLE:67] "Showing Controls. ", source: https://test.highloka.com/_next/static/chunks/pages/_app-4e0a347dc425d5bf.js (67)
[21510:21510:0526/171013.247830:INFO:CONSOLE:67] "Showing Controls. ", source: https://test.highloka.com/_next/static/chunks/pages/_app-4e0a347dc425d5bf.js (67)
[21510:21510:0526/171013.248075:INFO:CONSOLE:1] "ReactHlsPlayerComponent this.props play", source: https://test.highloka.com/_next/static/chunks/pages/concerts/%5Bslug%5D/arena-1595f5991389ce40.js (1)
[21510:21510:0526/171013.419315:INFO:CONSOLE:79] "%c action %cSET_JW_VIDEO_PLAYER_CURRENT_VIDEO_TIME %c@ 17:10:13.418 color: gray; font-weight: lighter; color: inherit; color: gray; font-weight: lighter;", source: https://test.highloka.com/_next/static/chunks/pages/_app-4e0a347dc425d5bf.js (79)
[21510:21510:0526/171013.419432:INFO:CONSOLE:79] "%c prev state color: #9E9E9E; font-weight: bold [object Object]", source: https://test.highloka.com/_next/static/chunks/pages/_app-4e0a347dc425d5bf.js (79)
[21510:21510:0526/171013.419808:INFO:CONSOLE:79] "%c action     color: #03A9F4; font-weight: bold [object Object]", source: https://test.highloka.com/_next/static/chunks/pages/_app-4e0a347dc425d5bf.js (79)
[21510:21510:0526/171013.420149:INFO:CONSOLE:79] "%c next state color: #4CAF50; font-weight: bold [object Object]", source: https://test.highloka.com/_next/static/chunks/pages/_app-4e0a347dc425d5bf.js (79)
[21510:21510:0526/171013.420552:INFO:CONSOLE:79] "console.groupEnd", source: https://test.highloka.com/_next/static/chunks/pages/_app-4e0a347dc425d5bf.js (79)
[21510:21510:0526/171013.424522:INFO:CONSOLE:1] "ReactHlsPlayerComponent this.props play", source: https://test.highloka.com/_next/static/chunks/pages/concerts/%5Bslug%5D/arena-1595f5991389ce40.js (1)
[21510:21510:0526/171013.684688:INFO:CONSOLE:79] "%c action %cSET_JW_VIDEO_PLAYER_CURRENT_VIDEO_TIME %c@ 17:10:13.683 color: gray; font-weight: lighter; color: inherit; color: gray; font-weight: lighter;", source: https://test.highloka.com/_next/static/chunks/pages/_app-4e0a347dc425d5bf.js (79)
[21510:21510:0526/171013.685172:INFO:CONSOLE:79] "%c prev state color: #9E9E9E; font-weight: bold [object Object]", source: https://test.highloka.com/_next/static/chunks/pages/_app-4e0a347dc425d5bf.js (79)
[21510:21510:0526/171013.685757:INFO:CONSOLE:79] "%c action     color: #03A9F4; font-weight: bold [object Object]", source: https://test.highloka.com/_next/static/chunks/pages/_app-4e0a347dc425d5bf.js (79)
[21510:21510:0526/171013.686225:INFO:CONSOLE:79] "%c next state color: #4CAF50; font-weight: bold [object Object]", source: https://test.highloka.com/_next/static/chunks/pages/_app-4e0a347dc425d5bf.js (79)
[21510:21510:0526/171013.686666:INFO:CONSOLE:79] "console.groupEnd", source: https://test.highloka.com/_next/static/chunks/pages/_app-4e0a347dc425d5bf.js (79)
[21510:21510:0526/171013.688751:INFO:CONSOLE:1] "ReactHlsPlayerComponent this.props play", source: https://test.highloka.com/_next/static/chunks/pages/concerts/%5Bslug%5D/arena-1595f5991389ce40.js (1)
[21510:21510:0526/171013.874067:INFO:CONSOLE:1] "receivedAudienceUserStrip null", source: https://test.highloka.com/_next/static/chunks/pages/concerts/%5Bslug%5D/arena-1595f5991389ce40.js (1)
[21510:21510:0526/171013.876756:INFO:CONSOLE:1] "receivedAudienceUserStrip null", source: https://test.highloka.com/_next/static/chunks/pages/concerts/%5Bslug%5D/arena-1595f5991389ce40.js (1)
[21510:21510:0526/171013.952029:INFO:CONSOLE:79] "%c action %cSET_JW_VIDEO_PLAYER_CURRENT_VIDEO_TIME %c@ 17:10:13.950 color: gray; font-weight: lighter; color: inherit; color: gray; font-weight: lighter;", source: https://test.highloka.com/_next/static/chunks/pages/_app-4e0a347dc425d5bf.js (79)
[21510:21510:0526/171013.952954:INFO:CONSOLE:79] "%c prev state color: #9E9E9E; font-weight: bold [object Object]", source: https://test.highloka.com/_next/static/chunks/pages/_app-4e0a347dc425d5bf.js (79)
[21510:21510:0526/171013.955418:INFO:CONSOLE:79] "%c action     color: #03A9F4; font-weight: bold [object Object]", source: https://test.highloka.com/_next/static/chunks/pages/_app-4e0a347dc425d5bf.js (79)
[21510:21510:0526/171013.955639:INFO:CONSOLE:79] "%c next state color: #4CAF50; font-weight: bold [object Object]", source: https://test.highloka.com/_next/static/chunks/pages/_app-4e0a347dc425d5bf.js (79)
[21510:21510:0526/171013.956591:INFO:CONSOLE:79] "console.groupEnd", source: https://test.highloka.com/_next/static/chunks/pages/_app-4e0a347dc425d5bf.js (79)
[21510:21510:0526/171013.964218:INFO:CONSOLE:1] "ReactHlsPlayerComponent this.props play", source: https://test.highloka.com/_next/static/chunks/pages/concerts/%5Bslug%5D/arena-1595f5991389ce40.js (1)
[21510:21510:0526/171014.217018:INFO:CONSOLE:79] "%c action %cSET_JW_VIDEO_PLAYER_CURRENT_VIDEO_TIME %c@ 17:10:14.215 color: gray; font-weight: lighter; color: inherit; color: gray; font-weight: lighter;", source: https://test.highloka.com/_next/static/chunks/pages/_app-4e0a347dc425d5bf.js (79)
[21510:21510:0526/171014.217186:INFO:CONSOLE:79] "%c prev state color: #9E9E9E; font-weight: bold [object Object]", source: https://test.highloka.com/_next/static/chunks/pages/_app-4e0a347dc425d5bf.js (79)
[21510:21510:0526/171014.217246:INFO:CONSOLE:79] "%c action     color: #03A9F4; font-weight: bold [object Object]", source: https://test.highloka.com/_next/static/chunks/pages/_app-4e0a347dc425d5bf.js (79)
[21510:21510:0526/171014.217303:INFO:CONSOLE:79] "%c next state color: #4CAF50; font-weight: bold [object Object]", source: https://test.highloka.com/_next/static/chunks/pages/_app-4e0a347dc425d5bf.js (79)
[21510:21510:0526/171014.217349:INFO:CONSOLE:79] "console.groupEnd", source: https://test.highloka.com/_next/static/chunks/pages/_app-4e0a347dc425d5bf.js (79)
[21510:21510:0526/171014.220326:INFO:CONSOLE:1] "ReactHlsPlayerComponent this.props play", source: https://test.highloka.com/_next/static/chunks/pages/concerts/%5Bslug%5D/arena-1595f5991389ce40.js (1)
[21510:21510:0526/171014.481917:INFO:CONSOLE:79] "%c action %cSET_JW_VIDEO_PLAYER_CURRENT_VIDEO_TIME %c@ 17:10:14.481 color: gray; font-weight: lighter; color: inherit; color: gray; font-weight: lighter;", source: https://test.highloka.com/_next/static/chunks/pages/_app-4e0a347dc425d5bf.js (79)
[21510:21510:0526/171014.482064:INFO:CONSOLE:79] "%c prev state color: #9E9E9E; font-weight: bold [object Object]", source: https://test.highloka.com/_next/static/chunks/pages/_app-4e0a347dc425d5bf.js (79)
[21510:21510:0526/171014.482433:INFO:CONSOLE:79] "%c action     color: #03A9F4; font-weight: bold [object Object]", source: https://test.highloka.com/_next/static/chunks/pages/_app-4e0a347dc425d5bf.js (79)
[21510:21510:0526/171014.482736:INFO:CONSOLE:79] "%c next state color: #4CAF50; font-weight: bold [object Object]", source: https://test.highloka.com/_next/static/chunks/pages/_app-4e0a347dc425d5bf.js (79)
[21510:21510:0526/171014.483244:INFO:CONSOLE:79] "console.groupEnd", source: https://test.highloka.com/_next/static/chunks/pages/_app-4e0a347dc425d5bf.js (79)
[21510:21510:0526/171014.492704:INFO:CONSOLE:1] "ReactHlsPlayerComponent this.props play", source: https://test.highloka.com/_next/static/chunks/pages/concerts/%5Bslug%5D/arena-1595f5991389ce40.js (1)
[21510:21510:0526/171014.748597:INFO:CONSOLE:79] "%c action %cSET_JW_VIDEO_PLAYER_CURRENT_VIDEO_TIME %c@ 17:10:14.747 color: gray; font-weight: lighter; color: inherit; color: gray; font-weight: lighter;", source: https://test.highloka.com/_next/static/chunks/pages/_app-4e0a347dc425d5bf.js (79)
[21510:21510:0526/171014.749101:INFO:CONSOLE:79] "%c prev state color: #9E9E9E; font-weight: bold [object Object]", source: https://test.highloka.com/_next/static/chunks/pages/_app-4e0a347dc425d5bf.js (79)
[21510:21510:0526/171014.750298:INFO:CONSOLE:79] "%c action     color: #03A9F4; font-weight: bold [object Object]", source: https://test.highloka.com/_next/static/chunks/pages/_app-4e0a347dc425d5bf.js (79)
[21510:21510:0526/171014.750528:INFO:CONSOLE:79] "%c next state color: #4CAF50; font-weight: bold [object Object]", source: https://test.highloka.com/_next/static/chunks/pages/_app-4e0a347dc425d5bf.js (79)
[21510:21510:0526/171014.751636:INFO:CONSOLE:79] "console.groupEnd", source: https://test.highloka.com/_next/static/chunks/pages/_app-4e0a347dc425d5bf.js (79)
[21510:21510:0526/171014.757149:INFO:CONSOLE:1] "ReactHlsPlayerComponent this.props play", source: https://test.highloka.com/_next/static/chunks/pages/concerts/%5Bslug%5D/arena-1595f5991389ce40.js (1)
[21510:21510:0526/171015.012598:INFO:CONSOLE:79] "%c action %cSET_JW_VIDEO_PLAYER_CURRENT_VIDEO_TIME %c@ 17:10:15.012 color: gray; font-weight: lighter; color: inherit; color: gray; font-weight: lighter;", source: https://test.highloka.com/_next/static/chunks/pages/_app-4e0a347dc425d5bf.js (79)
[21510:21510:0526/171015.012736:INFO:CONSOLE:79] "%c prev state color: #9E9E9E; font-weight: bold [object Object]", source: https://test.highloka.com/_next/static/chunks/pages/_app-4e0a347dc425d5bf.js (79)
[21510:21510:0526/171015.013032:INFO:CONSOLE:79] "%c action     color: #03A9F4; font-weight: bold [object Object]", source: https://test.highloka.com/_next/static/chunks/pages/_app-4e0a347dc425d5bf.js (79)
[21510:21510:0526/171015.013341:INFO:CONSOLE:79] "%c next state color: #4CAF50; font-weight: bold [object Object]", source: https://test.highloka.com/_next/static/chunks/pages/_app-4e0a347dc425d5bf.js (79)
[21510:21510:0526/171015.013562:INFO:CONSOLE:79] "console.groupEnd", source: https://test.highloka.com/_next/static/chunks/pages/_app-4e0a347dc425d5bf.js (79)
[21510:21510:0526/171015.016501:INFO:CONSOLE:1] "ReactHlsPlayerComponent this.props play", source: https://test.highloka.com/_next/static/chunks/pages/concerts/%5Bslug%5D/arena-1595f5991389ce40.js (1)
[21510:21510:0526/171015.248013:INFO:CONSOLE:67] "Hiding Controls.", source: https://test.highloka.com/_next/static/chunks/pages/_app-4e0a347dc425d5bf.js (67)
[21510:21510:0526/171015.248290:INFO:CONSOLE:79] "%c action %cHIDE_AUTO_HIDDEN_ES_VIDEO_PLAYER_CONTROLS %c@ 17:10:15.247 color: gray; font-weight: lighter; color: inherit; color: gray; font-weight: lighter;", source: https://test.highloka.com/_next/static/chunks/pages/_app-4e0a347dc425d5bf.js (79)
[21510:21510:0526/171015.248324:INFO:CONSOLE:79] "%c prev state color: #9E9E9E; font-weight: bold [object Object]", source: https://test.highloka.com/_next/static/chunks/pages/_app-4e0a347dc425d5bf.js (79)
[21510:21510:0526/171015.248471:INFO:CONSOLE:79] "%c action     color: #03A9F4; font-weight: bold [object Object]", source: https://test.highloka.com/_next/static/chunks/pages/_app-4e0a347dc425d5bf.js (79)
[21510:21510:0526/171015.248504:INFO:CONSOLE:79] "%c next state color: #4CAF50; font-weight: bold [object Object]", source: https://test.highloka.com/_next/static/chunks/pages/_app-4e0a347dc425d5bf.js (79)
[21510:21510:0526/171015.248567:INFO:CONSOLE:79] "console.groupEnd", source: https://test.highloka.com/_next/static/chunks/pages/_app-4e0a347dc425d5bf.js (79)
[21510:21510:0526/171015.248851:INFO:CONSOLE:1] "ReactHlsPlayerComponent this.props play", source: https://test.highloka.com/_next/static/chunks/pages/concerts/%5Bslug%5D/arena-1595f5991389ce40.js (1)
[21510:21510:0526/171015.248945:INFO:CONSOLE:67] "Hiding Controls.", source: https://test.highloka.com/_next/static/chunks/pages/_app-4e0a347dc425d5bf.js (67)
[21510:21510:0526/171015.249139:INFO:CONSOLE:79] "%c action %cHIDE_AUTO_HIDDEN_ES_VIDEO_PLAYER_CONTROLS %c@ 17:10:15.248 color: gray; font-weight: lighter; color: inherit; color: gray; font-weight: lighter;", source: https://test.highloka.com/_next/static/chunks/pages/_app-4e0a347dc425d5bf.js (79)
[21510:21510:0526/171015.249233:INFO:CONSOLE:79] "%c prev state color: #9E9E9E; font-weight: bold [object Object]", source: https://test.highloka.com/_next/static/chunks/pages/_app-4e0a347dc425d5bf.js (79)
[21510:21510:0526/171015.249446:INFO:CONSOLE:79] "%c action     color: #03A9F4; font-weight: bold [object Object]", source: https://test.highloka.com/_next/static/chunks/pages/_app-4e0a347dc425d5bf.js (79)
[21510:21510:0526/171015.249597:INFO:CONSOLE:79] "%c next state color: #4CAF50; font-weight: bold [object Object]", source: https://test.highloka.com/_next/static/chunks/pages/_app-4e0a347dc425d5bf.js (79)
[21510:21510:0526/171015.249753:INFO:CONSOLE:79] "console.groupEnd", source: https://test.highloka.com/_next/static/chunks/pages/_app-4e0a347dc425d5bf.js (79)
[21510:21510:0526/171015.250159:INFO:CONSOLE:1] "ReactHlsPlayerComponent this.props play", source: https://test.highloka.com/_next/static/chunks/pages/concerts/%5Bslug%5D/arena-1595f5991389ce40.js (1)
[21510:21510:0526/171015.277890:INFO:CONSOLE:79] "%c action %cSET_JW_VIDEO_PLAYER_CURRENT_VIDEO_TIME %c@ 17:10:15.277 color: gray; font-weight: lighter; color: inherit; color: gray; font-weight: lighter;", source: https://test.highloka.com/_next/static/chunks/pages/_app-4e0a347dc425d5bf.js (79)
[21510:21510:0526/171015.277985:INFO:CONSOLE:79] "%c prev state color: #9E9E9E; font-weight: bold [object Object]", source: https://test.highloka.com/_next/static/chunks/pages/_app-4e0a347dc425d5bf.js (79)
[21510:21510:0526/171015.278098:INFO:CONSOLE:79] "%c action     color: #03A9F4; font-weight: bold [object Object]", source: https://test.highloka.com/_next/static/chunks/pages/_app-4e0a347dc425d5bf.js (79)
[21510:21510:0526/171015.278294:INFO:CONSOLE:79] "%c next state color: #4CAF50; font-weight: bold [object Object]", source: https://test.highloka.com/_next/static/chunks/pages/_app-4e0a347dc425d5bf.js (79)
[21510:21510:0526/171015.278462:INFO:CONSOLE:79] "console.groupEnd", source: https://test.highloka.com/_next/static/chunks/pages/_app-4e0a347dc425d5bf.js (79)
[21510:21510:0526/171015.280171:INFO:CONSOLE:1] "ReactHlsPlayerComponent this.props play", source: https://test.highloka.com/_next/static/chunks/pages/concerts/%5Bslug%5D/arena-1595f5991389ce40.js (1)
[21510:21510:0526/171015.544073:INFO:CONSOLE:79] "%c action %cSET_JW_VIDEO_PLAYER_CURRENT_VIDEO_TIME %c@ 17:10:15.543 color: gray; font-weight: lighter; color: inherit; color: gray; font-weight: lighter;", source: https://test.highloka.com/_next/static/chunks/pages/_app-4e0a347dc425d5bf.js (79)
[21510:21510:0526/171015.544277:INFO:CONSOLE:79] "%c prev state color: #9E9E9E; font-weight: bold [object Object]", source: https://test.highloka.com/_next/static/chunks/pages/_app-4e0a347dc425d5bf.js (79)
[21510:21510:0526/171015.544622:INFO:CONSOLE:79] "%c action     color: #03A9F4; font-weight: bold [object Object]", source: https://test.highloka.com/_next/static/chunks/pages/_app-4e0a347dc425d5bf.js (79)
[21510:21510:0526/171015.545098:INFO:CONSOLE:79] "%c next state color: #4CAF50; font-weight: bold [object Object]", source: https://test.highloka.com/_next/static/chunks/pages/_app-4e0a347dc425d5bf.js (79)
[21510:21510:0526/171015.545436:INFO:CONSOLE:79] "console.groupEnd", source: https://test.highloka.com/_next/static/chunks/pages/_app-4e0a347dc425d5bf.js (79)
[21510:21510:0526/171015.549691:INFO:CONSOLE:1] "ReactHlsPlayerComponent this.props play", source: https://test.highloka.com/_next/static/chunks/pages/concerts/%5Bslug%5D/arena-1595f5991389ce40.js (1)
[21510:21510:0526/171015.809942:INFO:CONSOLE:79] "%c action %cSET_JW_VIDEO_PLAYER_CURRENT_VIDEO_TIME %c@ 17:10:15.809 color: gray; font-weight: lighter; color: inherit; color: gray; font-weight: lighter;", source: https://test.highloka.com/_next/static/chunks/pages/_app-4e0a347dc425d5bf.js (79)
[21510:21510:0526/171015.810024:INFO:CONSOLE:79] "%c prev state color: #9E9E9E; font-weight: bold [object Object]", source: https://test.highloka.com/_next/static/chunks/pages/_app-4e0a347dc425d5bf.js (79)
[21510:21510:0526/171015.810130:INFO:CONSOLE:79] "%c action     color: #03A9F4; font-weight: bold [object Object]", source: https://test.highloka.com/_next/static/chunks/pages/_app-4e0a347dc425d5bf.js (79)
[21510:21510:0526/171015.810864:INFO:CONSOLE:79] "%c next state color: #4CAF50; font-weight: bold [object Object]", source: https://test.highloka.com/_next/static/chunks/pages/_app-4e0a347dc425d5bf.js (79)
[21510:21510:0526/171015.811054:INFO:CONSOLE:79] "console.groupEnd", source: https://test.highloka.com/_next/static/chunks/pages/_app-4e0a347dc425d5bf.js (79)
[21510:21510:0526/171015.813098:INFO:CONSOLE:1] "ReactHlsPlayerComponent this.props play", source: https://test.highloka.com/_next/static/chunks/pages/concerts/%5Bslug%5D/arena-1595f5991389ce40.js (1)
[21510:21510:0526/171016.077266:INFO:CONSOLE:79] "%c action %cSET_JW_VIDEO_PLAYER_CURRENT_VIDEO_TIME %c@ 17:10:16.075 color: gray; font-weight: lighter; color: inherit; color: gray; font-weight: lighter;", source: https://test.highloka.com/_next/static/chunks/pages/_app-4e0a347dc425d5bf.js (79)
[21510:21510:0526/171016.078464:INFO:CONSOLE:79] "%c prev state color: #9E9E9E; font-weight: bold [object Object]", source: https://test.highloka.com/_next/static/chunks/pages/_app-4e0a347dc425d5bf.js (79)
[21510:21510:0526/171016.079112:INFO:CONSOLE:79] "%c action     color: #03A9F4; font-weight: bold [object Object]", source: https://test.highloka.com/_next/static/chunks/pages/_app-4e0a347dc425d5bf.js (79)
[21510:21510:0526/171016.079431:INFO:CONSOLE:79] "%c next state color: #4CAF50; font-weight: bold [object Object]", source: https://test.highloka.com/_next/static/chunks/pages/_app-4e0a347dc425d5bf.js (79)
[21510:21510:0526/171016.079835:INFO:CONSOLE:79] "console.groupEnd", source: https://test.highloka.com/_next/static/chunks/pages/_app-4e0a347dc425d5bf.js (79)
[21510:21510:0526/171016.083366:INFO:CONSOLE:1] "ReactHlsPlayerComponent this.props play", source: https://test.highloka.com/_next/static/chunks/pages/concerts/%5Bslug%5D/arena-1595f5991389ce40.js (1)
[21510:21510:0526/171016.341186:INFO:CONSOLE:79] "%c action %cSET_JW_VIDEO_PLAYER_CURRENT_VIDEO_TIME %c@ 17:10:16.340 color: gray; font-weight: lighter; color: inherit; color: gray; font-weight: lighter;", source: https://test.highloka.com/_next/static/chunks/pages/_app-4e0a347dc425d5bf.js (79)
[21510:21510:0526/171016.341284:INFO:CONSOLE:79] "%c prev state color: #9E9E9E; font-weight: bold [object Object]", source: https://test.highloka.com/_next/static/chunks/pages/_app-4e0a347dc425d5bf.js (79)
[21510:21510:0526/171016.341426:INFO:CONSOLE:79] "%c action     color: #03A9F4; font-weight: bold [object Object]", source: https://test.highloka.com/_next/static/chunks/pages/_app-4e0a347dc425d5bf.js (79)
[21510:21510:0526/171016.341587:INFO:CONSOLE:79] "%c next state color: #4CAF50; font-weight: bold [object Object]", source: https://test.highloka.com/_next/static/chunks/pages/_app-4e0a347dc425d5bf.js (79)
[21510:21510:0526/171016.341758:INFO:CONSOLE:79] "console.groupEnd", source: https://test.highloka.com/_next/static/chunks/pages/_app-4e0a347dc425d5bf.js (79)
[21510:21510:0526/171016.344072:INFO:CONSOLE:1] "ReactHlsPlayerComponent this.props play", source: https://test.highloka.com/_next/static/chunks/pages/concerts/%5Bslug%5D/arena-1595f5991389ce40.js (1)
[21510:21510:0526/171016.606853:INFO:CONSOLE:79] "%c action %cSET_JW_VIDEO_PLAYER_CURRENT_VIDEO_TIME %c@ 17:10:16.605 color: gray; font-weight: lighter; color: inherit; color: gray; font-weight: lighter;", source: https://test.highloka.com/_next/static/chunks/pages/_app-4e0a347dc425d5bf.js (79)
[21510:21510:0526/171016.607074:INFO:CONSOLE:79] "%c prev state color: #9E9E9E; font-weight: bold [object Object]", source: https://test.highloka.com/_next/static/chunks/pages/_app-4e0a347dc425d5bf.js (79)
[21510:21510:0526/171016.607626:INFO:CONSOLE:79] "%c action     color: #03A9F4; font-weight: bold [object Object]", source: https://test.highloka.com/_next/static/chunks/pages/_app-4e0a347dc425d5bf.js (79)
[21510:21510:0526/171016.607993:INFO:CONSOLE:79] "%c next state color: #4CAF50; font-weight: bold [object Object]", source: https://test.highloka.com/_next/static/chunks/pages/_app-4e0a347dc425d5bf.js (79)
[21510:21510:0526/171016.608358:INFO:CONSOLE:79] "console.groupEnd", source: https://test.highloka.com/_next/static/chunks/pages/_app-4e0a347dc425d5bf.js (79)
[21510:21510:0526/171016.611799:INFO:CONSOLE:1] "ReactHlsPlayerComponent this.props play", source: https://test.highloka.com/_next/static/chunks/pages/concerts/%5Bslug%5D/arena-1595f5991389ce40.js (1)
[21510:21510:0526/171016.676315:INFO:CONSOLE:79] "%c action %cSET_JW_VIDEO_PLAYER_CURRENT_VIDEO_TIME %c@ 17:10:16.672 color: gray; font-weight: lighter; color: inherit; color: gray; font-weight: lighter;", source: https://test.highloka.com/_next/static/chunks/pages/_app-4e0a347dc425d5bf.js (79)
[21510:21510:0526/171016.676556:INFO:CONSOLE:79] "%c prev state color: #9E9E9E; font-weight: bold [object Object]", source: https://test.highloka.com/_next/static/chunks/pages/_app-4e0a347dc425d5bf.js (79)
[21510:21510:0526/171016.677145:INFO:CONSOLE:79] "%c action     color: #03A9F4; font-weight: bold [object Object]", source: https://test.highloka.com/_next/static/chunks/pages/_app-4e0a347dc425d5bf.js (79)
[21510:21510:0526/171016.677337:INFO:CONSOLE:79] "%c next state color: #4CAF50; font-weight: bold [object Object]", source: https://test.highloka.com/_next/static/chunks/pages/_app-4e0a347dc425d5bf.js (79)
[21510:21510:0526/171016.681382:INFO:CONSOLE:79] "console.groupEnd", source: https://test.highloka.com/_next/static/chunks/pages/_app-4e0a347dc425d5bf.js (79)
[21510:21510:0526/171016.686630:INFO:CONSOLE:1] "ReactHlsPlayerComponent this.props play", source: https://test.highloka.com/_next/static/chunks/pages/concerts/%5Bslug%5D/arena-1595f5991389ce40.js (1)
[21510:21510:0526/171016.874490:INFO:CONSOLE:1] "receivedAudienceUserStrip null", source: https://test.highloka.com/_next/static/chunks/pages/concerts/%5Bslug%5D/arena-1595f5991389ce40.js (1)
[21510:21510:0526/171016.874806:INFO:CONSOLE:1] "receivedAudienceUserStrip null", source: https://test.highloka.com/_next/static/chunks/pages/concerts/%5Bslug%5D/arena-1595f5991389ce40.js (1)
[21510:21510:0526/171019.875153:INFO:CONSOLE:1] "receivedAudienceUserStrip null", source: https://test.highloka.com/_next/static/chunks/pages/concerts/%5Bslug%5D/arena-1595f5991389ce40.js (1)
[21510:21510:0526/171019.875437:INFO:CONSOLE:1] "receivedAudienceUserStrip null", source: https://test.highloka.com/_next/static/chunks/pages/concerts/%5Bslug%5D/arena-1595f5991389ce40.js (1)
[21510:21510:0526/171020.403812:INFO:CONSOLE:79] "%c action %cSHOW_AUTO_HIDDEN_ES_VIDEO_PLAYER_CONTROLS %c@ 17:10:20.403 color: gray; font-weight: lighter; color: inherit; color: gray; font-weight: lighter;", source: https://test.highloka.com/_next/static/chunks/pages/_app-4e0a347dc425d5bf.js (79)
[21510:21510:0526/171020.403923:INFO:CONSOLE:79] "%c prev state color: #9E9E9E; font-weight: bold [object Object]", source: https://test.highloka.com/_next/static/chunks/pages/_app-4e0a347dc425d5bf.js (79)
[21510:21510:0526/171020.404231:INFO:CONSOLE:79] "%c action     color: #03A9F4; font-weight: bold [object Object]", source: https://test.highloka.com/_next/static/chunks/pages/_app-4e0a347dc425d5bf.js (79)
[21510:21510:0526/171020.404401:INFO:CONSOLE:79] "%c next state color: #4CAF50; font-weight: bold [object Object]", source: https://test.highloka.com/_next/static/chunks/pages/_app-4e0a347dc425d5bf.js (79)
[21510:21510:0526/171020.404610:INFO:CONSOLE:79] "console.groupEnd", source: https://test.highloka.com/_next/static/chunks/pages/_app-4e0a347dc425d5bf.js (79)
[21510:21510:0526/171020.404875:INFO:CONSOLE:67] "Showing Controls. ", source: https://test.highloka.com/_next/static/chunks/pages/_app-4e0a347dc425d5bf.js (67)
[21510:21510:0526/171020.405301:INFO:CONSOLE:67] "Showing Controls. ", source: https://test.highloka.com/_next/static/chunks/pages/_app-4e0a347dc425d5bf.js (67)
[21510:21510:0526/171020.406048:INFO:CONSOLE:1] "ReactHlsPlayerComponent this.props play", source: https://test.highloka.com/_next/static/chunks/pages/concerts/%5Bslug%5D/arena-1595f5991389ce40.js (1)
[21510:21510:0526/171020.424648:INFO:CONSOLE:79] "%c action %cSHOW_AUTO_HIDDEN_ES_VIDEO_PLAYER_CONTROLS %c@ 17:10:20.423 color: gray; font-weight: lighter; color: inherit; color: gray; font-weight: lighter;", source: https://test.highloka.com/_next/static/chunks/pages/_app-4e0a347dc425d5bf.js (79)
[21510:21510:0526/171020.424936:INFO:CONSOLE:79] "%c prev state color: #9E9E9E; font-weight: bold [object Object]", source: https://test.highloka.com/_next/static/chunks/pages/_app-4e0a347dc425d5bf.js (79)
[21510:21510:0526/171020.425746:INFO:CONSOLE:79] "%c action     color: #03A9F4; font-weight: bold [object Object]", source: https://test.highloka.com/_next/static/chunks/pages/_app-4e0a347dc425d5bf.js (79)
[21510:21510:0526/171020.425925:INFO:CONSOLE:79] "%c next state color: #4CAF50; font-weight: bold [object Object]", source: https://test.highloka.com/_next/static/chunks/pages/_app-4e0a347dc425d5bf.js (79)
[21510:21510:0526/171020.426007:INFO:CONSOLE:79] "console.groupEnd", source: https://test.highloka.com/_next/static/chunks/pages/_app-4e0a347dc425d5bf.js (79)
[21510:21510:0526/171020.426711:INFO:CONSOLE:67] "Showing Controls. ", source: https://test.highloka.com/_next/static/chunks/pages/_app-4e0a347dc425d5bf.js (67)
[21510:21510:0526/171020.427222:INFO:CONSOLE:67] "Showing Controls. ", source: https://test.highloka.com/_next/static/chunks/pages/_app-4e0a347dc425d5bf.js (67)
[21510:21510:0526/171020.428249:INFO:CONSOLE:1] "ReactHlsPlayerComponent this.props play", source: https://test.highloka.com/_next/static/chunks/pages/concerts/%5Bslug%5D/arena-1595f5991389ce40.js (1)
[21510:21510:0526/171020.436018:INFO:CONSOLE:79] "%c action %cSHOW_AUTO_HIDDEN_ES_VIDEO_PLAYER_CONTROLS %c@ 17:10:20.435 color: gray; font-weight: lighter; color: inherit; color: gray; font-weight: lighter;", source: https://test.highloka.com/_next/static/chunks/pages/_app-4e0a347dc425d5bf.js (79)
[21510:21510:0526/171020.436111:INFO:CONSOLE:79] "%c prev state color: #9E9E9E; font-weight: bold [object Object]", source: https://test.highloka.com/_next/static/chunks/pages/_app-4e0a347dc425d5bf.js (79)
[21510:21510:0526/171020.436266:INFO:CONSOLE:79] "%c action     color: #03A9F4; font-weight: bold [object Object]", source: https://test.highloka.com/_next/static/chunks/pages/_app-4e0a347dc425d5bf.js (79)
[21510:21510:0526/171020.436368:INFO:CONSOLE:79] "%c next state color: #4CAF50; font-weight: bold [object Object]", source: https://test.highloka.com/_next/static/chunks/pages/_app-4e0a347dc425d5bf.js (79)
[21510:21510:0526/171020.436480:INFO:CONSOLE:79] "console.groupEnd", source: https://test.highloka.com/_next/static/chunks/pages/_app-4e0a347dc425d5bf.js (79)
[21510:21510:0526/171020.436674:INFO:CONSOLE:67] "Showing Controls. ", source: https://test.highloka.com/_next/static/chunks/pages/_app-4e0a347dc425d5bf.js (67)
[21510:21510:0526/171020.436875:INFO:CONSOLE:67] "Showing Controls. ", source: https://test.highloka.com/_next/static/chunks/pages/_app-4e0a347dc425d5bf.js (67)
[21510:21510:0526/171020.437716:INFO:CONSOLE:1] "ReactHlsPlayerComponent this.props play", source: https://test.highloka.com/_next/static/chunks/pages/concerts/%5Bslug%5D/arena-1595f5991389ce40.js (1)
[21510:21510:0526/171020.467191:INFO:CONSOLE:79] "%c action %cSHOW_AUTO_HIDDEN_ES_VIDEO_PLAYER_CONTROLS %c@ 17:10:20.466 color: gray; font-weight: lighter; color: inherit; color: gray; font-weight: lighter;", source: https://test.highloka.com/_next/static/chunks/pages/_app-4e0a347dc425d5bf.js (79)
[21510:21510:0526/171020.467271:INFO:CONSOLE:79] "%c prev state color: #9E9E9E; font-weight: bold [object Object]", source: https://test.highloka.com/_next/static/chunks/pages/_app-4e0a347dc425d5bf.js (79)
[21510:21510:0526/171020.467307:INFO:CONSOLE:79] "%c action     color: #03A9F4; font-weight: bold [object Object]", source: https://test.highloka.com/_next/static/chunks/pages/_app-4e0a347dc425d5bf.js (79)
[21510:21510:0526/171020.467362:INFO:CONSOLE:79] "%c next state color: #4CAF50; font-weight: bold [object Object]", source: https://test.highloka.com/_next/static/chunks/pages/_app-4e0a347dc425d5bf.js (79)
[21510:21510:0526/171020.467416:INFO:CONSOLE:79] "console.groupEnd", source: https://test.highloka.com/_next/static/chunks/pages/_app-4e0a347dc425d5bf.js (79)
[21510:21510:0526/171020.467527:INFO:CONSOLE:67] "Showing Controls. ", source: https://test.highloka.com/_next/static/chunks/pages/_app-4e0a347dc425d5bf.js (67)
[21510:21510:0526/171020.467620:INFO:CONSOLE:67] "Showing Controls. ", source: https://test.highloka.com/_next/static/chunks/pages/_app-4e0a347dc425d5bf.js (67)
[21510:21510:0526/171020.467968:INFO:CONSOLE:1] "ReactHlsPlayerComponent this.props play", source: https://test.highloka.com/_next/static/chunks/pages/concerts/%5Bslug%5D/arena-1595f5991389ce40.js (1)
[21510:21510:0526/171020.485651:INFO:CONSOLE:79] "%c action %cSHOW_AUTO_HIDDEN_ES_VIDEO_PLAYER_CONTROLS %c@ 17:10:20.485 color: gray; font-weight: lighter; color: inherit; color: gray; font-weight: lighter;", source: https://test.highloka.com/_next/static/chunks/pages/_app-4e0a347dc425d5bf.js (79)
[21510:21510:0526/171020.485705:INFO:CONSOLE:79] "%c prev state color: #9E9E9E; font-weight: bold [object Object]", source: https://test.highloka.com/_next/static/chunks/pages/_app-4e0a347dc425d5bf.js (79)
[21510:21510:0526/171020.485779:INFO:CONSOLE:79] "%c action     color: #03A9F4; font-weight: bold [object Object]", source: https://test.highloka.com/_next/static/chunks/pages/_app-4e0a347dc425d5bf.js (79)
[21510:21510:0526/171020.485853:INFO:CONSOLE:79] "%c next state color: #4CAF50; font-weight: bold [object Object]", source: https://test.highloka.com/_next/static/chunks/pages/_app-4e0a347dc425d5bf.js (79)
[21510:21510:0526/171020.485923:INFO:CONSOLE:79] "console.groupEnd", source: https://test.highloka.com/_next/static/chunks/pages/_app-4e0a347dc425d5bf.js (79)
[21510:21510:0526/171020.486033:INFO:CONSOLE:67] "Showing Controls. ", source: https://test.highloka.com/_next/static/chunks/pages/_app-4e0a347dc425d5bf.js (67)
[21510:21510:0526/171020.486132:INFO:CONSOLE:67] "Showing Controls. ", source: https://test.highloka.com/_next/static/chunks/pages/_app-4e0a347dc425d5bf.js (67)
[21510:21510:0526/171020.486432:INFO:CONSOLE:1] "ReactHlsPlayerComponent this.props play", source: https://test.highloka.com/_next/static/chunks/pages/concerts/%5Bslug%5D/arena-1595f5991389ce40.js (1)
[21510:21510:0526/171020.503900:INFO:CONSOLE:79] "%c action %cSHOW_AUTO_HIDDEN_ES_VIDEO_PLAYER_CONTROLS %c@ 17:10:20.503 color: gray; font-weight: lighter; color: inherit; color: gray; font-weight: lighter;", source: https://test.highloka.com/_next/static/chunks/pages/_app-4e0a347dc425d5bf.js (79)
[21510:21510:0526/171020.504064:INFO:CONSOLE:79] "%c prev state color: #9E9E9E; font-weight: bold [object Object]", source: https://test.highloka.com/_next/static/chunks/pages/_app-4e0a347dc425d5bf.js (79)
[21510:21510:0526/171020.504539:INFO:CONSOLE:79] "%c action     color: #03A9F4; font-weight: bold [object Object]", source: https://test.highloka.com/_next/static/chunks/pages/_app-4e0a347dc425d5bf.js (79)
[21510:21510:0526/171020.504654:INFO:CONSOLE:79] "%c next state color: #4CAF50; font-weight: bold [object Object]", source: https://test.highloka.com/_next/static/chunks/pages/_app-4e0a347dc425d5bf.js (79)
[21510:21510:0526/171020.504781:INFO:CONSOLE:79] "console.groupEnd", source: https://test.highloka.com/_next/static/chunks/pages/_app-4e0a347dc425d5bf.js (79)
[21510:21510:0526/171020.505104:INFO:CONSOLE:67] "Showing Controls. ", source: https://test.highloka.com/_next/static/chunks/pages/_app-4e0a347dc425d5bf.js (67)
[21510:21510:0526/171020.505480:INFO:CONSOLE:67] "Showing Controls. ", source: https://test.highloka.com/_next/static/chunks/pages/_app-4e0a347dc425d5bf.js (67)
[21510:21510:0526/171020.506406:INFO:CONSOLE:1] "ReactHlsPlayerComponent this.props play", source: https://test.highloka.com/_next/static/chunks/pages/concerts/%5Bslug%5D/arena-1595f5991389ce40.js (1)
[21510:21510:0526/171020.519046:INFO:CONSOLE:79] "%c action %cSHOW_AUTO_HIDDEN_ES_VIDEO_PLAYER_CONTROLS %c@ 17:10:20.518 color: gray; font-weight: lighter; color: inherit; color: gray; font-weight: lighter;", source: https://test.highloka.com/_next/static/chunks/pages/_app-4e0a347dc425d5bf.js (79)
[21510:21510:0526/171020.519288:INFO:CONSOLE:79] "%c prev state color: #9E9E9E; font-weight: bold [object Object]", source: https://test.highloka.com/_next/static/chunks/pages/_app-4e0a347dc425d5bf.js (79)
[21510:21510:0526/171020.519611:INFO:CONSOLE:79] "%c action     color: #03A9F4; font-weight: bold [object Object]", source: https://test.highloka.com/_next/static/chunks/pages/_app-4e0a347dc425d5bf.js (79)
[21510:21510:0526/171020.520060:INFO:CONSOLE:79] "%c next state color: #4CAF50; font-weight: bold [object Object]", source: https://test.highloka.com/_next/static/chunks/pages/_app-4e0a347dc425d5bf.js (79)
[21510:21510:0526/171020.520147:INFO:CONSOLE:79] "console.groupEnd", source: https://test.highloka.com/_next/static/chunks/pages/_app-4e0a347dc425d5bf.js (79)
[21510:21510:0526/171020.520454:INFO:CONSOLE:67] "Showing Controls. ", source: https://test.highloka.com/_next/static/chunks/pages/_app-4e0a347dc425d5bf.js (67)
[21510:21510:0526/171020.520767:INFO:CONSOLE:67] "Showing Controls. ", source: https://test.highloka.com/_next/static/chunks/pages/_app-4e0a347dc425d5bf.js (67)
[21510:21510:0526/171020.521656:INFO:CONSOLE:1] "ReactHlsPlayerComponent this.props play", source: https://test.highloka.com/_next/static/chunks/pages/concerts/%5Bslug%5D/arena-1595f5991389ce40.js (1)
[21510:21510:0526/171020.537063:INFO:CONSOLE:79] "%c action %cSHOW_AUTO_HIDDEN_ES_VIDEO_PLAYER_CONTROLS %c@ 17:10:20.536 color: gray; font-weight: lighter; color: inherit; color: gray; font-weight: lighter;", source: https://test.highloka.com/_next/static/chunks/pages/_app-4e0a347dc425d5bf.js (79)
[21510:21510:0526/171020.537263:INFO:CONSOLE:79] "%c prev state color: #9E9E9E; font-weight: bold [object Object]", source: https://test.highloka.com/_next/static/chunks/pages/_app-4e0a347dc425d5bf.js (79)
[21510:21510:0526/171020.537363:INFO:CONSOLE:79] "%c action     color: #03A9F4; font-weight: bold [object Object]", source: https://test.highloka.com/_next/static/chunks/pages/_app-4e0a347dc425d5bf.js (79)
[21510:21510:0526/171020.537430:INFO:CONSOLE:79] "%c next state color: #4CAF50; font-weight: bold [object Object]", source: https://test.highloka.com/_next/static/chunks/pages/_app-4e0a347dc425d5bf.js (79)
[21510:21510:0526/171020.537600:INFO:CONSOLE:79] "console.groupEnd", source: https://test.highloka.com/_next/static/chunks/pages/_app-4e0a347dc425d5bf.js (79)
[21510:21510:0526/171020.537929:INFO:CONSOLE:67] "Showing Controls. ", source: https://test.highloka.com/_next/static/chunks/pages/_app-4e0a347dc425d5bf.js (67)
[21510:21510:0526/171020.538276:INFO:CONSOLE:67] "Showing Controls. ", source: https://test.highloka.com/_next/static/chunks/pages/_app-4e0a347dc425d5bf.js (67)
[21510:21510:0526/171020.539117:INFO:CONSOLE:1] "ReactHlsPlayerComponent this.props play", source: https://test.highloka.com/_next/static/chunks/pages/concerts/%5Bslug%5D/arena-1595f5991389ce40.js (1)
[21510:21510:0526/171020.554196:INFO:CONSOLE:79] "%c action %cSHOW_AUTO_HIDDEN_ES_VIDEO_PLAYER_CONTROLS %c@ 17:10:20.553 color: gray; font-weight: lighter; color: inherit; color: gray; font-weight: lighter;", source: https://test.highloka.com/_next/static/chunks/pages/_app-4e0a347dc425d5bf.js (79)
[21510:21510:0526/171020.554322:INFO:CONSOLE:79] "%c prev state color: #9E9E9E; font-weight: bold [object Object]", source: https://test.highloka.com/_next/static/chunks/pages/_app-4e0a347dc425d5bf.js (79)
[21510:21510:0526/171020.554370:INFO:CONSOLE:79] "%c action     color: #03A9F4; font-weight: bold [object Object]", source: https://test.highloka.com/_next/static/chunks/pages/_app-4e0a347dc425d5bf.js (79)
[21510:21510:0526/171020.554521:INFO:CONSOLE:79] "%c next state color: #4CAF50; font-weight: bold [object Object]", source: https://test.highloka.com/_next/static/chunks/pages/_app-4e0a347dc425d5bf.js (79)
[21510:21510:0526/171020.554622:INFO:CONSOLE:79] "console.groupEnd", source: https://test.highloka.com/_next/static/chunks/pages/_app-4e0a347dc425d5bf.js (79)
[21510:21510:0526/171020.554913:INFO:CONSOLE:67] "Showing Controls. ", source: https://test.highloka.com/_next/static/chunks/pages/_app-4e0a347dc425d5bf.js (67)
[21510:21510:0526/171020.555346:INFO:CONSOLE:67] "Showing Controls. ", source: https://test.highloka.com/_next/static/chunks/pages/_app-4e0a347dc425d5bf.js (67)
[21510:21510:0526/171020.556277:INFO:CONSOLE:1] "ReactHlsPlayerComponent this.props play", source: https://test.highloka.com/_next/static/chunks/pages/concerts/%5Bslug%5D/arena-1595f5991389ce40.js (1)
[21510:21510:0526/171020.568564:INFO:CONSOLE:79] "%c action %cSHOW_AUTO_HIDDEN_ES_VIDEO_PLAYER_CONTROLS %c@ 17:10:20.567 color: gray; font-weight: lighter; color: inherit; color: gray; font-weight: lighter;", source: https://test.highloka.com/_next/static/chunks/pages/_app-4e0a347dc425d5bf.js (79)
[21510:21510:0526/171020.568688:INFO:CONSOLE:79] "%c prev state color: #9E9E9E; font-weight: bold [object Object]", source: https://test.highloka.com/_next/static/chunks/pages/_app-4e0a347dc425d5bf.js (79)
[21510:21510:0526/171020.568857:INFO:CONSOLE:79] "%c action     color: #03A9F4; font-weight: bold [object Object]", source: https://test.highloka.com/_next/static/chunks/pages/_app-4e0a347dc425d5bf.js (79)
[21510:21510:0526/171020.569022:INFO:CONSOLE:79] "%c next state color: #4CAF50; font-weight: bold [object Object]", source: https://test.highloka.com/_next/static/chunks/pages/_app-4e0a347dc425d5bf.js (79)
[21510:21510:0526/171020.569106:INFO:CONSOLE:79] "console.groupEnd", source: https://test.highloka.com/_next/static/chunks/pages/_app-4e0a347dc425d5bf.js (79)
[21510:21510:0526/171020.569323:INFO:CONSOLE:67] "Showing Controls. ", source: https://test.highloka.com/_next/static/chunks/pages/_app-4e0a347dc425d5bf.js (67)
[21510:21510:0526/171020.569526:INFO:CONSOLE:67] "Showing Controls. ", source: https://test.highloka.com/_next/static/chunks/pages/_app-4e0a347dc425d5bf.js (67)
[21510:21510:0526/171020.570051:INFO:CONSOLE:1] "ReactHlsPlayerComponent this.props play", source: https://test.highloka.com/_next/static/chunks/pages/concerts/%5Bslug%5D/arena-1595f5991389ce40.js (1)
[21510:21510:0526/171020.588105:INFO:CONSOLE:79] "%c action %cSHOW_AUTO_HIDDEN_ES_VIDEO_PLAYER_CONTROLS %c@ 17:10:20.587 color: gray; font-weight: lighter; color: inherit; color: gray; font-weight: lighter;", source: https://test.highloka.com/_next/static/chunks/pages/_app-4e0a347dc425d5bf.js (79)
[21510:21510:0526/171020.588310:INFO:CONSOLE:79] "%c prev state color: #9E9E9E; font-weight: bold [object Object]", source: https://test.highloka.com/_next/static/chunks/pages/_app-4e0a347dc425d5bf.js (79)
[21510:21510:0526/171020.588710:INFO:CONSOLE:79] "%c action     color: #03A9F4; font-weight: bold [object Object]", source: https://test.highloka.com/_next/static/chunks/pages/_app-4e0a347dc425d5bf.js (79)
[21510:21510:0526/171020.588957:INFO:CONSOLE:79] "%c next state color: #4CAF50; font-weight: bold [object Object]", source: https://test.highloka.com/_next/static/chunks/pages/_app-4e0a347dc425d5bf.js (79)
[21510:21510:0526/171020.589272:INFO:CONSOLE:79] "console.groupEnd", source: https://test.highloka.com/_next/static/chunks/pages/_app-4e0a347dc425d5bf.js (79)
[21510:21510:0526/171020.590056:INFO:CONSOLE:67] "Showing Controls. ", source: https://test.highloka.com/_next/static/chunks/pages/_app-4e0a347dc425d5bf.js (67)
[21510:21510:0526/171020.590586:INFO:CONSOLE:67] "Showing Controls. ", source: https://test.highloka.com/_next/static/chunks/pages/_app-4e0a347dc425d5bf.js (67)
[21510:21510:0526/171020.591596:INFO:CONSOLE:1] "ReactHlsPlayerComponent this.props play", source: https://test.highloka.com/_next/static/chunks/pages/concerts/%5Bslug%5D/arena-1595f5991389ce40.js (1)
[21510:21510:0526/171020.602305:INFO:CONSOLE:79] "%c action %cSHOW_AUTO_HIDDEN_ES_VIDEO_PLAYER_CONTROLS %c@ 17:10:20.601 color: gray; font-weight: lighter; color: inherit; color: gray; font-weight: lighter;", source: https://test.highloka.com/_next/static/chunks/pages/_app-4e0a347dc425d5bf.js (79)
[21510:21510:0526/171020.602426:INFO:CONSOLE:79] "%c prev state color: #9E9E9E; font-weight: bold [object Object]", source: https://test.highloka.com/_next/static/chunks/pages/_app-4e0a347dc425d5bf.js (79)
[21510:21510:0526/171020.602792:INFO:CONSOLE:79] "%c action     color: #03A9F4; font-weight: bold [object Object]", source: https://test.highloka.com/_next/static/chunks/pages/_app-4e0a347dc425d5bf.js (79)
[21510:21510:0526/171020.602940:INFO:CONSOLE:79] "%c next state color: #4CAF50; font-weight: bold [object Object]", source: https://test.highloka.com/_next/static/chunks/pages/_app-4e0a347dc425d5bf.js (79)
[21510:21510:0526/171020.603117:INFO:CONSOLE:79] "console.groupEnd", source: https://test.highloka.com/_next/static/chunks/pages/_app-4e0a347dc425d5bf.js (79)
[21510:21510:0526/171020.603473:INFO:CONSOLE:67] "Showing Controls. ", source: https://test.highloka.com/_next/static/chunks/pages/_app-4e0a347dc425d5bf.js (67)
[21510:21510:0526/171020.603818:INFO:CONSOLE:67] "Showing Controls. ", source: https://test.highloka.com/_next/static/chunks/pages/_app-4e0a347dc425d5bf.js (67)
[21510:21510:0526/171020.604516:INFO:CONSOLE:1] "ReactHlsPlayerComponent this.props play", source: https://test.highloka.com/_next/static/chunks/pages/concerts/%5Bslug%5D/arena-1595f5991389ce40.js (1)
[21510:21510:0526/171020.621858:INFO:CONSOLE:79] "%c action %cSHOW_AUTO_HIDDEN_ES_VIDEO_PLAYER_CONTROLS %c@ 17:10:20.620 color: gray; font-weight: lighter; color: inherit; color: gray; font-weight: lighter;", source: https://test.highloka.com/_next/static/chunks/pages/_app-4e0a347dc425d5bf.js (79)
[21510:21510:0526/171020.622135:INFO:CONSOLE:79] "%c prev state color: #9E9E9E; font-weight: bold [object Object]", source: https://test.highloka.com/_next/static/chunks/pages/_app-4e0a347dc425d5bf.js (79)
[21510:21510:0526/171020.622279:INFO:CONSOLE:79] "%c action     color: #03A9F4; font-weight: bold [object Object]", source: https://test.highloka.com/_next/static/chunks/pages/_app-4e0a347dc425d5bf.js (79)
[21510:21510:0526/171020.622370:INFO:CONSOLE:79] "%c next state color: #4CAF50; font-weight: bold [object Object]", source: https://test.highloka.com/_next/static/chunks/pages/_app-4e0a347dc425d5bf.js (79)
[21510:21510:0526/171020.622780:INFO:CONSOLE:79] "console.groupEnd", source: https://test.highloka.com/_next/static/chunks/pages/_app-4e0a347dc425d5bf.js (79)
[21510:21510:0526/171020.622943:INFO:CONSOLE:67] "Showing Controls. ", source: https://test.highloka.com/_next/static/chunks/pages/_app-4e0a347dc425d5bf.js (67)
[21510:21510:0526/171020.623090:INFO:CONSOLE:67] "Showing Controls. ", source: https://test.highloka.com/_next/static/chunks/pages/_app-4e0a347dc425d5bf.js (67)
[21510:21510:0526/171020.623992:INFO:CONSOLE:1] "ReactHlsPlayerComponent this.props play", source: https://test.highloka.com/_next/static/chunks/pages/concerts/%5Bslug%5D/arena-1595f5991389ce40.js (1)
[21510:21510:0526/171020.635806:INFO:CONSOLE:79] "%c action %cSHOW_AUTO_HIDDEN_ES_VIDEO_PLAYER_CONTROLS %c@ 17:10:20.634 color: gray; font-weight: lighter; color: inherit; color: gray; font-weight: lighter;", source: https://test.highloka.com/_next/static/chunks/pages/_app-4e0a347dc425d5bf.js (79)
[21510:21510:0526/171020.636006:INFO:CONSOLE:79] "%c prev state color: #9E9E9E; font-weight: bold [object Object]", source: https://test.highloka.com/_next/static/chunks/pages/_app-4e0a347dc425d5bf.js (79)
[21510:21510:0526/171020.636431:INFO:CONSOLE:79] "%c action     color: #03A9F4; font-weight: bold [object Object]", source: https://test.highloka.com/_next/static/chunks/pages/_app-4e0a347dc425d5bf.js (79)
[21510:21510:0526/171020.636640:INFO:CONSOLE:79] "%c next state color: #4CAF50; font-weight: bold [object Object]", source: https://test.highloka.com/_next/static/chunks/pages/_app-4e0a347dc425d5bf.js (79)
[21510:21510:0526/171020.636948:INFO:CONSOLE:79] "console.groupEnd", source: https://test.highloka.com/_next/static/chunks/pages/_app-4e0a347dc425d5bf.js (79)
[21510:21510:0526/171020.637408:INFO:CONSOLE:67] "Showing Controls. ", source: https://test.highloka.com/_next/static/chunks/pages/_app-4e0a347dc425d5bf.js (67)
[21510:21510:0526/171020.637793:INFO:CONSOLE:67] "Showing Controls. ", source: https://test.highloka.com/_next/static/chunks/pages/_app-4e0a347dc425d5bf.js (67)
[21510:21510:0526/171020.638853:INFO:CONSOLE:1] "ReactHlsPlayerComponent this.props play", source: https://test.highloka.com/_next/static/chunks/pages/concerts/%5Bslug%5D/arena-1595f5991389ce40.js (1)
[21510:21510:0526/171020.654983:INFO:CONSOLE:79] "%c action %cSHOW_AUTO_HIDDEN_ES_VIDEO_PLAYER_CONTROLS %c@ 17:10:20.654 color: gray; font-weight: lighter; color: inherit; color: gray; font-weight: lighter;", source: https://test.highloka.com/_next/static/chunks/pages/_app-4e0a347dc425d5bf.js (79)
[21510:21510:0526/171020.655168:INFO:CONSOLE:79] "%c prev state color: #9E9E9E; font-weight: bold [object Object]", source: https://test.highloka.com/_next/static/chunks/pages/_app-4e0a347dc425d5bf.js (79)
[21510:21510:0526/171020.656052:INFO:CONSOLE:79] "%c action     color: #03A9F4; font-weight: bold [object Object]", source: https://test.highloka.com/_next/static/chunks/pages/_app-4e0a347dc425d5bf.js (79)
[21510:21510:0526/171020.656415:INFO:CONSOLE:79] "%c next state color: #4CAF50; font-weight: bold [object Object]", source: https://test.highloka.com/_next/static/chunks/pages/_app-4e0a347dc425d5bf.js (79)
[21510:21510:0526/171020.656623:INFO:CONSOLE:79] "console.groupEnd", source: https://test.highloka.com/_next/static/chunks/pages/_app-4e0a347dc425d5bf.js (79)
[21510:21510:0526/171020.657058:INFO:CONSOLE:67] "Showing Controls. ", source: https://test.highloka.com/_next/static/chunks/pages/_app-4e0a347dc425d5bf.js (67)
[21510:21510:0526/171020.657620:INFO:CONSOLE:67] "Showing Controls. ", source: https://test.highloka.com/_next/static/chunks/pages/_app-4e0a347dc425d5bf.js (67)
[21510:21510:0526/171020.659023:INFO:CONSOLE:1] "ReactHlsPlayerComponent this.props play", source: https://test.highloka.com/_next/static/chunks/pages/concerts/%5Bslug%5D/arena-1595f5991389ce40.js (1)
[21510:21510:0526/171020.673629:INFO:CONSOLE:79] "%c action %cSHOW_AUTO_HIDDEN_ES_VIDEO_PLAYER_CONTROLS %c@ 17:10:20.672 color: gray; font-weight: lighter; color: inherit; color: gray; font-weight: lighter;", source: https://test.highloka.com/_next/static/chunks/pages/_app-4e0a347dc425d5bf.js (79)
[21510:21510:0526/171020.673794:INFO:CONSOLE:79] "%c prev state color: #9E9E9E; font-weight: bold [object Object]", source: https://test.highloka.com/_next/static/chunks/pages/_app-4e0a347dc425d5bf.js (79)
[21510:21510:0526/171020.674160:INFO:CONSOLE:79] "%c action     color: #03A9F4; font-weight: bold [object Object]", source: https://test.highloka.com/_next/static/chunks/pages/_app-4e0a347dc425d5bf.js (79)
[21510:21510:0526/171020.674418:INFO:CONSOLE:79] "%c next state color: #4CAF50; font-weight: bold [object Object]", source: https://test.highloka.com/_next/static/chunks/pages/_app-4e0a347dc425d5bf.js (79)
[21510:21510:0526/171020.674674:INFO:CONSOLE:79] "console.groupEnd", source: https://test.highloka.com/_next/static/chunks/pages/_app-4e0a347dc425d5bf.js (79)
[21510:21510:0526/171020.675103:INFO:CONSOLE:67] "Showing Controls. ", source: https://test.highloka.com/_next/static/chunks/pages/_app-4e0a347dc425d5bf.js (67)
[21510:21510:0526/171020.675584:INFO:CONSOLE:67] "Showing Controls. ", source: https://test.highloka.com/_next/static/chunks/pages/_app-4e0a347dc425d5bf.js (67)
[21510:21510:0526/171020.676563:INFO:CONSOLE:1] "ReactHlsPlayerComponent this.props play", source: https://test.highloka.com/_next/static/chunks/pages/concerts/%5Bslug%5D/arena-1595f5991389ce40.js (1)
[21510:21510:0526/171020.685528:INFO:CONSOLE:79] "%c action %cSHOW_AUTO_HIDDEN_ES_VIDEO_PLAYER_CONTROLS %c@ 17:10:20.684 color: gray; font-weight: lighter; color: inherit; color: gray; font-weight: lighter;", source: https://test.highloka.com/_next/static/chunks/pages/_app-4e0a347dc425d5bf.js (79)
[21510:21510:0526/171020.685715:INFO:CONSOLE:79] "%c prev state color: #9E9E9E; font-weight: bold [object Object]", source: https://test.highloka.com/_next/static/chunks/pages/_app-4e0a347dc425d5bf.js (79)
[21510:21510:0526/171020.685970:INFO:CONSOLE:79] "%c action     color: #03A9F4; font-weight: bold [object Object]", source: https://test.highloka.com/_next/static/chunks/pages/_app-4e0a347dc425d5bf.js (79)
[21510:21510:0526/171020.686919:INFO:CONSOLE:79] "%c next state color: #4CAF50; font-weight: bold [object Object]", source: https://test.highloka.com/_next/static/chunks/pages/_app-4e0a347dc425d5bf.js (79)
[21510:21510:0526/171020.687058:INFO:CONSOLE:79] "console.groupEnd", source: https://test.highloka.com/_next/static/chunks/pages/_app-4e0a347dc425d5bf.js (79)
[21510:21510:0526/171020.687166:INFO:CONSOLE:67] "Showing Controls. ", source: https://test.highloka.com/_next/static/chunks/pages/_app-4e0a347dc425d5bf.js (67)
[21510:21510:0526/171020.687632:INFO:CONSOLE:67] "Showing Controls. ", source: https://test.highloka.com/_next/static/chunks/pages/_app-4e0a347dc425d5bf.js (67)
[21510:21510:0526/171020.688383:INFO:CONSOLE:1] "ReactHlsPlayerComponent this.props play", source: https://test.highloka.com/_next/static/chunks/pages/concerts/%5Bslug%5D/arena-1595f5991389ce40.js (1)
[21510:21510:0526/171020.706168:INFO:CONSOLE:79] "%c action %cSHOW_AUTO_HIDDEN_ES_VIDEO_PLAYER_CONTROLS %c@ 17:10:20.705 color: gray; font-weight: lighter; color: inherit; color: gray; font-weight: lighter;", source: https://test.highloka.com/_next/static/chunks/pages/_app-4e0a347dc425d5bf.js (79)
[21510:21510:0526/171020.706398:INFO:CONSOLE:79] "%c prev state color: #9E9E9E; font-weight: bold [object Object]", source: https://test.highloka.com/_next/static/chunks/pages/_app-4e0a347dc425d5bf.js (79)
[21510:21510:0526/171020.706742:INFO:CONSOLE:79] "%c action     color: #03A9F4; font-weight: bold [object Object]", source: https://test.highloka.com/_next/static/chunks/pages/_app-4e0a347dc425d5bf.js (79)
[21510:21510:0526/171020.707105:INFO:CONSOLE:79] "%c next state color: #4CAF50; font-weight: bold [object Object]", source: https://test.highloka.com/_next/static/chunks/pages/_app-4e0a347dc425d5bf.js (79)
[21510:21510:0526/171020.707345:INFO:CONSOLE:79] "console.groupEnd", source: https://test.highloka.com/_next/static/chunks/pages/_app-4e0a347dc425d5bf.js (79)
[21510:21510:0526/171020.707781:INFO:CONSOLE:67] "Showing Controls. ", source: https://test.highloka.com/_next/static/chunks/pages/_app-4e0a347dc425d5bf.js (67)
[21510:21510:0526/171020.708292:INFO:CONSOLE:67] "Showing Controls. ", source: https://test.highloka.com/_next/static/chunks/pages/_app-4e0a347dc425d5bf.js (67)
[21510:21510:0526/171020.709364:INFO:CONSOLE:1] "ReactHlsPlayerComponent this.props play", source: https://test.highloka.com/_next/static/chunks/pages/concerts/%5Bslug%5D/arena-1595f5991389ce40.js (1)
[21510:21510:0526/171020.719138:INFO:CONSOLE:79] "%c action %cSHOW_AUTO_HIDDEN_ES_VIDEO_PLAYER_CONTROLS %c@ 17:10:20.718 color: gray; font-weight: lighter; color: inherit; color: gray; font-weight: lighter;", source: https://test.highloka.com/_next/static/chunks/pages/_app-4e0a347dc425d5bf.js (79)
[21510:21510:0526/171020.719355:INFO:CONSOLE:79] "%c prev state color: #9E9E9E; font-weight: bold [object Object]", source: https://test.highloka.com/_next/static/chunks/pages/_app-4e0a347dc425d5bf.js (79)
[21510:21510:0526/171020.719446:INFO:CONSOLE:79] "%c action     color: #03A9F4; font-weight: bold [object Object]", source: https://test.highloka.com/_next/static/chunks/pages/_app-4e0a347dc425d5bf.js (79)
[21510:21510:0526/171020.719698:INFO:CONSOLE:79] "%c next state color: #4CAF50; font-weight: bold [object Object]", source: https://test.highloka.com/_next/static/chunks/pages/_app-4e0a347dc425d5bf.js (79)
[21510:21510:0526/171020.720125:INFO:CONSOLE:79] "console.groupEnd", source: https://test.highloka.com/_next/static/chunks/pages/_app-4e0a347dc425d5bf.js (79)
[21510:21510:0526/171020.720483:INFO:CONSOLE:67] "Showing Controls. ", source: https://test.highloka.com/_next/static/chunks/pages/_app-4e0a347dc425d5bf.js (67)
[21510:21510:0526/171020.720916:INFO:CONSOLE:67] "Showing Controls. ", source: https://test.highloka.com/_next/static/chunks/pages/_app-4e0a347dc425d5bf.js (67)
[21510:21510:0526/171020.722047:INFO:CONSOLE:1] "ReactHlsPlayerComponent this.props play", source: https://test.highloka.com/_next/static/chunks/pages/concerts/%5Bslug%5D/arena-1595f5991389ce40.js (1)
[21510:21510:0526/171022.733901:INFO:CONSOLE:67] "Hiding Controls.", source: https://test.highloka.com/_next/static/chunks/pages/_app-4e0a347dc425d5bf.js (67)
[21510:21510:0526/171022.736576:INFO:CONSOLE:79] "%c action %cHIDE_AUTO_HIDDEN_ES_VIDEO_PLAYER_CONTROLS %c@ 17:10:22.733 color: gray; font-weight: lighter; color: inherit; color: gray; font-weight: lighter;", source: https://test.highloka.com/_next/static/chunks/pages/_app-4e0a347dc425d5bf.js (79)
[21510:21510:0526/171022.736804:INFO:CONSOLE:79] "%c prev state color: #9E9E9E; font-weight: bold [object Object]", source: https://test.highloka.com/_next/static/chunks/pages/_app-4e0a347dc425d5bf.js (79)
[21510:21510:0526/171022.736899:INFO:CONSOLE:79] "%c action     color: #03A9F4; font-weight: bold [object Object]", source: https://test.highloka.com/_next/static/chunks/pages/_app-4e0a347dc425d5bf.js (79)
[21510:21510:0526/171022.736953:INFO:CONSOLE:79] "%c next state color: #4CAF50; font-weight: bold [object Object]", source: https://test.highloka.com/_next/static/chunks/pages/_app-4e0a347dc425d5bf.js (79)
[21510:21510:0526/171022.737044:INFO:CONSOLE:79] "console.groupEnd", source: https://test.highloka.com/_next/static/chunks/pages/_app-4e0a347dc425d5bf.js (79)
[21510:21510:0526/171022.737462:INFO:CONSOLE:1] "ReactHlsPlayerComponent this.props play", source: https://test.highloka.com/_next/static/chunks/pages/concerts/%5Bslug%5D/arena-1595f5991389ce40.js (1)
[21510:21510:0526/171022.737719:INFO:CONSOLE:67] "Hiding Controls.", source: https://test.highloka.com/_next/static/chunks/pages/_app-4e0a347dc425d5bf.js (67)
[21510:21510:0526/171022.738475:INFO:CONSOLE:79] "%c action %cHIDE_AUTO_HIDDEN_ES_VIDEO_PLAYER_CONTROLS %c@ 17:10:22.737 color: gray; font-weight: lighter; color: inherit; color: gray; font-weight: lighter;", source: https://test.highloka.com/_next/static/chunks/pages/_app-4e0a347dc425d5bf.js (79)
[21510:21510:0526/171022.738633:INFO:CONSOLE:79] "%c prev state color: #9E9E9E; font-weight: bold [object Object]", source: https://test.highloka.com/_next/static/chunks/pages/_app-4e0a347dc425d5bf.js (79)
[21510:21510:0526/171022.739046:INFO:CONSOLE:79] "%c action     color: #03A9F4; font-weight: bold [object Object]", source: https://test.highloka.com/_next/static/chunks/pages/_app-4e0a347dc425d5bf.js (79)
[21510:21510:0526/171022.739476:INFO:CONSOLE:79] "%c next state color: #4CAF50; font-weight: bold [object Object]", source: https://test.highloka.com/_next/static/chunks/pages/_app-4e0a347dc425d5bf.js (79)
[21510:21510:0526/171022.739855:INFO:CONSOLE:79] "console.groupEnd", source: https://test.highloka.com/_next/static/chunks/pages/_app-4e0a347dc425d5bf.js (79)
[21510:21510:0526/171022.740986:INFO:CONSOLE:1] "ReactHlsPlayerComponent this.props play", source: https://test.highloka.com/_next/static/chunks/pages/concerts/%5Bslug%5D/arena-1595f5991389ce40.js (1)
[21510:21510:0526/171022.875703:INFO:CONSOLE:1] "receivedAudienceUserStrip null", source: https://test.highloka.com/_next/static/chunks/pages/concerts/%5Bslug%5D/arena-1595f5991389ce40.js (1)
[21510:21510:0526/171022.876198:INFO:CONSOLE:1] "receivedAudienceUserStrip null", source: https://test.highloka.com/_next/static/chunks/pages/concerts/%5Bslug%5D/arena-1595f5991389ce40.js (1)
[21510:21510:0526/171023.386646:INFO:CONSOLE:79] "%c action %cSHOW_AUTO_HIDDEN_ES_VIDEO_PLAYER_CONTROLS %c@ 17:10:23.386 color: gray; font-weight: lighter; color: inherit; color: gray; font-weight: lighter;", source: https://test.highloka.com/_next/static/chunks/pages/_app-4e0a347dc425d5bf.js (79)
[21510:21510:0526/171023.386775:INFO:CONSOLE:79] "%c prev state color: #9E9E9E; font-weight: bold [object Object]", source: https://test.highloka.com/_next/static/chunks/pages/_app-4e0a347dc425d5bf.js (79)
[21510:21510:0526/171023.386883:INFO:CONSOLE:79] "%c action     color: #03A9F4; font-weight: bold [object Object]", source: https://test.highloka.com/_next/static/chunks/pages/_app-4e0a347dc425d5bf.js (79)
[21510:21510:0526/171023.387027:INFO:CONSOLE:79] "%c next state color: #4CAF50; font-weight: bold [object Object]", source: https://test.highloka.com/_next/static/chunks/pages/_app-4e0a347dc425d5bf.js (79)
[21510:21510:0526/171023.387129:INFO:CONSOLE:79] "console.groupEnd", source: https://test.highloka.com/_next/static/chunks/pages/_app-4e0a347dc425d5bf.js (79)
[21510:21510:0526/171023.387409:INFO:CONSOLE:67] "Showing Controls. ", source: https://test.highloka.com/_next/static/chunks/pages/_app-4e0a347dc425d5bf.js (67)
[21510:21510:0526/171023.387678:INFO:CONSOLE:67] "Showing Controls. ", source: https://test.highloka.com/_next/static/chunks/pages/_app-4e0a347dc425d5bf.js (67)
[21510:21510:0526/171023.388568:INFO:CONSOLE:1] "ReactHlsPlayerComponent this.props play", source: https://test.highloka.com/_next/static/chunks/pages/concerts/%5Bslug%5D/arena-1595f5991389ce40.js (1)
[21510:21510:0526/171023.400374:INFO:CONSOLE:79] "%c action %cSHOW_AUTO_HIDDEN_ES_VIDEO_PLAYER_CONTROLS %c@ 17:10:23.399 color: gray; font-weight: lighter; color: inherit; color: gray; font-weight: lighter;", source: https://test.highloka.com/_next/static/chunks/pages/_app-4e0a347dc425d5bf.js (79)
[21510:21510:0526/171023.400460:INFO:CONSOLE:79] "%c prev state color: #9E9E9E; font-weight: bold [object Object]", source: https://test.highloka.com/_next/static/chunks/pages/_app-4e0a347dc425d5bf.js (79)
[21510:21510:0526/171023.400652:INFO:CONSOLE:79] "%c action     color: #03A9F4; font-weight: bold [object Object]", source: https://test.highloka.com/_next/static/chunks/pages/_app-4e0a347dc425d5bf.js (79)
[21510:21510:0526/171023.400737:INFO:CONSOLE:79] "%c next state color: #4CAF50; font-weight: bold [object Object]", source: https://test.highloka.com/_next/static/chunks/pages/_app-4e0a347dc425d5bf.js (79)
[21510:21510:0526/171023.400825:INFO:CONSOLE:79] "console.groupEnd", source: https://test.highloka.com/_next/static/chunks/pages/_app-4e0a347dc425d5bf.js (79)
[21510:21510:0526/171023.401029:INFO:CONSOLE:67] "Showing Controls. ", source: https://test.highloka.com/_next/static/chunks/pages/_app-4e0a347dc425d5bf.js (67)
[21510:21510:0526/171023.401226:INFO:CONSOLE:67] "Showing Controls. ", source: https://test.highloka.com/_next/static/chunks/pages/_app-4e0a347dc425d5bf.js (67)
[21510:21510:0526/171023.401965:INFO:CONSOLE:1] "ReactHlsPlayerComponent this.props play", source: https://test.highloka.com/_next/static/chunks/pages/concerts/%5Bslug%5D/arena-1595f5991389ce40.js (1)
[21510:21510:0526/171023.423740:INFO:CONSOLE:79] "%c action %cSHOW_AUTO_HIDDEN_ES_VIDEO_PLAYER_CONTROLS %c@ 17:10:23.422 color: gray; font-weight: lighter; color: inherit; color: gray; font-weight: lighter;", source: https://test.highloka.com/_next/static/chunks/pages/_app-4e0a347dc425d5bf.js (79)
[21510:21510:0526/171023.423980:INFO:CONSOLE:79] "%c prev state color: #9E9E9E; font-weight: bold [object Object]", source: https://test.highloka.com/_next/static/chunks/pages/_app-4e0a347dc425d5bf.js (79)
[21510:21510:0526/171023.424438:INFO:CONSOLE:79] "%c action     color: #03A9F4; font-weight: bold [object Object]", source: https://test.highloka.com/_next/static/chunks/pages/_app-4e0a347dc425d5bf.js (79)
[21510:21510:0526/171023.424697:INFO:CONSOLE:79] "%c next state color: #4CAF50; font-weight: bold [object Object]", source: https://test.highloka.com/_next/static/chunks/pages/_app-4e0a347dc425d5bf.js (79)
[21510:21510:0526/171023.425005:INFO:CONSOLE:79] "console.groupEnd", source: https://test.highloka.com/_next/static/chunks/pages/_app-4e0a347dc425d5bf.js (79)
[21510:21510:0526/171023.425634:INFO:CONSOLE:67] "Showing Controls. ", source: https://test.highloka.com/_next/static/chunks/pages/_app-4e0a347dc425d5bf.js (67)
[21510:21510:0526/171023.426275:INFO:CONSOLE:67] "Showing Controls. ", source: https://test.highloka.com/_next/static/chunks/pages/_app-4e0a347dc425d5bf.js (67)
[21510:21510:0526/171023.427551:INFO:CONSOLE:1] "ReactHlsPlayerComponent this.props play", source: https://test.highloka.com/_next/static/chunks/pages/concerts/%5Bslug%5D/arena-1595f5991389ce40.js (1)
[21510:21510:0526/171023.439417:INFO:CONSOLE:79] "%c action %cSHOW_AUTO_HIDDEN_ES_VIDEO_PLAYER_CONTROLS %c@ 17:10:23.439 color: gray; font-weight: lighter; color: inherit; color: gray; font-weight: lighter;", source: https://test.highloka.com/_next/static/chunks/pages/_app-4e0a347dc425d5bf.js (79)
[21510:21510:0526/171023.439514:INFO:CONSOLE:79] "%c prev state color: #9E9E9E; font-weight: bold [object Object]", source: https://test.highloka.com/_next/static/chunks/pages/_app-4e0a347dc425d5bf.js (79)
[21510:21510:0526/171023.439627:INFO:CONSOLE:79] "%c action     color: #03A9F4; font-weight: bold [object Object]", source: https://test.highloka.com/_next/static/chunks/pages/_app-4e0a347dc425d5bf.js (79)
[21510:21510:0526/171023.439695:INFO:CONSOLE:79] "%c next state color: #4CAF50; font-weight: bold [object Object]", source: https://test.highloka.com/_next/static/chunks/pages/_app-4e0a347dc425d5bf.js (79)
[21510:21510:0526/171023.439769:INFO:CONSOLE:79] "console.groupEnd", source: https://test.highloka.com/_next/static/chunks/pages/_app-4e0a347dc425d5bf.js (79)
[21510:21510:0526/171023.439934:INFO:CONSOLE:67] "Showing Controls. ", source: https://test.highloka.com/_next/static/chunks/pages/_app-4e0a347dc425d5bf.js (67)
[21510:21510:0526/171023.440078:INFO:CONSOLE:67] "Showing Controls. ", source: https://test.highloka.com/_next/static/chunks/pages/_app-4e0a347dc425d5bf.js (67)
[21510:21510:0526/171023.440516:INFO:CONSOLE:1] "ReactHlsPlayerComponent this.props play", source: https://test.highloka.com/_next/static/chunks/pages/concerts/%5Bslug%5D/arena-1595f5991389ce40.js (1)
[21510:21510:0526/171023.458751:INFO:CONSOLE:79] "%c action %cSHOW_AUTO_HIDDEN_ES_VIDEO_PLAYER_CONTROLS %c@ 17:10:23.457 color: gray; font-weight: lighter; color: inherit; color: gray; font-weight: lighter;", source: https://test.highloka.com/_next/static/chunks/pages/_app-4e0a347dc425d5bf.js (79)
[21510:21510:0526/171023.458939:INFO:CONSOLE:79] "%c prev state color: #9E9E9E; font-weight: bold [object Object]", source: https://test.highloka.com/_next/static/chunks/pages/_app-4e0a347dc425d5bf.js (79)
[21510:21510:0526/171023.459377:INFO:CONSOLE:79] "%c action     color: #03A9F4; font-weight: bold [object Object]", source: https://test.highloka.com/_next/static/chunks/pages/_app-4e0a347dc425d5bf.js (79)
[21510:21510:0526/171023.459692:INFO:CONSOLE:79] "%c next state color: #4CAF50; font-weight: bold [object Object]", source: https://test.highloka.com/_next/static/chunks/pages/_app-4e0a347dc425d5bf.js (79)
[21510:21510:0526/171023.459882:INFO:CONSOLE:79] "console.groupEnd", source: https://test.highloka.com/_next/static/chunks/pages/_app-4e0a347dc425d5bf.js (79)
[21510:21510:0526/171023.460274:INFO:CONSOLE:67] "Showing Controls. ", source: https://test.highloka.com/_next/static/chunks/pages/_app-4e0a347dc425d5bf.js (67)
[21510:21510:0526/171023.460674:INFO:CONSOLE:67] "Showing Controls. ", source: https://test.highloka.com/_next/static/chunks/pages/_app-4e0a347dc425d5bf.js (67)
[21510:21510:0526/171023.461840:INFO:CONSOLE:1] "ReactHlsPlayerComponent this.props play", source: https://test.highloka.com/_next/static/chunks/pages/concerts/%5Bslug%5D/arena-1595f5991389ce40.js (1)
[21510:21510:0526/171025.460815:INFO:CONSOLE:67] "Hiding Controls.", source: https://test.highloka.com/_next/static/chunks/pages/_app-4e0a347dc425d5bf.js (67)
[21510:21510:0526/171025.461512:INFO:CONSOLE:79] "%c action %cHIDE_AUTO_HIDDEN_ES_VIDEO_PLAYER_CONTROLS %c@ 17:10:25.460 color: gray; font-weight: lighter; color: inherit; color: gray; font-weight: lighter;", source: https://test.highloka.com/_next/static/chunks/pages/_app-4e0a347dc425d5bf.js (79)
[21510:21510:0526/171025.461657:INFO:CONSOLE:79] "%c prev state color: #9E9E9E; font-weight: bold [object Object]", source: https://test.highloka.com/_next/static/chunks/pages/_app-4e0a347dc425d5bf.js (79)
[21510:21510:0526/171025.461995:INFO:CONSOLE:79] "%c action     color: #03A9F4; font-weight: bold [object Object]", source: https://test.highloka.com/_next/static/chunks/pages/_app-4e0a347dc425d5bf.js (79)
[21510:21510:0526/171025.462271:INFO:CONSOLE:79] "%c next state color: #4CAF50; font-weight: bold [object Object]", source: https://test.highloka.com/_next/static/chunks/pages/_app-4e0a347dc425d5bf.js (79)
[21510:21510:0526/171025.462489:INFO:CONSOLE:79] "console.groupEnd", source: https://test.highloka.com/_next/static/chunks/pages/_app-4e0a347dc425d5bf.js (79)
[21510:21510:0526/171025.463464:INFO:CONSOLE:1] "ReactHlsPlayerComponent this.props play", source: https://test.highloka.com/_next/static/chunks/pages/concerts/%5Bslug%5D/arena-1595f5991389ce40.js (1)
[21510:21510:0526/171025.463808:INFO:CONSOLE:67] "Hiding Controls.", source: https://test.highloka.com/_next/static/chunks/pages/_app-4e0a347dc425d5bf.js (67)
[21510:21510:0526/171025.464502:INFO:CONSOLE:79] "%c action %cHIDE_AUTO_HIDDEN_ES_VIDEO_PLAYER_CONTROLS %c@ 17:10:25.463 color: gray; font-weight: lighter; color: inherit; color: gray; font-weight: lighter;", source: https://test.highloka.com/_next/static/chunks/pages/_app-4e0a347dc425d5bf.js (79)
[21510:21510:0526/171025.464703:INFO:CONSOLE:79] "%c prev state color: #9E9E9E; font-weight: bold [object Object]", source: https://test.highloka.com/_next/static/chunks/pages/_app-4e0a347dc425d5bf.js (79)
[21510:21510:0526/171025.464886:INFO:CONSOLE:79] "%c action     color: #03A9F4; font-weight: bold [object Object]", source: https://test.highloka.com/_next/static/chunks/pages/_app-4e0a347dc425d5bf.js (79)
[21510:21510:0526/171025.465147:INFO:CONSOLE:79] "%c next state color: #4CAF50; font-weight: bold [object Object]", source: https://test.highloka.com/_next/static/chunks/pages/_app-4e0a347dc425d5bf.js (79)
[21510:21510:0526/171025.465439:INFO:CONSOLE:79] "console.groupEnd", source: https://test.highloka.com/_next/static/chunks/pages/_app-4e0a347dc425d5bf.js (79)
[21510:21510:0526/171025.466275:INFO:CONSOLE:1] "ReactHlsPlayerComponent this.props play", source: https://test.highloka.com/_next/static/chunks/pages/concerts/%5Bslug%5D/arena-1595f5991389ce40.js (1)
[21510:21510:0526/171025.876271:INFO:CONSOLE:1] "receivedAudienceUserStrip null", source: https://test.highloka.com/_next/static/chunks/pages/concerts/%5Bslug%5D/arena-1595f5991389ce40.js (1)
[21510:21510:0526/171025.876474:INFO:CONSOLE:1] "receivedAudienceUserStrip null", source: https://test.highloka.com/_next/static/chunks/pages/concerts/%5Bslug%5D/arena-1595f5991389ce40.js (1)
[21510:21510:0526/171028.877650:INFO:CONSOLE:1] "receivedAudienceUserStrip null", source: https://test.highloka.com/_next/static/chunks/pages/concerts/%5Bslug%5D/arena-1595f5991389ce40.js (1)
[21510:21510:0526/171028.878604:INFO:CONSOLE:1] "receivedAudienceUserStrip null", source: https://test.highloka.com/_next/static/chunks/pages/concerts/%5Bslug%5D/arena-1595f5991389ce40.js (1)
[21510:21510:0526/171031.880694:INFO:CONSOLE:1] "receivedAudienceUserStrip null", source: https://test.highloka.com/_next/static/chunks/pages/concerts/%5Bslug%5D/arena-1595f5991389ce40.js (1)
[21510:21510:0526/171031.881484:INFO:CONSOLE:1] "receivedAudienceUserStrip null", source: https://test.highloka.com/_next/static/chunks/pages/concerts/%5Bslug%5D/arena-1595f5991389ce40.js (1)
[21510:21510:0526/171034.881697:INFO:CONSOLE:1] "receivedAudienceUserStrip null", source: https://test.highloka.com/_next/static/chunks/pages/concerts/%5Bslug%5D/arena-1595f5991389ce40.js (1)
[21510:21510:0526/171034.881767:INFO:CONSOLE:1] "receivedAudienceUserStrip null", source: https://test.highloka.com/_next/static/chunks/pages/concerts/%5Bslug%5D/arena-1595f5991389ce40.js (1)
[21510:21510:0526/171037.881892:INFO:CONSOLE:1] "receivedAudienceUserStrip null", source: https://test.highloka.com/_next/static/chunks/pages/concerts/%5Bslug%5D/arena-1595f5991389ce40.js (1)
[21510:21510:0526/171037.882116:INFO:CONSOLE:1] "receivedAudienceUserStrip null", source: https://test.highloka.com/_next/static/chunks/pages/concerts/%5Bslug%5D/arena-1595f5991389ce40.js (1)
[21510:21510:0526/171040.884049:INFO:CONSOLE:1] "receivedAudienceUserStrip null", source: https://test.highloka.com/_next/static/chunks/pages/concerts/%5Bslug%5D/arena-1595f5991389ce40.js (1)
[21510:21510:0526/171040.884598:INFO:CONSOLE:1] "receivedAudienceUserStrip null", source: https://test.highloka.com/_next/static/chunks/pages/concerts/%5Bslug%5D/arena-1595f5991389ce40.js (1)
[21510:21510:0526/171043.884609:INFO:CONSOLE:1] "receivedAudienceUserStrip null", source: https://test.highloka.com/_next/static/chunks/pages/concerts/%5Bslug%5D/arena-1595f5991389ce40.js (1)
[21510:21510:0526/171043.885069:INFO:CONSOLE:1] "receivedAudienceUserStrip null", source: https://test.highloka.com/_next/static/chunks/pages/concerts/%5Bslug%5D/arena-1595f5991389ce40.js (1)
[21510:21510:0526/171046.886784:INFO:CONSOLE:1] "receivedAudienceUserStrip null", source: https://test.highloka.com/_next/static/chunks/pages/concerts/%5Bslug%5D/arena-1595f5991389ce40.js (1)
[21510:21510:0526/171046.887991:INFO:CONSOLE:1] "receivedAudienceUserStrip null", source: https://test.highloka.com/_next/static/chunks/pages/concerts/%5Bslug%5D/arena-1595f5991389ce40.js (1)
[21510:21510:0526/171049.888211:INFO:CONSOLE:1] "receivedAudienceUserStrip null", source: https://test.highloka.com/_next/static/chunks/pages/concerts/%5Bslug%5D/arena-1595f5991389ce40.js (1)
[21510:21510:0526/171049.889563:INFO:CONSOLE:1] "receivedAudienceUserStrip null", source: https://test.highloka.com/_next/static/chunks/pages/concerts/%5Bslug%5D/arena-1595f5991389ce40.js (1)
[21510:21510:0526/171052.889927:INFO:CONSOLE:1] "receivedAudienceUserStrip null", source: https://test.highloka.com/_next/static/chunks/pages/concerts/%5Bslug%5D/arena-1595f5991389ce40.js (1)
[21510:21510:0526/171052.890965:INFO:CONSOLE:1] "receivedAudienceUserStrip null", source: https://test.highloka.com/_next/static/chunks/pages/concerts/%5Bslug%5D/arena-1595f5991389ce40.js (1)
[21510:21510:0526/171055.891031:INFO:CONSOLE:1] "receivedAudienceUserStrip null", source: https://test.highloka.com/_next/static/chunks/pages/concerts/%5Bslug%5D/arena-1595f5991389ce40.js (1)
[21510:21510:0526/171055.891552:INFO:CONSOLE:1] "receivedAudienceUserStrip null", source: https://test.highloka.com/_next/static/chunks/pages/concerts/%5Bslug%5D/arena-1595f5991389ce40.js (1)
[21510:21510:0526/171058.892020:INFO:CONSOLE:1] "receivedAudienceUserStrip null", source: https://test.highloka.com/_next/static/chunks/pages/concerts/%5Bslug%5D/arena-1595f5991389ce40.js (1)
[21510:21510:0526/171058.892845:INFO:CONSOLE:1] "receivedAudienceUserStrip null", source: https://test.highloka.com/_next/static/chunks/pages/concerts/%5Bslug%5D/arena-1595f5991389ce40.js (1)
[21510:21510:0526/171101.893109:INFO:CONSOLE:1] "receivedAudienceUserStrip null", source: https://test.highloka.com/_next/static/chunks/pages/concerts/%5Bslug%5D/arena-1595f5991389ce40.js (1)
[21510:21510:0526/171101.894080:INFO:CONSOLE:1] "receivedAudienceUserStrip null", source: https://test.highloka.com/_next/static/chunks/pages/concerts/%5Bslug%5D/arena-1595f5991389ce40.js (1)
[21510:21510:0526/171104.894144:INFO:CONSOLE:1] "receivedAudienceUserStrip null", source: https://test.highloka.com/_next/static/chunks/pages/concerts/%5Bslug%5D/arena-1595f5991389ce40.js (1)
[21510:21510:0526/171104.895071:INFO:CONSOLE:1] "receivedAudienceUserStrip null", source: https://test.highloka.com/_next/static/chunks/pages/concerts/%5Bslug%5D/arena-1595f5991389ce40.js (1)
[21510:21510:0526/171107.895474:INFO:CONSOLE:1] "receivedAudienceUserStrip null", source: https://test.highloka.com/_next/static/chunks/pages/concerts/%5Bslug%5D/arena-1595f5991389ce40.js (1)
[21510:21510:0526/171107.896889:INFO:CONSOLE:1] "receivedAudienceUserStrip null", source: https://test.highloka.com/_next/static/chunks/pages/concerts/%5Bslug%5D/arena-1595f5991389ce40.js (1)
[21510:21510:0526/171110.896493:INFO:CONSOLE:1] "receivedAudienceUserStrip null", source: https://test.highloka.com/_next/static/chunks/pages/concerts/%5Bslug%5D/arena-1595f5991389ce40.js (1)
[21510:21510:0526/171110.897211:INFO:CONSOLE:1] "receivedAudienceUserStrip null", source: https://test.highloka.com/_next/static/chunks/pages/concerts/%5Bslug%5D/arena-1595f5991389ce40.js (1)
[21510:21510:0526/171113.897821:INFO:CONSOLE:1] "receivedAudienceUserStrip null", source: https://test.highloka.com/_next/static/chunks/pages/concerts/%5Bslug%5D/arena-1595f5991389ce40.js (1)
[21510:21510:0526/171113.898794:INFO:CONSOLE:1] "receivedAudienceUserStrip null", source: https://test.highloka.com/_next/static/chunks/pages/concerts/%5Bslug%5D/arena-1595f5991389ce40.js (1)
[21510:21510:0526/171116.901274:INFO:CONSOLE:1] "receivedAudienceUserStrip null", source: https://test.highloka.com/_next/static/chunks/pages/concerts/%5Bslug%5D/arena-1595f5991389ce40.js (1)
[21510:21510:0526/171116.901724:INFO:CONSOLE:1] "receivedAudienceUserStrip null", source: https://test.highloka.com/_next/static/chunks/pages/concerts/%5Bslug%5D/arena-1595f5991389ce40.js (1)
[21510:21510:0526/171119.901980:INFO:CONSOLE:1] "receivedAudienceUserStrip null", source: https://test.highloka.com/_next/static/chunks/pages/concerts/%5Bslug%5D/arena-1595f5991389ce40.js (1)
[21510:21510:0526/171119.902432:INFO:CONSOLE:1] "receivedAudienceUserStrip null", source: https://test.highloka.com/_next/static/chunks/pages/concerts/%5Bslug%5D/arena-1595f5991389ce40.js (1)
[21510:21510:0526/171122.903110:INFO:CONSOLE:1] "receivedAudienceUserStrip null", source: https://test.highloka.com/_next/static/chunks/pages/concerts/%5Bslug%5D/arena-1595f5991389ce40.js (1)
[21510:21510:0526/171122.904254:INFO:CONSOLE:1] "receivedAudienceUserStrip null", source: https://test.highloka.com/_next/static/chunks/pages/concerts/%5Bslug%5D/arena-1595f5991389ce40.js (1)
[21510:21510:0526/171125.905746:INFO:CONSOLE:1] "receivedAudienceUserStrip null", source: https://test.highloka.com/_next/static/chunks/pages/concerts/%5Bslug%5D/arena-1595f5991389ce40.js (1)
[21510:21510:0526/171125.906261:INFO:CONSOLE:1] "receivedAudienceUserStrip null", source: https://test.highloka.com/_next/static/chunks/pages/concerts/%5Bslug%5D/arena-1595f5991389ce40.js (1)
[21510:21510:0526/171128.906681:INFO:CONSOLE:1] "receivedAudienceUserStrip null", source: https://test.highloka.com/_next/static/chunks/pages/concerts/%5Bslug%5D/arena-1595f5991389ce40.js (1)
[21510:21510:0526/171128.907390:INFO:CONSOLE:1] "receivedAudienceUserStrip null", source: https://test.highloka.com/_next/static/chunks/pages/concerts/%5Bslug%5D/arena-1595f5991389ce40.js (1)
[21510:21510:0526/171131.907780:INFO:CONSOLE:1] "receivedAudienceUserStrip null", source: https://test.highloka.com/_next/static/chunks/pages/concerts/%5Bslug%5D/arena-1595f5991389ce40.js (1)
[21510:21510:0526/171131.909656:INFO:CONSOLE:1] "receivedAudienceUserStrip null", source: https://test.highloka.com/_next/static/chunks/pages/concerts/%5Bslug%5D/arena-1595f5991389ce40.js (1)
[21510:21510:0526/171134.909167:INFO:CONSOLE:1] "receivedAudienceUserStrip null", source: https://test.highloka.com/_next/static/chunks/pages/concerts/%5Bslug%5D/arena-1595f5991389ce40.js (1)
[21510:21510:0526/171134.910328:INFO:CONSOLE:1] "receivedAudienceUserStrip null", source: https://test.highloka.com/_next/static/chunks/pages/concerts/%5Bslug%5D/arena-1595f5991389ce40.js (1)
[21510:21510:0526/171135.808146:INFO:CONSOLE:79] "%c action %cSHOW_AUTO_HIDDEN_ES_VIDEO_PLAYER_CONTROLS %c@ 17:11:35.807 color: gray; font-weight: lighter; color: inherit; color: gray; font-weight: lighter;", source: https://test.highloka.com/_next/static/chunks/pages/_app-4e0a347dc425d5bf.js (79)
[21510:21510:0526/171135.808256:INFO:CONSOLE:79] "%c prev state color: #9E9E9E; font-weight: bold [object Object]", source: https://test.highloka.com/_next/static/chunks/pages/_app-4e0a347dc425d5bf.js (79)
[21510:21510:0526/171135.808293:INFO:CONSOLE:79] "%c action     color: #03A9F4; font-weight: bold [object Object]", source: https://test.highloka.com/_next/static/chunks/pages/_app-4e0a347dc425d5bf.js (79)
[21510:21510:0526/171135.808313:INFO:CONSOLE:79] "%c next state color: #4CAF50; font-weight: bold [object Object]", source: https://test.highloka.com/_next/static/chunks/pages/_app-4e0a347dc425d5bf.js (79)
[21510:21510:0526/171135.808330:INFO:CONSOLE:79] "console.groupEnd", source: https://test.highloka.com/_next/static/chunks/pages/_app-4e0a347dc425d5bf.js (79)
[21510:21510:0526/171135.808472:INFO:CONSOLE:67] "Showing Controls. ", source: https://test.highloka.com/_next/static/chunks/pages/_app-4e0a347dc425d5bf.js (67)
[21510:21510:0526/171135.808796:INFO:CONSOLE:67] "Showing Controls. ", source: https://test.highloka.com/_next/static/chunks/pages/_app-4e0a347dc425d5bf.js (67)
[21510:21510:0526/171135.809783:INFO:CONSOLE:1] "ReactHlsPlayerComponent this.props play", source: https://test.highloka.com/_next/static/chunks/pages/concerts/%5Bslug%5D/arena-1595f5991389ce40.js (1)
[21510:21510:0526/171135.817152:INFO:CONSOLE:79] "%c action %cSHOW_AUTO_HIDDEN_ES_VIDEO_PLAYER_CONTROLS %c@ 17:11:35.816 color: gray; font-weight: lighter; color: inherit; color: gray; font-weight: lighter;", source: https://test.highloka.com/_next/static/chunks/pages/_app-4e0a347dc425d5bf.js (79)
[21510:21510:0526/171135.817678:INFO:CONSOLE:79] "%c prev state color: #9E9E9E; font-weight: bold [object Object]", source: https://test.highloka.com/_next/static/chunks/pages/_app-4e0a347dc425d5bf.js (79)
[21510:21510:0526/171135.817787:INFO:CONSOLE:79] "%c action     color: #03A9F4; font-weight: bold [object Object]", source: https://test.highloka.com/_next/static/chunks/pages/_app-4e0a347dc425d5bf.js (79)
[21510:21510:0526/171135.817998:INFO:CONSOLE:79] "%c next state color: #4CAF50; font-weight: bold [object Object]", source: https://test.highloka.com/_next/static/chunks/pages/_app-4e0a347dc425d5bf.js (79)
[21510:21510:0526/171135.818275:INFO:CONSOLE:79] "console.groupEnd", source: https://test.highloka.com/_next/static/chunks/pages/_app-4e0a347dc425d5bf.js (79)
[21510:21510:0526/171135.818809:INFO:CONSOLE:67] "Showing Controls. ", source: https://test.highloka.com/_next/static/chunks/pages/_app-4e0a347dc425d5bf.js (67)
[21510:21510:0526/171135.819110:INFO:CONSOLE:67] "Showing Controls. ", source: https://test.highloka.com/_next/static/chunks/pages/_app-4e0a347dc425d5bf.js (67)
[21510:21510:0526/171135.820137:INFO:CONSOLE:1] "ReactHlsPlayerComponent this.props play", source: https://test.highloka.com/_next/static/chunks/pages/concerts/%5Bslug%5D/arena-1595f5991389ce40.js (1)
[21510:21510:0526/171135.839562:INFO:CONSOLE:79] "%c action %cSHOW_AUTO_HIDDEN_ES_VIDEO_PLAYER_CONTROLS %c@ 17:11:35.839 color: gray; font-weight: lighter; color: inherit; color: gray; font-weight: lighter;", source: https://test.highloka.com/_next/static/chunks/pages/_app-4e0a347dc425d5bf.js (79)
[21510:21510:0526/171135.839675:INFO:CONSOLE:79] "%c prev state color: #9E9E9E; font-weight: bold [object Object]", source: https://test.highloka.com/_next/static/chunks/pages/_app-4e0a347dc425d5bf.js (79)
[21510:21510:0526/171135.839708:INFO:CONSOLE:79] "%c action     color: #03A9F4; font-weight: bold [object Object]", source: https://test.highloka.com/_next/static/chunks/pages/_app-4e0a347dc425d5bf.js (79)
[21510:21510:0526/171135.839776:INFO:CONSOLE:79] "%c next state color: #4CAF50; font-weight: bold [object Object]", source: https://test.highloka.com/_next/static/chunks/pages/_app-4e0a347dc425d5bf.js (79)
[21510:21510:0526/171135.839854:INFO:CONSOLE:79] "console.groupEnd", source: https://test.highloka.com/_next/static/chunks/pages/_app-4e0a347dc425d5bf.js (79)
[21510:21510:0526/171135.840018:INFO:CONSOLE:67] "Showing Controls. ", source: https://test.highloka.com/_next/static/chunks/pages/_app-4e0a347dc425d5bf.js (67)
[21510:21510:0526/171135.840166:INFO:CONSOLE:67] "Showing Controls. ", source: https://test.highloka.com/_next/static/chunks/pages/_app-4e0a347dc425d5bf.js (67)
[21510:21510:0526/171135.840789:INFO:CONSOLE:1] "ReactHlsPlayerComponent this.props play", source: https://test.highloka.com/_next/static/chunks/pages/concerts/%5Bslug%5D/arena-1595f5991389ce40.js (1)
[21510:21510:0526/171135.855349:INFO:CONSOLE:79] "%c action %cSHOW_AUTO_HIDDEN_ES_VIDEO_PLAYER_CONTROLS %c@ 17:11:35.855 color: gray; font-weight: lighter; color: inherit; color: gray; font-weight: lighter;", source: https://test.highloka.com/_next/static/chunks/pages/_app-4e0a347dc425d5bf.js (79)
[21510:21510:0526/171135.855391:INFO:CONSOLE:79] "%c prev state color: #9E9E9E; font-weight: bold [object Object]", source: https://test.highloka.com/_next/static/chunks/pages/_app-4e0a347dc425d5bf.js (79)
[21510:21510:0526/171135.855457:INFO:CONSOLE:79] "%c action     color: #03A9F4; font-weight: bold [object Object]", source: https://test.highloka.com/_next/static/chunks/pages/_app-4e0a347dc425d5bf.js (79)
[21510:21510:0526/171135.855498:INFO:CONSOLE:79] "%c next state color: #4CAF50; font-weight: bold [object Object]", source: https://test.highloka.com/_next/static/chunks/pages/_app-4e0a347dc425d5bf.js (79)
[21510:21510:0526/171135.855541:INFO:CONSOLE:79] "console.groupEnd", source: https://test.highloka.com/_next/static/chunks/pages/_app-4e0a347dc425d5bf.js (79)
[21510:21510:0526/171135.855629:INFO:CONSOLE:67] "Showing Controls. ", source: https://test.highloka.com/_next/static/chunks/pages/_app-4e0a347dc425d5bf.js (67)
[21510:21510:0526/171135.855705:INFO:CONSOLE:67] "Showing Controls. ", source: https://test.highloka.com/_next/static/chunks/pages/_app-4e0a347dc425d5bf.js (67)
[21510:21510:0526/171135.855934:INFO:CONSOLE:1] "ReactHlsPlayerComponent this.props play", source: https://test.highloka.com/_next/static/chunks/pages/concerts/%5Bslug%5D/arena-1595f5991389ce40.js (1)
[21510:21510:0526/171135.864902:INFO:CONSOLE:79] "%c action %cSHOW_AUTO_HIDDEN_ES_VIDEO_PLAYER_CONTROLS %c@ 17:11:35.864 color: gray; font-weight: lighter; color: inherit; color: gray; font-weight: lighter;", source: https://test.highloka.com/_next/static/chunks/pages/_app-4e0a347dc425d5bf.js (79)
[21510:21510:0526/171135.864939:INFO:CONSOLE:79] "%c prev state color: #9E9E9E; font-weight: bold [object Object]", source: https://test.highloka.com/_next/static/chunks/pages/_app-4e0a347dc425d5bf.js (79)
[21510:21510:0526/171135.864985:INFO:CONSOLE:79] "%c action     color: #03A9F4; font-weight: bold [object Object]", source: https://test.highloka.com/_next/static/chunks/pages/_app-4e0a347dc425d5bf.js (79)
[21510:21510:0526/171135.865043:INFO:CONSOLE:79] "%c next state color: #4CAF50; font-weight: bold [object Object]", source: https://test.highloka.com/_next/static/chunks/pages/_app-4e0a347dc425d5bf.js (79)
[21510:21510:0526/171135.865097:INFO:CONSOLE:79] "console.groupEnd", source: https://test.highloka.com/_next/static/chunks/pages/_app-4e0a347dc425d5bf.js (79)
[21510:21510:0526/171135.865186:INFO:CONSOLE:67] "Showing Controls. ", source: https://test.highloka.com/_next/static/chunks/pages/_app-4e0a347dc425d5bf.js (67)
[21510:21510:0526/171135.865279:INFO:CONSOLE:67] "Showing Controls. ", source: https://test.highloka.com/_next/static/chunks/pages/_app-4e0a347dc425d5bf.js (67)
[21510:21510:0526/171135.865505:INFO:CONSOLE:1] "ReactHlsPlayerComponent this.props play", source: https://test.highloka.com/_next/static/chunks/pages/concerts/%5Bslug%5D/arena-1595f5991389ce40.js (1)
[21510:21510:0526/171135.889378:INFO:CONSOLE:79] "%c action %cSHOW_AUTO_HIDDEN_ES_VIDEO_PLAYER_CONTROLS %c@ 17:11:35.888 color: gray; font-weight: lighter; color: inherit; color: gray; font-weight: lighter;", source: https://test.highloka.com/_next/static/chunks/pages/_app-4e0a347dc425d5bf.js (79)
[21510:21510:0526/171135.889933:INFO:CONSOLE:79] "%c prev state color: #9E9E9E; font-weight: bold [object Object]", source: https://test.highloka.com/_next/static/chunks/pages/_app-4e0a347dc425d5bf.js (79)
[21510:21510:0526/171135.890084:INFO:CONSOLE:79] "%c action     color: #03A9F4; font-weight: bold [object Object]", source: https://test.highloka.com/_next/static/chunks/pages/_app-4e0a347dc425d5bf.js (79)
[21510:21510:0526/171135.890597:INFO:CONSOLE:79] "%c next state color: #4CAF50; font-weight: bold [object Object]", source: https://test.highloka.com/_next/static/chunks/pages/_app-4e0a347dc425d5bf.js (79)
[21510:21510:0526/171135.890719:INFO:CONSOLE:79] "console.groupEnd", source: https://test.highloka.com/_next/static/chunks/pages/_app-4e0a347dc425d5bf.js (79)
[21510:21510:0526/171135.890966:INFO:CONSOLE:67] "Showing Controls. ", source: https://test.highloka.com/_next/static/chunks/pages/_app-4e0a347dc425d5bf.js (67)
[21510:21510:0526/171135.891247:INFO:CONSOLE:67] "Showing Controls. ", source: https://test.highloka.com/_next/static/chunks/pages/_app-4e0a347dc425d5bf.js (67)
[21510:21510:0526/171135.892253:INFO:CONSOLE:1] "ReactHlsPlayerComponent this.props play", source: https://test.highloka.com/_next/static/chunks/pages/concerts/%5Bslug%5D/arena-1595f5991389ce40.js (1)
[21510:21510:0526/171135.900025:INFO:CONSOLE:79] "%c action %cSHOW_AUTO_HIDDEN_ES_VIDEO_PLAYER_CONTROLS %c@ 17:11:35.898 color: gray; font-weight: lighter; color: inherit; color: gray; font-weight: lighter;", source: https://test.highloka.com/_next/static/chunks/pages/_app-4e0a347dc425d5bf.js (79)
[21510:21510:0526/171135.900649:INFO:CONSOLE:79] "%c prev state color: #9E9E9E; font-weight: bold [object Object]", source: https://test.highloka.com/_next/static/chunks/pages/_app-4e0a347dc425d5bf.js (79)
[21510:21510:0526/171135.900952:INFO:CONSOLE:79] "%c action     color: #03A9F4; font-weight: bold [object Object]", source: https://test.highloka.com/_next/static/chunks/pages/_app-4e0a347dc425d5bf.js (79)
[21510:21510:0526/171135.901469:INFO:CONSOLE:79] "%c next state color: #4CAF50; font-weight: bold [object Object]", source: https://test.highloka.com/_next/static/chunks/pages/_app-4e0a347dc425d5bf.js (79)
[21510:21510:0526/171135.901559:INFO:CONSOLE:79] "console.groupEnd", source: https://test.highloka.com/_next/static/chunks/pages/_app-4e0a347dc425d5bf.js (79)
[21510:21510:0526/171135.901717:INFO:CONSOLE:67] "Showing Controls. ", source: https://test.highloka.com/_next/static/chunks/pages/_app-4e0a347dc425d5bf.js (67)
[21510:21510:0526/171135.901879:INFO:CONSOLE:67] "Showing Controls. ", source: https://test.highloka.com/_next/static/chunks/pages/_app-4e0a347dc425d5bf.js (67)
[21510:21510:0526/171135.902355:INFO:CONSOLE:1] "ReactHlsPlayerComponent this.props play", source: https://test.highloka.com/_next/static/chunks/pages/concerts/%5Bslug%5D/arena-1595f5991389ce40.js (1)
[21510:21510:0526/171135.917703:INFO:CONSOLE:79] "%c action %cSHOW_AUTO_HIDDEN_ES_VIDEO_PLAYER_CONTROLS %c@ 17:11:35.916 color: gray; font-weight: lighter; color: inherit; color: gray; font-weight: lighter;", source: https://test.highloka.com/_next/static/chunks/pages/_app-4e0a347dc425d5bf.js (79)
[21510:21510:0526/171135.917866:INFO:CONSOLE:79] "%c prev state color: #9E9E9E; font-weight: bold [object Object]", source: https://test.highloka.com/_next/static/chunks/pages/_app-4e0a347dc425d5bf.js (79)
[21510:21510:0526/171135.918283:INFO:CONSOLE:79] "%c action     color: #03A9F4; font-weight: bold [object Object]", source: https://test.highloka.com/_next/static/chunks/pages/_app-4e0a347dc425d5bf.js (79)
[21510:21510:0526/171135.918425:INFO:CONSOLE:79] "%c next state color: #4CAF50; font-weight: bold [object Object]", source: https://test.highloka.com/_next/static/chunks/pages/_app-4e0a347dc425d5bf.js (79)
[21510:21510:0526/171135.918591:INFO:CONSOLE:79] "console.groupEnd", source: https://test.highloka.com/_next/static/chunks/pages/_app-4e0a347dc425d5bf.js (79)
[21510:21510:0526/171135.918938:INFO:CONSOLE:67] "Showing Controls. ", source: https://test.highloka.com/_next/static/chunks/pages/_app-4e0a347dc425d5bf.js (67)
[21510:21510:0526/171135.919319:INFO:CONSOLE:67] "Showing Controls. ", source: https://test.highloka.com/_next/static/chunks/pages/_app-4e0a347dc425d5bf.js (67)
[21510:21510:0526/171135.920353:INFO:CONSOLE:1] "ReactHlsPlayerComponent this.props play", source: https://test.highloka.com/_next/static/chunks/pages/concerts/%5Bslug%5D/arena-1595f5991389ce40.js (1)
[21510:21510:0526/171135.934368:INFO:CONSOLE:79] "%c action %cSHOW_AUTO_HIDDEN_ES_VIDEO_PLAYER_CONTROLS %c@ 17:11:35.933 color: gray; font-weight: lighter; color: inherit; color: gray; font-weight: lighter;", source: https://test.highloka.com/_next/static/chunks/pages/_app-4e0a347dc425d5bf.js (79)
[21510:21510:0526/171135.936420:INFO:CONSOLE:79] "%c prev state color: #9E9E9E; font-weight: bold [object Object]", source: https://test.highloka.com/_next/static/chunks/pages/_app-4e0a347dc425d5bf.js (79)
[21510:21510:0526/171135.936657:INFO:CONSOLE:79] "%c action     color: #03A9F4; font-weight: bold [object Object]", source: https://test.highloka.com/_next/static/chunks/pages/_app-4e0a347dc425d5bf.js (79)
[21510:21510:0526/171135.936765:INFO:CONSOLE:79] "%c next state color: #4CAF50; font-weight: bold [object Object]", source: https://test.highloka.com/_next/static/chunks/pages/_app-4e0a347dc425d5bf.js (79)
[21510:21510:0526/171135.936876:INFO:CONSOLE:79] "console.groupEnd", source: https://test.highloka.com/_next/static/chunks/pages/_app-4e0a347dc425d5bf.js (79)
[21510:21510:0526/171135.936953:INFO:CONSOLE:67] "Showing Controls. ", source: https://test.highloka.com/_next/static/chunks/pages/_app-4e0a347dc425d5bf.js (67)
[21510:21510:0526/171135.937595:INFO:CONSOLE:67] "Showing Controls. ", source: https://test.highloka.com/_next/static/chunks/pages/_app-4e0a347dc425d5bf.js (67)
[21510:21510:0526/171135.939096:INFO:CONSOLE:1] "ReactHlsPlayerComponent this.props play", source: https://test.highloka.com/_next/static/chunks/pages/concerts/%5Bslug%5D/arena-1595f5991389ce40.js (1)
[21510:21510:0526/171135.951001:INFO:CONSOLE:79] "%c action %cSHOW_AUTO_HIDDEN_ES_VIDEO_PLAYER_CONTROLS %c@ 17:11:35.950 color: gray; font-weight: lighter; color: inherit; color: gray; font-weight: lighter;", source: https://test.highloka.com/_next/static/chunks/pages/_app-4e0a347dc425d5bf.js (79)
[21510:21510:0526/171135.951122:INFO:CONSOLE:79] "%c prev state color: #9E9E9E; font-weight: bold [object Object]", source: https://test.highloka.com/_next/static/chunks/pages/_app-4e0a347dc425d5bf.js (79)
[21510:21510:0526/171135.951355:INFO:CONSOLE:79] "%c action     color: #03A9F4; font-weight: bold [object Object]", source: https://test.highloka.com/_next/static/chunks/pages/_app-4e0a347dc425d5bf.js (79)
[21510:21510:0526/171135.951605:INFO:CONSOLE:79] "%c next state color: #4CAF50; font-weight: bold [object Object]", source: https://test.highloka.com/_next/static/chunks/pages/_app-4e0a347dc425d5bf.js (79)
[21510:21510:0526/171135.951891:INFO:CONSOLE:79] "console.groupEnd", source: https://test.highloka.com/_next/static/chunks/pages/_app-4e0a347dc425d5bf.js (79)
[21510:21510:0526/171135.952310:INFO:CONSOLE:67] "Showing Controls. ", source: https://test.highloka.com/_next/static/chunks/pages/_app-4e0a347dc425d5bf.js (67)
[21510:21510:0526/171135.952721:INFO:CONSOLE:67] "Showing Controls. ", source: https://test.highloka.com/_next/static/chunks/pages/_app-4e0a347dc425d5bf.js (67)
[21510:21510:0526/171135.953936:INFO:CONSOLE:1] "ReactHlsPlayerComponent this.props play", source: https://test.highloka.com/_next/static/chunks/pages/concerts/%5Bslug%5D/arena-1595f5991389ce40.js (1)
[21510:21510:0526/171135.966307:INFO:CONSOLE:79] "%c action %cSHOW_AUTO_HIDDEN_ES_VIDEO_PLAYER_CONTROLS %c@ 17:11:35.965 color: gray; font-weight: lighter; color: inherit; color: gray; font-weight: lighter;", source: https://test.highloka.com/_next/static/chunks/pages/_app-4e0a347dc425d5bf.js (79)
[21510:21510:0526/171135.966486:INFO:CONSOLE:79] "%c prev state color: #9E9E9E; font-weight: bold [object Object]", source: https://test.highloka.com/_next/static/chunks/pages/_app-4e0a347dc425d5bf.js (79)
[21510:21510:0526/171135.966768:INFO:CONSOLE:79] "%c action     color: #03A9F4; font-weight: bold [object Object]", source: https://test.highloka.com/_next/static/chunks/pages/_app-4e0a347dc425d5bf.js (79)
[21510:21510:0526/171135.967320:INFO:CONSOLE:79] "%c next state color: #4CAF50; font-weight: bold [object Object]", source: https://test.highloka.com/_next/static/chunks/pages/_app-4e0a347dc425d5bf.js (79)
[21510:21510:0526/171135.967484:INFO:CONSOLE:79] "console.groupEnd", source: https://test.highloka.com/_next/static/chunks/pages/_app-4e0a347dc425d5bf.js (79)
[21510:21510:0526/171135.967830:INFO:CONSOLE:67] "Showing Controls. ", source: https://test.highloka.com/_next/static/chunks/pages/_app-4e0a347dc425d5bf.js (67)
[21510:21510:0526/171135.967956:INFO:CONSOLE:67] "Showing Controls. ", source: https://test.highloka.com/_next/static/chunks/pages/_app-4e0a347dc425d5bf.js (67)
[21510:21510:0526/171135.968920:INFO:CONSOLE:1] "ReactHlsPlayerComponent this.props play", source: https://test.highloka.com/_next/static/chunks/pages/concerts/%5Bslug%5D/arena-1595f5991389ce40.js (1)
[21510:21510:0526/171135.983406:INFO:CONSOLE:79] "%c action %cSHOW_AUTO_HIDDEN_ES_VIDEO_PLAYER_CONTROLS %c@ 17:11:35.982 color: gray; font-weight: lighter; color: inherit; color: gray; font-weight: lighter;", source: https://test.highloka.com/_next/static/chunks/pages/_app-4e0a347dc425d5bf.js (79)
[21510:21510:0526/171135.983529:INFO:CONSOLE:79] "%c prev state color: #9E9E9E; font-weight: bold [object Object]", source: https://test.highloka.com/_next/static/chunks/pages/_app-4e0a347dc425d5bf.js (79)
[21510:21510:0526/171135.983642:INFO:CONSOLE:79] "%c action     color: #03A9F4; font-weight: bold [object Object]", source: https://test.highloka.com/_next/static/chunks/pages/_app-4e0a347dc425d5bf.js (79)
[21510:21510:0526/171135.983952:INFO:CONSOLE:79] "%c next state color: #4CAF50; font-weight: bold [object Object]", source: https://test.highloka.com/_next/static/chunks/pages/_app-4e0a347dc425d5bf.js (79)
[21510:21510:0526/171135.984138:INFO:CONSOLE:79] "console.groupEnd", source: https://test.highloka.com/_next/static/chunks/pages/_app-4e0a347dc425d5bf.js (79)
[21510:21510:0526/171135.984546:INFO:CONSOLE:67] "Showing Controls. ", source: https://test.highloka.com/_next/static/chunks/pages/_app-4e0a347dc425d5bf.js (67)
[21510:21510:0526/171135.984986:INFO:CONSOLE:67] "Showing Controls. ", source: https://test.highloka.com/_next/static/chunks/pages/_app-4e0a347dc425d5bf.js (67)
[21510:21510:0526/171135.986301:INFO:CONSOLE:1] "ReactHlsPlayerComponent this.props play", source: https://test.highloka.com/_next/static/chunks/pages/concerts/%5Bslug%5D/arena-1595f5991389ce40.js (1)
[21510:21510:0526/171135.999692:INFO:CONSOLE:79] "%c action %cSHOW_AUTO_HIDDEN_ES_VIDEO_PLAYER_CONTROLS %c@ 17:11:35.998 color: gray; font-weight: lighter; color: inherit; color: gray; font-weight: lighter;", source: https://test.highloka.com/_next/static/chunks/pages/_app-4e0a347dc425d5bf.js (79)
[21510:21510:0526/171135.999859:INFO:CONSOLE:79] "%c prev state color: #9E9E9E; font-weight: bold [object Object]", source: https://test.highloka.com/_next/static/chunks/pages/_app-4e0a347dc425d5bf.js (79)
[21510:21510:0526/171136.000200:INFO:CONSOLE:79] "%c action     color: #03A9F4; font-weight: bold [object Object]", source: https://test.highloka.com/_next/static/chunks/pages/_app-4e0a347dc425d5bf.js (79)
[21510:21510:0526/171136.000587:INFO:CONSOLE:79] "%c next state color: #4CAF50; font-weight: bold [object Object]", source: https://test.highloka.com/_next/static/chunks/pages/_app-4e0a347dc425d5bf.js (79)
[21510:21510:0526/171136.000649:INFO:CONSOLE:79] "console.groupEnd", source: https://test.highloka.com/_next/static/chunks/pages/_app-4e0a347dc425d5bf.js (79)
[21510:21510:0526/171136.001521:INFO:CONSOLE:67] "Showing Controls. ", source: https://test.highloka.com/_next/static/chunks/pages/_app-4e0a347dc425d5bf.js (67)
[21510:21510:0526/171136.001665:INFO:CONSOLE:67] "Showing Controls. ", source: https://test.highloka.com/_next/static/chunks/pages/_app-4e0a347dc425d5bf.js (67)
[21510:21510:0526/171136.002407:INFO:CONSOLE:1] "ReactHlsPlayerComponent this.props play", source: https://test.highloka.com/_next/static/chunks/pages/concerts/%5Bslug%5D/arena-1595f5991389ce40.js (1)
[21510:21510:0526/171136.022365:INFO:CONSOLE:79] "%c action %cSHOW_AUTO_HIDDEN_ES_VIDEO_PLAYER_CONTROLS %c@ 17:11:36.021 color: gray; font-weight: lighter; color: inherit; color: gray; font-weight: lighter;", source: https://test.highloka.com/_next/static/chunks/pages/_app-4e0a347dc425d5bf.js (79)
[21510:21510:0526/171136.022548:INFO:CONSOLE:79] "%c prev state color: #9E9E9E; font-weight: bold [object Object]", source: https://test.highloka.com/_next/static/chunks/pages/_app-4e0a347dc425d5bf.js (79)
[21510:21510:0526/171136.022970:INFO:CONSOLE:79] "%c action     color: #03A9F4; font-weight: bold [object Object]", source: https://test.highloka.com/_next/static/chunks/pages/_app-4e0a347dc425d5bf.js (79)
[21510:21510:0526/171136.023213:INFO:CONSOLE:79] "%c next state color: #4CAF50; font-weight: bold [object Object]", source: https://test.highloka.com/_next/static/chunks/pages/_app-4e0a347dc425d5bf.js (79)
[21510:21510:0526/171136.023415:INFO:CONSOLE:79] "console.groupEnd", source: https://test.highloka.com/_next/static/chunks/pages/_app-4e0a347dc425d5bf.js (79)
[21510:21510:0526/171136.023762:INFO:CONSOLE:67] "Showing Controls. ", source: https://test.highloka.com/_next/static/chunks/pages/_app-4e0a347dc425d5bf.js (67)
[21510:21510:0526/171136.024066:INFO:CONSOLE:67] "Showing Controls. ", source: https://test.highloka.com/_next/static/chunks/pages/_app-4e0a347dc425d5bf.js (67)
[21510:21510:0526/171136.025095:INFO:CONSOLE:1] "ReactHlsPlayerComponent this.props play", source: https://test.highloka.com/_next/static/chunks/pages/concerts/%5Bslug%5D/arena-1595f5991389ce40.js (1)
[21510:21510:0526/171136.035212:INFO:CONSOLE:79] "%c action %cSHOW_AUTO_HIDDEN_ES_VIDEO_PLAYER_CONTROLS %c@ 17:11:36.034 color: gray; font-weight: lighter; color: inherit; color: gray; font-weight: lighter;", source: https://test.highloka.com/_next/static/chunks/pages/_app-4e0a347dc425d5bf.js (79)
[21510:21510:0526/171136.035357:INFO:CONSOLE:79] "%c prev state color: #9E9E9E; font-weight: bold [object Object]", source: https://test.highloka.com/_next/static/chunks/pages/_app-4e0a347dc425d5bf.js (79)
[21510:21510:0526/171136.035587:INFO:CONSOLE:79] "%c action     color: #03A9F4; font-weight: bold [object Object]", source: https://test.highloka.com/_next/static/chunks/pages/_app-4e0a347dc425d5bf.js (79)
[21510:21510:0526/171136.035691:INFO:CONSOLE:79] "%c next state color: #4CAF50; font-weight: bold [object Object]", source: https://test.highloka.com/_next/static/chunks/pages/_app-4e0a347dc425d5bf.js (79)
[21510:21510:0526/171136.035803:INFO:CONSOLE:79] "console.groupEnd", source: https://test.highloka.com/_next/static/chunks/pages/_app-4e0a347dc425d5bf.js (79)
[21510:21510:0526/171136.036035:INFO:CONSOLE:67] "Showing Controls. ", source: https://test.highloka.com/_next/static/chunks/pages/_app-4e0a347dc425d5bf.js (67)
[21510:21510:0526/171136.036287:INFO:CONSOLE:67] "Showing Controls. ", source: https://test.highloka.com/_next/static/chunks/pages/_app-4e0a347dc425d5bf.js (67)
[21510:21510:0526/171136.037255:INFO:CONSOLE:1] "ReactHlsPlayerComponent this.props play", source: https://test.highloka.com/_next/static/chunks/pages/concerts/%5Bslug%5D/arena-1595f5991389ce40.js (1)
[21510:21510:0526/171136.049608:INFO:CONSOLE:79] "%c action %cSHOW_AUTO_HIDDEN_ES_VIDEO_PLAYER_CONTROLS %c@ 17:11:36.048 color: gray; font-weight: lighter; color: inherit; color: gray; font-weight: lighter;", source: https://test.highloka.com/_next/static/chunks/pages/_app-4e0a347dc425d5bf.js (79)
[21510:21510:0526/171136.049751:INFO:CONSOLE:79] "%c prev state color: #9E9E9E; font-weight: bold [object Object]", source: https://test.highloka.com/_next/static/chunks/pages/_app-4e0a347dc425d5bf.js (79)
[21510:21510:0526/171136.050048:INFO:CONSOLE:79] "%c action     color: #03A9F4; font-weight: bold [object Object]", source: https://test.highloka.com/_next/static/chunks/pages/_app-4e0a347dc425d5bf.js (79)
[21510:21510:0526/171136.050273:INFO:CONSOLE:79] "%c next state color: #4CAF50; font-weight: bold [object Object]", source: https://test.highloka.com/_next/static/chunks/pages/_app-4e0a347dc425d5bf.js (79)
[21510:21510:0526/171136.050429:INFO:CONSOLE:79] "console.groupEnd", source: https://test.highloka.com/_next/static/chunks/pages/_app-4e0a347dc425d5bf.js (79)
[21510:21510:0526/171136.050765:INFO:CONSOLE:67] "Showing Controls. ", source: https://test.highloka.com/_next/static/chunks/pages/_app-4e0a347dc425d5bf.js (67)
[21510:21510:0526/171136.051070:INFO:CONSOLE:67] "Showing Controls. ", source: https://test.highloka.com/_next/static/chunks/pages/_app-4e0a347dc425d5bf.js (67)
[21510:21510:0526/171136.051986:INFO:CONSOLE:1] "ReactHlsPlayerComponent this.props play", source: https://test.highloka.com/_next/static/chunks/pages/concerts/%5Bslug%5D/arena-1595f5991389ce40.js (1)
[21510:21510:0526/171136.065550:INFO:CONSOLE:79] "%c action %cSHOW_AUTO_HIDDEN_ES_VIDEO_PLAYER_CONTROLS %c@ 17:11:36.064 color: gray; font-weight: lighter; color: inherit; color: gray; font-weight: lighter;", source: https://test.highloka.com/_next/static/chunks/pages/_app-4e0a347dc425d5bf.js (79)
[21510:21510:0526/171136.065714:INFO:CONSOLE:79] "%c prev state color: #9E9E9E; font-weight: bold [object Object]", source: https://test.highloka.com/_next/static/chunks/pages/_app-4e0a347dc425d5bf.js (79)
[21510:21510:0526/171136.066048:INFO:CONSOLE:79] "%c action     color: #03A9F4; font-weight: bold [object Object]", source: https://test.highloka.com/_next/static/chunks/pages/_app-4e0a347dc425d5bf.js (79)
[21510:21510:0526/171136.066409:INFO:CONSOLE:79] "%c next state color: #4CAF50; font-weight: bold [object Object]", source: https://test.highloka.com/_next/static/chunks/pages/_app-4e0a347dc425d5bf.js (79)
[21510:21510:0526/171136.066682:INFO:CONSOLE:79] "console.groupEnd", source: https://test.highloka.com/_next/static/chunks/pages/_app-4e0a347dc425d5bf.js (79)
[21510:21510:0526/171136.067195:INFO:CONSOLE:67] "Showing Controls. ", source: https://test.highloka.com/_next/static/chunks/pages/_app-4e0a347dc425d5bf.js (67)
[21510:21510:0526/171136.067691:INFO:CONSOLE:67] "Showing Controls. ", source: https://test.highloka.com/_next/static/chunks/pages/_app-4e0a347dc425d5bf.js (67)
[21510:21510:0526/171136.070172:INFO:CONSOLE:1] "ReactHlsPlayerComponent this.props play", source: https://test.highloka.com/_next/static/chunks/pages/concerts/%5Bslug%5D/arena-1595f5991389ce40.js (1)
[21510:21510:0526/171136.081752:INFO:CONSOLE:79] "%c action %cSHOW_AUTO_HIDDEN_ES_VIDEO_PLAYER_CONTROLS %c@ 17:11:36.081 color: gray; font-weight: lighter; color: inherit; color: gray; font-weight: lighter;", source: https://test.highloka.com/_next/static/chunks/pages/_app-4e0a347dc425d5bf.js (79)
[21510:21510:0526/171136.081849:INFO:CONSOLE:79] "%c prev state color: #9E9E9E; font-weight: bold [object Object]", source: https://test.highloka.com/_next/static/chunks/pages/_app-4e0a347dc425d5bf.js (79)
[21510:21510:0526/171136.081971:INFO:CONSOLE:79] "%c action     color: #03A9F4; font-weight: bold [object Object]", source: https://test.highloka.com/_next/static/chunks/pages/_app-4e0a347dc425d5bf.js (79)
[21510:21510:0526/171136.082074:INFO:CONSOLE:79] "%c next state color: #4CAF50; font-weight: bold [object Object]", source: https://test.highloka.com/_next/static/chunks/pages/_app-4e0a347dc425d5bf.js (79)
[21510:21510:0526/171136.082164:INFO:CONSOLE:79] "console.groupEnd", source: https://test.highloka.com/_next/static/chunks/pages/_app-4e0a347dc425d5bf.js (79)
[21510:21510:0526/171136.082453:INFO:CONSOLE:67] "Showing Controls. ", source: https://test.highloka.com/_next/static/chunks/pages/_app-4e0a347dc425d5bf.js (67)
[21510:21510:0526/171136.082601:INFO:CONSOLE:67] "Showing Controls. ", source: https://test.highloka.com/_next/static/chunks/pages/_app-4e0a347dc425d5bf.js (67)
[21510:21510:0526/171136.083224:INFO:CONSOLE:1] "ReactHlsPlayerComponent this.props play", source: https://test.highloka.com/_next/static/chunks/pages/concerts/%5Bslug%5D/arena-1595f5991389ce40.js (1)
[21510:21510:0526/171136.099724:INFO:CONSOLE:79] "%c action %cSHOW_AUTO_HIDDEN_ES_VIDEO_PLAYER_CONTROLS %c@ 17:11:36.099 color: gray; font-weight: lighter; color: inherit; color: gray; font-weight: lighter;", source: https://test.highloka.com/_next/static/chunks/pages/_app-4e0a347dc425d5bf.js (79)
[21510:21510:0526/171136.099864:INFO:CONSOLE:79] "%c prev state color: #9E9E9E; font-weight: bold [object Object]", source: https://test.highloka.com/_next/static/chunks/pages/_app-4e0a347dc425d5bf.js (79)
[21510:21510:0526/171136.100109:INFO:CONSOLE:79] "%c action     color: #03A9F4; font-weight: bold [object Object]", source: https://test.highloka.com/_next/static/chunks/pages/_app-4e0a347dc425d5bf.js (79)
[21510:21510:0526/171136.100346:INFO:CONSOLE:79] "%c next state color: #4CAF50; font-weight: bold [object Object]", source: https://test.highloka.com/_next/static/chunks/pages/_app-4e0a347dc425d5bf.js (79)
[21510:21510:0526/171136.100527:INFO:CONSOLE:79] "console.groupEnd", source: https://test.highloka.com/_next/static/chunks/pages/_app-4e0a347dc425d5bf.js (79)
[21510:21510:0526/171136.100866:INFO:CONSOLE:67] "Showing Controls. ", source: https://test.highloka.com/_next/static/chunks/pages/_app-4e0a347dc425d5bf.js (67)
[21510:21510:0526/171136.101218:INFO:CONSOLE:67] "Showing Controls. ", source: https://test.highloka.com/_next/static/chunks/pages/_app-4e0a347dc425d5bf.js (67)
[21510:21510:0526/171136.102121:INFO:CONSOLE:1] "ReactHlsPlayerComponent this.props play", source: https://test.highloka.com/_next/static/chunks/pages/concerts/%5Bslug%5D/arena-1595f5991389ce40.js (1)
[21510:21510:0526/171136.116712:INFO:CONSOLE:79] "%c action %cSHOW_AUTO_HIDDEN_ES_VIDEO_PLAYER_CONTROLS %c@ 17:11:36.115 color: gray; font-weight: lighter; color: inherit; color: gray; font-weight: lighter;", source: https://test.highloka.com/_next/static/chunks/pages/_app-4e0a347dc425d5bf.js (79)
[21510:21510:0526/171136.116945:INFO:CONSOLE:79] "%c prev state color: #9E9E9E; font-weight: bold [object Object]", source: https://test.highloka.com/_next/static/chunks/pages/_app-4e0a347dc425d5bf.js (79)
[21510:21510:0526/171136.117234:INFO:CONSOLE:79] "%c action     color: #03A9F4; font-weight: bold [object Object]", source: https://test.highloka.com/_next/static/chunks/pages/_app-4e0a347dc425d5bf.js (79)
[21510:21510:0526/171136.117581:INFO:CONSOLE:79] "%c next state color: #4CAF50; font-weight: bold [object Object]", source: https://test.highloka.com/_next/static/chunks/pages/_app-4e0a347dc425d5bf.js (79)
[21510:21510:0526/171136.117845:INFO:CONSOLE:79] "console.groupEnd", source: https://test.highloka.com/_next/static/chunks/pages/_app-4e0a347dc425d5bf.js (79)
[21510:21510:0526/171136.118314:INFO:CONSOLE:67] "Showing Controls. ", source: https://test.highloka.com/_next/static/chunks/pages/_app-4e0a347dc425d5bf.js (67)
[21510:21510:0526/171136.118775:INFO:CONSOLE:67] "Showing Controls. ", source: https://test.highloka.com/_next/static/chunks/pages/_app-4e0a347dc425d5bf.js (67)
[21510:21510:0526/171136.119772:INFO:CONSOLE:1] "ReactHlsPlayerComponent this.props play", source: https://test.highloka.com/_next/static/chunks/pages/concerts/%5Bslug%5D/arena-1595f5991389ce40.js (1)
[21510:21510:0526/171136.133010:INFO:CONSOLE:79] "%c action %cSHOW_AUTO_HIDDEN_ES_VIDEO_PLAYER_CONTROLS %c@ 17:11:36.132 color: gray; font-weight: lighter; color: inherit; color: gray; font-weight: lighter;", source: https://test.highloka.com/_next/static/chunks/pages/_app-4e0a347dc425d5bf.js (79)
[21510:21510:0526/171136.133163:INFO:CONSOLE:79] "%c prev state color: #9E9E9E; font-weight: bold [object Object]", source: https://test.highloka.com/_next/static/chunks/pages/_app-4e0a347dc425d5bf.js (79)
[21510:21510:0526/171136.133751:INFO:CONSOLE:79] "%c action     color: #03A9F4; font-weight: bold [object Object]", source: https://test.highloka.com/_next/static/chunks/pages/_app-4e0a347dc425d5bf.js (79)
[21510:21510:0526/171136.134038:INFO:CONSOLE:79] "%c next state color: #4CAF50; font-weight: bold [object Object]", source: https://test.highloka.com/_next/static/chunks/pages/_app-4e0a347dc425d5bf.js (79)
[21510:21510:0526/171136.134281:INFO:CONSOLE:79] "console.groupEnd", source: https://test.highloka.com/_next/static/chunks/pages/_app-4e0a347dc425d5bf.js (79)
[21510:21510:0526/171136.134654:INFO:CONSOLE:67] "Showing Controls. ", source: https://test.highloka.com/_next/static/chunks/pages/_app-4e0a347dc425d5bf.js (67)
[21510:21510:0526/171136.135118:INFO:CONSOLE:67] "Showing Controls. ", source: https://test.highloka.com/_next/static/chunks/pages/_app-4e0a347dc425d5bf.js (67)
[21510:21510:0526/171136.136120:INFO:CONSOLE:1] "ReactHlsPlayerComponent this.props play", source: https://test.highloka.com/_next/static/chunks/pages/concerts/%5Bslug%5D/arena-1595f5991389ce40.js (1)
[21510:21510:0526/171136.782966:INFO:CONSOLE:79] "%c action %cSHOW_AUTO_HIDDEN_ES_VIDEO_PLAYER_CONTROLS %c@ 17:11:36.781 color: gray; font-weight: lighter; color: inherit; color: gray; font-weight: lighter;", source: https://test.highloka.com/_next/static/chunks/pages/_app-4e0a347dc425d5bf.js (79)
[21510:21510:0526/171136.783164:INFO:CONSOLE:79] "%c prev state color: #9E9E9E; font-weight: bold [object Object]", source: https://test.highloka.com/_next/static/chunks/pages/_app-4e0a347dc425d5bf.js (79)
[21510:21510:0526/171136.783630:INFO:CONSOLE:79] "%c action     color: #03A9F4; font-weight: bold [object Object]", source: https://test.highloka.com/_next/static/chunks/pages/_app-4e0a347dc425d5bf.js (79)
[21510:21510:0526/171136.783981:INFO:CONSOLE:79] "%c next state color: #4CAF50; font-weight: bold [object Object]", source: https://test.highloka.com/_next/static/chunks/pages/_app-4e0a347dc425d5bf.js (79)
[21510:21510:0526/171136.784365:INFO:CONSOLE:79] "console.groupEnd", source: https://test.highloka.com/_next/static/chunks/pages/_app-4e0a347dc425d5bf.js (79)
[21510:21510:0526/171136.784807:INFO:CONSOLE:67] "Showing Controls. ", source: https://test.highloka.com/_next/static/chunks/pages/_app-4e0a347dc425d5bf.js (67)
[21510:21510:0526/171136.785418:INFO:CONSOLE:67] "Showing Controls. ", source: https://test.highloka.com/_next/static/chunks/pages/_app-4e0a347dc425d5bf.js (67)
[21510:21510:0526/171136.786373:INFO:CONSOLE:1] "ReactHlsPlayerComponent this.props play", source: https://test.highloka.com/_next/static/chunks/pages/concerts/%5Bslug%5D/arena-1595f5991389ce40.js (1)
[21510:21510:0526/171136.804471:INFO:CONSOLE:79] "%c action %cSHOW_AUTO_HIDDEN_ES_VIDEO_PLAYER_CONTROLS %c@ 17:11:36.803 color: gray; font-weight: lighter; color: inherit; color: gray; font-weight: lighter;", source: https://test.highloka.com/_next/static/chunks/pages/_app-4e0a347dc425d5bf.js (79)
[21510:21510:0526/171136.804568:INFO:CONSOLE:79] "%c prev state color: #9E9E9E; font-weight: bold [object Object]", source: https://test.highloka.com/_next/static/chunks/pages/_app-4e0a347dc425d5bf.js (79)
[21510:21510:0526/171136.804685:INFO:CONSOLE:79] "%c action     color: #03A9F4; font-weight: bold [object Object]", source: https://test.highloka.com/_next/static/chunks/pages/_app-4e0a347dc425d5bf.js (79)
[21510:21510:0526/171136.804767:INFO:CONSOLE:79] "%c next state color: #4CAF50; font-weight: bold [object Object]", source: https://test.highloka.com/_next/static/chunks/pages/_app-4e0a347dc425d5bf.js (79)
[21510:21510:0526/171136.804860:INFO:CONSOLE:79] "console.groupEnd", source: https://test.highloka.com/_next/static/chunks/pages/_app-4e0a347dc425d5bf.js (79)
[21510:21510:0526/171136.805070:INFO:CONSOLE:67] "Showing Controls. ", source: https://test.highloka.com/_next/static/chunks/pages/_app-4e0a347dc425d5bf.js (67)
[21510:21510:0526/171136.805265:INFO:CONSOLE:67] "Showing Controls. ", source: https://test.highloka.com/_next/static/chunks/pages/_app-4e0a347dc425d5bf.js (67)
[21510:21510:0526/171136.805957:INFO:CONSOLE:1] "ReactHlsPlayerComponent this.props play", source: https://test.highloka.com/_next/static/chunks/pages/concerts/%5Bslug%5D/arena-1595f5991389ce40.js (1)
[21510:21510:0526/171136.814203:INFO:CONSOLE:79] "%c action %cSHOW_AUTO_HIDDEN_ES_VIDEO_PLAYER_CONTROLS %c@ 17:11:36.813 color: gray; font-weight: lighter; color: inherit; color: gray; font-weight: lighter;", source: https://test.highloka.com/_next/static/chunks/pages/_app-4e0a347dc425d5bf.js (79)
[21510:21510:0526/171136.814311:INFO:CONSOLE:79] "%c prev state color: #9E9E9E; font-weight: bold [object Object]", source: https://test.highloka.com/_next/static/chunks/pages/_app-4e0a347dc425d5bf.js (79)
[21510:21510:0526/171136.814456:INFO:CONSOLE:79] "%c action     color: #03A9F4; font-weight: bold [object Object]", source: https://test.highloka.com/_next/static/chunks/pages/_app-4e0a347dc425d5bf.js (79)
[21510:21510:0526/171136.814591:INFO:CONSOLE:79] "%c next state color: #4CAF50; font-weight: bold [object Object]", source: https://test.highloka.com/_next/static/chunks/pages/_app-4e0a347dc425d5bf.js (79)
[21510:21510:0526/171136.814723:INFO:CONSOLE:79] "console.groupEnd", source: https://test.highloka.com/_next/static/chunks/pages/_app-4e0a347dc425d5bf.js (79)
[21510:21510:0526/171136.815109:INFO:CONSOLE:67] "Showing Controls. ", source: https://test.highloka.com/_next/static/chunks/pages/_app-4e0a347dc425d5bf.js (67)
[21510:21510:0526/171136.815457:INFO:CONSOLE:67] "Showing Controls. ", source: https://test.highloka.com/_next/static/chunks/pages/_app-4e0a347dc425d5bf.js (67)
[21510:21510:0526/171136.816084:INFO:CONSOLE:1] "ReactHlsPlayerComponent this.props play", source: https://test.highloka.com/_next/static/chunks/pages/concerts/%5Bslug%5D/arena-1595f5991389ce40.js (1)
[21510:21510:0526/171136.838052:INFO:CONSOLE:79] "%c action %cSHOW_AUTO_HIDDEN_ES_VIDEO_PLAYER_CONTROLS %c@ 17:11:36.837 color: gray; font-weight: lighter; color: inherit; color: gray; font-weight: lighter;", source: https://test.highloka.com/_next/static/chunks/pages/_app-4e0a347dc425d5bf.js (79)
[21510:21510:0526/171136.838250:INFO:CONSOLE:79] "%c prev state color: #9E9E9E; font-weight: bold [object Object]", source: https://test.highloka.com/_next/static/chunks/pages/_app-4e0a347dc425d5bf.js (79)
[21510:21510:0526/171136.838685:INFO:CONSOLE:79] "%c action     color: #03A9F4; font-weight: bold [object Object]", source: https://test.highloka.com/_next/static/chunks/pages/_app-4e0a347dc425d5bf.js (79)
[21510:21510:0526/171136.838859:INFO:CONSOLE:79] "%c next state color: #4CAF50; font-weight: bold [object Object]", source: https://test.highloka.com/_next/static/chunks/pages/_app-4e0a347dc425d5bf.js (79)
[21510:21510:0526/171136.839083:INFO:CONSOLE:79] "console.groupEnd", source: https://test.highloka.com/_next/static/chunks/pages/_app-4e0a347dc425d5bf.js (79)
[21510:21510:0526/171136.839472:INFO:CONSOLE:67] "Showing Controls. ", source: https://test.highloka.com/_next/static/chunks/pages/_app-4e0a347dc425d5bf.js (67)
[21510:21510:0526/171136.839964:INFO:CONSOLE:67] "Showing Controls. ", source: https://test.highloka.com/_next/static/chunks/pages/_app-4e0a347dc425d5bf.js (67)
[21510:21510:0526/171136.841124:INFO:CONSOLE:1] "ReactHlsPlayerComponent this.props play", source: https://test.highloka.com/_next/static/chunks/pages/concerts/%5Bslug%5D/arena-1595f5991389ce40.js (1)
[21510:21510:0526/171136.851401:INFO:CONSOLE:79] "%c action %cSHOW_AUTO_HIDDEN_ES_VIDEO_PLAYER_CONTROLS %c@ 17:11:36.850 color: gray; font-weight: lighter; color: inherit; color: gray; font-weight: lighter;", source: https://test.highloka.com/_next/static/chunks/pages/_app-4e0a347dc425d5bf.js (79)
[21510:21510:0526/171136.851499:INFO:CONSOLE:79] "%c prev state color: #9E9E9E; font-weight: bold [object Object]", source: https://test.highloka.com/_next/static/chunks/pages/_app-4e0a347dc425d5bf.js (79)
[21510:21510:0526/171136.851540:INFO:CONSOLE:79] "%c action     color: #03A9F4; font-weight: bold [object Object]", source: https://test.highloka.com/_next/static/chunks/pages/_app-4e0a347dc425d5bf.js (79)
[21510:21510:0526/171136.851619:INFO:CONSOLE:79] "%c next state color: #4CAF50; font-weight: bold [object Object]", source: https://test.highloka.com/_next/static/chunks/pages/_app-4e0a347dc425d5bf.js (79)
[21510:21510:0526/171136.851778:INFO:CONSOLE:79] "console.groupEnd", source: https://test.highloka.com/_next/static/chunks/pages/_app-4e0a347dc425d5bf.js (79)
[21510:21510:0526/171136.852088:INFO:CONSOLE:67] "Showing Controls. ", source: https://test.highloka.com/_next/static/chunks/pages/_app-4e0a347dc425d5bf.js (67)
[21510:21510:0526/171136.852467:INFO:CONSOLE:67] "Showing Controls. ", source: https://test.highloka.com/_next/static/chunks/pages/_app-4e0a347dc425d5bf.js (67)
[21510:21510:0526/171136.853424:INFO:CONSOLE:1] "ReactHlsPlayerComponent this.props play", source: https://test.highloka.com/_next/static/chunks/pages/concerts/%5Bslug%5D/arena-1595f5991389ce40.js (1)
[21510:21510:0526/171137.910469:INFO:CONSOLE:1] "receivedAudienceUserStrip null", source: https://test.highloka.com/_next/static/chunks/pages/concerts/%5Bslug%5D/arena-1595f5991389ce40.js (1)
[21510:21510:0526/171137.910883:INFO:CONSOLE:1] "receivedAudienceUserStrip null", source: https://test.highloka.com/_next/static/chunks/pages/concerts/%5Bslug%5D/arena-1595f5991389ce40.js (1)
[21510:21510:0526/171138.852667:INFO:CONSOLE:67] "Hiding Controls.", source: https://test.highloka.com/_next/static/chunks/pages/_app-4e0a347dc425d5bf.js (67)
[21510:21510:0526/171138.853254:INFO:CONSOLE:79] "%c action %cHIDE_AUTO_HIDDEN_ES_VIDEO_PLAYER_CONTROLS %c@ 17:11:38.852 color: gray; font-weight: lighter; color: inherit; color: gray; font-weight: lighter;", source: https://test.highloka.com/_next/static/chunks/pages/_app-4e0a347dc425d5bf.js (79)
[21510:21510:0526/171138.853436:INFO:CONSOLE:79] "%c prev state color: #9E9E9E; font-weight: bold [object Object]", source: https://test.highloka.com/_next/static/chunks/pages/_app-4e0a347dc425d5bf.js (79)
[21510:21510:0526/171138.853744:INFO:CONSOLE:79] "%c action     color: #03A9F4; font-weight: bold [object Object]", source: https://test.highloka.com/_next/static/chunks/pages/_app-4e0a347dc425d5bf.js (79)
[21510:21510:0526/171138.854017:INFO:CONSOLE:79] "%c next state color: #4CAF50; font-weight: bold [object Object]", source: https://test.highloka.com/_next/static/chunks/pages/_app-4e0a347dc425d5bf.js (79)
[21510:21510:0526/171138.854255:INFO:CONSOLE:79] "console.groupEnd", source: https://test.highloka.com/_next/static/chunks/pages/_app-4e0a347dc425d5bf.js (79)
[21510:21510:0526/171138.855092:INFO:CONSOLE:1] "ReactHlsPlayerComponent this.props play", source: https://test.highloka.com/_next/static/chunks/pages/concerts/%5Bslug%5D/arena-1595f5991389ce40.js (1)
[21510:21510:0526/171138.855475:INFO:CONSOLE:67] "Hiding Controls.", source: https://test.highloka.com/_next/static/chunks/pages/_app-4e0a347dc425d5bf.js (67)
[21510:21510:0526/171138.855816:INFO:CONSOLE:79] "%c action %cHIDE_AUTO_HIDDEN_ES_VIDEO_PLAYER_CONTROLS %c@ 17:11:38.855 color: gray; font-weight: lighter; color: inherit; color: gray; font-weight: lighter;", source: https://test.highloka.com/_next/static/chunks/pages/_app-4e0a347dc425d5bf.js (79)
[21510:21510:0526/171138.856061:INFO:CONSOLE:79] "%c prev state color: #9E9E9E; font-weight: bold [object Object]", source: https://test.highloka.com/_next/static/chunks/pages/_app-4e0a347dc425d5bf.js (79)
[21510:21510:0526/171138.856347:INFO:CONSOLE:79] "%c action     color: #03A9F4; font-weight: bold [object Object]", source: https://test.highloka.com/_next/static/chunks/pages/_app-4e0a347dc425d5bf.js (79)
[21510:21510:0526/171138.856555:INFO:CONSOLE:79] "%c next state color: #4CAF50; font-weight: bold [object Object]", source: https://test.highloka.com/_next/static/chunks/pages/_app-4e0a347dc425d5bf.js (79)
[21510:21510:0526/171138.856765:INFO:CONSOLE:79] "console.groupEnd", source: https://test.highloka.com/_next/static/chunks/pages/_app-4e0a347dc425d5bf.js (79)
[21510:21510:0526/171138.857491:INFO:CONSOLE:1] "ReactHlsPlayerComponent this.props play", source: https://test.highloka.com/_next/static/chunks/pages/concerts/%5Bslug%5D/arena-1595f5991389ce40.js (1)
[21510:21510:0526/171140.916176:INFO:CONSOLE:1] "receivedAudienceUserStrip null", source: https://test.highloka.com/_next/static/chunks/pages/concerts/%5Bslug%5D/arena-1595f5991389ce40.js (1)
[21510:21510:0526/171140.917042:INFO:CONSOLE:1] "receivedAudienceUserStrip null", source: https://test.highloka.com/_next/static/chunks/pages/concerts/%5Bslug%5D/arena-1595f5991389ce40.js (1)
[21510:21510:0526/171143.918140:INFO:CONSOLE:1] "receivedAudienceUserStrip null", source: https://test.highloka.com/_next/static/chunks/pages/concerts/%5Bslug%5D/arena-1595f5991389ce40.js (1)
[21510:21510:0526/171143.918679:INFO:CONSOLE:1] "receivedAudienceUserStrip null", source: https://test.highloka.com/_next/static/chunks/pages/concerts/%5Bslug%5D/arena-1595f5991389ce40.js (1)
[21510:21510:0526/171146.918940:INFO:CONSOLE:1] "receivedAudienceUserStrip null", source: https://test.highloka.com/_next/static/chunks/pages/concerts/%5Bslug%5D/arena-1595f5991389ce40.js (1)
[21510:21510:0526/171146.919810:INFO:CONSOLE:1] "receivedAudienceUserStrip null", source: https://test.highloka.com/_next/static/chunks/pages/concerts/%5Bslug%5D/arena-1595f5991389ce40.js (1)
[21510:21510:0526/171149.920178:INFO:CONSOLE:1] "receivedAudienceUserStrip null", source: https://test.highloka.com/_next/static/chunks/pages/concerts/%5Bslug%5D/arena-1595f5991389ce40.js (1)
[21510:21510:0526/171149.921124:INFO:CONSOLE:1] "receivedAudienceUserStrip null", source: https://test.highloka.com/_next/static/chunks/pages/concerts/%5Bslug%5D/arena-1595f5991389ce40.js (1)
[21510:21510:0526/171152.921477:INFO:CONSOLE:1] "receivedAudienceUserStrip null", source: https://test.highloka.com/_next/static/chunks/pages/concerts/%5Bslug%5D/arena-1595f5991389ce40.js (1)
[21510:21510:0526/171152.922271:INFO:CONSOLE:1] "receivedAudienceUserStrip null", source: https://test.highloka.com/_next/static/chunks/pages/concerts/%5Bslug%5D/arena-1595f5991389ce40.js (1)
[21510:21510:0526/171155.925102:INFO:CONSOLE:1] "receivedAudienceUserStrip null", source: https://test.highloka.com/_next/static/chunks/pages/concerts/%5Bslug%5D/arena-1595f5991389ce40.js (1)
[21510:21510:0526/171155.925914:INFO:CONSOLE:1] "receivedAudienceUserStrip null", source: https://test.highloka.com/_next/static/chunks/pages/concerts/%5Bslug%5D/arena-1595f5991389ce40.js (1)
[21510:21510:0526/171158.927884:INFO:CONSOLE:1] "receivedAudienceUserStrip null", source: https://test.highloka.com/_next/static/chunks/pages/concerts/%5Bslug%5D/arena-1595f5991389ce40.js (1)
[21510:21510:0526/171158.928750:INFO:CONSOLE:1] "receivedAudienceUserStrip null", source: https://test.highloka.com/_next/static/chunks/pages/concerts/%5Bslug%5D/arena-1595f5991389ce40.js (1)
[21510:21510:0526/171201.934575:INFO:CONSOLE:1] "receivedAudienceUserStrip null", source: https://test.highloka.com/_next/static/chunks/pages/concerts/%5Bslug%5D/arena-1595f5991389ce40.js (1)
[21510:21510:0526/171201.935747:INFO:CONSOLE:1] "receivedAudienceUserStrip null", source: https://test.highloka.com/_next/static/chunks/pages/concerts/%5Bslug%5D/arena-1595f5991389ce40.js (1)
[21510:21510:0526/171204.935983:INFO:CONSOLE:1] "receivedAudienceUserStrip null", source: https://test.highloka.com/_next/static/chunks/pages/concerts/%5Bslug%5D/arena-1595f5991389ce40.js (1)
[21510:21510:0526/171204.936764:INFO:CONSOLE:1] "receivedAudienceUserStrip null", source: https://test.highloka.com/_next/static/chunks/pages/concerts/%5Bslug%5D/arena-1595f5991389ce40.js (1)
[21510:21510:0526/171207.937697:INFO:CONSOLE:1] "receivedAudienceUserStrip null", source: https://test.highloka.com/_next/static/chunks/pages/concerts/%5Bslug%5D/arena-1595f5991389ce40.js (1)
[21510:21510:0526/171207.938209:INFO:CONSOLE:1] "receivedAudienceUserStrip null", source: https://test.highloka.com/_next/static/chunks/pages/concerts/%5Bslug%5D/arena-1595f5991389ce40.js (1)
[21510:21510:0526/171210.938417:INFO:CONSOLE:1] "receivedAudienceUserStrip null", source: https://test.highloka.com/_next/static/chunks/pages/concerts/%5Bslug%5D/arena-1595f5991389ce40.js (1)
[21510:21510:0526/171210.939211:INFO:CONSOLE:1] "receivedAudienceUserStrip null", source: https://test.highloka.com/_next/static/chunks/pages/concerts/%5Bslug%5D/arena-1595f5991389ce40.js (1)
[21510:21510:0526/171213.939622:INFO:CONSOLE:1] "receivedAudienceUserStrip null", source: https://test.highloka.com/_next/static/chunks/pages/concerts/%5Bslug%5D/arena-1595f5991389ce40.js (1)
[21510:21510:0526/171213.940895:INFO:CONSOLE:1] "receivedAudienceUserStrip null", source: https://test.highloka.com/_next/static/chunks/pages/concerts/%5Bslug%5D/arena-1595f5991389ce40.js (1)
[21510:21510:0526/171216.941682:INFO:CONSOLE:1] "receivedAudienceUserStrip null", source: https://test.highloka.com/_next/static/chunks/pages/concerts/%5Bslug%5D/arena-1595f5991389ce40.js (1)
[21510:21510:0526/171216.942498:INFO:CONSOLE:1] "receivedAudienceUserStrip null", source: https://test.highloka.com/_next/static/chunks/pages/concerts/%5Bslug%5D/arena-1595f5991389ce40.js (1)
[21510:21510:0526/171219.945346:INFO:CONSOLE:1] "receivedAudienceUserStrip null", source: https://test.highloka.com/_next/static/chunks/pages/concerts/%5Bslug%5D/arena-1595f5991389ce40.js (1)
[21510:21510:0526/171219.948144:INFO:CONSOLE:1] "receivedAudienceUserStrip null", source: https://test.highloka.com/_next/static/chunks/pages/concerts/%5Bslug%5D/arena-1595f5991389ce40.js (1)
[21510:21510:0526/171222.947929:INFO:CONSOLE:1] "receivedAudienceUserStrip null", source: https://test.highloka.com/_next/static/chunks/pages/concerts/%5Bslug%5D/arena-1595f5991389ce40.js (1)
[21510:21510:0526/171222.948134:INFO:CONSOLE:1] "receivedAudienceUserStrip null", source: https://test.highloka.com/_next/static/chunks/pages/concerts/%5Bslug%5D/arena-1595f5991389ce40.js (1)
[21510:21510:0526/171225.952229:INFO:CONSOLE:1] "receivedAudienceUserStrip null", source: https://test.highloka.com/_next/static/chunks/pages/concerts/%5Bslug%5D/arena-1595f5991389ce40.js (1)
[21510:21510:0526/171225.953139:INFO:CONSOLE:1] "receivedAudienceUserStrip null", source: https://test.highloka.com/_next/static/chunks/pages/concerts/%5Bslug%5D/arena-1595f5991389ce40.js (1)
[21510:21510:0526/171228.953076:INFO:CONSOLE:1] "receivedAudienceUserStrip null", source: https://test.highloka.com/_next/static/chunks/pages/concerts/%5Bslug%5D/arena-1595f5991389ce40.js (1)
[21510:21510:0526/171228.953502:INFO:CONSOLE:1] "receivedAudienceUserStrip null", source: https://test.highloka.com/_next/static/chunks/pages/concerts/%5Bslug%5D/arena-1595f5991389ce40.js (1)
[21510:21510:0526/171231.954721:INFO:CONSOLE:1] "receivedAudienceUserStrip null", source: https://test.highloka.com/_next/static/chunks/pages/concerts/%5Bslug%5D/arena-1595f5991389ce40.js (1)
[21510:21510:0526/171231.955245:INFO:CONSOLE:1] "receivedAudienceUserStrip null", source: https://test.highloka.com/_next/static/chunks/pages/concerts/%5Bslug%5D/arena-1595f5991389ce40.js (1)
[21510:21510:0526/171234.955350:INFO:CONSOLE:1] "receivedAudienceUserStrip null", source: https://test.highloka.com/_next/static/chunks/pages/concerts/%5Bslug%5D/arena-1595f5991389ce40.js (1)
[21510:21510:0526/171234.955693:INFO:CONSOLE:1] "receivedAudienceUserStrip null", source: https://test.highloka.com/_next/static/chunks/pages/concerts/%5Bslug%5D/arena-1595f5991389ce40.js (1)
[21510:21510:0526/171237.956191:INFO:CONSOLE:1] "receivedAudienceUserStrip null", source: https://test.highloka.com/_next/static/chunks/pages/concerts/%5Bslug%5D/arena-1595f5991389ce40.js (1)
[21510:21510:0526/171237.956947:INFO:CONSOLE:1] "receivedAudienceUserStrip null", source: https://test.highloka.com/_next/static/chunks/pages/concerts/%5Bslug%5D/arena-1595f5991389ce40.js (1)
[21510:21510:0526/171240.957595:INFO:CONSOLE:1] "receivedAudienceUserStrip null", source: https://test.highloka.com/_next/static/chunks/pages/concerts/%5Bslug%5D/arena-1595f5991389ce40.js (1)
[21510:21510:0526/171240.958293:INFO:CONSOLE:1] "receivedAudienceUserStrip null", source: https://test.highloka.com/_next/static/chunks/pages/concerts/%5Bslug%5D/arena-1595f5991389ce40.js (1)
[21510:21510:0526/171243.963438:INFO:CONSOLE:1] "receivedAudienceUserStrip null", source: https://test.highloka.com/_next/static/chunks/pages/concerts/%5Bslug%5D/arena-1595f5991389ce40.js (1)
[21510:21510:0526/171243.964461:INFO:CONSOLE:1] "receivedAudienceUserStrip null", source: https://test.highloka.com/_next/static/chunks/pages/concerts/%5Bslug%5D/arena-1595f5991389ce40.js (1)
[21510:21510:0526/171246.964455:INFO:CONSOLE:1] "receivedAudienceUserStrip null", source: https://test.highloka.com/_next/static/chunks/pages/concerts/%5Bslug%5D/arena-1595f5991389ce40.js (1)
[21510:21510:0526/171246.965022:INFO:CONSOLE:1] "receivedAudienceUserStrip null", source: https://test.highloka.com/_next/static/chunks/pages/concerts/%5Bslug%5D/arena-1595f5991389ce40.js (1)
[21510:21510:0526/171249.969760:INFO:CONSOLE:1] "receivedAudienceUserStrip null", source: https://test.highloka.com/_next/static/chunks/pages/concerts/%5Bslug%5D/arena-1595f5991389ce40.js (1)
[21510:21510:0526/171249.970711:INFO:CONSOLE:1] "receivedAudienceUserStrip null", source: https://test.highloka.com/_next/static/chunks/pages/concerts/%5Bslug%5D/arena-1595f5991389ce40.js (1)
[21510:21510:0526/171252.973241:INFO:CONSOLE:1] "receivedAudienceUserStrip null", source: https://test.highloka.com/_next/static/chunks/pages/concerts/%5Bslug%5D/arena-1595f5991389ce40.js (1)
[21510:21510:0526/171252.974112:INFO:CONSOLE:1] "receivedAudienceUserStrip null", source: https://test.highloka.com/_next/static/chunks/pages/concerts/%5Bslug%5D/arena-1595f5991389ce40.js (1)
[21510:21510:0526/171255.976586:INFO:CONSOLE:1] "receivedAudienceUserStrip null", source: https://test.highloka.com/_next/static/chunks/pages/concerts/%5Bslug%5D/arena-1595f5991389ce40.js (1)
[21510:21510:0526/171255.977582:INFO:CONSOLE:1] "receivedAudienceUserStrip null", source: https://test.highloka.com/_next/static/chunks/pages/concerts/%5Bslug%5D/arena-1595f5991389ce40.js (1)
[21510:21510:0526/171258.979984:INFO:CONSOLE:1] "receivedAudienceUserStrip null", source: https://test.highloka.com/_next/static/chunks/pages/concerts/%5Bslug%5D/arena-1595f5991389ce40.js (1)
[21510:21510:0526/171258.980845:INFO:CONSOLE:1] "receivedAudienceUserStrip null", source: https://test.highloka.com/_next/static/chunks/pages/concerts/%5Bslug%5D/arena-1595f5991389ce40.js (1)
[21510:21510:0526/171300.588489:INFO:CONSOLE:79] "%c action %cSHOW_AUTO_HIDDEN_ES_VIDEO_PLAYER_CONTROLS %c@ 17:13:00.587 color: gray; font-weight: lighter; color: inherit; color: gray; font-weight: lighter;", source: https://test.highloka.com/_next/static/chunks/pages/_app-4e0a347dc425d5bf.js (79)
[21510:21510:0526/171300.588665:INFO:CONSOLE:79] "%c prev state color: #9E9E9E; font-weight: bold [object Object]", source: https://test.highloka.com/_next/static/chunks/pages/_app-4e0a347dc425d5bf.js (79)
[21510:21510:0526/171300.588757:INFO:CONSOLE:79] "%c action     color: #03A9F4; font-weight: bold [object Object]", source: https://test.highloka.com/_next/static/chunks/pages/_app-4e0a347dc425d5bf.js (79)
[21510:21510:0526/171300.589199:INFO:CONSOLE:79] "%c next state color: #4CAF50; font-weight: bold [object Object]", source: https://test.highloka.com/_next/static/chunks/pages/_app-4e0a347dc425d5bf.js (79)
[21510:21510:0526/171300.589667:INFO:CONSOLE:79] "console.groupEnd", source: https://test.highloka.com/_next/static/chunks/pages/_app-4e0a347dc425d5bf.js (79)
[21510:21510:0526/171300.590089:INFO:CONSOLE:67] "Showing Controls. ", source: https://test.highloka.com/_next/static/chunks/pages/_app-4e0a347dc425d5bf.js (67)
[21510:21510:0526/171300.590604:INFO:CONSOLE:67] "Showing Controls. ", source: https://test.highloka.com/_next/static/chunks/pages/_app-4e0a347dc425d5bf.js (67)
[21510:21510:0526/171300.591498:INFO:CONSOLE:1] "ReactHlsPlayerComponent this.props play", source: https://test.highloka.com/_next/static/chunks/pages/concerts/%5Bslug%5D/arena-1595f5991389ce40.js (1)
[21510:21510:0526/171300.599357:INFO:CONSOLE:79] "%c action %cSHOW_AUTO_HIDDEN_ES_VIDEO_PLAYER_CONTROLS %c@ 17:13:00.599 color: gray; font-weight: lighter; color: inherit; color: gray; font-weight: lighter;", source: https://test.highloka.com/_next/static/chunks/pages/_app-4e0a347dc425d5bf.js (79)
[21510:21510:0526/171300.599407:INFO:CONSOLE:79] "%c prev state color: #9E9E9E; font-weight: bold [object Object]", source: https://test.highloka.com/_next/static/chunks/pages/_app-4e0a347dc425d5bf.js (79)
[21510:21510:0526/171300.599422:INFO:CONSOLE:79] "%c action     color: #03A9F4; font-weight: bold [object Object]", source: https://test.highloka.com/_next/static/chunks/pages/_app-4e0a347dc425d5bf.js (79)
[21510:21510:0526/171300.599460:INFO:CONSOLE:79] "%c next state color: #4CAF50; font-weight: bold [object Object]", source: https://test.highloka.com/_next/static/chunks/pages/_app-4e0a347dc425d5bf.js (79)
[21510:21510:0526/171300.599521:INFO:CONSOLE:79] "console.groupEnd", source: https://test.highloka.com/_next/static/chunks/pages/_app-4e0a347dc425d5bf.js (79)
[21510:21510:0526/171300.599631:INFO:CONSOLE:67] "Showing Controls. ", source: https://test.highloka.com/_next/static/chunks/pages/_app-4e0a347dc425d5bf.js (67)
[21510:21510:0526/171300.599713:INFO:CONSOLE:67] "Showing Controls. ", source: https://test.highloka.com/_next/static/chunks/pages/_app-4e0a347dc425d5bf.js (67)
[21510:21510:0526/171300.599970:INFO:CONSOLE:1] "ReactHlsPlayerComponent this.props play", source: https://test.highloka.com/_next/static/chunks/pages/concerts/%5Bslug%5D/arena-1595f5991389ce40.js (1)
[21510:21510:0526/171300.616682:INFO:CONSOLE:79] "%c action %cSHOW_AUTO_HIDDEN_ES_VIDEO_PLAYER_CONTROLS %c@ 17:13:00.615 color: gray; font-weight: lighter; color: inherit; color: gray; font-weight: lighter;", source: https://test.highloka.com/_next/static/chunks/pages/_app-4e0a347dc425d5bf.js (79)
[21510:21510:0526/171300.616889:INFO:CONSOLE:79] "%c prev state color: #9E9E9E; font-weight: bold [object Object]", source: https://test.highloka.com/_next/static/chunks/pages/_app-4e0a347dc425d5bf.js (79)
[21510:21510:0526/171300.617138:INFO:CONSOLE:79] "%c action     color: #03A9F4; font-weight: bold [object Object]", source: https://test.highloka.com/_next/static/chunks/pages/_app-4e0a347dc425d5bf.js (79)
[21510:21510:0526/171300.617454:INFO:CONSOLE:79] "%c next state color: #4CAF50; font-weight: bold [object Object]", source: https://test.highloka.com/_next/static/chunks/pages/_app-4e0a347dc425d5bf.js (79)
[21510:21510:0526/171300.617813:INFO:CONSOLE:79] "console.groupEnd", source: https://test.highloka.com/_next/static/chunks/pages/_app-4e0a347dc425d5bf.js (79)
[21510:21510:0526/171300.618355:INFO:CONSOLE:67] "Showing Controls. ", source: https://test.highloka.com/_next/static/chunks/pages/_app-4e0a347dc425d5bf.js (67)
[21510:21510:0526/171300.618688:INFO:CONSOLE:67] "Showing Controls. ", source: https://test.highloka.com/_next/static/chunks/pages/_app-4e0a347dc425d5bf.js (67)
[21510:21510:0526/171300.622249:INFO:CONSOLE:1] "ReactHlsPlayerComponent this.props play", source: https://test.highloka.com/_next/static/chunks/pages/concerts/%5Bslug%5D/arena-1595f5991389ce40.js (1)
[21510:21510:0526/171300.633976:INFO:CONSOLE:79] "%c action %cSHOW_AUTO_HIDDEN_ES_VIDEO_PLAYER_CONTROLS %c@ 17:13:00.633 color: gray; font-weight: lighter; color: inherit; color: gray; font-weight: lighter;", source: https://test.highloka.com/_next/static/chunks/pages/_app-4e0a347dc425d5bf.js (79)
[21510:21510:0526/171300.634019:INFO:CONSOLE:79] "%c prev state color: #9E9E9E; font-weight: bold [object Object]", source: https://test.highloka.com/_next/static/chunks/pages/_app-4e0a347dc425d5bf.js (79)
[21510:21510:0526/171300.634097:INFO:CONSOLE:79] "%c action     color: #03A9F4; font-weight: bold [object Object]", source: https://test.highloka.com/_next/static/chunks/pages/_app-4e0a347dc425d5bf.js (79)
[21510:21510:0526/171300.634127:INFO:CONSOLE:79] "%c next state color: #4CAF50; font-weight: bold [object Object]", source: https://test.highloka.com/_next/static/chunks/pages/_app-4e0a347dc425d5bf.js (79)
[21510:21510:0526/171300.634174:INFO:CONSOLE:79] "console.groupEnd", source: https://test.highloka.com/_next/static/chunks/pages/_app-4e0a347dc425d5bf.js (79)
[21510:21510:0526/171300.634273:INFO:CONSOLE:67] "Showing Controls. ", source: https://test.highloka.com/_next/static/chunks/pages/_app-4e0a347dc425d5bf.js (67)
[21510:21510:0526/171300.634343:INFO:CONSOLE:67] "Showing Controls. ", source: https://test.highloka.com/_next/static/chunks/pages/_app-4e0a347dc425d5bf.js (67)
[21510:21510:0526/171300.634687:INFO:CONSOLE:1] "ReactHlsPlayerComponent this.props play", source: https://test.highloka.com/_next/static/chunks/pages/concerts/%5Bslug%5D/arena-1595f5991389ce40.js (1)
[21510:21510:0526/171300.644100:INFO:CONSOLE:79] "%c action %cSHOW_AUTO_HIDDEN_ES_VIDEO_PLAYER_CONTROLS %c@ 17:13:00.643 color: gray; font-weight: lighter; color: inherit; color: gray; font-weight: lighter;", source: https://test.highloka.com/_next/static/chunks/pages/_app-4e0a347dc425d5bf.js (79)
[21510:21510:0526/171300.644207:INFO:CONSOLE:79] "%c prev state color: #9E9E9E; font-weight: bold [object Object]", source: https://test.highloka.com/_next/static/chunks/pages/_app-4e0a347dc425d5bf.js (79)
[21510:21510:0526/171300.644392:INFO:CONSOLE:79] "%c action     color: #03A9F4; font-weight: bold [object Object]", source: https://test.highloka.com/_next/static/chunks/pages/_app-4e0a347dc425d5bf.js (79)
[21510:21510:0526/171300.644488:INFO:CONSOLE:79] "%c next state color: #4CAF50; font-weight: bold [object Object]", source: https://test.highloka.com/_next/static/chunks/pages/_app-4e0a347dc425d5bf.js (79)
[21510:21510:0526/171300.644589:INFO:CONSOLE:79] "console.groupEnd", source: https://test.highloka.com/_next/static/chunks/pages/_app-4e0a347dc425d5bf.js (79)
[21510:21510:0526/171300.644731:INFO:CONSOLE:67] "Showing Controls. ", source: https://test.highloka.com/_next/static/chunks/pages/_app-4e0a347dc425d5bf.js (67)
[21510:21510:0526/171300.645030:INFO:CONSOLE:67] "Showing Controls. ", source: https://test.highloka.com/_next/static/chunks/pages/_app-4e0a347dc425d5bf.js (67)
[21510:21510:0526/171300.645436:INFO:CONSOLE:1] "ReactHlsPlayerComponent this.props play", source: https://test.highloka.com/_next/static/chunks/pages/concerts/%5Bslug%5D/arena-1595f5991389ce40.js (1)
[21510:21510:0526/171300.665679:INFO:CONSOLE:79] "%c action %cSHOW_AUTO_HIDDEN_ES_VIDEO_PLAYER_CONTROLS %c@ 17:13:00.664 color: gray; font-weight: lighter; color: inherit; color: gray; font-weight: lighter;", source: https://test.highloka.com/_next/static/chunks/pages/_app-4e0a347dc425d5bf.js (79)
[21510:21510:0526/171300.665902:INFO:CONSOLE:79] "%c prev state color: #9E9E9E; font-weight: bold [object Object]", source: https://test.highloka.com/_next/static/chunks/pages/_app-4e0a347dc425d5bf.js (79)
[21510:21510:0526/171300.666172:INFO:CONSOLE:79] "%c action     color: #03A9F4; font-weight: bold [object Object]", source: https://test.highloka.com/_next/static/chunks/pages/_app-4e0a347dc425d5bf.js (79)
[21510:21510:0526/171300.666455:INFO:CONSOLE:79] "%c next state color: #4CAF50; font-weight: bold [object Object]", source: https://test.highloka.com/_next/static/chunks/pages/_app-4e0a347dc425d5bf.js (79)
[21510:21510:0526/171300.666598:INFO:CONSOLE:79] "console.groupEnd", source: https://test.highloka.com/_next/static/chunks/pages/_app-4e0a347dc425d5bf.js (79)
[21510:21510:0526/171300.666979:INFO:CONSOLE:67] "Showing Controls. ", source: https://test.highloka.com/_next/static/chunks/pages/_app-4e0a347dc425d5bf.js (67)
[21510:21510:0526/171300.667530:INFO:CONSOLE:67] "Showing Controls. ", source: https://test.highloka.com/_next/static/chunks/pages/_app-4e0a347dc425d5bf.js (67)
[21510:21510:0526/171300.668777:INFO:CONSOLE:1] "ReactHlsPlayerComponent this.props play", source: https://test.highloka.com/_next/static/chunks/pages/concerts/%5Bslug%5D/arena-1595f5991389ce40.js (1)
[21510:21510:0526/171300.679765:INFO:CONSOLE:79] "%c action %cSHOW_AUTO_HIDDEN_ES_VIDEO_PLAYER_CONTROLS %c@ 17:13:00.678 color: gray; font-weight: lighter; color: inherit; color: gray; font-weight: lighter;", source: https://test.highloka.com/_next/static/chunks/pages/_app-4e0a347dc425d5bf.js (79)
[21510:21510:0526/171300.680010:INFO:CONSOLE:79] "%c prev state color: #9E9E9E; font-weight: bold [object Object]", source: https://test.highloka.com/_next/static/chunks/pages/_app-4e0a347dc425d5bf.js (79)
[21510:21510:0526/171300.680327:INFO:CONSOLE:79] "%c action     color: #03A9F4; font-weight: bold [object Object]", source: https://test.highloka.com/_next/static/chunks/pages/_app-4e0a347dc425d5bf.js (79)
[21510:21510:0526/171300.680507:INFO:CONSOLE:79] "%c next state color: #4CAF50; font-weight: bold [object Object]", source: https://test.highloka.com/_next/static/chunks/pages/_app-4e0a347dc425d5bf.js (79)
[21510:21510:0526/171300.680893:INFO:CONSOLE:79] "console.groupEnd", source: https://test.highloka.com/_next/static/chunks/pages/_app-4e0a347dc425d5bf.js (79)
[21510:21510:0526/171300.681271:INFO:CONSOLE:67] "Showing Controls. ", source: https://test.highloka.com/_next/static/chunks/pages/_app-4e0a347dc425d5bf.js (67)
[21510:21510:0526/171300.681670:INFO:CONSOLE:67] "Showing Controls. ", source: https://test.highloka.com/_next/static/chunks/pages/_app-4e0a347dc425d5bf.js (67)
[21510:21510:0526/171300.682891:INFO:CONSOLE:1] "ReactHlsPlayerComponent this.props play", source: https://test.highloka.com/_next/static/chunks/pages/concerts/%5Bslug%5D/arena-1595f5991389ce40.js (1)
[21510:21510:0526/171300.883237:INFO:CONSOLE:79] "%c action %cSHOW_AUTO_HIDDEN_ES_VIDEO_PLAYER_CONTROLS %c@ 17:13:00.882 color: gray; font-weight: lighter; color: inherit; color: gray; font-weight: lighter;", source: https://test.highloka.com/_next/static/chunks/pages/_app-4e0a347dc425d5bf.js (79)
[21510:21510:0526/171300.883401:INFO:CONSOLE:79] "%c prev state color: #9E9E9E; font-weight: bold [object Object]", source: https://test.highloka.com/_next/static/chunks/pages/_app-4e0a347dc425d5bf.js (79)
[21510:21510:0526/171300.883725:INFO:CONSOLE:79] "%c action     color: #03A9F4; font-weight: bold [object Object]", source: https://test.highloka.com/_next/static/chunks/pages/_app-4e0a347dc425d5bf.js (79)
[21510:21510:0526/171300.884176:INFO:CONSOLE:79] "%c next state color: #4CAF50; font-weight: bold [object Object]", source: https://test.highloka.com/_next/static/chunks/pages/_app-4e0a347dc425d5bf.js (79)
[21510:21510:0526/171300.884294:INFO:CONSOLE:79] "console.groupEnd", source: https://test.highloka.com/_next/static/chunks/pages/_app-4e0a347dc425d5bf.js (79)
[21510:21510:0526/171300.884616:INFO:CONSOLE:67] "Showing Controls. ", source: https://test.highloka.com/_next/static/chunks/pages/_app-4e0a347dc425d5bf.js (67)
[21510:21510:0526/171300.884940:INFO:CONSOLE:67] "Showing Controls. ", source: https://test.highloka.com/_next/static/chunks/pages/_app-4e0a347dc425d5bf.js (67)
[21510:21510:0526/171300.885909:INFO:CONSOLE:1] "ReactHlsPlayerComponent this.props play", source: https://test.highloka.com/_next/static/chunks/pages/concerts/%5Bslug%5D/arena-1595f5991389ce40.js (1)
[21510:21510:0526/171300.895929:INFO:CONSOLE:79] "%c action %cSHOW_AUTO_HIDDEN_ES_VIDEO_PLAYER_CONTROLS %c@ 17:13:00.895 color: gray; font-weight: lighter; color: inherit; color: gray; font-weight: lighter;", source: https://test.highloka.com/_next/static/chunks/pages/_app-4e0a347dc425d5bf.js (79)
[21510:21510:0526/171300.896132:INFO:CONSOLE:79] "%c prev state color: #9E9E9E; font-weight: bold [object Object]", source: https://test.highloka.com/_next/static/chunks/pages/_app-4e0a347dc425d5bf.js (79)
[21510:21510:0526/171300.896369:INFO:CONSOLE:79] "%c action     color: #03A9F4; font-weight: bold [object Object]", source: https://test.highloka.com/_next/static/chunks/pages/_app-4e0a347dc425d5bf.js (79)
[21510:21510:0526/171300.896553:INFO:CONSOLE:79] "%c next state color: #4CAF50; font-weight: bold [object Object]", source: https://test.highloka.com/_next/static/chunks/pages/_app-4e0a347dc425d5bf.js (79)
[21510:21510:0526/171300.896732:INFO:CONSOLE:79] "console.groupEnd", source: https://test.highloka.com/_next/static/chunks/pages/_app-4e0a347dc425d5bf.js (79)
[21510:21510:0526/171300.897076:INFO:CONSOLE:67] "Showing Controls. ", source: https://test.highloka.com/_next/static/chunks/pages/_app-4e0a347dc425d5bf.js (67)
[21510:21510:0526/171300.897411:INFO:CONSOLE:67] "Showing Controls. ", source: https://test.highloka.com/_next/static/chunks/pages/_app-4e0a347dc425d5bf.js (67)
[21510:21510:0526/171300.898434:INFO:CONSOLE:1] "ReactHlsPlayerComponent this.props play", source: https://test.highloka.com/_next/static/chunks/pages/concerts/%5Bslug%5D/arena-1595f5991389ce40.js (1)
[21510:21510:0526/171300.912378:INFO:CONSOLE:79] "%c action %cSHOW_AUTO_HIDDEN_ES_VIDEO_PLAYER_CONTROLS %c@ 17:13:00.911 color: gray; font-weight: lighter; color: inherit; color: gray; font-weight: lighter;", source: https://test.highloka.com/_next/static/chunks/pages/_app-4e0a347dc425d5bf.js (79)
[21510:21510:0526/171300.912585:INFO:CONSOLE:79] "%c prev state color: #9E9E9E; font-weight: bold [object Object]", source: https://test.highloka.com/_next/static/chunks/pages/_app-4e0a347dc425d5bf.js (79)
[21510:21510:0526/171300.912783:INFO:CONSOLE:79] "%c action     color: #03A9F4; font-weight: bold [object Object]", source: https://test.highloka.com/_next/static/chunks/pages/_app-4e0a347dc425d5bf.js (79)
[21510:21510:0526/171300.912979:INFO:CONSOLE:79] "%c next state color: #4CAF50; font-weight: bold [object Object]", source: https://test.highloka.com/_next/static/chunks/pages/_app-4e0a347dc425d5bf.js (79)
[21510:21510:0526/171300.913169:INFO:CONSOLE:79] "console.groupEnd", source: https://test.highloka.com/_next/static/chunks/pages/_app-4e0a347dc425d5bf.js (79)
[21510:21510:0526/171300.913531:INFO:CONSOLE:67] "Showing Controls. ", source: https://test.highloka.com/_next/static/chunks/pages/_app-4e0a347dc425d5bf.js (67)
[21510:21510:0526/171300.913857:INFO:CONSOLE:67] "Showing Controls. ", source: https://test.highloka.com/_next/static/chunks/pages/_app-4e0a347dc425d5bf.js (67)
[21510:21510:0526/171300.914813:INFO:CONSOLE:1] "ReactHlsPlayerComponent this.props play", source: https://test.highloka.com/_next/static/chunks/pages/concerts/%5Bslug%5D/arena-1595f5991389ce40.js (1)
[21510:21510:0526/171301.981281:INFO:CONSOLE:1] "receivedAudienceUserStrip null", source: https://test.highloka.com/_next/static/chunks/pages/concerts/%5Bslug%5D/arena-1595f5991389ce40.js (1)
[21510:21510:0526/171301.981906:INFO:CONSOLE:1] "receivedAudienceUserStrip null", source: https://test.highloka.com/_next/static/chunks/pages/concerts/%5Bslug%5D/arena-1595f5991389ce40.js (1)
[21510:21510:0526/171302.914111:INFO:CONSOLE:67] "Hiding Controls.", source: https://test.highloka.com/_next/static/chunks/pages/_app-4e0a347dc425d5bf.js (67)
[21510:21510:0526/171302.914990:INFO:CONSOLE:79] "%c action %cHIDE_AUTO_HIDDEN_ES_VIDEO_PLAYER_CONTROLS %c@ 17:13:02.914 color: gray; font-weight: lighter; color: inherit; color: gray; font-weight: lighter;", source: https://test.highloka.com/_next/static/chunks/pages/_app-4e0a347dc425d5bf.js (79)
[21510:21510:0526/171302.915390:INFO:CONSOLE:79] "%c prev state color: #9E9E9E; font-weight: bold [object Object]", source: https://test.highloka.com/_next/static/chunks/pages/_app-4e0a347dc425d5bf.js (79)
[21510:21510:0526/171302.915743:INFO:CONSOLE:79] "%c action     color: #03A9F4; font-weight: bold [object Object]", source: https://test.highloka.com/_next/static/chunks/pages/_app-4e0a347dc425d5bf.js (79)
[21510:21510:0526/171302.915986:INFO:CONSOLE:79] "%c next state color: #4CAF50; font-weight: bold [object Object]", source: https://test.highloka.com/_next/static/chunks/pages/_app-4e0a347dc425d5bf.js (79)
[21510:21510:0526/171302.916247:INFO:CONSOLE:79] "console.groupEnd", source: https://test.highloka.com/_next/static/chunks/pages/_app-4e0a347dc425d5bf.js (79)
[21510:21510:0526/171302.917343:INFO:CONSOLE:1] "ReactHlsPlayerComponent this.props play", source: https://test.highloka.com/_next/static/chunks/pages/concerts/%5Bslug%5D/arena-1595f5991389ce40.js (1)
[21510:21510:0526/171302.917784:INFO:CONSOLE:67] "Hiding Controls.", source: https://test.highloka.com/_next/static/chunks/pages/_app-4e0a347dc425d5bf.js (67)
[21510:21510:0526/171302.918582:INFO:CONSOLE:79] "%c action %cHIDE_AUTO_HIDDEN_ES_VIDEO_PLAYER_CONTROLS %c@ 17:13:02.917 color: gray; font-weight: lighter; color: inherit; color: gray; font-weight: lighter;", source: https://test.highloka.com/_next/static/chunks/pages/_app-4e0a347dc425d5bf.js (79)
[21510:21510:0526/171302.918867:INFO:CONSOLE:79] "%c prev state color: #9E9E9E; font-weight: bold [object Object]", source: https://test.highloka.com/_next/static/chunks/pages/_app-4e0a347dc425d5bf.js (79)
[21510:21510:0526/171302.919252:INFO:CONSOLE:79] "%c action     color: #03A9F4; font-weight: bold [object Object]", source: https://test.highloka.com/_next/static/chunks/pages/_app-4e0a347dc425d5bf.js (79)
[21510:21510:0526/171302.919495:INFO:CONSOLE:79] "%c next state color: #4CAF50; font-weight: bold [object Object]", source: https://test.highloka.com/_next/static/chunks/pages/_app-4e0a347dc425d5bf.js (79)
[21510:21510:0526/171302.919695:INFO:CONSOLE:79] "console.groupEnd", source: https://test.highloka.com/_next/static/chunks/pages/_app-4e0a347dc425d5bf.js (79)
[21510:21510:0526/171302.920577:INFO:CONSOLE:1] "ReactHlsPlayerComponent this.props play", source: https://test.highloka.com/_next/static/chunks/pages/concerts/%5Bslug%5D/arena-1595f5991389ce40.js (1)
[21510:21510:0526/171304.987030:INFO:CONSOLE:1] "receivedAudienceUserStrip null", source: https://test.highloka.com/_next/static/chunks/pages/concerts/%5Bslug%5D/arena-1595f5991389ce40.js (1)
[21510:21510:0526/171304.987974:INFO:CONSOLE:1] "receivedAudienceUserStrip null", source: https://test.highloka.com/_next/static/chunks/pages/concerts/%5Bslug%5D/arena-1595f5991389ce40.js (1)
[21510:21510:0526/171307.988363:INFO:CONSOLE:1] "receivedAudienceUserStrip null", source: https://test.highloka.com/_next/static/chunks/pages/concerts/%5Bslug%5D/arena-1595f5991389ce40.js (1)
[21510:21510:0526/171307.989360:INFO:CONSOLE:1] "receivedAudienceUserStrip null", source: https://test.highloka.com/_next/static/chunks/pages/concerts/%5Bslug%5D/arena-1595f5991389ce40.js (1)
